Date,Age,Treatment,Plate_num,PlateID,Plate_row,Plate_col,Well,Family,Type,Area_ImageJ,Count,Dry Weight,Note,,,,,
20260320,72hpf,high_temperature,1,plate_1_high,A,1,A1,54,Sample,NA,0,NA,sam counted live,,,,,
20260320,72hpf,high_temperature,1,plate_1_high,A,2,A2,55,Sample,NA,20,NA,sam counted live,,,,,
20260320,72hpf,high_temperature,1,plate_1_high,A,3,A3,56,Sample,NA,8,NA,sam counted live,,,,,
20260320,72hpf,high_temperature,1,plate_1_high,A,4,A4,57,Sample,NA,32,NA,sam counted live,,,,,
20260320,72hpf,high_temperature,1,plate_1_high,A,5,A5,53,Sample,NA,39,NA,sam counted live,,,,,
20260320,72hpf,high_temperature,1,plate_1_high,A,6,A6,52,Sample,NA,30,NA,sam counted live,,,,,
20260320,72hpf,high_temperature,1,plate_1_high,A,7,A7,1,Sample,NA,24,NA,sam counted live,,,,,
20260320,72hpf,high_temperature,1,plate_1_high,A,8,A8,4,Sample,NA,22,NA,sam counted live,,,,,
20260320,72hpf,high_temperature,1,plate_1_high,A,9,A9,6,Sample,NA,6,NA,sam counted live,,,,,
20260320,72hpf,high_temperature,1,plate_1_high,A,10,A10,5,Sample,NA,27,NA,sam counted live,,,,,
20260320,72hpf,high_temperature,1,plate_1_high,A,11,A11,8,Sample,NA,29,NA,sam counted live,,,,,
20260320,72hpf,high_temperature,1,plate_1_high,A,12,A12,3,Sample,NA,35,NA,sam counted live,has less volume,,,,
20260320,72hpf,high_temperature,1,plate_1_high,B,1,B1,54,Sample,NA,50,NA,sam counted live,,,,,
20260320,72hpf,high_temperature,1,plate_1_high,B,2,B2,55,Sample,NA,34,NA,sam counted live,,,,,
20260320,72hpf,high_temperature,1,plate_1_high,B,3,B3,56,Sample,NA,8,NA,sam counted live,,,,,
20260320,72hpf,high_temperature,1,plate_1_high,B,4,B4,57,Sample,NA,56,NA,sam counted live,,,,,
20260320,72hpf,high_temperature,1,plate_1_high,B,5,B5,53,Sample,NA,27,NA,sam counted live,,,,,
20260320,72hpf,high_temperature,1,plate_1_high,B,6,B6,52,Sample,NA,40,NA,sam counted live,,,,,
20260320,72hpf,high_temperature,1,plate_1_high,B,7,B7,1,Sample,NA,20,NA,sam counted live,,,,,
20260320,72hpf,high_temperature,1,plate_1_high,B,8,B8,4,Sample,NA,15,NA,sam counted live,,,,,
20260320,72hpf,high_temperature,1,plate_1_high,B,9,B9,6,Sample,NA,16,NA,sam counted live,,,,,
20260320,72hpf,high_temperature,1,plate_1_high,B,10,B10,5,Sample,NA,0,NA,sam counted live,has less volume,,,,
20260320,72hpf,high_temperature,1,plate_1_high,B,11,B11,8,Sample,NA,14,NA,sam counted live,has less volume,,,,
20260320,72hpf,high_temperature,1,plate_1_high,B,12,B12,3,Sample,NA,8,NA,sam counted live,,,,,
20260320,72hpf,high_temperature,1,plate_1_high,C,1,C1,54,Sample,NA,0,NA,sam counted live,,,,,
20260320,72hpf,high_temperature,1,plate_1_high,C,2,C2,55,Sample,NA,68,NA,sam counted live,,,,,
20260320,72hpf,high_temperature,1,plate_1_high,C,3,C3,56,Sample,NA,13,NA,sam counted live,,,,,
20260320,72hpf,high_temperature,1,plate_1_high,C,4,C4,57,Sample,NA,54,NA,sam counted live,,,,,
20260320,72hpf,high_temperature,1,plate_1_high,C,5,C5,53,Sample,NA,50,NA,sam counted live,,,,,
20260320,72hpf,high_temperature,1,plate_1_high,C,6,C6,52,Sample,NA,49,NA,sam counted live,,,,,
20260320,72hpf,high_temperature,1,plate_1_high,C,7,C7,1,Sample,NA,31,NA,sam counted live,,,,,
20260320,72hpf,high_temperature,1,plate_1_high,C,8,C8,4,Sample,NA,39,NA,sam counted live,,,,,
20260320,72hpf,high_temperature,1,plate_1_high,C,9,C9,6,Sample,NA,25,NA,sam counted live,,,,,
20260320,72hpf,high_temperature,1,plate_1_high,C,10,C10,5,Sample,NA,56,NA,sam counted live,,,,,
20260320,72hpf,high_temperature,1,plate_1_high,C,11,C11,8,Sample,NA,70,NA,sam counted live,,,,,
20260320,72hpf,high_temperature,1,plate_1_high,C,12,C12,3,Sample,NA,49,NA,sam counted live,,,,,
20260320,72hpf,high_temperature,1,plate_1_high,D,1,D1,54,Sample,NA,9,NA,sam counted live,has less volume,,,,
20260320,72hpf,high_temperature,1,plate_1_high,D,2,D2,55,Sample,NA,64,NA,sam counted live,,,,,
20260320,72hpf,high_temperature,1,plate_1_high,D,3,D3,56,Sample,NA,15,NA,sam counted live,,,,,
20260320,72hpf,high_temperature,1,plate_1_high,D,4,D4,57,Sample,NA,62,NA,sam counted live,,,,,
20260320,72hpf,high_temperature,1,plate_1_high,D,5,D5,53,Sample,NA,91,NA,sam counted live,,,,,
20260320,72hpf,high_temperature,1,plate_1_high,D,6,D6,52,Sample,NA,57,NA,sam counted live,,,,,
20260320,72hpf,high_temperature,1,plate_1_high,D,7,D7,1,Sample,NA,39,NA,sam counted live,,,,,
20260320,72hpf,high_temperature,1,plate_1_high,D,8,D8,4,Sample,NA,37,NA,sam counted live,,,,,
20260320,72hpf,high_temperature,1,plate_1_high,D,9,D9,6,Sample,NA,26,NA,sam counted live,,,,,
20260320,72hpf,high_temperature,1,plate_1_high,D,10,D10,5,Sample,NA,36,NA,sam counted live,has less volume,,,,
20260320,72hpf,high_temperature,1,plate_1_high,D,11,D11,8,Sample,NA,66,NA,sam counted live,,,,,
20260320,72hpf,high_temperature,1,plate_1_high,D,12,D12,3,Sample,NA,46,NA,sam counted live,,,,,
20260320,72hpf,high_temperature,1,plate_1_high,E,1,E1,54,Sample,NA,51,NA,sam counted live,,,,,
20260320,72hpf,high_temperature,1,plate_1_high,E,2,E2,55,Sample,NA,85,NA,sam counted live,,,,,
20260320,72hpf,high_temperature,1,plate_1_high,E,3,E3,56,Sample,NA,15,NA,sam counted live,,,,,
20260320,72hpf,high_temperature,1,plate_1_high,E,4,E4,57,Sample,NA,120,NA,sam counted live,,,,,
20260320,72hpf,high_temperature,1,plate_1_high,E,5,E5,53,Sample,NA,22,NA,sam counted live,,,,,
20260320,72hpf,high_temperature,1,plate_1_high,E,6,E6,52,Sample,NA,72,NA,sam counted live,,,,,
20260320,72hpf,high_temperature,1,plate_1_high,E,7,E7,1,Sample,NA,51,NA,sam counted live,,,,,
20260320,72hpf,high_temperature,1,plate_1_high,E,8,E8,4,Sample,NA,53,NA,sam counted live,,,,,
20260320,72hpf,high_temperature,1,plate_1_high,E,9,E9,6,Sample,NA,25,NA,sam counted live,,,,,
20260320,72hpf,high_temperature,1,plate_1_high,E,10,E10,5,Sample,NA,66,NA,sam counted live,,,,,
20260320,72hpf,high_temperature,1,plate_1_high,E,11,E11,8,Sample,NA,60,NA,sam counted live,,,,,
20260320,72hpf,high_temperature,1,plate_1_high,E,12,E12,3,Sample,NA,11,NA,sam counted live,,,,,
20260320,72hpf,high_temperature,1,plate_1_high,F,1,F1,54,Sample,NA,32,NA,sam counted live,,,,,
20260320,72hpf,high_temperature,1,plate_1_high,F,2,F2,55,Sample,NA,53,NA,sam counted live,,,,,
20260320,72hpf,high_temperature,1,plate_1_high,F,3,F3,56,Sample,NA,20,NA,sam counted live,,,,,
20260320,72hpf,high_temperature,1,plate_1_high,F,4,F4,57,Sample,NA,113,NA,sam counted live,,,,,
20260320,72hpf,high_temperature,1,plate_1_high,F,5,F5,53,Sample,NA,69,NA,sam counted live,,,,,
20260320,72hpf,high_temperature,1,plate_1_high,F,6,F6,52,Sample,NA,75,NA,sam counted live,,,,,
20260320,72hpf,high_temperature,1,plate_1_high,F,7,F7,1,Sample,NA,53,NA,sam counted live,,,,,
20260320,72hpf,high_temperature,1,plate_1_high,F,8,F8,4,Sample,NA,37,NA,sam counted live,,,,,
20260320,72hpf,high_temperature,1,plate_1_high,F,9,F9,6,Sample,NA,24,NA,sam counted live,,,,,
20260320,72hpf,high_temperature,1,plate_1_high,F,10,F10,5,Sample,NA,52,NA,sam counted live,,,,,
20260320,72hpf,high_temperature,1,plate_1_high,F,11,F11,8,Sample,NA,55,NA,sam counted live,,,,,
20260320,72hpf,high_temperature,1,plate_1_high,F,12,F12,3,Sample,NA,42,NA,sam counted live,,,,,
20260320,72hpf,high_temperature,1,plate_1_high,G,1,G1,54,Sample,NA,0,NA,sam counted live,has less volume,,,,
20260320,72hpf,high_temperature,1,plate_1_high,G,2,G2,55,Sample,NA,76,NA,sam counted live,,,,,
20260320,72hpf,high_temperature,1,plate_1_high,G,3,G3,56,Sample,NA,15,NA,sam counted live,,,,,
20260320,72hpf,high_temperature,1,plate_1_high,G,4,G4,57,Sample,NA,104,NA,sam counted live,,,,,
20260320,72hpf,high_temperature,1,plate_1_high,G,5,G5,53,Sample,NA,105,NA,sam counted live,,,,,
20260320,72hpf,high_temperature,1,plate_1_high,G,6,G6,52,Sample,NA,92,NA,sam counted live,,,,,
20260320,72hpf,high_temperature,1,plate_1_high,G,7,G7,1,Sample,NA,55,NA,sam counted live,,,,,
20260320,72hpf,high_temperature,1,plate_1_high,G,8,G8,4,Sample,NA,39,NA,sam counted live,,,,,
20260320,72hpf,high_temperature,1,plate_1_high,G,9,G9,6,Sample,NA,72,NA,sam counted live,,,,,
20260320,72hpf,high_temperature,1,plate_1_high,G,10,G10,5,Sample,NA,91,NA,sam counted live,has less volume,,,,
20260320,72hpf,high_temperature,1,plate_1_high,G,11,G11,8,Sample,NA,69,NA,sam counted live,,,,,
20260320,72hpf,high_temperature,1,plate_1_high,G,12,G12,3,Sample,NA,34,NA,sam counted live,,,,,
20260320,72hpf,high_temperature,1,plate_1_high,H,1,H1,NA,Blank,NA,NA,NA,NA,,,,,
20260320,72hpf,high_temperature,1,plate_1_high,H,2,H2,NA,Blank,NA,NA,NA,NA,,,,,
20260320,72hpf,high_temperature,1,plate_1_high,H,3,H3,NA,Blank,NA,NA,NA,NA,,,,,
20260320,72hpf,high_temperature,1,plate_1_high,H,4,H4,NA,Blank,NA,NA,NA,NA,,,,,
20260320,72hpf,high_temperature,1,plate_1_high,H,5,H5,NA,Blank,NA,NA,NA,NA,,,,,
20260320,72hpf,high_temperature,1,plate_1_high,H,6,H6,NA,Blank,NA,NA,NA,NA,,,,,
20260320,72hpf,high_temperature,1,plate_1_high,H,7,H7,NA,Blank,NA,NA,NA,NA,,,,,
20260320,72hpf,high_temperature,1,plate_1_high,H,8,H8,NA,Blank,NA,NA,NA,NA,,,,,
20260320,72hpf,high_temperature,1,plate_1_high,H,9,H9,NA,Blank,NA,NA,NA,NA,,,,,
20260320,72hpf,high_temperature,1,plate_1_high,H,10,H10,NA,Blank,NA,NA,NA,NA,,,,,
20260320,72hpf,high_temperature,1,plate_1_high,H,11,H11,NA,Blank,NA,NA,NA,NA,,,,,
20260320,72hpf,high_temperature,1,plate_1_high,H,12,H12,NA,Blank,NA,NA,NA,NA,,,,,
20260320,72hpf,high_temperature,2,plate_2_high,A,1,A1,54,Sample,NA,35,NA,,,,,,
20260320,72hpf,high_temperature,2,plate_2_high,A,2,A2,55,Sample,NA,26,NA,,,,,,
20260320,72hpf,high_temperature,2,plate_2_high,A,3,A3,56,Sample,NA,53,NA,,,,,,
20260320,72hpf,high_temperature,2,plate_2_high,A,4,A4,57,Sample,NA,35,NA,,,,,,
20260320,72hpf,high_temperature,2,plate_2_high,A,5,A5,53,Sample,NA,43,NA,,,,,,
20260320,72hpf,high_temperature,2,plate_2_high,A,6,A6,52,Sample,NA,48,NA,,,,,,
20260320,72hpf,high_temperature,2,plate_2_high,A,7,A7,1,Sample,NA,126,NA,,,,,,
20260320,72hpf,high_temperature,2,plate_2_high,A,8,A8,4,Sample,NA,30,NA,,,,,,
20260320,72hpf,high_temperature,2,plate_2_high,A,9,A9,6,Sample,NA,40,NA,,,,,,
20260320,72hpf,high_temperature,2,plate_2_high,A,10,A10,5,Sample,NA,69,NA,,,,,,
20260320,72hpf,high_temperature,2,plate_2_high,A,11,A11,8,Sample,NA,44,NA,,,,,,
20260320,72hpf,high_temperature,2,plate_2_high,A,12,A12,3,Sample,NA,32,NA,,,,,,
20260320,72hpf,high_temperature,2,plate_2_high,B,1,B1,54,Sample,NA,36,NA,,,,,,
20260320,72hpf,high_temperature,2,plate_2_high,B,2,B2,55,Sample,NA,41,NA,,,,,,
20260320,72hpf,high_temperature,2,plate_2_high,B,3,B3,56,Sample,NA,53,NA,,,,,,
20260320,72hpf,high_temperature,2,plate_2_high,B,4,B4,57,Sample,NA,13,NA,,,,,,
20260320,72hpf,high_temperature,2,plate_2_high,B,5,B5,53,Sample,NA,37,NA,,,,,,
20260320,72hpf,high_temperature,2,plate_2_high,B,6,B6,52,Sample,NA,48,NA,,,,,,
20260320,72hpf,high_temperature,2,plate_2_high,B,7,B7,1,Sample,NA,98,NA,,,,,,
20260320,72hpf,high_temperature,2,plate_2_high,B,8,B8,4,Sample,NA,27,NA,,,,,,
20260320,72hpf,high_temperature,2,plate_2_high,B,9,B9,6,Sample,NA,32,NA,,,,,,
20260320,72hpf,high_temperature,2,plate_2_high,B,10,B10,5,Sample,NA,112,NA,,,,,,
20260320,72hpf,high_temperature,2,plate_2_high,B,11,B11,8,Sample,NA,76,NA,,,,,,
20260320,72hpf,high_temperature,2,plate_2_high,B,12,B12,3,Sample,NA,54,NA,,,,,,
20260320,72hpf,high_temperature,2,plate_2_high,C,1,C1,54,Sample,NA,52,NA,,,,,,
20260320,72hpf,high_temperature,2,plate_2_high,C,2,C2,55,Sample,NA,38,NA,,,,,,
20260320,72hpf,high_temperature,2,plate_2_high,C,3,C3,56,Sample,NA,119,NA,,,,,,
20260320,72hpf,high_temperature,2,plate_2_high,C,4,C4,57,Sample,NA,34,NA,,,,,,
20260320,72hpf,high_temperature,2,plate_2_high,C,5,C5,53,Sample,NA,39,NA,,,,,,
20260320,72hpf,high_temperature,2,plate_2_high,C,6,C6,52,Sample,NA,48,NA,,,,,,
20260320,72hpf,high_temperature,2,plate_2_high,C,7,C7,1,Sample,NA,165,NA,,,,,,
20260320,72hpf,high_temperature,2,plate_2_high,C,8,C8,4,Sample,NA,36,NA,,,,,,
20260320,72hpf,high_temperature,2,plate_2_high,C,9,C9,6,Sample,NA,60,NA,,,,,,
20260320,72hpf,high_temperature,2,plate_2_high,C,10,C10,5,Sample,NA,121,NA,,,,,,
20260320,72hpf,high_temperature,2,plate_2_high,C,11,C11,8,Sample,NA,90,NA,,,,,,
20260320,72hpf,high_temperature,2,plate_2_high,C,12,C12,3,Sample,NA,59,NA,,,,,,
20260320,72hpf,high_temperature,2,plate_2_high,D,1,D1,54,Sample,NA,77,NA,,,,,,
20260320,72hpf,high_temperature,2,plate_2_high,D,2,D2,55,Sample,NA,26,NA,,,,,,
20260320,72hpf,high_temperature,2,plate_2_high,D,3,D3,56,Sample,NA,87,NA,,,,,,
20260320,72hpf,high_temperature,2,plate_2_high,D,4,D4,57,Sample,NA,54,NA,,,,,,
20260320,72hpf,high_temperature,2,plate_2_high,D,5,D5,53,Sample,NA,57,NA,,,,,,
20260320,72hpf,high_temperature,2,plate_2_high,D,6,D6,52,Sample,NA,68,NA,,,,,,
20260320,72hpf,high_temperature,2,plate_2_high,D,7,D7,1,Sample,NA,156,NA,,,,,,
20260320,72hpf,high_temperature,2,plate_2_high,D,8,D8,4,Sample,NA,28,NA,,,,,,
20260320,72hpf,high_temperature,2,plate_2_high,D,9,D9,6,Sample,NA,73,NA,,,,,,
20260320,72hpf,high_temperature,2,plate_2_high,D,10,D10,5,Sample,NA,90,NA,,,,,,
20260320,72hpf,high_temperature,2,plate_2_high,D,11,D11,8,Sample,NA,62,NA,,,,,,
20260320,72hpf,high_temperature,2,plate_2_high,D,12,D12,3,Sample,NA,0,NA,has no volume,,,,,
20260320,72hpf,high_temperature,2,plate_2_high,E,1,E1,54,Sample,NA,134,NA,,,,,,
20260320,72hpf,high_temperature,2,plate_2_high,E,2,E2,55,Sample,NA,45,NA,,,,,,
20260320,72hpf,high_temperature,2,plate_2_high,E,3,E3,56,Sample,NA,128,NA,,,,,,
20260320,72hpf,high_temperature,2,plate_2_high,E,4,E4,57,Sample,NA,0,NA,has no volume,,,,,
20260320,72hpf,high_temperature,2,plate_2_high,E,5,E5,53,Sample,NA,88,NA,,,,,,
20260320,72hpf,high_temperature,2,plate_2_high,E,6,E6,52,Sample,NA,73,NA,,,,,,
20260320,72hpf,high_temperature,2,plate_2_high,E,7,E7,1,Sample,NA,168,NA,,,,,,
20260320,72hpf,high_temperature,2,plate_2_high,E,8,E8,4,Sample,NA,49,NA,,,,,,
20260320,72hpf,high_temperature,2,plate_2_high,E,9,E9,6,Sample,NA,0,NA,has no volume,,,,,
20260320,72hpf,high_temperature,2,plate_2_high,E,10,E10,5,Sample,NA,106,NA,,,,,,
20260320,72hpf,high_temperature,2,plate_2_high,E,11,E11,8,Sample,NA,72,NA,,,,,,
20260320,72hpf,high_temperature,2,plate_2_high,E,12,E12,3,Sample,NA,0,NA,has no volume,,,,,
20260320,72hpf,high_temperature,2,plate_2_high,F,1,F1,54,Sample,NA,27,NA,,,,,,
20260320,72hpf,high_temperature,2,plate_2_high,F,2,F2,55,Sample,NA,19,NA,,,,,,
20260320,72hpf,high_temperature,2,plate_2_high,F,3,F3,56,Sample,NA,62,NA,,,,,,
20260320,72hpf,high_temperature,2,plate_2_high,F,4,F4,57,Sample,NA,67,NA,,,,,,
20260320,72hpf,high_temperature,2,plate_2_high,F,5,F5,53,Sample,NA,0,NA,has no volume,,,,,
20260320,72hpf,high_temperature,2,plate_2_high,F,6,F6,52,Sample,NA,65,NA,,,,,,
20260320,72hpf,high_temperature,2,plate_2_high,F,7,F7,1,Sample,NA,130,NA,,,,,,
20260320,72hpf,high_temperature,2,plate_2_high,F,8,F8,4,Sample,NA,41,NA,,,,,,
20260320,72hpf,high_temperature,2,plate_2_high,F,9,F9,6,Sample,NA,0,NA,has no volume,,,,,
20260320,72hpf,high_temperature,2,plate_2_high,F,10,F10,5,Sample,NA,109,NA,,,,,,
20260320,72hpf,high_temperature,2,plate_2_high,F,11,F11,8,Sample,NA,51,NA,,,,,,
20260320,72hpf,high_temperature,2,plate_2_high,F,12,F12,3,Sample,NA,0,NA,has no volume,,,,,
20260320,72hpf,high_temperature,2,plate_2_high,G,1,G1,54,Sample,NA,17,NA,,,,,,
20260320,72hpf,high_temperature,2,plate_2_high,G,2,G2,55,Sample,NA,4,NA,,,,,,
20260320,72hpf,high_temperature,2,plate_2_high,G,3,G3,56,Sample,NA,9,NA,,,,,,
20260320,72hpf,high_temperature,2,plate_2_high,G,4,G4,57,Sample,NA,0,NA,has no volume,,,,,
20260320,72hpf,high_temperature,2,plate_2_high,G,5,G5,53,Sample,NA,0,NA,has no volume,,,,,
20260320,72hpf,high_temperature,2,plate_2_high,G,6,G6,52,Sample,NA,85,NA,,,,,,
20260320,72hpf,high_temperature,2,plate_2_high,G,7,G7,1,Sample,NA,127,NA,,,,,,
20260320,72hpf,high_temperature,2,plate_2_high,G,8,G8,4,Sample,NA,52,NA,,,,,,
20260320,72hpf,high_temperature,2,plate_2_high,G,9,G9,6,Sample,NA,57,NA,,,,,,
20260320,72hpf,high_temperature,2,plate_2_high,G,10,G10,5,Sample,NA,0,NA,has no volume ,,,,,
20260320,72hpf,high_temperature,2,plate_2_high,G,11,G11,8,Sample,NA,0,NA,has no volume ,,,,,
20260320,72hpf,high_temperature,2,plate_2_high,G,12,G12,3,Sample,NA,54,NA,,,,,,
20260320,72hpf,high_temperature,2,plate_2_high,H,1,H1,NA,Blank,NA,NA,NA,,,,,,
20260320,72hpf,high_temperature,2,plate_2_high,H,2,H2,NA,Blank,NA,NA,NA,,,,,,
20260320,72hpf,high_temperature,2,plate_2_high,H,3,H3,NA,Blank,NA,NA,NA,,,,,,1284
20260320,72hpf,high_temperature,2,plate_2_high,H,4,H4,NA,Blank,NA,NA,NA,,,,,,1488
20260320,72hpf,high_temperature,2,plate_2_high,H,5,H5,NA,Blank,NA,NA,NA,,,,,,
20260320,72hpf,high_temperature,2,plate_2_high,H,6,H6,NA,Blank,NA,NA,NA,,,,,,
20260320,72hpf,high_temperature,2,plate_2_high,H,7,H7,NA,Blank,NA,NA,NA,,,,,,
20260320,72hpf,high_temperature,2,plate_2_high,H,8,H8,NA,Blank,NA,NA,NA,,,,,,
20260320,72hpf,high_temperature,2,plate_2_high,H,9,H9,NA,Blank,NA,NA,NA,,,,,,plate 2 low A11 A12
20260320,72hpf,high_temperature,2,plate_2_high,H,10,H10,NA,Blank,NA,NA,NA,,,,,,
20260320,72hpf,high_temperature,2,plate_2_high,H,11,H11,NA,Blank,NA,NA,NA,,,,,,
20260320,72hpf,high_temperature,2,plate_2_high,H,12,H12,NA,Blank,NA,NA,NA,,,,,,
20260320,72hpf,low_temperature,1,plate_1_low,A,1,A1,54,Sample,NA,4,NA,has low volume,,,,,
20260320,72hpf,low_temperature,1,plate_1_low,A,2,A2,55,Sample,NA,4,NA,has low volume,,,,,
20260320,72hpf,low_temperature,1,plate_1_low,A,3,A3,56,Sample,NA,0,NA,has low volume,,,,,
20260320,72hpf,low_temperature,1,plate_1_low,A,4,A4,57,Sample,NA,9,NA,has low volume,,,,,
20260320,72hpf,low_temperature,1,plate_1_low,A,5,A5,53,Sample,NA,0,NA,has low volume,,,,,
20260320,72hpf,low_temperature,1,plate_1_low,A,6,A6,52,Sample,NA,0,NA,has low volume,,,,,
20260320,72hpf,low_temperature,1,plate_1_low,A,7,A7,1,Sample,NA,0,NA,has low volume,,,,,
20260320,72hpf,low_temperature,1,plate_1_low,A,8,A8,4,Sample,NA,0,NA,has low volume,,,,,
20260320,72hpf,low_temperature,1,plate_1_low,A,9,A9,6,Sample,NA,0,NA,has low volume,,,,,
20260320,72hpf,low_temperature,1,plate_1_low,A,10,A10,5,Sample,NA,1,NA,has low volume,,,,,
20260320,72hpf,low_temperature,1,plate_1_low,A,11,A11,8,Sample,NA,1,NA,has low volume,,,,,
20260320,72hpf,low_temperature,1,plate_1_low,A,12,A12,3,Sample,NA,2,NA,has low volume,,,,,
20260320,72hpf,low_temperature,1,plate_1_low,B,1,B1,54,Sample,NA,1,NA,has low volume,,,,,
20260320,72hpf,low_temperature,1,plate_1_low,B,2,B2,55,Sample,NA,3,NA,has low volume,,,,,
20260320,72hpf,low_temperature,1,plate_1_low,B,3,B3,56,Sample,NA,1,NA,has low volume,,,,,
20260320,72hpf,low_temperature,1,plate_1_low,B,4,B4,57,Sample,NA,22,NA,has low volume,,,,,
20260320,72hpf,low_temperature,1,plate_1_low,B,5,B5,53,Sample,NA,0,NA,has low volume,,,,,
20260320,72hpf,low_temperature,1,plate_1_low,B,6,B6,52,Sample,NA,1,NA,has low volume,,,,,
20260320,72hpf,low_temperature,1,plate_1_low,B,7,B7,1,Sample,NA,0,NA,has low volume,,,,,
20260320,72hpf,low_temperature,1,plate_1_low,B,8,B8,4,Sample,NA,0,NA,has low volume,,,,,
20260320,72hpf,low_temperature,1,plate_1_low,B,9,B9,6,Sample,NA,0,NA,has low volume,,,,,
20260320,72hpf,low_temperature,1,plate_1_low,B,10,B10,5,Sample,NA,1,NA,has low volume,,,,,
20260320,72hpf,low_temperature,1,plate_1_low,B,11,B11,8,Sample,NA,1,NA,has low volume,,,,,
20260320,72hpf,low_temperature,1,plate_1_low,B,12,B12,3,Sample,NA,0,NA,has low volume,,,,,
20260320,72hpf,low_temperature,1,plate_1_low,C,1,C1,54,Sample,NA,6,NA,has low volume,,,,,
20260320,72hpf,low_temperature,1,plate_1_low,C,2,C2,55,Sample,NA,2,NA,has low volume,,,,,
20260320,72hpf,low_temperature,1,plate_1_low,C,3,C3,56,Sample,NA,2,NA,has low volume,,,,,
20260320,72hpf,low_temperature,1,plate_1_low,C,4,C4,57,Sample,NA,21,NA,has low volume,,,,,
20260320,72hpf,low_temperature,1,plate_1_low,C,5,C5,53,Sample,NA,10,NA,has low volume,,,,,
20260320,72hpf,low_temperature,1,plate_1_low,C,6,C6,52,Sample,NA,3,NA,has low volume,,,,,
20260320,72hpf,low_temperature,1,plate_1_low,C,7,C7,1,Sample,NA,2,NA,has low volume,,,,,
20260320,72hpf,low_temperature,1,plate_1_low,C,8,C8,4,Sample,NA,7,NA,has low volume,,,,,
20260320,72hpf,low_temperature,1,plate_1_low,C,9,C9,6,Sample,NA,7,NA,has low volume,,,,,
20260320,72hpf,low_temperature,1,plate_1_low,C,10,C10,5,Sample,NA,9,NA,has low volume,,,,,
20260320,72hpf,low_temperature,1,plate_1_low,C,11,C11,8,Sample,NA,1,NA,has low volume,,,,,
20260320,72hpf,low_temperature,1,plate_1_low,C,12,C12,3,Sample,NA,0,NA,has low volume,,,,,
20260320,72hpf,low_temperature,1,plate_1_low,D,1,D1,54,Sample,NA,10,NA,has low volume,,,,,
20260320,72hpf,low_temperature,1,plate_1_low,D,2,D2,55,Sample,NA,13,NA,has low volume,,,,,
20260320,72hpf,low_temperature,1,plate_1_low,D,3,D3,56,Sample,NA,0,NA,has low volume,,,,,
20260320,72hpf,low_temperature,1,plate_1_low,D,4,D4,57,Sample,NA,50,NA,has low volume,,,,,
20260320,72hpf,low_temperature,1,plate_1_low,D,5,D5,53,Sample,NA,7,NA,has low volume,,,,,
20260320,72hpf,low_temperature,1,plate_1_low,D,6,D6,52,Sample,NA,4,NA,has low volume,,,,,
20260320,72hpf,low_temperature,1,plate_1_low,D,7,D7,1,Sample,NA,0,NA,has low volume,,,,,
20260320,72hpf,low_temperature,1,plate_1_low,D,8,D8,4,Sample,NA,0,NA,has low volume,,,,,
20260320,72hpf,low_temperature,1,plate_1_low,D,9,D9,6,Sample,NA,33,NA,has low volume,,,,,
20260320,72hpf,low_temperature,1,plate_1_low,D,10,D10,5,Sample,NA,2,NA,has low volume,,,,,
20260320,72hpf,low_temperature,1,plate_1_low,D,11,D11,8,Sample,NA,0,NA,has low volume,,,,,
20260320,72hpf,low_temperature,1,plate_1_low,D,12,D12,3,Sample,NA,2,NA,has low volume,,,,,
20260320,72hpf,low_temperature,1,plate_1_low,E,1,E1,54,Sample,NA,17,NA,has low volume,,,,,
20260320,72hpf,low_temperature,1,plate_1_low,E,2,E2,55,Sample,NA,28,NA,has low volume,,,,,
20260320,72hpf,low_temperature,1,plate_1_low,E,3,E3,56,Sample,NA,2,NA,has low volume,,,,,
20260320,72hpf,low_temperature,1,plate_1_low,E,4,E4,57,Sample,NA,56,NA,has low volume,,,,,
20260320,72hpf,low_temperature,1,plate_1_low,E,5,E5,53,Sample,NA,35,NA,has low volume,,,,,
20260320,72hpf,low_temperature,1,plate_1_low,E,6,E6,52,Sample,NA,17,NA,has low volume,,,,,
20260320,72hpf,low_temperature,1,plate_1_low,E,7,E7,1,Sample,NA,2,NA,has low volume,,,,,
20260320,72hpf,low_temperature,1,plate_1_low,E,8,E8,4,Sample,NA,0,NA,has low volume,,,,,
20260320,72hpf,low_temperature,1,plate_1_low,E,9,E9,6,Sample,NA,14,NA,has low volume,,,,,
20260320,72hpf,low_temperature,1,plate_1_low,E,10,E10,5,Sample,NA,17,NA,has low volume,,,,,
20260320,72hpf,low_temperature,1,plate_1_low,E,11,E11,8,Sample,NA,0,NA,has low volume,,,,,
20260320,72hpf,low_temperature,1,plate_1_low,E,12,E12,3,Sample,NA,58,NA,has low volume,,,,,
20260320,72hpf,low_temperature,1,plate_1_low,F,1,F1,54,Sample,NA,16,NA,,,,,,
20260320,72hpf,low_temperature,1,plate_1_low,F,2,F2,55,Sample,NA,22,NA,,,,,,
20260320,72hpf,low_temperature,1,plate_1_low,F,3,F3,56,Sample,NA,5,NA,,,,,,
20260320,72hpf,low_temperature,1,plate_1_low,F,4,F4,57,Sample,NA,26,NA,,,,,,
20260320,72hpf,low_temperature,1,plate_1_low,F,5,F5,53,Sample,NA,67,NA,,,,,,
20260320,72hpf,low_temperature,1,plate_1_low,F,6,F6,52,Sample,NA,24,NA,,,,,,
20260320,72hpf,low_temperature,1,plate_1_low,F,7,F7,1,Sample,NA,9,NA,,,,,,
20260320,72hpf,low_temperature,1,plate_1_low,F,8,F8,4,Sample,NA,4,NA,,,,,,
20260320,72hpf,low_temperature,1,plate_1_low,F,9,F9,6,Sample,NA,0,NA,has no volume,,,,,
20260320,72hpf,low_temperature,1,plate_1_low,F,10,F10,5,Sample,NA,34,NA,,,,,,
20260320,72hpf,low_temperature,1,plate_1_low,F,11,F11,8,Sample,NA,23,NA,,,,,,
20260320,72hpf,low_temperature,1,plate_1_low,F,12,F12,3,Sample,NA,31,NA,,,,,,
20260320,72hpf,low_temperature,1,plate_1_low,G,1,G1,54,Sample,NA,36,NA,,,,,,
20260320,72hpf,low_temperature,1,plate_1_low,G,2,G2,55,Sample,NA,70,NA,,,,,,
20260320,72hpf,low_temperature,1,plate_1_low,G,3,G3,56,Sample,NA,0,NA,has no volume,,,,,
20260320,72hpf,low_temperature,1,plate_1_low,G,4,G4,57,Sample,NA,57,NA,,,,,,
20260320,72hpf,low_temperature,1,plate_1_low,G,5,G5,53,Sample,NA,31,NA,,,,,,
20260320,72hpf,low_temperature,1,plate_1_low,G,6,G6,52,Sample,NA,20,NA,,,,,,
20260320,72hpf,low_temperature,1,plate_1_low,G,7,G7,1,Sample,NA,0,NA,has no volume,,,,,
20260320,72hpf,low_temperature,1,plate_1_low,G,8,G8,4,Sample,NA,0,NA,has no volume,,,,,
20260320,72hpf,low_temperature,1,plate_1_low,G,9,G9,6,Sample,NA,16,NA,,,,,,
20260320,72hpf,low_temperature,1,plate_1_low,G,10,G10,5,Sample,NA,70,NA,,,,,,
20260320,72hpf,low_temperature,1,plate_1_low,G,11,G11,8,Sample,NA,9,NA,,,,,,
20260320,72hpf,low_temperature,1,plate_1_low,G,12,G12,3,Sample,NA,16,NA,,,,,,
20260320,72hpf,low_temperature,1,plate_1_low,H,1,H1,NA,Blank,NA,NA,NA,,,,,,
20260320,72hpf,low_temperature,1,plate_1_low,H,2,H2,NA,Blank,NA,NA,NA,,,,,,
20260320,72hpf,low_temperature,1,plate_1_low,H,3,H3,NA,Blank,NA,NA,NA,,,,,,
20260320,72hpf,low_temperature,1,plate_1_low,H,4,H4,NA,Blank,NA,NA,NA,,,,,,
20260320,72hpf,low_temperature,1,plate_1_low,H,5,H5,NA,Blank,NA,NA,NA,,,,,,
20260320,72hpf,low_temperature,1,plate_1_low,H,6,H6,NA,Blank,NA,NA,NA,,,,,,
20260320,72hpf,low_temperature,1,plate_1_low,H,7,H7,NA,Blank,NA,NA,NA,,,,,,
20260320,72hpf,low_temperature,1,plate_1_low,H,8,H8,NA,Blank,NA,NA,NA,,,,,,
20260320,72hpf,low_temperature,1,plate_1_low,H,9,H9,NA,Blank,NA,NA,NA,,,,,,
20260320,72hpf,low_temperature,1,plate_1_low,H,10,H10,NA,Blank,NA,NA,NA,,,,,,
20260320,72hpf,low_temperature,1,plate_1_low,H,11,H11,NA,Blank,NA,NA,NA,,,,,,
20260320,72hpf,low_temperature,1,plate_1_low,H,12,H12,NA,Blank,NA,NA,NA,,,,,,
20260320,72hpf,low_temperature,2,plate_2_low,A,1,A1,54,Sample,NA,24,NA,,,,,,
20260320,72hpf,low_temperature,2,plate_2_low,A,2,A2,55,Sample,NA,80,NA,,,,,,
20260320,72hpf,low_temperature,2,plate_2_low,A,3,A3,56,Sample,NA,15,NA,,,,,,
20260320,72hpf,low_temperature,2,plate_2_low,A,4,A4,57,Sample,NA,84,NA,,,,,,
20260320,72hpf,low_temperature,2,plate_2_low,A,5,A5,53,Sample,NA,61,NA,,,,,,
20260320,72hpf,low_temperature,2,plate_2_low,A,6,A6,52,Sample,NA,46,NA,,,,,,
20260320,72hpf,low_temperature,2,plate_2_low,A,7,A7,1,Sample,NA,11,NA,,,,,,
20260320,72hpf,low_temperature,2,plate_2_low,A,8,A8,4,Sample,NA,16,NA,,,,,,
20260320,72hpf,low_temperature,2,plate_2_low,A,9,A9,6,Sample,NA,36,NA,,,,,,
20260320,72hpf,low_temperature,2,plate_2_low,A,10,A10,5,Sample,NA,48,NA,has no volume,,,,,
20260320,72hpf,low_temperature,2,plate_2_low,A,11,A11,8,Sample,NA,19,NA,has no volume,,,,,
20260320,72hpf,low_temperature,2,plate_2_low,A,12,A12,3,Sample,NA,7,NA,has no volume,,,,,
20260320,72hpf,low_temperature,2,plate_2_low,B,1,B1,54,Sample,NA,9,NA,,,,,,
20260320,72hpf,low_temperature,2,plate_2_low,B,2,B2,55,Sample,NA,66,NA,,,,,,
20260320,72hpf,low_temperature,2,plate_2_low,B,3,B3,56,Sample,NA,0,NA,has no volume,,,,,
20260320,72hpf,low_temperature,2,plate_2_low,B,4,B4,57,Sample,NA,65,NA,,,,,,
20260320,72hpf,low_temperature,2,plate_2_low,B,5,B5,53,Sample,NA,56,NA,,,,,,
20260320,72hpf,low_temperature,2,plate_2_low,B,6,B6,52,Sample,NA,49,NA,,,,,,
20260320,72hpf,low_temperature,2,plate_2_low,B,7,B7,1,Sample,NA,26,NA,,,,,,
20260320,72hpf,low_temperature,2,plate_2_low,B,8,B8,4,Sample,NA,0,NA,has no volume,,,,,
20260320,72hpf,low_temperature,2,plate_2_low,B,9,B9,6,Sample,NA,34,NA,,,,,,
20260320,72hpf,low_temperature,2,plate_2_low,B,10,B10,5,Sample,NA,54,NA,has less volume,,,,,
20260320,72hpf,low_temperature,2,plate_2_low,B,11,B11,8,Sample,NA,0,NA,has no volume,,,,,
20260320,72hpf,low_temperature,2,plate_2_low,B,12,B12,3,Sample,NA,1,NA,has no volume,,,,,
20260320,72hpf,low_temperature,2,plate_2_low,C,1,C1,54,Sample,NA,9,NA,,,,,,
20260320,72hpf,low_temperature,2,plate_2_low,C,2,C2,55,Sample,NA,68,NA,,,,,,
20260320,72hpf,low_temperature,2,plate_2_low,C,3,C3,56,Sample,NA,35,NA,,,,,,
20260320,72hpf,low_temperature,2,plate_2_low,C,4,C4,57,Sample,NA,98,NA,,,,,,
20260320,72hpf,low_temperature,2,plate_2_low,C,5,C5,53,Sample,NA,70,NA,,,,,,
20260320,72hpf,low_temperature,2,plate_2_low,C,6,C6,52,Sample,NA,43,NA,,,,,,
20260320,72hpf,low_temperature,2,plate_2_low,C,7,C7,1,Sample,NA,36,NA,,,,,,
20260320,72hpf,low_temperature,2,plate_2_low,C,8,C8,4,Sample,NA,35,NA,has less volume,,,,,
20260320,72hpf,low_temperature,2,plate_2_low,C,9,C9,6,Sample,NA,4,NA,,,,,,
20260320,72hpf,low_temperature,2,plate_2_low,C,10,C10,5,Sample,NA,23,NA,,,,,,
20260320,72hpf,low_temperature,2,plate_2_low,C,11,C11,8,Sample,NA,112,NA,,,,,,
20260320,72hpf,low_temperature,2,plate_2_low,C,12,C12,3,Sample,NA,0,NA,has no volume,,,,,
20260320,72hpf,low_temperature,2,plate_2_low,D,1,D1,54,Sample,NA,6,NA,,,,,,
20260320,72hpf,low_temperature,2,plate_2_low,D,2,D2,55,Sample,NA,96,NA,,,,,,
20260320,72hpf,low_temperature,2,plate_2_low,D,3,D3,56,Sample,NA,1,NA,has no volume,,,,,
20260320,72hpf,low_temperature,2,plate_2_low,D,4,D4,57,Sample,NA,1,NA,,,,,,
20260320,72hpf,low_temperature,2,plate_2_low,D,5,D5,53,Sample,NA,74,NA,,,,,,
20260320,72hpf,low_temperature,2,plate_2_low,D,6,D6,52,Sample,NA,0,NA,has no volume,,,,,
20260320,72hpf,low_temperature,2,plate_2_low,D,7,D7,1,Sample,NA,67,NA,,,,,,
20260320,72hpf,low_temperature,2,plate_2_low,D,8,D8,4,Sample,NA,33,NA,,,,,,
20260320,72hpf,low_temperature,2,plate_2_low,D,9,D9,6,Sample,NA,0,NA,has no volume,,,,,
20260320,72hpf,low_temperature,2,plate_2_low,D,10,D10,5,Sample,NA,69,NA,,,,,,
20260320,72hpf,low_temperature,2,plate_2_low,D,11,D11,8,Sample,NA,92,NA,,,,,,
20260320,72hpf,low_temperature,2,plate_2_low,D,12,D12,3,Sample,NA,0,NA,has no volume,,,,,
20260320,72hpf,low_temperature,2,plate_2_low,E,1,E1,54,Sample,NA,33,NA,,,,,,
20260320,72hpf,low_temperature,2,plate_2_low,E,2,E2,55,Sample,NA,116,NA,,,,,,
20260320,72hpf,low_temperature,2,plate_2_low,E,3,E3,56,Sample,NA,18,NA,,,,,,
20260320,72hpf,low_temperature,2,plate_2_low,E,4,E4,57,Sample,NA,84,NA,,,,,,
20260320,72hpf,low_temperature,2,plate_2_low,E,5,E5,53,Sample,NA,68,NA,,,,,,
20260320,72hpf,low_temperature,2,plate_2_low,E,6,E6,52,Sample,NA,43,NA,,,,,,
20260320,72hpf,low_temperature,2,plate_2_low,E,7,E7,1,Sample,NA,64,NA,,,,,,
20260320,72hpf,low_temperature,2,plate_2_low,E,8,E8,4,Sample,NA,34,NA,,,,,,
20260320,72hpf,low_temperature,2,plate_2_low,E,9,E9,6,Sample,NA,0,NA,has no volume,,,,,
20260320,72hpf,low_temperature,2,plate_2_low,E,10,E10,5,Sample,NA,85,NA,,,,,,
20260320,72hpf,low_temperature,2,plate_2_low,E,11,E11,8,Sample,NA,94,NA,,,,,,
20260320,72hpf,low_temperature,2,plate_2_low,E,12,E12,3,Sample,NA,0,NA,has no volume,,,,,
20260320,72hpf,low_temperature,2,plate_2_low,F,1,F1,54,Sample,NA,29,NA,,,,,,
20260320,72hpf,low_temperature,2,plate_2_low,F,2,F2,55,Sample,NA,0,NA,has no volume,,,,,
20260320,72hpf,low_temperature,2,plate_2_low,F,3,F3,56,Sample,NA,22,NA,,,,,,
20260320,72hpf,low_temperature,2,plate_2_low,F,4,F4,57,Sample,NA,83,NA,,,,,,
20260320,72hpf,low_temperature,2,plate_2_low,F,5,F5,53,Sample,NA,0,NA,has no volume,,,,,
20260320,72hpf,low_temperature,2,plate_2_low,F,6,F6,52,Sample,NA,36,NA,,,,,,
20260320,72hpf,low_temperature,2,plate_2_low,F,7,F7,1,Sample,NA,14,NA,has less volume,,,,,
20260320,72hpf,low_temperature,2,plate_2_low,F,8,F8,4,Sample,NA,42,NA,,,,,,
20260320,72hpf,low_temperature,2,plate_2_low,F,9,F9,6,Sample,NA,0,NA,has no volume,,,,,
20260320,72hpf,low_temperature,2,plate_2_low,F,10,F10,5,Sample,NA,71,NA,,,,,,
20260320,72hpf,low_temperature,2,plate_2_low,F,11,F11,8,Sample,NA,76,NA,,,,,,
20260320,72hpf,low_temperature,2,plate_2_low,F,12,F12,3,Sample,NA,52,NA,,,,,,
20260320,72hpf,low_temperature,2,plate_2_low,G,1,G1,54,Sample,NA,31,NA,,,,,,
20260320,72hpf,low_temperature,2,plate_2_low,G,2,G2,55,Sample,NA,115,NA,,,,,,
20260320,72hpf,low_temperature,2,plate_2_low,G,3,G3,56,Sample,NA,0,NA,,,,,,
20260320,72hpf,low_temperature,2,plate_2_low,G,4,G4,57,Sample,NA,82,NA,,,,,,
20260320,72hpf,low_temperature,2,plate_2_low,G,5,G5,53,Sample,NA,0,NA,,,,,,
20260320,72hpf,low_temperature,2,plate_2_low,G,6,G6,52,Sample,NA,49,NA,,,,,,
20260320,72hpf,low_temperature,2,plate_2_low,G,7,G7,1,Sample,NA,31,NA,,,,,,
20260320,72hpf,low_temperature,2,plate_2_low,G,8,G8,4,Sample,NA,0,NA,,,,,,
20260320,72hpf,low_temperature,2,plate_2_low,G,9,G9,6,Sample,NA,0,NA,,,,,,
20260320,72hpf,low_temperature,2,plate_2_low,G,10,G10,5,Sample,NA,99,NA,,,,,,
20260320,72hpf,low_temperature,2,plate_2_low,G,11,G11,8,Sample,NA,78,NA,,,,,,
20260320,72hpf,low_temperature,2,plate_2_low,G,12,G12,3,Sample,NA,40,NA,,,,,,
20260320,72hpf,low_temperature,2,plate_2_low,H,1,H1,NA,Blank,NA,NA,NA,,,,,,
20260320,72hpf,low_temperature,2,plate_2_low,H,2,H2,NA,Blank,NA,NA,NA,,,,,,
20260320,72hpf,low_temperature,2,plate_2_low,H,3,H3,NA,Blank,NA,NA,NA,,,,,,
20260320,72hpf,low_temperature,2,plate_2_low,H,4,H4,NA,Blank,NA,NA,NA,,,,,,
20260320,72hpf,low_temperature,2,plate_2_low,H,5,H5,NA,Blank,NA,NA,NA,,,,,,
20260320,72hpf,low_temperature,2,plate_2_low,H,6,H6,NA,Blank,NA,NA,NA,,,,,,
20260320,72hpf,low_temperature,2,plate_2_low,H,7,H7,NA,Blank,NA,NA,NA,,,,,,
20260320,72hpf,low_temperature,2,plate_2_low,H,8,H8,NA,Blank,NA,NA,NA,,,,,,
20260320,72hpf,low_temperature,2,plate_2_low,H,9,H9,NA,Blank,NA,NA,NA,,,,,,
20260320,72hpf,low_temperature,2,plate_2_low,H,10,H10,NA,Blank,NA,NA,NA,,,,,,
20260320,72hpf,low_temperature,2,plate_2_low,H,11,H11,NA,Blank,NA,NA,NA,,,,,,
20260320,72hpf,low_temperature,2,plate_2_low,H,12,H12,NA,Blank,NA,NA,NA,,,,,,
20260401,360hpf,26C,1,plate_1_26,A,1,A1,1,Sample,NA,87,NA,,,,,,
20260401,360hpf,26C,1,plate_1_26,A,2,A2,3,Sample,NA,5,NA,,,,,,
20260401,360hpf,26C,1,plate_1_26,A,3,A3,4,Sample,NA,8,NA,,,,,,
20260401,360hpf,26C,1,plate_1_26,A,4,A4,5,Sample,NA,29,NA,,,,,,
20260401,360hpf,26C,1,plate_1_26,A,5,A5,6,Sample,NA,14,NA,,,,,,
20260401,360hpf,26C,1,plate_1_26,A,6,A6,8,Sample,NA,58,NA,,,,,,
20260401,360hpf,26C,1,plate_1_26,A,7,A7,52,Sample,NA,16,NA,,,,,,
20260401,360hpf,26C,1,plate_1_26,A,8,A8,53,Sample,NA,17,NA,,,,,,
20260401,360hpf,26C,1,plate_1_26,A,9,A9,54,Sample,NA,17,NA,,,,,,
20260401,360hpf,26C,1,plate_1_26,A,10,A10,55,Sample,NA,54,NA,,,,,,
20260401,360hpf,26C,1,plate_1_26,A,11,A11,56,Sample,NA,36,NA,,,,,,
20260401,360hpf,26C,1,plate_1_26,A,12,A12,57,Sample,NA,86,NA,,,,,,
20260401,360hpf,26C,1,plate_1_26,B,1,B1,1,Sample,NA,28,NA,,,,,,
20260401,360hpf,26C,1,plate_1_26,B,2,B2,3,Sample,NA,22,NA,,,,,,
20260401,360hpf,26C,1,plate_1_26,B,3,B3,4,Sample,NA,3,NA,,,,,,
20260401,360hpf,26C,1,plate_1_26,B,4,B4,5,Sample,NA,4,NA,,,,,,
20260401,360hpf,26C,1,plate_1_26,B,5,B5,6,Sample,NA,6,NA,,,,,,
20260401,360hpf,26C,1,plate_1_26,B,6,B6,8,Sample,NA,10,NA,,,,,,
20260401,360hpf,26C,1,plate_1_26,B,7,B7,52,Sample,NA,26,NA,,,,,,
20260401,360hpf,26C,1,plate_1_26,B,8,B8,53,Sample,NA,6,NA,,,,,,
20260401,360hpf,26C,1,plate_1_26,B,9,B9,54,Sample,NA,26,NA,,,,,,
20260401,360hpf,26C,1,plate_1_26,B,10,B10,55,Sample,NA,24,NA,,,,,,
20260401,360hpf,26C,1,plate_1_26,B,11,B11,56,Sample,NA,17,NA,,,,,,
20260401,360hpf,26C,1,plate_1_26,B,12,B12,57,Sample,NA,14,NA,,,,,,
20260401,360hpf,26C,1,plate_1_26,C,1,C1,1,Sample,NA,14,NA,,,,,,
20260401,360hpf,26C,1,plate_1_26,C,2,C2,3,Sample,NA,18,NA,,,,,,
20260401,360hpf,26C,1,plate_1_26,C,3,C3,4,Sample,NA,7,NA,,,,,,
20260401,360hpf,26C,1,plate_1_26,C,4,C4,5,Sample,NA,14,NA,,,,,,
20260401,360hpf,26C,1,plate_1_26,C,5,C5,6,Sample,NA,18,NA,,,,,,
20260401,360hpf,26C,1,plate_1_26,C,6,C6,8,Sample,NA,6,NA,,,,,,
20260401,360hpf,26C,1,plate_1_26,C,7,C7,52,Sample,NA,15,NA,,,,,,
20260401,360hpf,26C,1,plate_1_26,C,8,C8,53,Sample,NA,14,NA,,,,,,
20260401,360hpf,26C,1,plate_1_26,C,9,C9,54,Sample,NA,19,NA,,,,,,
20260401,360hpf,26C,1,plate_1_26,C,10,C10,55,Sample,NA,15,NA,,,,,,
20260401,360hpf,26C,1,plate_1_26,C,11,C11,56,Sample,NA,13,NA,,,,,,
20260401,360hpf,26C,1,plate_1_26,C,12,C12,57,Sample,NA,12,NA,,,,,,
20260401,360hpf,26C,1,plate_1_26,D,1,D1,1,Sample,NA,11,NA,,,,,,
20260401,360hpf,26C,1,plate_1_26,D,2,D2,3,Sample,NA,8,NA,,,,,,
20260401,360hpf,26C,1,plate_1_26,D,3,D3,4,Sample,NA,3,NA,,,,,,
20260401,360hpf,26C,1,plate_1_26,D,4,D4,5,Sample,NA,16,NA,,,,,,
20260401,360hpf,26C,1,plate_1_26,D,5,D5,6,Sample,NA,10,NA,,,,,,
20260401,360hpf,26C,1,plate_1_26,D,6,D6,8,Sample,NA,3,NA,,,,,,
20260401,360hpf,26C,1,plate_1_26,D,7,D7,52,Sample,NA,29,NA,,,,,,
20260401,360hpf,26C,1,plate_1_26,D,8,D8,53,Sample,NA,17,NA,,,,,,
20260401,360hpf,26C,1,plate_1_26,D,9,D9,54,Sample,NA,11,NA,,,,,,
20260401,360hpf,26C,1,plate_1_26,D,10,D10,55,Sample,NA,44,NA,,,,,,
20260401,360hpf,26C,1,plate_1_26,D,11,D11,56,Sample,NA,8,NA,,,,,,
20260401,360hpf,26C,1,plate_1_26,D,12,D12,57,Sample,NA,3,NA,,,,,,
20260401,360hpf,26C,1,plate_1_26,E,1,E1,1,Sample,NA,35,NA,,,,,,
20260401,360hpf,26C,1,plate_1_26,E,2,E2,3,Sample,NA,13,NA,,,,,,
20260401,360hpf,26C,1,plate_1_26,E,3,E3,4,Sample,NA,8,NA,,,,,,
20260401,360hpf,26C,1,plate_1_26,E,4,E4,5,Sample,NA,7,NA,,,,,,
20260401,360hpf,26C,1,plate_1_26,E,5,E5,6,Sample,NA,13,NA,,,,,,
20260401,360hpf,26C,1,plate_1_26,E,6,E6,8,Sample,NA,6,NA,,,,,,
20260401,360hpf,26C,1,plate_1_26,E,7,E7,52,Sample,NA,10,NA,,,,,,
20260401,360hpf,26C,1,plate_1_26,E,8,E8,53,Sample,NA,12,NA,,,,,,
20260401,360hpf,26C,1,plate_1_26,E,9,E9,54,Sample,NA,18,NA,,,,,,
20260401,360hpf,26C,1,plate_1_26,E,10,E10,55,Sample,NA,62,NA,,,,,,
20260401,360hpf,26C,1,plate_1_26,E,11,E11,56,Sample,NA,22,NA,,,,,,
20260401,360hpf,26C,1,plate_1_26,E,12,E12,57,Sample,NA,19,NA,,,,,,
20260401,360hpf,26C,1,plate_1_26,F,1,F1,1,Sample,NA,37,NA,,,,,,
20260401,360hpf,26C,1,plate_1_26,F,2,F2,3,Sample,NA,10,NA,,,,,,
20260401,360hpf,26C,1,plate_1_26,F,3,F3,4,Sample,NA,6,NA,,,,,,
20260401,360hpf,26C,1,plate_1_26,F,4,F4,5,Sample,NA,7,NA,,,,,,
20260401,360hpf,26C,1,plate_1_26,F,5,F5,6,Sample,NA,7,NA,,,,,,
20260401,360hpf,26C,1,plate_1_26,F,6,F6,8,Sample,NA,39,NA,,,,,,
20260401,360hpf,26C,1,plate_1_26,F,7,F7,52,Sample,NA,12,NA,,,,,,
20260401,360hpf,26C,1,plate_1_26,F,8,F8,53,Sample,NA,11,NA,,,,,,
20260401,360hpf,26C,1,plate_1_26,F,9,F9,54,Sample,NA,10,NA,,,,,,
20260401,360hpf,26C,1,plate_1_26,F,10,F10,55,Sample,NA,24,NA,,,,,,
20260401,360hpf,26C,1,plate_1_26,F,11,F11,56,Sample,NA,5,NA,,,,,,
20260401,360hpf,26C,1,plate_1_26,F,12,F12,57,Sample,NA,20,NA,,,,,,
20260401,360hpf,26C,1,plate_1_26,G,1,G1,1,Sample,NA,17,NA,,,,,,
20260401,360hpf,26C,1,plate_1_26,G,2,G2,3,Sample,NA,7,NA,,,,,,
20260401,360hpf,26C,1,plate_1_26,G,3,G3,4,Sample,NA,8,NA,,,,,,
20260401,360hpf,26C,1,plate_1_26,G,4,G4,5,Sample,NA,22,NA,,,,,,
20260401,360hpf,26C,1,plate_1_26,G,5,G5,6,Sample,NA,11,NA,,,,,,
20260401,360hpf,26C,1,plate_1_26,G,6,G6,8,Sample,NA,66,NA,,,,,,
20260401,360hpf,26C,1,plate_1_26,G,7,G7,52,Sample,NA,27,NA,,,,,,
20260401,360hpf,26C,1,plate_1_26,G,8,G8,53,Sample,NA,50,NA,,,,,,
20260401,360hpf,26C,1,plate_1_26,G,9,G9,54,Sample,NA,15,NA,,,,,,
20260401,360hpf,26C,1,plate_1_26,G,10,G10,55,Sample,NA,0,NA,,,,,,
20260401,360hpf,26C,1,plate_1_26,G,11,G11,56,Sample,NA,6,NA,,,,,,
20260401,360hpf,26C,1,plate_1_26,G,12,G12,57,Sample,NA,3,NA,,,,,,
20260401,360hpf,26C,1,plate_1_26,H,1,H1,NA,Blank,NA,NA,NA,,,,,,
20260401,360hpf,26C,1,plate_1_26,H,2,H2,NA,Blank,NA,NA,NA,,,,,,
20260401,360hpf,26C,1,plate_1_26,H,3,H3,NA,Blank,NA,NA,NA,,,,,,
20260401,360hpf,26C,1,plate_1_26,H,4,H4,NA,Blank,NA,NA,NA,,,,,,
20260401,360hpf,26C,1,plate_1_26,H,5,H5,NA,Blank,NA,NA,NA,,,,,,
20260401,360hpf,26C,1,plate_1_26,H,6,H6,NA,Blank,NA,NA,NA,,,,,,
20260401,360hpf,26C,1,plate_1_26,H,7,H7,NA,Blank,NA,NA,NA,,,,,,
20260401,360hpf,26C,1,plate_1_26,H,8,H8,NA,Blank,NA,NA,NA,,,,,,
20260401,360hpf,26C,1,plate_1_26,H,9,H9,NA,Blank,NA,NA,NA,,,,,,
20260401,360hpf,26C,1,plate_1_26,H,10,H10,NA,Blank,NA,NA,NA,,,,,,
20260401,360hpf,26C,1,plate_1_26,H,11,H11,NA,Blank,NA,NA,NA,,,,,,
20260401,360hpf,26C,1,plate_1_26,H,12,H12,NA,Blank,NA,NA,NA,,,,,,
20260401,360hpf,30C,2,plate_2_30,A,1,A1,1,Sample,NA,79,NA,,,,,,
20260401,360hpf,30C,2,plate_2_30,A,2,A2,3,Sample,NA,12,NA,,,,,,
20260401,360hpf,30C,2,plate_2_30,A,3,A3,4,Sample,NA,4,NA,,,,,,
20260401,360hpf,30C,2,plate_2_30,A,4,A4,5,Sample,NA,4,NA,,,,,,
20260401,360hpf,30C,2,plate_2_30,A,5,A5,6,Sample,NA,8,NA,,,,,,
20260401,360hpf,30C,2,plate_2_30,A,6,A6,8,Sample,NA,5,NA,,,,,,
20260401,360hpf,30C,2,plate_2_30,A,7,A7,52,Sample,NA,18,NA,,,,,,
20260401,360hpf,30C,2,plate_2_30,A,8,A8,53,Sample,NA,6,NA,,,,,,
20260401,360hpf,30C,2,plate_2_30,A,9,A9,54,Sample,NA,11,NA,,,,,,
20260401,360hpf,30C,2,plate_2_30,A,10,A10,55,Sample,NA,13,NA,,,,,,
20260401,360hpf,30C,2,plate_2_30,A,11,A11,56,Sample,NA,26,NA,,,,,,
20260401,360hpf,30C,2,plate_2_30,A,12,A12,57,Sample,NA,5,NA,,,,,,
20260401,360hpf,30C,2,plate_2_30,B,1,B1,1,Sample,NA,16,NA,,,,,,
20260401,360hpf,30C,2,plate_2_30,B,2,B2,3,Sample,NA,12,NA,,,,,,
20260401,360hpf,30C,2,plate_2_30,B,3,B3,4,Sample,NA,6,NA,,,,,,
20260401,360hpf,30C,2,plate_2_30,B,4,B4,5,Sample,NA,4,NA,,,,,,
20260401,360hpf,30C,2,plate_2_30,B,5,B5,6,Sample,NA,11,NA,,,,,,
20260401,360hpf,30C,2,plate_2_30,B,6,B6,8,Sample,NA,22,NA,,,,,,
20260401,360hpf,30C,2,plate_2_30,B,7,B7,52,Sample,NA,7,NA,,,,,,
20260401,360hpf,30C,2,plate_2_30,B,8,B8,53,Sample,NA,2,NA,,,,,,
20260401,360hpf,30C,2,plate_2_30,B,9,B9,54,Sample,NA,12,NA,,,,,,
20260401,360hpf,30C,2,plate_2_30,B,10,B10,55,Sample,NA,38,NA,,,,,,
20260401,360hpf,30C,2,plate_2_30,B,11,B11,56,Sample,NA,11,NA,,,,,,
20260401,360hpf,30C,2,plate_2_30,B,12,B12,57,Sample,NA,4,NA,,,,,,
20260401,360hpf,30C,2,plate_2_30,C,1,C1,1,Sample,NA,29,NA,,,,,,
20260401,360hpf,30C,2,plate_2_30,C,2,C2,3,Sample,NA,10,NA,,,,,,
20260401,360hpf,30C,2,plate_2_30,C,3,C3,4,Sample,NA,2,NA,,,,,,
20260401,360hpf,30C,2,plate_2_30,C,4,C4,5,Sample,NA,0,NA,,,,,,
20260401,360hpf,30C,2,plate_2_30,C,5,C5,6,Sample,NA,11,NA,,,,,,
20260401,360hpf,30C,2,plate_2_30,C,6,C6,8,Sample,NA,30,NA,,,,,,
20260401,360hpf,30C,2,plate_2_30,C,7,C7,52,Sample,NA,16,NA,,,,,,
20260401,360hpf,30C,2,plate_2_30,C,8,C8,53,Sample,NA,28,NA,,,,,,
20260401,360hpf,30C,2,plate_2_30,C,9,C9,54,Sample,NA,10,NA,,,,,,
20260401,360hpf,30C,2,plate_2_30,C,10,C10,55,Sample,NA,13,NA,,,,,,
20260401,360hpf,30C,2,plate_2_30,C,11,C11,56,Sample,NA,14,NA,,,,,,
20260401,360hpf,30C,2,plate_2_30,C,12,C12,57,Sample,NA,9,NA,,,,,,
20260401,360hpf,30C,2,plate_2_30,D,1,D1,1,Sample,NA,51,NA,,,,,,
20260401,360hpf,30C,2,plate_2_30,D,2,D2,3,Sample,NA,12,NA,,,,,,
20260401,360hpf,30C,2,plate_2_30,D,3,D3,4,Sample,NA,5,NA,,,,,,
20260401,360hpf,30C,2,plate_2_30,D,4,D4,5,Sample,NA,28,NA,,,,,,
20260401,360hpf,30C,2,plate_2_30,D,5,D5,6,Sample,NA,13,NA,,,,,,
20260401,360hpf,30C,2,plate_2_30,D,6,D6,8,Sample,NA,17,NA,,,,,,
20260401,360hpf,30C,2,plate_2_30,D,7,D7,52,Sample,NA,16,NA,,,,,,
20260401,360hpf,30C,2,plate_2_30,D,8,D8,53,Sample,NA,6,NA,,,,,,
20260401,360hpf,30C,2,plate_2_30,D,9,D9,54,Sample,NA,11,NA,,,,,,
20260401,360hpf,30C,2,plate_2_30,D,10,D10,55,Sample,NA,25,NA,,,,,,
20260401,360hpf,30C,2,plate_2_30,D,11,D11,56,Sample,NA,26,NA,,,,,,
20260401,360hpf,30C,2,plate_2_30,D,12,D12,57,Sample,NA,30,NA,,,,,,
20260401,360hpf,30C,2,plate_2_30,E,1,E1,1,Sample,NA,14,NA,,,,,,
20260401,360hpf,30C,2,plate_2_30,E,2,E2,3,Sample,NA,9,NA,,,,,,
20260401,360hpf,30C,2,plate_2_30,E,3,E3,4,Sample,NA,13,NA,,,,,,
20260401,360hpf,30C,2,plate_2_30,E,4,E4,5,Sample,NA,3,NA,,,,,,
20260401,360hpf,30C,2,plate_2_30,E,5,E5,6,Sample,NA,5,NA,,,,,,
20260401,360hpf,30C,2,plate_2_30,E,6,E6,8,Sample,NA,12,NA,,,,,,
20260401,360hpf,30C,2,plate_2_30,E,7,E7,52,Sample,NA,16,NA,,,,,,
20260401,360hpf,30C,2,plate_2_30,E,8,E8,53,Sample,NA,31,NA,,,,,,
20260401,360hpf,30C,2,plate_2_30,E,9,E9,54,Sample,NA,14,NA,,,,,,
20260401,360hpf,30C,2,plate_2_30,E,10,E10,55,Sample,NA,7,NA,,,,,,
20260401,360hpf,30C,2,plate_2_30,E,11,E11,56,Sample,NA,15,NA,,,,,,
20260401,360hpf,30C,2,plate_2_30,E,12,E12,57,Sample,NA,61,NA,,,,,,
20260401,360hpf,30C,2,plate_2_30,F,1,F1,1,Sample,NA,34,NA,,,,,,
20260401,360hpf,30C,2,plate_2_30,F,2,F2,3,Sample,NA,14,NA,,,,,,
20260401,360hpf,30C,2,plate_2_30,F,3,F3,4,Sample,NA,14,NA,,,,,,
20260401,360hpf,30C,2,plate_2_30,F,4,F4,5,Sample,NA,24,NA,,,,,,
20260401,360hpf,30C,2,plate_2_30,F,5,F5,6,Sample,NA,6,NA,,,,,,
20260401,360hpf,30C,2,plate_2_30,F,6,F6,8,Sample,NA,60,NA,,,,,,
20260401,360hpf,30C,2,plate_2_30,F,7,F7,52,Sample,NA,11,NA,,,,,,
20260401,360hpf,30C,2,plate_2_30,F,8,F8,53,Sample,NA,51,NA,,,,,,
20260401,360hpf,30C,2,plate_2_30,F,9,F9,54,Sample,NA,7,NA,,,,,,
20260401,360hpf,30C,2,plate_2_30,F,10,F10,55,Sample,NA,20,NA,,,,,,
20260401,360hpf,30C,2,plate_2_30,F,11,F11,56,Sample,NA,16,NA,,,,,,
20260401,360hpf,30C,2,plate_2_30,F,12,F12,57,Sample,NA,45,NA,,,,,,
20260401,360hpf,30C,2,plate_2_30,G,1,G1,1,Sample,NA,11,NA,,,,,,
20260401,360hpf,30C,2,plate_2_30,G,2,G2,3,Sample,NA,13,NA,,,,,,
20260401,360hpf,30C,2,plate_2_30,G,3,G3,4,Sample,NA,66,NA,,,,,,
20260401,360hpf,30C,2,plate_2_30,G,4,G4,5,Sample,NA,16,NA,,,,,,
20260401,360hpf,30C,2,plate_2_30,G,5,G5,6,Sample,NA,12,NA,,,,,,
20260401,360hpf,30C,2,plate_2_30,G,6,G6,8,Sample,NA,60,NA,,,,,,
20260401,360hpf,30C,2,plate_2_30,G,7,G7,52,Sample,NA,11,NA,,,,,,
20260401,360hpf,30C,2,plate_2_30,G,8,G8,53,Sample,NA,30,NA,,,,,,
20260401,360hpf,30C,2,plate_2_30,G,9,G9,54,Sample,NA,12,NA,,,,,,
20260401,360hpf,30C,2,plate_2_30,G,10,G10,55,Sample,NA,3,NA,,,,,,
20260401,360hpf,30C,2,plate_2_30,G,11,G11,56,Sample,NA,6,NA,,,,,,
20260401,360hpf,30C,2,plate_2_30,G,12,G12,57,Sample,NA,8,NA,,,,,,
20260401,360hpf,30C,2,plate_2_30,H,1,H1,1,Blank,NA,NA,NA,,,,,,
20260401,360hpf,30C,2,plate_2_30,H,2,H2,3,Blank,NA,NA,NA,,,,,,
20260401,360hpf,30C,2,plate_2_30,H,3,H3,4,Blank,NA,NA,NA,,,,,,
20260401,360hpf,30C,2,plate_2_30,H,4,H4,5,Blank,NA,NA,NA,,,,,,
20260401,360hpf,30C,2,plate_2_30,H,5,H5,6,Blank,NA,NA,NA,,,,,,
20260401,360hpf,30C,2,plate_2_30,H,6,H6,8,Blank,NA,NA,NA,,,,,,
20260401,360hpf,30C,2,plate_2_30,H,7,H7,52,Blank,NA,NA,NA,,,,,,
20260401,360hpf,30C,2,plate_2_30,H,8,H8,53,Blank,NA,NA,NA,,,,,,
20260401,360hpf,30C,2,plate_2_30,H,9,H9,54,Blank,NA,NA,NA,,,,,,
20260401,360hpf,30C,2,plate_2_30,H,10,H10,55,Blank,NA,NA,NA,,,,,,
20260401,360hpf,30C,2,plate_2_30,H,11,H11,56,Blank,NA,NA,NA,,,,,,
20260401,360hpf,30C,2,plate_2_30,H,12,H12,57,Blank,NA,NA,NA,,,,,,
20260401,360hpf,34C,3,plate_3_34,A,1,A1,1,Sample,NA,11,NA,,,,,,
20260401,360hpf,34C,3,plate_3_34,A,2,A2,3,Sample,NA,22,NA,,,,,,
20260401,360hpf,34C,3,plate_3_34,A,3,A3,4,Sample,NA,3,NA,,,,,,
20260401,360hpf,34C,3,plate_3_34,A,4,A4,5,Sample,NA,11,NA,,,,,,
20260401,360hpf,34C,3,plate_3_34,A,5,A5,6,Sample,NA,14,NA,,,,,,
20260401,360hpf,34C,3,plate_3_34,A,6,A6,8,Sample,NA,15,NA,,,,,,
20260401,360hpf,34C,3,plate_3_34,A,7,A7,52,Sample,NA,24,NA,,,,,,
20260401,360hpf,34C,3,plate_3_34,A,8,A8,53,Sample,NA,5,NA,,,,,,
20260401,360hpf,34C,3,plate_3_34,A,9,A9,54,Sample,NA,9,NA,,,,,,
20260401,360hpf,34C,3,plate_3_34,A,10,A10,55,Sample,NA,1,NA,,,,,,
20260401,360hpf,34C,3,plate_3_34,A,11,A11,56,Sample,NA,16,NA,,,,,,
20260401,360hpf,34C,3,plate_3_34,A,12,A12,57,Sample,NA,12,NA,,,,,,
20260401,360hpf,34C,3,plate_3_34,B,1,B1,1,Sample,NA,4,NA,,,,,,
20260401,360hpf,34C,3,plate_3_34,B,2,B2,3,Sample,NA,16,NA,,,,,,
20260401,360hpf,34C,3,plate_3_34,B,3,B3,4,Sample,NA,3,NA,,,,,,
20260401,360hpf,34C,3,plate_3_34,B,4,B4,5,Sample,NA,2,NA,,,,,,
20260401,360hpf,34C,3,plate_3_34,B,5,B5,6,Sample,NA,4,NA,,,,,,
20260401,360hpf,34C,3,plate_3_34,B,6,B6,8,Sample,NA,7,NA,,,,,,
20260401,360hpf,34C,3,plate_3_34,B,7,B7,52,Sample,NA,20,NA,,,,,,
20260401,360hpf,34C,3,plate_3_34,B,8,B8,53,Sample,NA,14,NA,,,,,,
20260401,360hpf,34C,3,plate_3_34,B,9,B9,54,Sample,NA,14,NA,,,,,,
20260401,360hpf,34C,3,plate_3_34,B,10,B10,55,Sample,NA,10,NA,,,,,,
20260401,360hpf,34C,3,plate_3_34,B,11,B11,56,Sample,NA,9,NA,,,,,,
20260401,360hpf,34C,3,plate_3_34,B,12,B12,57,Sample,NA,11,NA,,,,,,
20260401,360hpf,34C,3,plate_3_34,C,1,C1,1,Sample,NA,22,NA,,,,,,
20260401,360hpf,34C,3,plate_3_34,C,2,C2,3,Sample,NA,15,NA,,,,,,
20260401,360hpf,34C,3,plate_3_34,C,3,C3,4,Sample,NA,9,NA,,,,,,
20260401,360hpf,34C,3,plate_3_34,C,4,C4,5,Sample,NA,6,NA,,,,,,
20260401,360hpf,34C,3,plate_3_34,C,5,C5,6,Sample,NA,7,NA,,,,,,
20260401,360hpf,34C,3,plate_3_34,C,6,C6,8,Sample,NA,17,NA,,,,,,
20260401,360hpf,34C,3,plate_3_34,C,7,C7,52,Sample,NA,30,NA,,,,,,
20260401,360hpf,34C,3,plate_3_34,C,8,C8,53,Sample,NA,7,NA,,,,,,
20260401,360hpf,34C,3,plate_3_34,C,9,C9,54,Sample,NA,12,NA,,,,,,
20260401,360hpf,34C,3,plate_3_34,C,10,C10,55,Sample,NA,8,NA,,,,,,
20260401,360hpf,34C,3,plate_3_34,C,11,C11,56,Sample,NA,9,NA,,,,,,
20260401,360hpf,34C,3,plate_3_34,C,12,C12,57,Sample,NA,20,NA,,,,,,
20260401,360hpf,34C,3,plate_3_34,D,1,D1,1,Sample,NA,21,NA,,,,,,
20260401,360hpf,34C,3,plate_3_34,D,2,D2,3,Sample,NA,9,NA,,,,,,
20260401,360hpf,34C,3,plate_3_34,D,3,D3,4,Sample,NA,23,NA,,,,,,
20260401,360hpf,34C,3,plate_3_34,D,4,D4,5,Sample,NA,22,NA,,,,,,
20260401,360hpf,34C,3,plate_3_34,D,5,D5,6,Sample,NA,14,NA,,,,,,
20260401,360hpf,34C,3,plate_3_34,D,6,D6,8,Sample,NA,15,NA,,,,,,
20260401,360hpf,34C,3,plate_3_34,D,7,D7,52,Sample,NA,17,NA,,,,,,
20260401,360hpf,34C,3,plate_3_34,D,8,D8,53,Sample,NA,14,NA,,,,,,
20260401,360hpf,34C,3,plate_3_34,D,9,D9,54,Sample,NA,8,NA,,,,,,
20260401,360hpf,34C,3,plate_3_34,D,10,D10,55,Sample,NA,4,NA,,,,,,
20260401,360hpf,34C,3,plate_3_34,D,11,D11,56,Sample,NA,11,NA,,,,,,
20260401,360hpf,34C,3,plate_3_34,D,12,D12,57,Sample,NA,17,NA,,,,,,
20260401,360hpf,34C,3,plate_3_34,E,1,E1,1,Sample,NA,16,NA,,,,,,
20260401,360hpf,34C,3,plate_3_34,E,2,E2,3,Sample,NA,18,NA,,,,,,
20260401,360hpf,34C,3,plate_3_34,E,3,E3,4,Sample,NA,11,NA,,,,,,
20260401,360hpf,34C,3,plate_3_34,E,4,E4,5,Sample,NA,23,NA,,,,,,
20260401,360hpf,34C,3,plate_3_34,E,5,E5,6,Sample,NA,15,NA,,,,,,
20260401,360hpf,34C,3,plate_3_34,E,6,E6,8,Sample,NA,54,NA,,,,,,
20260401,360hpf,34C,3,plate_3_34,E,7,E7,52,Sample,NA,48,NA,,,,,,
20260401,360hpf,34C,3,plate_3_34,E,8,E8,53,Sample,NA,5,NA,,,,,,
20260401,360hpf,34C,3,plate_3_34,E,9,E9,54,Sample,NA,27,NA,,,,,,
20260401,360hpf,34C,3,plate_3_34,E,10,E10,55,Sample,NA,13,NA,,,,,,
20260401,360hpf,34C,3,plate_3_34,E,11,E11,56,Sample,NA,14,NA,,,,,,
20260401,360hpf,34C,3,plate_3_34,E,12,E12,57,Sample,NA,7,NA,,,,,,
20260401,360hpf,34C,3,plate_3_34,F,1,F1,1,Sample,NA,33,NA,,,,,,
20260401,360hpf,34C,3,plate_3_34,F,2,F2,3,Sample,NA,5,NA,,,,,,
20260401,360hpf,34C,3,plate_3_34,F,3,F3,4,Sample,NA,0,NA,,,,,,
20260401,360hpf,34C,3,plate_3_34,F,4,F4,5,Sample,NA,20,NA,,,,,,
20260401,360hpf,34C,3,plate_3_34,F,5,F5,6,Sample,NA,12,NA,,,,,,
20260401,360hpf,34C,3,plate_3_34,F,6,F6,8,Sample,NA,65,NA,,,,,,
20260401,360hpf,34C,3,plate_3_34,F,7,F7,52,Sample,NA,26,NA,,,,,,
20260401,360hpf,34C,3,plate_3_34,F,8,F8,53,Sample,NA,4,NA,,,,,,
20260401,360hpf,34C,3,plate_3_34,F,9,F9,54,Sample,NA,25,NA,,,,,,
20260401,360hpf,34C,3,plate_3_34,F,10,F10,55,Sample,NA,23,NA,,,,,,
20260401,360hpf,34C,3,plate_3_34,F,11,F11,56,Sample,NA,8,NA,,,,,,
20260401,360hpf,34C,3,plate_3_34,F,12,F12,57,Sample,NA,6,NA,,,,,,
20260401,360hpf,34C,3,plate_3_34,G,1,G1,1,Sample,NA,7,NA,,,,,,
20260401,360hpf,34C,3,plate_3_34,G,2,G2,3,Sample,NA,10,NA,,,,,,
20260401,360hpf,34C,3,plate_3_34,G,3,G3,4,Sample,NA,11,NA,,,,,,
20260401,360hpf,34C,3,plate_3_34,G,4,G4,5,Sample,NA,8,NA,,,,,,
20260401,360hpf,34C,3,plate_3_34,G,5,G5,6,Sample,NA,15,NA,,,,,,
20260401,360hpf,34C,3,plate_3_34,G,6,G6,8,Sample,NA,7,NA,,,,,,
20260401,360hpf,34C,3,plate_3_34,G,7,G7,52,Sample,NA,17,NA,,,,,,
20260401,360hpf,34C,3,plate_3_34,G,8,G8,53,Sample,NA,5,NA,,,,,,
20260401,360hpf,34C,3,plate_3_34,G,9,G9,54,Sample,NA,9,NA,,,,,,
20260401,360hpf,34C,3,plate_3_34,G,10,G10,55,Sample,NA,3,NA,,,,,,
20260401,360hpf,34C,3,plate_3_34,G,11,G11,56,Sample,NA,6,NA,,,,,,
20260401,360hpf,34C,3,plate_3_34,G,12,G12,57,Sample,NA,8,NA,,,,,,
20260401,360hpf,34C,3,plate_3_34,H,1,H1,NA,Blank,NA,NA,NA,,,,,,
20260401,360hpf,34C,3,plate_3_34,H,2,H2,NA,Blank,NA,NA,NA,,,,,,
20260401,360hpf,34C,3,plate_3_34,H,3,H3,NA,Blank,NA,NA,NA,,,,,,
20260401,360hpf,34C,3,plate_3_34,H,4,H4,NA,Blank,NA,NA,NA,,,,,,
20260401,360hpf,34C,3,plate_3_34,H,5,H5,NA,Blank,NA,NA,NA,,,,,,
20260401,360hpf,34C,3,plate_3_34,H,6,H6,NA,Blank,NA,NA,NA,,,,,,
20260401,360hpf,34C,3,plate_3_34,H,7,H7,NA,Blank,NA,NA,NA,,,,,,
20260401,360hpf,34C,3,plate_3_34,H,8,H8,NA,Blank,NA,NA,NA,,,,,,
20260401,360hpf,34C,3,plate_3_34,H,9,H9,NA,Blank,NA,NA,NA,,,,,,
20260401,360hpf,34C,3,plate_3_34,H,10,H10,NA,Blank,NA,NA,NA,,,,,,
20260401,360hpf,34C,3,plate_3_34,H,11,H11,NA,Blank,NA,NA,NA,,,,,,
20260401,360hpf,34C,3,plate_3_34,H,12,H12,NA,Blank,NA,NA,NA,,,,,,
20260401,360hpf,38C,4,plate_4_38,A,1,A1,1,Sample,NA,60,NA,,,,,,
20260401,360hpf,38C,4,plate_4_38,A,2,A2,3,Sample,NA,8,NA,,,,,,
20260401,360hpf,38C,4,plate_4_38,A,3,A3,4,Sample,NA,3,NA,,,,,,
20260401,360hpf,38C,4,plate_4_38,A,4,A4,5,Sample,NA,10,NA,,,,,,
20260401,360hpf,38C,4,plate_4_38,A,5,A5,6,Sample,NA,14,NA,,,,,,
20260401,360hpf,38C,4,plate_4_38,A,6,A6,8,Sample,NA,10,NA,,,,,,
20260401,360hpf,38C,4,plate_4_38,A,7,A7,52,Sample,NA,18,NA,,,,,,
20260401,360hpf,38C,4,plate_4_38,A,8,A8,53,Sample,NA,4,NA,,,,,,
20260401,360hpf,38C,4,plate_4_38,A,9,A9,54,Sample,NA,17,NA,,,,,,
20260401,360hpf,38C,4,plate_4_38,A,10,A10,55,Sample,NA,13,NA,,,,,,
20260401,360hpf,38C,4,plate_4_38,A,11,A11,56,Sample,NA,27,NA,,,,,,
20260401,360hpf,38C,4,plate_4_38,A,12,A12,57,Sample,NA,25,NA,,,,,,
20260401,360hpf,38C,4,plate_4_38,B,1,B1,1,Sample,NA,13,NA,,,,,,
20260401,360hpf,38C,4,plate_4_38,B,2,B2,3,Sample,NA,13,NA,,,,,,
20260401,360hpf,38C,4,plate_4_38,B,3,B3,4,Sample,NA,47,NA,,,,,,
20260401,360hpf,38C,4,plate_4_38,B,4,B4,5,Sample,NA,5,NA,,,,,,
20260401,360hpf,38C,4,plate_4_38,B,5,B5,6,Sample,NA,12,NA,,,,,,
20260401,360hpf,38C,4,plate_4_38,B,6,B6,8,Sample,NA,24,NA,,,,,,
20260401,360hpf,38C,4,plate_4_38,B,7,B7,52,Sample,NA,24,NA,,,,,,
20260401,360hpf,38C,4,plate_4_38,B,8,B8,53,Sample,NA,19,NA,,,,,,
20260401,360hpf,38C,4,plate_4_38,B,9,B9,54,Sample,NA,28,NA,,,,,,
20260401,360hpf,38C,4,plate_4_38,B,10,B10,55,Sample,NA,5,NA,,,,,,
20260401,360hpf,38C,4,plate_4_38,B,11,B11,56,Sample,NA,17,NA,,,,,,
20260401,360hpf,38C,4,plate_4_38,B,12,B12,57,Sample,NA,17,NA,,,,,,
20260401,360hpf,38C,4,plate_4_38,C,1,C1,1,Sample,NA,19,NA,,,,,,
20260401,360hpf,38C,4,plate_4_38,C,2,C2,3,Sample,NA,12,NA,,,,,,
20260401,360hpf,38C,4,plate_4_38,C,3,C3,4,Sample,NA,8,NA,,,,,,
20260401,360hpf,38C,4,plate_4_38,C,4,C4,5,Sample,NA,15,NA,,,,,,
20260401,360hpf,38C,4,plate_4_38,C,5,C5,6,Sample,NA,6,NA,,,,,,
20260401,360hpf,38C,4,plate_4_38,C,6,C6,8,Sample,NA,10,NA,,,,,,
20260401,360hpf,38C,4,plate_4_38,C,7,C7,52,Sample,NA,16,NA,,,,,,
20260401,360hpf,38C,4,plate_4_38,C,8,C8,53,Sample,NA,33,NA,,,,,,
20260401,360hpf,38C,4,plate_4_38,C,9,C9,54,Sample,NA,9,NA,,,,,,
20260401,360hpf,38C,4,plate_4_38,C,10,C10,55,Sample,NA,8,NA,,,,,,
20260401,360hpf,38C,4,plate_4_38,C,11,C11,56,Sample,NA,24,NA,,,,,,
20260401,360hpf,38C,4,plate_4_38,C,12,C12,57,Sample,NA,13,NA,,,,,,
20260401,360hpf,38C,4,plate_4_38,D,1,D1,1,Sample,NA,71,NA,,,,,,
20260401,360hpf,38C,4,plate_4_38,D,2,D2,3,Sample,NA,18,NA,,,,,,
20260401,360hpf,38C,4,plate_4_38,D,3,D3,4,Sample,NA,9,NA,,,,,,
20260401,360hpf,38C,4,plate_4_38,D,4,D4,5,Sample,NA,11,NA,,,,,,
20260401,360hpf,38C,4,plate_4_38,D,5,D5,6,Sample,NA,13,NA,,,,,,
20260401,360hpf,38C,4,plate_4_38,D,6,D6,8,Sample,NA,17,NA,,,,,,
20260401,360hpf,38C,4,plate_4_38,D,7,D7,52,Sample,NA,23,NA,,,,,,
20260401,360hpf,38C,4,plate_4_38,D,8,D8,53,Sample,NA,3,NA,,,,,,
20260401,360hpf,38C,4,plate_4_38,D,9,D9,54,Sample,NA,25,NA,,,,,,
20260401,360hpf,38C,4,plate_4_38,D,10,D10,55,Sample,NA,22,NA,,,,,,
20260401,360hpf,38C,4,plate_4_38,D,11,D11,56,Sample,NA,10,NA,,,,,,
20260401,360hpf,38C,4,plate_4_38,D,12,D12,57,Sample,NA,6,NA,,,,,,
20260401,360hpf,38C,4,plate_4_38,E,1,E1,1,Sample,NA,31,NA,,,,,,
20260401,360hpf,38C,4,plate_4_38,E,2,E2,3,Sample,NA,16,NA,,,,,,
20260401,360hpf,38C,4,plate_4_38,E,3,E3,4,Sample,NA,6,NA,,,,,,
20260401,360hpf,38C,4,plate_4_38,E,4,E4,5,Sample,NA,11,NA,,,,,,
20260401,360hpf,38C,4,plate_4_38,E,5,E5,6,Sample,NA,14,NA,,,,,,
20260401,360hpf,38C,4,plate_4_38,E,6,E6,8,Sample,NA,11,NA,,,,,,
20260401,360hpf,38C,4,plate_4_38,E,7,E7,52,Sample,NA,21,NA,,,,,,
20260401,360hpf,38C,4,plate_4_38,E,8,E8,53,Sample,NA,63,NA,,,,,,
20260401,360hpf,38C,4,plate_4_38,E,9,E9,54,Sample,NA,11,NA,,,,,,
20260401,360hpf,38C,4,plate_4_38,E,10,E10,55,Sample,NA,41,NA,,,,,,
20260401,360hpf,38C,4,plate_4_38,E,11,E11,56,Sample,NA,14,NA,,,,,,
20260401,360hpf,38C,4,plate_4_38,E,12,E12,57,Sample,NA,34,NA,,,,,,
20260401,360hpf,38C,4,plate_4_38,F,1,F1,1,Sample,NA,9,NA,,,,,,
20260401,360hpf,38C,4,plate_4_38,F,2,F2,3,Sample,NA,8,NA,,,,,,
20260401,360hpf,38C,4,plate_4_38,F,3,F3,4,Sample,NA,7,NA,,,,,,
20260401,360hpf,38C,4,plate_4_38,F,4,F4,5,Sample,NA,18,NA,,,,,,
20260401,360hpf,38C,4,plate_4_38,F,5,F5,6,Sample,NA,16,NA,,,,,,
20260401,360hpf,38C,4,plate_4_38,F,6,F6,8,Sample,NA,38,NA,,,,,,
20260401,360hpf,38C,4,plate_4_38,F,7,F7,52,Sample,NA,14,NA,,,,,,
20260401,360hpf,38C,4,plate_4_38,F,8,F8,53,Sample,NA,6,NA,,,,,,
20260401,360hpf,38C,4,plate_4_38,F,9,F9,54,Sample,NA,5,NA,,,,,,
20260401,360hpf,38C,4,plate_4_38,F,10,F10,55,Sample,NA,12,NA,,,,,,
20260401,360hpf,38C,4,plate_4_38,F,11,F11,56,Sample,NA,16,NA,,,,,,
20260401,360hpf,38C,4,plate_4_38,F,12,F12,57,Sample,NA,13,NA,,,,,,
20260401,360hpf,38C,4,plate_4_38,G,1,G1,1,Sample,NA,5,NA,,,,,,
20260401,360hpf,38C,4,plate_4_38,G,2,G2,3,Sample,NA,18,NA,,,,,,
20260401,360hpf,38C,4,plate_4_38,G,3,G3,4,Sample,NA,11,NA,,,,,,
20260401,360hpf,38C,4,plate_4_38,G,4,G4,5,Sample,NA,27,NA,,,,,,
20260401,360hpf,38C,4,plate_4_38,G,5,G5,6,Sample,NA,25,NA,,,,,,
20260401,360hpf,38C,4,plate_4_38,G,6,G6,8,Sample,NA,56,NA,,,,,,
20260401,360hpf,38C,4,plate_4_38,G,7,G7,52,Sample,NA,32,NA,,,,,,
20260401,360hpf,38C,4,plate_4_38,G,8,G8,53,Sample,NA,12,NA,,,,,,
20260401,360hpf,38C,4,plate_4_38,G,9,G9,54,Sample,NA,11,NA,,,,,,
20260401,360hpf,38C,4,plate_4_38,G,10,G10,55,Sample,NA,5,NA,,,,,,
20260401,360hpf,38C,4,plate_4_38,G,11,G11,56,Sample,NA,8,NA,,,,,,
20260401,360hpf,38C,4,plate_4_38,G,12,G12,57,Sample,NA,24,NA,,,,,,
20260401,360hpf,38C,4,plate_4_38,H,1,H1,NA,Blank,NA,NA,NA,,,,,,
20260401,360hpf,38C,4,plate_4_38,H,2,H2,NA,Blank,NA,NA,NA,,,,,,
20260401,360hpf,38C,4,plate_4_38,H,3,H3,NA,Blank,NA,NA,NA,,,,,,
20260401,360hpf,38C,4,plate_4_38,H,4,H4,NA,Blank,NA,NA,NA,,,,,,
20260401,360hpf,38C,4,plate_4_38,H,5,H5,NA,Blank,NA,NA,NA,,,,,,
20260401,360hpf,38C,4,plate_4_38,H,6,H6,NA,Blank,NA,NA,NA,,,,,,
20260401,360hpf,38C,4,plate_4_38,H,7,H7,NA,Blank,NA,NA,NA,,,,,,
20260401,360hpf,38C,4,plate_4_38,H,8,H8,NA,Blank,NA,NA,NA,,,,,,
20260401,360hpf,38C,4,plate_4_38,H,9,H9,NA,Blank,NA,NA,NA,,,,,,
20260401,360hpf,38C,4,plate_4_38,H,10,H10,NA,Blank,NA,NA,NA,,,,,,
20260401,360hpf,38C,4,plate_4_38,H,11,H11,NA,Blank,NA,NA,NA,,,,,,
20260401,360hpf,38C,4,plate_4_38,H,12,H12,NA,Blank,NA,NA,NA,,,,,,
20260504,48dpf,26C,1,plate_1_26,A,1,A1,1,Sample,11.4389,1,NA,,,,,,
20260504,48dpf,26C,1,plate_1_26,A,2,A2,3,Sample,16.7192,1,NA,,,,,,
20260504,48dpf,26C,1,plate_1_26,A,3,A3,4,Sample,15.3351,1,NA,,,,,,
20260504,48dpf,26C,1,plate_1_26,A,4,A4,5,Sample,12.1926,1,NA,,,,,,
20260504,48dpf,26C,1,plate_1_26,A,5,A5,6,Sample,11.5207,1,NA,,,,,,
20260504,48dpf,26C,1,plate_1_26,A,6,A6,8,Sample,11.2095,1,NA,,,,,,
20260504,48dpf,26C,1,plate_1_26,A,7,A7,52,Sample,14.9161,1,NA,,,,,,
20260504,48dpf,26C,1,plate_1_26,A,8,A8,53,Sample,11.4953,1,NA,,,,,,
20260504,48dpf,26C,1,plate_1_26,A,9,A9,54,Sample,10.9641,1,NA,,,,,,
20260504,48dpf,26C,1,plate_1_26,A,10,A10,55,Sample,11.654,1,NA,,,,,,
20260504,48dpf,26C,1,plate_1_26,A,11,A11,56,Sample,14.6198,1,NA,,,,,,
20260504,48dpf,26C,1,plate_1_26,A,12,A12,57,Sample,12.1058,1,NA,,,,,,
20260504,48dpf,26C,1,plate_1_26,B,1,B1,1,Sample,15.4008,1,NA,,,,,,
20260504,48dpf,26C,1,plate_1_26,B,2,B2,3,Sample,14.4283,1,NA,,,,,,
20260504,48dpf,26C,1,plate_1_26,B,3,B3,4,Sample,15.6239,1,NA,,,,,,
20260504,48dpf,26C,1,plate_1_26,B,4,B4,5,Sample,14.3521,1,NA,,,,,,
20260504,48dpf,26C,1,plate_1_26,B,5,B5,6,Sample,15.0897,1,NA,,,,,,
20260504,48dpf,26C,1,plate_1_26,B,6,B6,8,Sample,16.8419,1,NA,,,,,,
20260504,48dpf,26C,1,plate_1_26,B,7,B7,52,Sample,12.0804,1,NA,,,,,,
20260504,48dpf,26C,1,plate_1_26,B,8,B8,53,Sample,10.4075,1,NA,,,,,,
20260504,48dpf,26C,1,plate_1_26,B,9,B9,54,Sample,6.6055,1,NA,,,,,,
20260504,48dpf,26C,1,plate_1_26,B,10,B10,55,Sample,8.3556,1,NA,,,,,,
20260504,48dpf,26C,1,plate_1_26,B,11,B11,56,Sample,10.9561,1,NA,,,,,,
20260504,48dpf,26C,1,plate_1_26,B,12,B12,57,Sample,9.3432,1,NA,,,,,,
20260504,48dpf,26C,1,plate_1_26,C,1,C1,1,Sample,14.9501,1,NA,,,,,,
20260504,48dpf,26C,1,plate_1_26,C,2,C2,3,Sample,15.2848,1,NA,,,,,,
20260504,48dpf,26C,1,plate_1_26,C,3,C3,4,Sample,18.0444,1,NA,,,,,,
20260504,48dpf,26C,1,plate_1_26,C,4,C4,5,Sample,17.5726,1,NA,,,,,,
20260504,48dpf,26C,1,plate_1_26,C,5,C5,6,Sample,17.7427,1,NA,,,,,,
20260504,48dpf,26C,1,plate_1_26,C,6,C6,8,Sample,10.3197,1,NA,,,,,,
20260504,48dpf,26C,1,plate_1_26,C,7,C7,52,Sample,10.9122,1,NA,,,,,,
20260504,48dpf,26C,1,plate_1_26,C,8,C8,53,Sample,12.1851,1,NA,,,,,,
20260504,48dpf,26C,1,plate_1_26,C,9,C9,54,Sample,10.5282,1,NA,,,,,,
20260504,48dpf,26C,1,plate_1_26,C,10,C10,55,Sample,10.5501,1,NA,,,,,,
20260504,48dpf,26C,1,plate_1_26,C,11,C11,56,Sample,14.6539,1,NA,,,,,,
20260504,48dpf,26C,1,plate_1_26,C,12,C12,57,Sample,11.9985,1,NA,,,,,,
20260504,48dpf,26C,1,plate_1_26,D,1,D1,1,Sample,13.0958,1,NA,,,,,,
20260504,48dpf,26C,1,plate_1_26,D,2,D2,3,Sample,12.7392,1,NA,,,,,,
20260504,48dpf,26C,1,plate_1_26,D,3,D3,4,Sample,10.0948,1,NA,,,,,,
20260504,48dpf,26C,1,plate_1_26,D,4,D4,5,Sample,8.4983,1,NA,,,,,,
20260504,48dpf,26C,1,plate_1_26,D,5,D5,6,Sample,8.7726,1,NA,,,,,,
20260504,48dpf,26C,1,plate_1_26,D,6,D6,8,Sample,14.407,1,NA,,,,,,
20260504,48dpf,26C,1,plate_1_26,D,7,D7,52,Sample,13.2549,1,NA,,,,,,
20260504,48dpf,26C,1,plate_1_26,D,8,D8,53,Sample,13.5511,1,NA,,,,,,
20260504,48dpf,26C,1,plate_1_26,D,9,D9,54,Sample,11.1811,1,NA,,,,,,
20260504,48dpf,26C,1,plate_1_26,D,10,D10,55,Sample,14.2918,1,NA,,,,,,
20260504,48dpf,26C,1,plate_1_26,D,11,D11,56,Sample,10.007,1,NA,,,,,,
20260504,48dpf,26C,1,plate_1_26,D,12,D12,57,Sample,11.7791,1,NA,,,,,,
20260504,48dpf,26C,1,plate_1_26,E,1,E1,1,Sample,12.3551,1,NA,,,,,,
20260504,48dpf,26C,1,plate_1_26,E,2,E2,3,Sample,20.2718,1,NA,,,,,,
20260504,48dpf,26C,1,plate_1_26,E,3,E3,4,Sample,14.7526,1,NA,,,,,,
20260504,48dpf,26C,1,plate_1_26,E,4,E4,5,Sample,11.4718,1,NA,,,,,,
20260504,48dpf,26C,1,plate_1_26,E,5,E5,6,Sample,8.3501,1,NA,,,,,,
20260504,48dpf,26C,1,plate_1_26,E,6,E6,8,Sample,14.2753,1,NA,,,,,,
20260504,48dpf,26C,1,plate_1_26,E,7,E7,52,Sample,10.8848,1,NA,,,,,,
20260504,48dpf,26C,1,plate_1_26,E,8,E8,53,Sample,14.7856,1,NA,,,,,,
20260504,48dpf,26C,1,plate_1_26,E,9,E9,54,Sample,11.1481,1,NA,,,,,,
20260504,48dpf,26C,1,plate_1_26,E,10,E10,55,Sample,15.2299,1,NA,,,,,,
20260504,48dpf,26C,1,plate_1_26,E,11,E11,56,Sample,14.8898,1,NA,,,,,,
20260504,48dpf,26C,1,plate_1_26,E,12,E12,57,Sample,12.9092,1,NA,,,,,,
20260504,48dpf,26C,1,plate_1_26,F,1,F1,1,Sample,11.2579,1,NA,,,,,,
20260504,48dpf,26C,1,plate_1_26,F,2,F2,3,Sample,14.0339,1,NA,,,,,,
20260504,48dpf,26C,1,plate_1_26,F,3,F3,4,Sample,8.6025,1,NA,,,,,,
20260504,48dpf,26C,1,plate_1_26,F,4,F4,5,Sample,14.7142,1,NA,,,,,,
20260504,48dpf,26C,1,plate_1_26,F,5,F5,6,Sample,10.424,1,NA,,,,,,
20260504,48dpf,26C,1,plate_1_26,F,6,F6,8,Sample,10.8025,1,NA,,,,,,
20260504,48dpf,26C,1,plate_1_26,F,7,F7,52,Sample,5.0693,1,NA,,,,,,
20260504,48dpf,26C,1,plate_1_26,F,8,F8,53,Sample,5.9636,1,NA,,,,,,
20260504,48dpf,26C,1,plate_1_26,F,9,F9,54,Sample,8.3446,1,NA,,,,,,
20260504,48dpf,26C,1,plate_1_26,F,10,F10,55,Sample,13.1561,1,NA,,,,,,
20260504,48dpf,26C,1,plate_1_26,F,11,F11,56,Sample,7.198,1,NA,,,,,,
20260504,48dpf,26C,1,plate_1_26,F,12,F12,57,Sample,12.004,1,NA,,,,,,
20260504,48dpf,26C,1,plate_1_26,G,1,G1,1,Sample,11.3511,1,NA,,,,,,
20260504,48dpf,26C,1,plate_1_26,G,2,G2,3,Sample,14.4673,1,NA,,,,,,
20260504,48dpf,26C,1,plate_1_26,G,3,G3,4,Sample,9.409,1,NA,,,,,,
20260504,48dpf,26C,1,plate_1_26,G,4,G4,5,Sample,10.9726,1,NA,,,,,,
20260504,48dpf,26C,1,plate_1_26,G,5,G5,6,Sample,14.9885,1,NA,,,,,,
20260504,48dpf,26C,1,plate_1_26,G,6,G6,8,Sample,16.991,1,NA,,,,,,
20260504,48dpf,26C,1,plate_1_26,G,7,G7,52,Sample,13.008,1,NA,,,,,,
20260504,48dpf,26C,1,plate_1_26,G,8,G8,53,Sample,9.1566,1,NA,,,,,,
20260504,48dpf,26C,1,plate_1_26,G,9,G9,54,Sample,12.4374,1,NA,,,,,,
20260504,48dpf,26C,1,plate_1_26,G,10,G10,55,Sample,12.015,1,NA,,,,,,
20260504,48dpf,26C,1,plate_1_26,G,11,G11,56,Sample,8.3831,1,NA,,,,,,
20260504,48dpf,26C,1,plate_1_26,G,12,G12,57,Sample,13.3866,1,NA,,,,,,
20260504,48dpf,26C,1,plate_1_26,H,1,H1,NA,Blank,NA,NA,NA,,,,,,
20260504,48dpf,26C,1,plate_1_26,H,2,H2,NA,Blank,16.2065,1,NA,empty shell,,,,,
20260504,48dpf,26C,1,plate_1_26,H,3,H3,NA,Blank,NA,NA,NA,,,,,,
20260504,48dpf,26C,1,plate_1_26,H,4,H4,NA,Blank,15.5372,1,NA,empty shell,,,,,
20260504,48dpf,26C,1,plate_1_26,H,5,H5,NA,Blank,NA,NA,NA,,,,,,
20260504,48dpf,26C,1,plate_1_26,H,6,H6,NA,Blank,21.3033,1,NA,empty shell,,,,,
20260504,48dpf,26C,1,plate_1_26,H,7,H7,NA,Blank,NA,NA,NA,,,,,,
20260504,48dpf,26C,1,plate_1_26,H,8,H8,NA,Blank,24.2768,1,NA,empty shell,,,,,
20260504,48dpf,26C,1,plate_1_26,H,9,H9,NA,Blank,NA,NA,NA,,,,,,
20260504,48dpf,26C,1,plate_1_26,H,10,H10,NA,Blank,15.8225,1,NA,empty shell,,,,,
20260504,48dpf,26C,1,plate_1_26,H,11,H11,NA,Blank,NA,NA,NA,,,,,,
20260504,48dpf,26C,1,plate_1_26,H,12,H12,NA,Blank,16.6509,1,NA,empty shell,,,,,
20260504,48dpf,30C,2,plate_2_30,A,1,A1,1,Sample,12.9599,1,NA,,,,,,
20260504,48dpf,30C,2,plate_2_30,A,2,A2,3,Sample,12.3686,1,NA,,,,,,
20260504,48dpf,30C,2,plate_2_30,A,3,A3,4,Sample,11.9415,1,NA,,,,,,
20260504,48dpf,30C,2,plate_2_30,A,4,A4,5,Sample,11.0874,1,NA,,,,,,
20260504,48dpf,30C,2,plate_2_30,A,5,A5,6,Sample,12.73,1,NA,,,,,,
20260504,48dpf,30C,2,plate_2_30,A,6,A6,8,Sample,13.0749,1,NA,,,,,,
20260504,48dpf,30C,2,plate_2_30,A,7,A7,52,Sample,10.841,1,NA,,,,,,
20260504,48dpf,30C,2,plate_2_30,A,8,A8,53,Sample,13.2063,1,NA,,,,,,
20260504,48dpf,30C,2,plate_2_30,A,9,A9,54,Sample,13.4855,1,NA,,,,,,
20260504,48dpf,30C,2,plate_2_30,A,10,A10,55,Sample,21.8463,1,NA,,,,,,
20260504,48dpf,30C,2,plate_2_30,A,11,A11,56,Sample,8.7221,1,NA,,,,,,
20260504,48dpf,30C,2,plate_2_30,A,12,A12,57,Sample,9.7733,1,NA,,,,,,
20260504,48dpf,30C,2,plate_2_30,B,1,B1,1,Sample,10.7753,1,NA,,,,,,
20260504,48dpf,30C,2,plate_2_30,B,2,B2,3,Sample,20.6307,1,NA,,,,,,
20260504,48dpf,30C,2,plate_2_30,B,3,B3,4,Sample,15.0624,1,NA,,,,,,
20260504,48dpf,30C,2,plate_2_30,B,4,B4,5,Sample,13.7648,1,NA,,,,,,
20260504,48dpf,30C,2,plate_2_30,B,5,B5,6,Sample,17.8055,1,NA,,,,,,
20260504,48dpf,30C,2,plate_2_30,B,6,B6,8,Sample,10.2989,1,NA,,,,,,
20260504,48dpf,30C,2,plate_2_30,B,7,B7,52,Sample,14.159,1,NA,,,,,,
20260504,48dpf,30C,2,plate_2_30,B,8,B8,53,Sample,13.9126,1,NA,,,,,,
20260504,48dpf,30C,2,plate_2_30,B,9,B9,54,Sample,12.9763,1,NA,,,,,,
20260504,48dpf,30C,2,plate_2_30,B,10,B10,55,Sample,17.1321,1,NA,,,,,,
20260504,48dpf,30C,2,plate_2_30,B,11,B11,56,Sample,6.1761,1,NA,,,,,,
20260504,48dpf,30C,2,plate_2_30,B,12,B12,57,Sample,6.0118,1,NA,,,,,,
20260504,48dpf,30C,2,plate_2_30,C,1,C1,1,Sample,10.7753,1,NA,,,,,,
20260504,48dpf,30C,2,plate_2_30,C,2,C2,3,Sample,14.931,1,NA,,,,,,
20260504,48dpf,30C,2,plate_2_30,C,3,C3,4,Sample,14.892,1,NA,,,,,,
20260504,48dpf,30C,2,plate_2_30,C,4,C4,5,Sample,10.1183,1,NA,,,,,,
20260504,48dpf,30C,2,plate_2_30,C,5,C5,6,Sample,18.3804,1,NA,,,,,,
20260504,48dpf,30C,2,plate_2_30,C,6,C6,8,Sample,14.6682,1,NA,,,,,,
20260504,48dpf,30C,2,plate_2_30,C,7,C7,52,Sample,14.3397,1,NA,,,,,,
20260504,48dpf,30C,2,plate_2_30,C,8,C8,53,Sample,2.4474,1,NA,,,,,,
20260504,48dpf,30C,2,plate_2_30,C,9,C9,54,Sample,14.6518,1,NA,,,,,,
20260504,48dpf,30C,2,plate_2_30,C,10,C10,55,Sample,11.3502,1,NA,,,,,,
20260504,48dpf,30C,2,plate_2_30,C,11,C11,56,Sample,17.5427,1,NA,,,,,,
20260504,48dpf,30C,2,plate_2_30,C,12,C12,57,Sample,14.4875,1,NA,,,,,,
20260504,48dpf,30C,2,plate_2_30,D,1,D1,1,Sample,10.2989,1,NA,,,,,,
20260504,48dpf,30C,2,plate_2_30,D,2,D2,3,Sample,16.7707,1,NA,,,,,,
20260504,48dpf,30C,2,plate_2_30,D,3,D3,4,Sample,17.5756,1,NA,,,,,,
20260504,48dpf,30C,2,plate_2_30,D,4,D4,5,Sample,14.4711,1,NA,,,,,,
20260504,48dpf,30C,2,plate_2_30,D,5,D5,6,Sample,19.2838,1,NA,,,,,,
20260504,48dpf,30C,2,plate_2_30,D,6,D6,8,Sample,18.6432,1,NA,,,,,,
20260504,48dpf,30C,2,plate_2_30,D,7,D7,52,Sample,7.6216,1,NA,,,,,,
20260504,48dpf,30C,2,plate_2_30,D,8,D8,53,Sample,9.8555,1,NA,,,,,,
20260504,48dpf,30C,2,plate_2_30,D,9,D9,54,Sample,15.588,1,NA,,,,,,
20260504,48dpf,30C,2,plate_2_30,D,10,D10,55,Sample,11.1531,1,NA,,,,,,
20260504,48dpf,30C,2,plate_2_30,D,11,D11,56,Sample,10.7753,1,NA,,,,,,
20260504,48dpf,30C,2,plate_2_30,D,12,D12,57,Sample,10.3647,1,NA,,,,,,
20260504,48dpf,30C,2,plate_2_30,E,1,E1,1,Sample,10.7096,1,NA,,,,,,
20260504,48dpf,30C,2,plate_2_30,E,2,E2,3,Sample,22.8647,1,NA,,,,,,
20260504,48dpf,30C,2,plate_2_30,E,3,E3,4,Sample,14.8817,1,NA,,,,,,
20260504,48dpf,30C,2,plate_2_30,E,4,E4,5,Sample,11.9744,1,NA,,,,,,
20260504,48dpf,30C,2,plate_2_30,E,5,E5,6,Sample,11.3502,1,NA,,,,,,
20260504,48dpf,30C,2,plate_2_30,E,6,E6,8,Sample,11.4652,1,NA,,,,,,
20260504,48dpf,30C,2,plate_2_30,E,7,E7,52,Sample,11.5473,1,NA,,,,,,
20260504,48dpf,30C,2,plate_2_30,E,8,E8,53,Sample,18.0191,1,NA,,,,,,
20260504,48dpf,30C,2,plate_2_30,E,9,E9,54,Sample,9.3463,1,NA,,,,,,
20260504,48dpf,30C,2,plate_2_30,E,10,E10,55,Sample,17.6905,1,NA,,,,,,
20260504,48dpf,30C,2,plate_2_30,E,11,E11,56,Sample,19.364,1,NA,,,,,,
20260504,48dpf,30C,2,plate_2_30,E,12,E12,57,Sample,13.0913,1,NA,,,,,,
20260504,48dpf,30C,2,plate_2_30,F,1,F1,1,Sample,11.3995,1,NA,,,,,,
20260504,48dpf,30C,2,plate_2_30,F,2,F2,3,Sample,17.8219,1,NA,,,,,,
20260504,48dpf,30C,2,plate_2_30,F,3,F3,4,Sample,14.3068,1,NA,,,,,,
20260504,48dpf,30C,2,plate_2_30,F,4,F4,5,Sample,15.9166,1,NA,,,,,,
20260504,48dpf,30C,2,plate_2_30,F,5,F5,6,Sample,16.7871,1,NA,,,,,,
20260504,48dpf,30C,2,plate_2_30,F,6,F6,8,Sample,8.5414,1,NA,,,,,,
20260504,48dpf,30C,2,plate_2_30,F,7,F7,52,Sample,14.5861,1,NA,,,,,,
20260504,48dpf,30C,2,plate_2_30,F,8,F8,53,Sample,10.7917,1,NA,,,,,,
20260504,48dpf,30C,2,plate_2_30,F,9,F9,54,Sample,14.4711,1,NA,,,,,,
20260504,48dpf,30C,2,plate_2_30,F,10,F10,55,Sample,7.9172,1,NA,,,,,,
20260504,48dpf,30C,2,plate_2_30,F,11,F11,56,Sample,11.0217,1,NA,,,,,,
20260504,48dpf,30C,2,plate_2_30,F,12,F12,57,Sample,11.7116,1,NA,,,,,,
20260504,48dpf,30C,2,plate_2_30,G,1,G1,1,Sample,19.4317,1,NA,,,,,,
20260504,48dpf,30C,2,plate_2_30,G,2,G2,3,Sample,19.6452,1,NA,,,,,,
20260504,48dpf,30C,2,plate_2_30,G,3,G3,4,Sample,17.1321,1,NA,,,,,,
20260504,48dpf,30C,2,plate_2_30,G,4,G4,5,Sample,11.6787,1,NA,,,,,,
20260504,48dpf,30C,2,plate_2_30,G,5,G5,6,Sample,15.0953,1,NA,,,,,,
20260504,48dpf,30C,2,plate_2_30,G,6,G6,8,Sample,16.2779,1,NA,,,,,,
20260504,48dpf,30C,2,plate_2_30,G,7,G7,52,Sample,8.3607,1,NA,,,,,,
20260504,48dpf,30C,2,plate_2_30,G,8,G8,53,Sample,9.3791,1,NA,,,,,,
20260504,48dpf,30C,2,plate_2_30,G,9,G9,54,Sample,18.5283,1,NA,,,,,,
20260504,48dpf,30C,2,plate_2_30,G,10,G10,55,Sample,16.9514,1,NA,,,,,,
20260504,48dpf,30C,2,plate_2_30,G,11,G11,56,Sample,12.0072,1,NA,,,,,,
20260504,48dpf,30C,2,plate_2_30,G,12,G12,57,Sample,16.4586,1,NA,,,,,,
20260504,48dpf,30C,2,plate_2_30,H,1,H1,NA,Blank,NA,NA,NA,,,,,,
20260504,48dpf,30C,2,plate_2_30,H,2,H2,NA,Blank,14.7175,1,NA,empty shell,,,,,
20260504,48dpf,30C,2,plate_2_30,H,3,H3,NA,Blank,NA,NA,NA,,,,,,
20260504,48dpf,30C,2,plate_2_30,H,4,H4,NA,Blank,19.4317,1,NA,empty shell,,,,,
20260504,48dpf,30C,2,plate_2_30,H,5,H5,NA,Blank,NA,NA,NA,,,,,,
20260504,48dpf,30C,2,plate_2_30,H,6,H6,NA,Blank,19.6616,1,NA,empty shell,,,,,
20260504,48dpf,30C,2,plate_2_30,H,7,H7,NA,Blank,NA,NA,NA,,,,,,
20260504,48dpf,30C,2,plate_2_30,H,8,H8,NA,Blank,23.8995,1,NA,empty shell,,,,,
20260504,48dpf,30C,2,plate_2_30,H,9,H9,NA,Blank,NA,NA,NA,,,,,,
20260504,48dpf,30C,2,plate_2_30,H,10,H10,NA,Blank,10.2858,1,NA,empty shell,,,,,
20260504,48dpf,30C,2,plate_2_30,H,11,H11,NA,Blank,NA,NA,NA,,,,,,
20260504,48dpf,30C,2,plate_2_30,H,12,H12,NA,Blank,15.8344,1,NA,empty shell,,,,,
20260504,48dpf,34C,3,plate_3_34,A,1,A1,1,Sample,12.5209,1,NA,,,,,,
20260504,48dpf,34C,3,plate_3_34,A,2,A2,3,Sample,12.1401,1,NA,,,,,,
20260504,48dpf,34C,3,plate_3_34,A,3,A3,4,Sample,11.211,1,NA,,,,,,
20260504,48dpf,34C,3,plate_3_34,A,4,A4,5,Sample,10.8911,1,NA,,,,,,
20260504,48dpf,34C,3,plate_3_34,A,5,A5,6,Sample,12.1706,1,NA,,,,,,
20260504,48dpf,34C,3,plate_3_34,A,6,A6,8,Sample,12.6276,1,NA,,,,,,
20260504,48dpf,34C,3,plate_3_34,A,7,A7,52,Sample,10.3884,1,NA,,,,,,
20260504,48dpf,34C,3,plate_3_34,A,8,A8,53,Sample,11.5613,1,NA,,,,,,
20260504,48dpf,34C,3,plate_3_34,A,9,A9,54,Sample,12.9018,1,NA,,,,,,
20260504,48dpf,34C,3,plate_3_34,A,10,A10,55,Sample,21.0053,1,NA,,,,,,
20260504,48dpf,34C,3,plate_3_34,A,11,A11,56,Sample,8.2407,1,NA,,,,,,
20260504,48dpf,34C,3,plate_3_34,A,12,A12,57,Sample,9.2003,1,NA,,,,,,
20260504,48dpf,34C,3,plate_3_34,B,1,B1,1,Sample,10.5864,1,NA,,,,,,
20260504,48dpf,34C,3,plate_3_34,B,2,B2,3,Sample,20.3199,1,NA,,,,,,
20260504,48dpf,34C,3,plate_3_34,B,3,B3,4,Sample,14.7753,1,NA,,,,,,
20260504,48dpf,34C,3,plate_3_34,B,4,B4,5,Sample,13.2978,1,NA,,,,,,
20260504,48dpf,34C,3,plate_3_34,B,5,B5,6,Sample,16.6184,1,NA,,,,,,
20260504,48dpf,34C,3,plate_3_34,B,6,B6,8,Sample,10.099,1,NA,,,,,,
20260504,48dpf,34C,3,plate_3_34,B,7,B7,52,Sample,13.5567,1,NA,,,,,,
20260504,48dpf,34C,3,plate_3_34,B,8,B8,53,Sample,13.313,1,NA,,,,,,
20260504,48dpf,34C,3,plate_3_34,B,9,B9,54,Sample,12.6885,1,NA,,,,,,
20260504,48dpf,34C,3,plate_3_34,B,10,B10,55,Sample,16.3899,1,NA,,,,,,
20260504,48dpf,34C,3,plate_3_34,B,11,B11,56,Sample,6.032,1,NA,,,,,,
20260504,48dpf,34C,3,plate_3_34,B,12,B12,57,Sample,5.6359,1,NA,,,,,,
20260504,48dpf,34C,3,plate_3_34,C,1,C1,1,Sample,10.3123,1,NA,,,,,,
20260504,48dpf,34C,3,plate_3_34,C,2,C2,3,Sample,14.5773,1,NA,,,,,,
20260504,48dpf,34C,3,plate_3_34,C,3,C3,4,Sample,14.4859,1,NA,,,,,,
20260504,48dpf,34C,3,plate_3_34,C,4,C4,5,Sample,9.7182,1,NA,,,,,,
20260504,48dpf,34C,3,plate_3_34,C,5,C5,6,Sample,17.6238,1,NA,,,,,,
20260504,48dpf,34C,3,plate_3_34,C,6,C6,8,Sample,14.1356,1,NA,,,,,,
20260504,48dpf,34C,3,plate_3_34,C,7,C7,52,Sample,13.7395,1,NA,,,,,,
20260504,48dpf,34C,3,plate_3_34,C,8,C8,53,Sample,2.2239,1,NA,,,,,,
20260504,48dpf,34C,3,plate_3_34,C,9,C9,54,Sample,14.1203,1,NA,,,,,,
20260504,48dpf,34C,3,plate_3_34,C,10,C10,55,Sample,10.952,1,NA,,,,,,
20260504,48dpf,34C,3,plate_3_34,C,11,C11,56,Sample,16.786,1,NA,,,,,,
20260504,48dpf,34C,3,plate_3_34,C,12,C12,57,Sample,13.9832,1,NA,,,,,,
20260504,48dpf,34C,3,plate_3_34,D,1,D1,1,Sample,10.0228,1,NA,,,,,,
20260504,48dpf,34C,3,plate_3_34,D,2,D2,3,Sample,16.2224,1,NA,,,,,,
20260504,48dpf,34C,3,plate_3_34,D,3,D3,4,Sample,17.1973,1,NA,,,,,,
20260504,48dpf,34C,3,plate_3_34,D,4,D4,5,Sample,132.9071,1,NA,,,,,,
20260504,48dpf,34C,3,plate_3_34,D,5,D5,6,Sample,18.2331,1,NA,,,,,,
20260504,48dpf,34C,3,plate_3_34,D,6,D6,8,Sample,17.6999,1,NA,,,,,,
20260504,48dpf,34C,3,plate_3_34,D,7,D7,52,Sample,7.4181,1,NA,,,,,,
20260504,48dpf,34C,3,plate_3_34,D,8,D8,53,Sample,9.5659,1,NA,,,,,,
20260504,48dpf,34C,3,plate_3_34,D,9,D9,54,Sample,15.3846,1,NA,,,,,,
20260504,48dpf,34C,3,plate_3_34,D,10,D10,55,Sample,10.8606,1,NA,,,,,,
20260504,48dpf,34C,3,plate_3_34,D,11,D11,56,Sample,10.495,1,NA,,,,,,
20260504,48dpf,34C,3,plate_3_34,D,12,D12,57,Sample,9.8401,1,NA,,,,,,
20260504,48dpf,34C,3,plate_3_34,E,1,E1,1,Sample,10.3884,1,NA,,,,,,
20260504,48dpf,34C,3,plate_3_34,E,2,E2,3,Sample,22.4981,1,NA,,,,,,
20260504,48dpf,34C,3,plate_3_34,E,3,E3,4,Sample,14.3945,1,NA,,,,,,
20260504,48dpf,34C,3,plate_3_34,E,4,E4,5,Sample,11.3176,1,NA,,,,,,
20260504,48dpf,34C,3,plate_3_34,E,5,E5,6,Sample,10.9063,1,NA,,,,,,
20260504,48dpf,34C,3,plate_3_34,E,6,E6,8,Sample,10.8606,1,NA,,,,,,
20260504,48dpf,34C,3,plate_3_34,E,7,E7,52,Sample,10.8911,1,NA,,,,,,
20260504,48dpf,34C,3,plate_3_34,E,8,E8,53,Sample,17.1211,1,NA,,,,,,
20260504,48dpf,34C,3,plate_3_34,E,9,E9,54,Sample,8.9718,1,NA,,,,,,
20260504,48dpf,34C,3,plate_3_34,E,10,E10,55,Sample,16.7403,1,NA,,,,,,
20260504,48dpf,34C,3,plate_3_34,E,11,E11,56,Sample,17.3496,1,NA,,,,,,
20260504,48dpf,34C,3,plate_3_34,E,12,E12,57,Sample,12.6885,1,NA,,,,,,
20260504,48dpf,34C,3,plate_3_34,F,1,F1,1,Sample,11.0739,1,NA,,,,,,
20260504,48dpf,34C,3,plate_3_34,F,2,F2,3,Sample,17.4867,1,NA,,,,,,
20260504,48dpf,34C,3,plate_3_34,F,3,F3,4,Sample,13.8614,1,NA,,,,,,
20260504,48dpf,34C,3,plate_3_34,F,4,F4,5,Sample,15.476,1,NA,,,,,,
20260504,48dpf,34C,3,plate_3_34,F,5,F5,6,Sample,15.476,1,NA,,,,,,
20260504,48dpf,34C,3,plate_3_34,F,6,F6,8,Sample,8.1645,1,NA,,,,,,
20260504,48dpf,34C,3,plate_3_34,F,7,F7,52,Sample,12.1051,1,NA,,,,,,
20260504,48dpf,34C,3,plate_3_34,F,8,F8,53,Sample,10.3427,1,NA,,,,,,
20260504,48dpf,34C,3,plate_3_34,F,9,F9,54,Sample,13.9832,1,NA,,,,,,
20260504,48dpf,34C,3,plate_3_34,F,10,F10,55,Sample,7.6618,1,NA,,,,,,
20260504,48dpf,34C,3,plate_3_34,F,11,F11,56,Sample,10.5407,1,NA,,,,,,
20260504,48dpf,34C,3,plate_3_34,F,12,F12,57,Sample,10.7692,1,NA,,,,,,
20260504,48dpf,34C,3,plate_3_34,G,1,G1,1,Sample,18.888,1,NA,,,,,,
20260504,48dpf,34C,3,plate_3_34,G,2,G2,3,Sample,18.751,1,NA,,,,,,
20260504,48dpf,34C,3,plate_3_34,G,3,G3,4,Sample,16.7708,1,NA,,,,,,
20260504,48dpf,34C,3,plate_3_34,G,4,G4,5,Sample,11.4851,1,NA,,,,,,
20260504,48dpf,34C,3,plate_3_34,G,5,G5,6,Sample,14.6382,1,NA,,,,,,
20260504,48dpf,34C,3,plate_3_34,G,6,G6,8,Sample,15.6893,1,NA,,,,,,
20260504,48dpf,34C,3,plate_3_34,G,7,G7,52,Sample,7.9817,1,NA,,,,,,
20260504,48dpf,34C,3,plate_3_34,G,8,G8,53,Sample,8.7586,1,NA,,,,,,
20260504,48dpf,34C,3,plate_3_34,G,9,G9,54,Sample,18.1112,1,NA,,,,,,
20260504,48dpf,34C,3,plate_3_34,G,10,G10,55,Sample,16.6337,1,NA,,,,,,
20260504,48dpf,34C,3,plate_3_34,G,11,G11,56,Sample,11.4699,1,NA,,,,,,
20260504,48dpf,34C,3,plate_3_34,G,12,G12,57,Sample,15.7654,1,NA,,,,,,
20260504,48dpf,34C,3,plate_3_34,H,1,H1,NA,Blank,NA,NA,NA,,,,,,
20260504,48dpf,34C,3,plate_3_34,H,2,H2,NA,Blank,13.6786,1,NA,empty shell,,,,,
20260504,48dpf,34C,3,plate_3_34,H,3,H3,NA,Blank,NA,NA,NA,,,,,,
20260504,48dpf,34C,3,plate_3_34,H,4,H4,NA,Blank,18.2026,1,NA,empty shell,,,,,
20260504,48dpf,34C,3,plate_3_34,H,5,H5,NA,Blank,NA,NA,NA,,,,,,
20260504,48dpf,34C,3,plate_3_34,H,6,H6,NA,Blank,19.147,1,NA,empty shell,,,,,
20260504,48dpf,34C,3,plate_3_34,H,7,H7,NA,Blank,NA,NA,NA,,,,,,
20260504,48dpf,34C,3,plate_3_34,H,8,H8,NA,Blank,23.3359,1,NA,empty shell,,,,,
20260504,48dpf,34C,3,plate_3_34,H,9,H9,NA,Blank,NA,NA,NA,,,,,,
20260504,48dpf,34C,3,plate_3_34,H,10,H10,NA,Blank,19.6649,1,NA,empty shell,,,,,
20260504,48dpf,34C,3,plate_3_34,H,11,H11,NA,Blank,NA,NA,NA,,,,,,
20260504,48dpf,34C,3,plate_3_34,H,12,H12,NA,Blank,NA,NA,NA,empty shell,,,,,
20260504,48dpf,38C,4,plate_4_38,A,1,A1,1,Sample,15.1257,1,NA,,,,,,
20260504,48dpf,38C,4,plate_4_38,A,2,A2,3,Sample,15.3981,1,NA,,,,,,
20260504,48dpf,38C,4,plate_4_38,A,3,A3,4,Sample,17.4395,1,NA,,,,,,
20260504,48dpf,38C,4,plate_4_38,A,4,A4,5,Sample,12.8566,1,NA,,,,,,
20260504,48dpf,38C,4,plate_4_38,A,5,A5,6,Sample,9.4903,1,NA,,,,,,
20260504,48dpf,38C,4,plate_4_38,A,6,A6,8,Sample,14.614,1,NA,,,,,,
20260504,48dpf,38C,4,plate_4_38,A,7,A7,52,Sample,9.4633,1,NA,,,,,,
20260504,48dpf,38C,4,plate_4_38,A,8,A8,53,Sample,13.1675,1,NA,,,,,,
20260504,48dpf,38C,4,plate_4_38,A,9,A9,54,Sample,12.3699,1,NA,,,,,,
20260504,48dpf,38C,4,plate_4_38,A,10,A10,55,Sample,9.585,1,NA,,,,,,
20260504,48dpf,38C,4,plate_4_38,A,11,A11,56,Sample,9.0712,1,NA,,,,,,
20260504,48dpf,38C,4,plate_4_38,A,12,A12,57,Sample,6.1241,1,NA,,,,,,
20260504,48dpf,38C,4,plate_4_38,B,1,B1,1,Sample,12.9918,1,NA,,,,,,
20260504,48dpf,38C,4,plate_4_38,B,2,B2,3,Sample,13.8705,1,NA,,,,,,
20260504,48dpf,38C,4,plate_4_38,B,3,B3,4,Sample,13.7623,1,NA,,,,,,
20260504,48dpf,38C,4,plate_4_38,B,4,B4,5,Sample,8.9225,1,NA,,,,,,
20260504,48dpf,38C,4,plate_4_38,B,5,B5,6,Sample,12.3564,1,NA,,,,,,
20260504,48dpf,38C,4,plate_4_38,B,6,B6,8,Sample,12.7214,1,NA,,,,,,
20260504,48dpf,38C,4,plate_4_38,B,7,B7,52,Sample,13.519,1,NA,,,,,,
20260504,48dpf,38C,4,plate_4_38,B,8,B8,53,Sample,12.4916,1,NA,,,,,,
20260504,48dpf,38C,4,plate_4_38,B,9,B9,54,Sample,7.9762,1,NA,,,,,,
20260504,48dpf,38C,4,plate_4_38,B,10,B10,55,Sample,16.3985,1,NA,,,,,,
20260504,48dpf,38C,4,plate_4_38,B,11,B11,56,Sample,17.6964,1,NA,,,,,,
20260504,48dpf,38C,4,plate_4_38,B,12,B12,57,Sample,11.8832,1,NA,,,,,,
20260504,48dpf,38C,4,plate_4_38,C,1,C1,1,Sample,18.5481,1,NA,,,,,,
20260504,48dpf,38C,4,plate_4_38,C,2,C2,3,Sample,16.047,1,NA,,,,,,
20260504,48dpf,38C,4,plate_4_38,C,3,C3,4,Sample,6.381,1,NA,,,,,,
20260504,48dpf,38C,4,plate_4_38,C,4,C4,5,Sample,15.0196,1,NA,,,,,,
20260504,48dpf,38C,4,plate_4_38,C,5,C5,6,Sample,17.1826,1,NA,,,,,,
20260504,48dpf,38C,4,plate_4_38,C,6,C6,8,Sample,20.0892,1,NA,,,,,,
20260504,48dpf,38C,4,plate_4_38,C,7,C7,52,Sample,12.0049,1,NA,,,,,,
20260504,48dpf,38C,4,plate_4_38,C,8,C8,53,Sample,8.5034,1,NA,,,,,,
20260504,48dpf,38C,4,plate_4_38,C,9,C9,54,Sample,6.5297,1,NA,,,,,,
20260504,48dpf,38C,4,plate_4_38,C,10,C10,55,Sample,15.0466,1,NA,,,,,,
20260504,48dpf,38C,4,plate_4_38,C,11,C11,56,Sample,14.6951,1,NA,,,,,,
20260504,48dpf,38C,4,plate_4_38,C,12,C12,57,Sample,6.1647,1,NA,,,,,,
20260504,48dpf,38C,4,plate_4_38,D,1,D1,1,Sample,16.1417,1,NA,,,,,,
20260504,48dpf,38C,4,plate_4_38,D,2,D2,3,Sample,18.0208,1,NA,,,,,,
20260504,48dpf,38C,4,plate_4_38,D,3,D3,4,Sample,12.8701,1,NA,,,,,,
20260504,48dpf,38C,4,plate_4_38,D,4,D4,5,Sample,10.4637,1,NA,,,,,,
20260504,48dpf,38C,4,plate_4_38,D,5,D5,6,Sample,14.5194,1,NA,,,,,,
20260504,48dpf,38C,4,plate_4_38,D,6,D6,8,Sample,11.9102,1,NA,,,,,,
20260504,48dpf,38C,4,plate_4_38,D,7,D7,52,Sample,14.3977,1,NA,,,,,,
20260504,48dpf,38C,4,plate_4_38,D,8,D8,53,Sample,11.8562,1,NA,,,,,,
20260504,48dpf,38C,4,plate_4_38,D,9,D9,54,Sample,10.1933,1,NA,,,,,,
20260504,48dpf,38C,4,plate_4_38,D,10,D10,55,Sample,16.7906,1,NA,,,,,,
20260504,48dpf,38C,4,plate_4_38,D,11,D11,56,Sample,8.5034,1,NA,,,,,,
20260504,48dpf,38C,4,plate_4_38,D,12,D12,57,Sample,14.0462,1,NA,,,,,,
20260504,48dpf,38C,4,plate_4_38,E,1,E1,1,Sample,16.1417,1,NA,,,,,,
20260504,48dpf,38C,4,plate_4_38,E,2,E2,3,Sample,19.8594,1,NA,,,,,,
20260504,48dpf,38C,4,plate_4_38,E,3,E3,4,Sample,11.018,1,NA,,,,,,
20260504,48dpf,38C,4,plate_4_38,E,4,E4,5,Sample,14.8709,1,NA,,,,,,
20260504,48dpf,38C,4,plate_4_38,E,5,E5,6,Sample,11.6128,1,NA,,,,,,
20260504,48dpf,38C,4,plate_4_38,E,6,E6,8,Sample,17.4395,1,NA,,,,,,
20260504,48dpf,38C,4,plate_4_38,E,7,E7,52,Sample,10.7206,1,NA,,,,,,
20260504,48dpf,38C,4,plate_4_38,E,8,E8,53,Sample,10.8558,1,NA,,,,,,
20260504,48dpf,38C,4,plate_4_38,E,9,E9,54,Sample,9.8148,1,NA,,,,,,
20260504,48dpf,38C,4,plate_4_38,E,10,E10,55,Sample,18.832,1,NA,,,,,,
20260504,48dpf,38C,4,plate_4_38,E,11,E11,56,Sample,13.3838,1,NA,,,,,,
20260504,48dpf,38C,4,plate_4_38,E,12,E12,57,Sample,9.5444,1,NA,,,,,,
20260504,48dpf,38C,4,plate_4_38,F,1,F1,1,Sample,12.6132,1,NA,,,,,,
20260504,48dpf,38C,4,plate_4_38,F,2,F2,3,Sample,10.6124,1,NA,,,,,,
20260504,48dpf,38C,4,plate_4_38,F,3,F3,4,Sample,11.1261,1,NA,,,,,,
20260504,48dpf,38C,4,plate_4_38,F,4,F4,5,Sample,18.832,1,NA,,,,,,
20260504,48dpf,38C,4,plate_4_38,F,5,F5,6,Sample,8.4088,1,NA,,,,,,
20260504,48dpf,38C,4,plate_4_38,F,6,F6,8,Sample,13.0458,1,NA,,,,,,
20260504,48dpf,38C,4,plate_4_38,F,7,F7,52,Sample,12.6132,1,NA,,,,,,
20260504,48dpf,38C,4,plate_4_38,F,8,F8,53,Sample,10.9639,1,NA,,,,,,
20260504,48dpf,38C,4,plate_4_38,F,9,F9,54,Sample,12.0454,1,NA,,,,,,
20260504,48dpf,38C,4,plate_4_38,F,10,F10,55,Sample,8.3007,1,NA,,,,,,
20260504,48dpf,38C,4,plate_4_38,F,11,F11,56,Sample,13.3297,1,NA,,,,,,
20260504,48dpf,38C,4,plate_4_38,F,12,F12,57,Sample,15.1548,1,NA,,,,,,
20260504,48dpf,38C,4,plate_4_38,G,1,G1,1,Sample,12.5727,1,NA,,,,,,
20260504,48dpf,38C,4,plate_4_38,G,2,G2,3,Sample,13.6001,1,NA,,,,,,
20260504,48dpf,38C,4,plate_4_38,G,3,G3,4,Sample,13.2621,1,NA,,,,,,
20260504,48dpf,38C,4,plate_4_38,G,4,G4,5,Sample,11.9238,1,NA,,,,,,
20260504,48dpf,38C,4,plate_4_38,G,5,G5,6,Sample,9.4227,1,NA,,,,,,
20260504,48dpf,38C,4,plate_4_38,G,6,G6,8,Sample,12.789,1,NA,,,,,,
20260504,48dpf,38C,4,plate_4_38,G,7,G7,52,Sample,10.6935,1,NA,,,,,,
20260504,48dpf,38C,4,plate_4_38,G,8,G8,53,Sample,13.492,1,NA,,,,,,
20260504,48dpf,38C,4,plate_4_38,G,9,G9,54,Sample,14.4383,1,NA,,,,,,
20260504,48dpf,38C,4,plate_4_38,G,10,G10,55,Sample,10.4772,1,NA,,,,,,
20260504,48dpf,38C,4,plate_4_38,G,11,G11,56,Sample,8.0438,1,NA,,,,,,
20260504,48dpf,38C,4,plate_4_38,G,12,G12,57,Sample,10.8422,1,NA,,,,,,
20260504,48dpf,38C,4,plate_4_38,H,1,H1,NA,Blank,NA,NA,NA,,,,,,
20260504,48dpf,38C,4,plate_4_38,H,2,H2,NA,Blank,20.4948,1,NA,empty shell,,,,,
20260504,48dpf,38C,4,plate_4_38,H,3,H3,NA,Blank,NA,NA,NA,,,,,,
20260504,48dpf,38C,4,plate_4_38,H,4,H4,NA,Blank,22.1847,1,NA,empty shell,,,,,
20260504,48dpf,38C,4,plate_4_38,H,5,H5,NA,Blank,NA,NA,NA,,,,,,
20260504,48dpf,38C,4,plate_4_38,H,6,H6,NA,Blank,20.2109,1,NA,empty shell,,,,,
20260504,48dpf,38C,4,plate_4_38,H,7,H7,NA,Blank,NA,NA,NA,,,,,,
20260504,48dpf,38C,4,plate_4_38,H,8,H8,NA,Blank,19.4403,1,NA,empty shell,,,,,
20260504,48dpf,38C,4,plate_4_38,H,9,H9,NA,Blank,NA,NA,NA,,,,,,
20260504,48dpf,38C,4,plate_4_38,H,10,H10,NA,Blank,14.9385,1,NA,empty shell,,,,,
20260504,48dpf,38C,4,plate_4_38,H,11,H11,NA,Blank,NA,NA,NA,,,,,,
20260504,48dpf,38C,4,plate_4_38,H,12,H12,NA,Blank,15.6144,1,NA,empty shell,,,,,
20260622,97dpf,20C,1,plate_1_20,A,1,A1,2,Sample,NA,1,0.00627,,,,,,
20260622,97dpf,20C,1,plate_1_20,A,2,A2,5,Sample,NA,1,0.0165,,,,,,
20260622,97dpf,20C,1,plate_1_20,A,3,A3,7,Sample,NA,1,0.00685,,,,,,
20260622,97dpf,20C,1,plate_1_20,A,4,A4,15,Sample,NA,1,-0.00907,,,,,,
20260622,97dpf,20C,1,plate_1_20,A,5,A5,17,Sample,NA,1,NA,,,,,,
20260622,97dpf,20C,1,plate_1_20,A,6,A6,18,Sample,NA,1,0.00734,,,,,,
20260622,97dpf,20C,1,plate_1_20,A,7,A7,49,Sample,NA,1,0.00382,,,,,,
20260622,97dpf,20C,1,plate_1_20,A,8,A8,53,Sample,NA,1,0.00545,,,,,,
20260622,97dpf,20C,1,plate_1_20,A,9,A9,54,Sample,NA,1,0.00573,,,,,,
20260622,97dpf,20C,1,plate_1_20,A,10,A10,55,Sample,NA,1,0.00312,,,,,,
20260622,97dpf,20C,1,plate_1_20,A,11,A11,56,Sample,NA,1,0.00395,,,,,,
20260622,97dpf,20C,1,plate_1_20,A,12,A12,58,Sample,NA,1,-0.00316,,,,,,
20260622,97dpf,20C,1,plate_1_20,B,1,B1,2,Sample,NA,1,0.00978,,,,,,
20260622,97dpf,20C,1,plate_1_20,B,2,B2,5,Sample,NA,1,-0.00996,,,,,,
20260622,97dpf,20C,1,plate_1_20,B,3,B3,7,Sample,NA,1,0.00955,,,,,,
20260622,97dpf,20C,1,plate_1_20,B,4,B4,15,Sample,NA,1,0.00574,,,,,,
20260622,97dpf,20C,1,plate_1_20,B,5,B5,17,Sample,NA,1,0.00323,,,,,,
20260622,97dpf,20C,1,plate_1_20,B,6,B6,18,Sample,NA,1,0.00469,,,,,,
20260622,97dpf,20C,1,plate_1_20,B,7,B7,49,Sample,NA,1,0.00028,,,,,,
20260622,97dpf,20C,1,plate_1_20,B,8,B8,53,Sample,NA,1,0.0231,,,,,,
20260622,97dpf,20C,1,plate_1_20,B,9,B9,54,Sample,NA,1,0.00513,,,,,,
20260622,97dpf,20C,1,plate_1_20,B,10,B10,55,Sample,NA,1,0.00403,,,,,,
20260622,97dpf,20C,1,plate_1_20,B,11,B11,56,Sample,NA,1,0.00507,,,,,,
20260622,97dpf,20C,1,plate_1_20,B,12,B12,58,Sample,NA,1,0.00279,,,,,,
20260622,97dpf,20C,1,plate_1_20,C,1,C1,2,Sample,NA,1,0.0042,,,,,,
20260622,97dpf,20C,1,plate_1_20,C,2,C2,5,Sample,NA,1,0.00596,,,,,,
20260622,97dpf,20C,1,plate_1_20,C,3,C3,7,Sample,NA,1,0.00415,,,,,,
20260622,97dpf,20C,1,plate_1_20,C,4,C4,15,Sample,NA,1,0.00475,,,,,,
20260622,97dpf,20C,1,plate_1_20,C,5,C5,17,Sample,NA,1,0.00402,,,,,,
20260622,97dpf,20C,1,plate_1_20,C,6,C6,18,Sample,NA,1,0.0062,,,,,,
20260622,97dpf,20C,1,plate_1_20,C,7,C7,49,Sample,NA,1,0.00391,,,,,,
20260622,97dpf,20C,1,plate_1_20,C,8,C8,53,Sample,NA,1,0.00342,,,,,,
20260622,97dpf,20C,1,plate_1_20,C,9,C9,54,Sample,NA,1,0.00671,,,,,,
20260622,97dpf,20C,1,plate_1_20,C,10,C10,55,Sample,NA,1,0.00636,,,,,,
20260622,97dpf,20C,1,plate_1_20,C,11,C11,56,Sample,NA,1,0.00293,,,,,,
20260622,97dpf,20C,1,plate_1_20,C,12,C12,58,Sample,NA,1,0.0039,,,,,,
20260622,97dpf,20C,1,plate_1_20,D,1,D1,2,Sample,NA,1,0.00526,,,,,,
20260622,97dpf,20C,1,plate_1_20,D,2,D2,5,Sample,NA,1,0.0054,,,,,,
20260622,97dpf,20C,1,plate_1_20,D,3,D3,7,Sample,NA,1,0.01084,,,,,,
20260622,97dpf,20C,1,plate_1_20,D,4,D4,15,Sample,NA,1,0.00427,,,,,,
20260622,97dpf,20C,1,plate_1_20,D,5,D5,17,Sample,NA,1,0.00505,,,,,,
20260622,97dpf,20C,1,plate_1_20,D,6,D6,18,Sample,NA,1,0.00598,,,,,,
20260622,97dpf,20C,1,plate_1_20,D,7,D7,49,Sample,NA,1,0.00469,,,,,,
20260622,97dpf,20C,1,plate_1_20,D,8,D8,53,Sample,NA,1,0.01238,,,,,,
20260622,97dpf,20C,1,plate_1_20,D,9,D9,54,Sample,NA,1,0.00504,,,,,,
20260622,97dpf,20C,1,plate_1_20,D,10,D10,55,Sample,NA,1,0.00339,,,,,,
20260622,97dpf,20C,1,plate_1_20,D,11,D11,56,Sample,NA,1,0.00506,,,,,,
20260622,97dpf,20C,1,plate_1_20,D,12,D12,58,Sample,NA,1,0.00327,,,,,,
20260622,97dpf,20C,1,plate_1_20,E,1,E1,2,Sample,NA,1,0.00507,,,,,,
20260622,97dpf,20C,1,plate_1_20,E,2,E2,5,Sample,NA,1,0.0046,,,,,,
20260622,97dpf,20C,1,plate_1_20,E,3,E3,7,Sample,NA,1,0.00441,,,,,,
20260622,97dpf,20C,1,plate_1_20,E,4,E4,15,Sample,NA,1,0.01533,,,,,,
20260622,97dpf,20C,1,plate_1_20,E,5,E5,17,Sample,NA,1,0.0042,,,,,,
20260622,97dpf,20C,1,plate_1_20,E,6,E6,18,Sample,NA,1,0.0046,,,,,,
20260622,97dpf,20C,1,plate_1_20,E,7,E7,49,Sample,NA,1,0.00377,,,,,,
20260622,97dpf,20C,1,plate_1_20,E,8,E8,53,Sample,NA,1,0.00344,,,,,,
20260622,97dpf,20C,1,plate_1_20,E,9,E9,54,Sample,NA,1,0.00472,,,,,,
20260622,97dpf,20C,1,plate_1_20,E,10,E10,55,Sample,NA,1,0.00564,,,,,,
20260622,97dpf,20C,1,plate_1_20,E,11,E11,56,Sample,NA,1,0.06413,,,,,,
20260622,97dpf,20C,1,plate_1_20,E,12,E12,58,Sample,NA,1,0.00318,,,,,,
20260622,97dpf,20C,1,plate_1_20,F,1,F1,2,Sample,NA,1,0.02495,,,,,,
20260622,97dpf,20C,1,plate_1_20,F,2,F2,5,Sample,NA,1,0.00521,,,,,,
20260622,97dpf,20C,1,plate_1_20,F,3,F3,7,Sample,NA,1,0.00667,,,,,,
20260622,97dpf,20C,1,plate_1_20,F,4,F4,15,Sample,NA,1,0.00242,,,,,,
20260622,97dpf,20C,1,plate_1_20,F,5,F5,17,Sample,NA,1,0.00453,,,,,,
20260622,97dpf,20C,1,plate_1_20,F,6,F6,18,Sample,NA,1,0.00389,,,,,,
20260622,97dpf,20C,1,plate_1_20,F,7,F7,49,Sample,NA,1,0.00373,,,,,,
20260622,97dpf,20C,1,plate_1_20,F,8,F8,53,Sample,NA,1,-0.01608,,,,,,
20260622,97dpf,20C,1,plate_1_20,F,9,F9,54,Sample,NA,1,0.00509,,,,,,
20260622,97dpf,20C,1,plate_1_20,F,10,F10,55,Sample,NA,1,0.0049,,,,,,
20260622,97dpf,20C,1,plate_1_20,F,11,F11,56,Sample,NA,1,0.00517,,,,,,
20260622,97dpf,20C,1,plate_1_20,F,12,F12,58,Sample,NA,1,0.00392,,,,,,
20260622,97dpf,20C,1,plate_1_20,G,1,G1,NA,blank,NA,1,NA,,,,,,
20260622,97dpf,20C,1,plate_1_20,G,2,G2,NA,shell,NA,1,NA,,,,,,
20260622,97dpf,20C,1,plate_1_20,G,3,G3,NA,blank,NA,1,NA,,,,,,
20260622,97dpf,20C,1,plate_1_20,G,4,G4,NA,shell,NA,1,NA,,,,,,
20260622,97dpf,20C,1,plate_1_20,G,5,G5,NA,blank,NA,1,NA,,,,,,
20260622,97dpf,20C,1,plate_1_20,G,6,G6,NA,shell,NA,1,NA,,,,,,
20260622,97dpf,20C,1,plate_1_20,G,7,G7,NA,blank,NA,1,NA,,,,,,
20260622,97dpf,20C,1,plate_1_20,G,8,G8,NA,shell,NA,1,NA,,,,,,
20260622,97dpf,20C,1,plate_1_20,G,9,G9,NA,blank,NA,1,NA,,,,,,
20260622,97dpf,20C,1,plate_1_20,G,10,G10,NA,shell,NA,1,NA,,,,,,
20260622,97dpf,20C,1,plate_1_20,G,11,G11,NA,blank,NA,1,NA,,,,,,
20260622,97dpf,20C,1,plate_1_20,G,12,G12,NA,shell,NA,1,NA,,,,,,
20260626,101dpf,24C,1,plate_1_24,A,1,A1,2,Sample,NA,1,0.00514,,,,,,
20260626,101dpf,24C,1,plate_1_24,A,2,A2,5,Sample,NA,1,0.00713,,,,,,
20260626,101dpf,24C,1,plate_1_24,A,3,A3,7,Sample,NA,1,0.00587,,,,,,
20260626,101dpf,24C,1,plate_1_24,A,4,A4,15,Sample,NA,1,0.00454,,,,,,
20260626,101dpf,24C,1,plate_1_24,A,5,A5,17,Sample,NA,1,0.0147,,,,,,
20260626,101dpf,24C,1,plate_1_24,A,6,A6,18,Sample,NA,1,0.01428,,,,,,
20260626,101dpf,24C,1,plate_1_24,A,7,A7,49,Sample,NA,1,0.00958,,,,,,
20260626,101dpf,24C,1,plate_1_24,A,8,A8,53,Sample,NA,1,0.00285,,,,,,
20260626,101dpf,24C,1,plate_1_24,A,9,A9,54,Sample,NA,1,0.01647,,,,,,
20260626,101dpf,24C,1,plate_1_24,A,10,A10,55,Sample,NA,1,NA,,,,,,
20260626,101dpf,24C,1,plate_1_24,A,11,A11,56,Sample,NA,1,0.00371,,,,,,
20260626,101dpf,24C,1,plate_1_24,A,12,A12,58,Sample,NA,1,0.00588,,,,,,
20260626,101dpf,24C,1,plate_1_24,B,1,B1,2,Sample,NA,1,0.0049,,,,,,
20260626,101dpf,24C,1,plate_1_24,B,2,B2,5,Sample,NA,1,0.01182,,,,,,
20260626,101dpf,24C,1,plate_1_24,B,3,B3,7,Sample,NA,1,0.13414,,,,,,
20260626,101dpf,24C,1,plate_1_24,B,4,B4,15,Sample,NA,1,0.0102,,,,,,
20260626,101dpf,24C,1,plate_1_24,B,5,B5,17,Sample,NA,1,0.01128,,,,,,
20260626,101dpf,24C,1,plate_1_24,B,6,B6,18,Sample,NA,1,0.01316,,,,,,
20260626,101dpf,24C,1,plate_1_24,B,7,B7,49,Sample,NA,1,0.00896,,,,,,
20260626,101dpf,24C,1,plate_1_24,B,8,B8,53,Sample,NA,1,0.0046,,,,,,
20260626,101dpf,24C,1,plate_1_24,B,9,B9,54,Sample,NA,1,0.00605,,,,,,
20260626,101dpf,24C,1,plate_1_24,B,10,B10,55,Sample,NA,1,0.00466,,,,,,
20260626,101dpf,24C,1,plate_1_24,B,11,B11,56,Sample,NA,1,0.0048,,,,,,
20260626,101dpf,24C,1,plate_1_24,B,12,B12,58,Sample,NA,1,0.00771,,,,,,
20260626,101dpf,24C,1,plate_1_24,C,1,C1,2,Sample,NA,1,0.00702,,,,,,
20260626,101dpf,24C,1,plate_1_24,C,2,C2,5,Sample,NA,1,0.00742,,,,,,
20260626,101dpf,24C,1,plate_1_24,C,3,C3,7,Sample,NA,1,0.00494,,,,,,
20260626,101dpf,24C,1,plate_1_24,C,4,C4,15,Sample,NA,1,0.01033,,,,,,
20260626,101dpf,24C,1,plate_1_24,C,5,C5,17,Sample,NA,1,0.00558,,,,,,
20260626,101dpf,24C,1,plate_1_24,C,6,C6,18,Sample,NA,1,0.0065,,,,,,
20260626,101dpf,24C,1,plate_1_24,C,7,C7,49,Sample,NA,1,0.0052,,,,,,
20260626,101dpf,24C,1,plate_1_24,C,8,C8,53,Sample,NA,1,0.00462,,,,,,
20260626,101dpf,24C,1,plate_1_24,C,9,C9,54,Sample,NA,1,0.00993,,,,,,
20260626,101dpf,24C,1,plate_1_24,C,10,C10,55,Sample,NA,1,NA,,,,,,
20260626,101dpf,24C,1,plate_1_24,C,11,C11,56,Sample,NA,1,0.00567,,,,,,
20260626,101dpf,24C,1,plate_1_24,C,12,C12,58,Sample,NA,1,0.00945,,,,,,
20260626,101dpf,24C,1,plate_1_24,D,1,D1,2,Sample,NA,1,0.00867,,,,,,
20260626,101dpf,24C,1,plate_1_24,D,2,D2,5,Sample,NA,1,0.00291,,,,,,
20260626,101dpf,24C,1,plate_1_24,D,3,D3,7,Sample,NA,1,0.00668,,,,,,
20260626,101dpf,24C,1,plate_1_24,D,4,D4,15,Sample,NA,1,0.00701,,,,,,
20260626,101dpf,24C,1,plate_1_24,D,5,D5,17,Sample,NA,1,0.00552,,,,,,
20260626,101dpf,24C,1,plate_1_24,D,6,D6,18,Sample,NA,1,0.00969,,,,,,
20260626,101dpf,24C,1,plate_1_24,D,7,D7,49,Sample,NA,1,0.00699,,,,,,
20260626,101dpf,24C,1,plate_1_24,D,8,D8,53,Sample,NA,1,NA,,,,,,
20260626,101dpf,24C,1,plate_1_24,D,9,D9,54,Sample,NA,1,0.00826,,,,,,
20260626,101dpf,24C,1,plate_1_24,D,10,D10,55,Sample,NA,1,0.00258,,,,,,
20260626,101dpf,24C,1,plate_1_24,D,11,D11,56,Sample,NA,1,0.00486,,,,,,
20260626,101dpf,24C,1,plate_1_24,D,12,D12,58,Sample,NA,1,0.00437,,,,,,
20260626,101dpf,24C,1,plate_1_24,E,1,E1,2,Sample,NA,1,0.01846,,,,,,
20260626,101dpf,24C,1,plate_1_24,E,2,E2,5,Sample,NA,1,0.00259,,,,,,
20260626,101dpf,24C,1,plate_1_24,E,3,E3,7,Sample,NA,1,0.00879,,,,,,
20260626,101dpf,24C,1,plate_1_24,E,4,E4,15,Sample,NA,1,0.0081,,,,,,
20260626,101dpf,24C,1,plate_1_24,E,5,E5,17,Sample,NA,1,0.01361,,,,,,
20260626,101dpf,24C,1,plate_1_24,E,6,E6,18,Sample,NA,1,0.01094,,,,,,
20260626,101dpf,24C,1,plate_1_24,E,7,E7,49,Sample,NA,1,0.00945,,,,,,
20260626,101dpf,24C,1,plate_1_24,E,8,E8,53,Sample,NA,1,0.00427,,,,,,
20260626,101dpf,24C,1,plate_1_24,E,9,E9,54,Sample,NA,1,0.00512,,,,,,
20260626,101dpf,24C,1,plate_1_24,E,10,E10,55,Sample,NA,1,NA,,,,,,
20260626,101dpf,24C,1,plate_1_24,E,11,E11,56,Sample,NA,1,0.00573,,,,,,
20260626,101dpf,24C,1,plate_1_24,E,12,E12,58,Sample,NA,1,0.00513,,,,,,
20260626,101dpf,24C,1,plate_1_24,F,1,F1,2,Sample,NA,1,0.00455,,,,,,
20260626,101dpf,24C,1,plate_1_24,F,2,F2,5,Sample,NA,1,0.00526,,,,,,
20260626,101dpf,24C,1,plate_1_24,F,3,F3,7,Sample,NA,1,0.00779,,,,,,
20260626,101dpf,24C,1,plate_1_24,F,4,F4,15,Sample,NA,1,0.00572,,,,,,
20260626,101dpf,24C,1,plate_1_24,F,5,F5,17,Sample,NA,1,0.0108,,,,,,
20260626,101dpf,24C,1,plate_1_24,F,6,F6,18,Sample,NA,1,0.01228,,,,,,
20260626,101dpf,24C,1,plate_1_24,F,7,F7,49,Sample,NA,1,0.00632,,,,,,
20260626,101dpf,24C,1,plate_1_24,F,8,F8,53,Sample,NA,1,0.00708,,,,,,
20260626,101dpf,24C,1,plate_1_24,F,9,F9,54,Sample,NA,1,0.00525,,,,,,
20260626,101dpf,24C,1,plate_1_24,F,10,F10,55,Sample,NA,1,0.00695,,,,,,
20260626,101dpf,24C,1,plate_1_24,F,11,F11,56,Sample,NA,1,0.00653,,,,,,
20260626,101dpf,24C,1,plate_1_24,F,12,F12,58,Sample,NA,1,0.0076,,,,,,
20260626,101dpf,24C,1,plate_1_24,G,1,G1,NA,blank,NA,1,NA,,,,,,
20260626,101dpf,24C,1,plate_1_24,G,2,G2,NA,shell,NA,1,NA,,,,,,
20260626,101dpf,24C,1,plate_1_24,G,3,G3,NA,blank,NA,1,NA,,,,,,
20260626,101dpf,24C,1,plate_1_24,G,4,G4,NA,shell,NA,1,NA,,,,,,
20260626,101dpf,24C,1,plate_1_24,G,5,G5,NA,blank,NA,1,NA,,,,,,
20260626,101dpf,24C,1,plate_1_24,G,6,G6,NA,shell,NA,1,NA,,,,,,
20260626,101dpf,24C,1,plate_1_24,G,7,G7,NA,blank,NA,1,NA,,,,,,
20260626,101dpf,24C,1,plate_1_24,G,8,G8,NA,shell,NA,1,NA,,,,,,
20260626,101dpf,24C,1,plate_1_24,G,9,G9,NA,blank,NA,1,NA,,,,,,
20260626,101dpf,24C,1,plate_1_24,G,10,G10,NA,shell,NA,1,NA,,,,,,
20260626,101dpf,24C,1,plate_1_24,G,11,G11,NA,blank,NA,1,NA,,,,,,
20260626,101dpf,24C,1,plate_1_24,G,12,G12,NA,shell,NA,1,NA,,,,,,
20260628,103dpf,26C,1,plate_1_26,A,1,A1,2,Sample,NA,1,0.01438,,,,,,
20260628,103dpf,26C,1,plate_1_26,A,2,A2,5,Sample,NA,1,0.00956,,,,,,
20260628,103dpf,26C,1,plate_1_26,A,3,A3,7,Sample,NA,1,0.01128,,,,,,
20260628,103dpf,26C,1,plate_1_26,A,4,A4,15,Sample,NA,1,0.01121,,,,,,
20260628,103dpf,26C,1,plate_1_26,A,5,A5,17,Sample,NA,1,0.01655,,,,,,
20260628,103dpf,26C,1,plate_1_26,A,6,A6,18,Sample,NA,1,0.00673,,,,,,
20260628,103dpf,26C,1,plate_1_26,A,7,A7,49,Sample,NA,1,0.0091,,,,,,
20260628,103dpf,26C,1,plate_1_26,A,8,A8,53,Sample,NA,1,0.0037,,,,,,
20260628,103dpf,26C,1,plate_1_26,A,9,A9,54,Sample,NA,1,0.00662,,,,,,
20260628,103dpf,26C,1,plate_1_26,A,10,A10,55,Sample,NA,1,-0.00575,,,,,,
20260628,103dpf,26C,1,plate_1_26,A,11,A11,56,Sample,NA,1,0.00325,,,,,,
20260628,103dpf,26C,1,plate_1_26,A,12,A12,58,Sample,NA,1,0.00259,,,,,,
20260628,103dpf,26C,1,plate_1_26,B,1,B1,2,Sample,NA,1,0.01224,,,,,,
20260628,103dpf,26C,1,plate_1_26,B,2,B2,5,Sample,NA,1,0.00582,,,,,,
20260628,103dpf,26C,1,plate_1_26,B,3,B3,7,Sample,NA,1,0.00582,,,,,,
20260628,103dpf,26C,1,plate_1_26,B,4,B4,15,Sample,NA,1,0.01601,,,,,,
20260628,103dpf,26C,1,plate_1_26,B,5,B5,17,Sample,NA,1,0.009621,,,,,,
20260628,103dpf,26C,1,plate_1_26,B,6,B6,18,Sample,NA,1,0.01072,,,,,,
20260628,103dpf,26C,1,plate_1_26,B,7,B7,49,Sample,NA,1,0.00922,,,,,,
20260628,103dpf,26C,1,plate_1_26,B,8,B8,53,Sample,NA,1,0.01516,,,,,,
20260628,103dpf,26C,1,plate_1_26,B,9,B9,54,Sample,NA,1,0.00665,,,,,,
20260628,103dpf,26C,1,plate_1_26,B,10,B10,55,Sample,NA,1,0.00627,,,,,,
20260628,103dpf,26C,1,plate_1_26,B,11,B11,56,Sample,NA,1,0.00314,,,,,,
20260628,103dpf,26C,1,plate_1_26,B,12,B12,58,Sample,NA,1,0.00337,,,,,,
20260628,103dpf,26C,1,plate_1_26,C,1,C1,2,Sample,NA,1,0.01375,,,,,,
20260628,103dpf,26C,1,plate_1_26,C,2,C2,5,Sample,NA,1,0.00843,,,,,,
20260628,103dpf,26C,1,plate_1_26,C,3,C3,7,Sample,NA,1,-1.24861,,,,,,
20260628,103dpf,26C,1,plate_1_26,C,4,C4,15,Sample,NA,1,0.01087,,,,,,
20260628,103dpf,26C,1,plate_1_26,C,5,C5,17,Sample,NA,1,0.01065,,,,,,
20260628,103dpf,26C,1,plate_1_26,C,6,C6,18,Sample,NA,1,0.00816,,,,,,
20260628,103dpf,26C,1,plate_1_26,C,7,C7,49,Sample,NA,1,-1.07563,,,,,,
20260628,103dpf,26C,1,plate_1_26,C,8,C8,53,Sample,NA,1,0.00631,,,,,,
20260628,103dpf,26C,1,plate_1_26,C,9,C9,54,Sample,NA,1,0.00092,,,,,,
20260628,103dpf,26C,1,plate_1_26,C,10,C10,55,Sample,NA,1,-1.07056,,,,,,
20260628,103dpf,26C,1,plate_1_26,C,11,C11,56,Sample,NA,1,0.01512,,,,,,
20260628,103dpf,26C,1,plate_1_26,C,12,C12,58,Sample,NA,1,0.00518,,,,,,
20260628,103dpf,26C,1,plate_1_26,D,1,D1,2,Sample,NA,1,0.01441,,,,,,
20260628,103dpf,26C,1,plate_1_26,D,2,D2,5,Sample,NA,1,0.00842,,,,,,
20260628,103dpf,26C,1,plate_1_26,D,3,D3,7,Sample,NA,1,0.00972,,,,,,
20260628,103dpf,26C,1,plate_1_26,D,4,D4,15,Sample,NA,1,0.01283,,,,,,
20260628,103dpf,26C,1,plate_1_26,D,5,D5,17,Sample,NA,1,0.0034,,,,,,
20260628,103dpf,26C,1,plate_1_26,D,6,D6,18,Sample,NA,1,0.00142,,,,,,
20260628,103dpf,26C,1,plate_1_26,D,7,D7,49,Sample,NA,1,0.00786,,,,,,
20260628,103dpf,26C,1,plate_1_26,D,8,D8,53,Sample,NA,1,0.00425,,,,,,
20260628,103dpf,26C,1,plate_1_26,D,9,D9,54,Sample,NA,1,0.00777,,,,,,
20260628,103dpf,26C,1,plate_1_26,D,10,D10,55,Sample,NA,1,0.00728,,,,,,
20260628,103dpf,26C,1,plate_1_26,D,11,D11,56,Sample,NA,1,0.01003,,,,,,
20260628,103dpf,26C,1,plate_1_26,D,12,D12,58,Sample,NA,1,0.01773,,,,,,
20260628,103dpf,26C,1,plate_1_26,E,1,E1,2,Sample,NA,1,0.01127,,,,,,
20260628,103dpf,26C,1,plate_1_26,E,2,E2,5,Sample,NA,1,0.01486,,,,,,
20260628,103dpf,26C,1,plate_1_26,E,3,E3,7,Sample,NA,1,0.01549,,,,,,
20260628,103dpf,26C,1,plate_1_26,E,4,E4,15,Sample,NA,1,0.01431,,,,,,
20260628,103dpf,26C,1,plate_1_26,E,5,E5,17,Sample,NA,1,0.0053,,,,,,
20260628,103dpf,26C,1,plate_1_26,E,6,E6,18,Sample,NA,1,0.00731,,,,,,
20260628,103dpf,26C,1,plate_1_26,E,7,E7,49,Sample,NA,1,0.0123,,,,,,
20260628,103dpf,26C,1,plate_1_26,E,8,E8,53,Sample,NA,1,0.00298,,,,,,
20260628,103dpf,26C,1,plate_1_26,E,9,E9,54,Sample,NA,1,0.02306,,,,,,
20260628,103dpf,26C,1,plate_1_26,E,10,E10,55,Sample,NA,1,0.00516,,,,,,
20260628,103dpf,26C,1,plate_1_26,E,11,E11,56,Sample,NA,1,0.00895,,,,,,
20260628,103dpf,26C,1,plate_1_26,E,12,E12,58,Sample,NA,1,0.00079,,,,,,
20260628,103dpf,26C,1,plate_1_26,F,1,F1,2,Sample,NA,1,-0.04489,,,,,,
20260628,103dpf,26C,1,plate_1_26,F,2,F2,5,Sample,NA,1,0.00848,,,,,,
20260628,103dpf,26C,1,plate_1_26,F,3,F3,7,Sample,NA,1,0.01207,,,,,,
20260628,103dpf,26C,1,plate_1_26,F,4,F4,15,Sample,NA,1,0.00203,,,,,,
20260628,103dpf,26C,1,plate_1_26,F,5,F5,17,Sample,NA,1,0.00806,,,,,,
20260628,103dpf,26C,1,plate_1_26,F,6,F6,18,Sample,NA,1,0.00902,,,,,,
20260628,103dpf,26C,1,plate_1_26,F,7,F7,49,Sample,NA,1,0.00249,,,,,,
20260628,103dpf,26C,1,plate_1_26,F,8,F8,NA,empty,NA,1,,,,,,,
20260628,103dpf,26C,1,plate_1_26,F,9,F9,54,Sample,NA,1,0.00583,,,,,,
20260628,103dpf,26C,1,plate_1_26,F,10,F10,55,Sample,NA,1,0.00524,,,,,,
20260628,103dpf,26C,1,plate_1_26,F,11,F11,56,Sample,NA,1,0.01268,,,,,,
20260628,103dpf,26C,1,plate_1_26,F,12,F12,58,Sample,NA,1,0.00282,,,,,,
20260628,103dpf,26C,1,plate_1_26,G,1,G1,NA,blank,NA,1,NA,,,,,,
20260628,103dpf,26C,1,plate_1_26,G,2,G2,NA,shell,NA,1,NA,,,,,,
20260628,103dpf,26C,1,plate_1_26,G,3,G3,NA,blank,NA,1,NA,,,,,,
20260628,103dpf,26C,1,plate_1_26,G,4,G4,NA,shell,NA,1,NA,,,,,,
20260628,103dpf,26C,1,plate_1_26,G,5,G5,NA,blank,NA,1,NA,,,,,,
20260628,103dpf,26C,1,plate_1_26,G,6,G6,NA,shell,NA,1,NA,,,,,,
20260628,103dpf,26C,1,plate_1_26,G,7,G7,NA,blank,NA,1,NA,,,,,,
20260628,103dpf,26C,1,plate_1_26,G,8,G8,NA,shell,NA,1,NA,,,,,,
20260628,103dpf,26C,1,plate_1_26,G,9,G9,NA,blank,NA,1,NA,,,,,,
20260628,103dpf,26C,1,plate_1_26,G,10,G10,NA,shell,NA,1,NA,,,,,,
20260628,103dpf,26C,1,plate_1_26,G,11,G11,NA,blank,NA,1,NA,,,,,,
20260628,103dpf,26C,1,plate_1_26,G,12,G12,NA,shell,NA,1,NA,,,,,,
20260630,105dpf,28C,1,plate_1_28,A,1,A1,2,Sample,NA,1,0.00027,,,,,,
20260630,105dpf,28C,1,plate_1_28,A,2,A2,5,Sample,NA,1,0.00674,,,,,,
20260630,105dpf,28C,1,plate_1_28,A,3,A3,7,Sample,NA,1,0.00962,,,,,,
20260630,105dpf,28C,1,plate_1_28,A,4,A4,15,Sample,NA,1,0.00585,,,,,,
20260630,105dpf,28C,1,plate_1_28,A,5,A5,17,Sample,NA,1,-0.00511,,,,,,
20260630,105dpf,28C,1,plate_1_28,A,6,A6,18,Sample,NA,1,0.00793,,,,,,
20260630,105dpf,28C,1,plate_1_28,A,7,A7,49,Sample,NA,1,0.00773,,,,,,
20260630,105dpf,28C,1,plate_1_28,A,8,A8,53,Sample,NA,1,0.01303,,,,,,
20260630,105dpf,28C,1,plate_1_28,A,9,A9,54,Sample,NA,1,0.00237,,,,,,
20260630,105dpf,28C,1,plate_1_28,A,10,A10,55,Sample,NA,1,0.01202,,,,,,
20260630,105dpf,28C,1,plate_1_28,A,11,A11,56,Sample,NA,1,0.00594,,,,,,
20260630,105dpf,28C,1,plate_1_28,A,12,A12,58,Sample,NA,1,0.00457,,,,,,
20260630,105dpf,28C,1,plate_1_28,B,1,B1,2,Sample,NA,1,0.00863,,,,,,
20260630,105dpf,28C,1,plate_1_28,B,2,B2,5,Sample,NA,1,0.00504,,,,,,
20260630,105dpf,28C,1,plate_1_28,B,3,B3,7,Sample,NA,1,0.00578,,,,,,
20260630,105dpf,28C,1,plate_1_28,B,4,B4,15,Sample,NA,1,0.00727,,,,,,
20260630,105dpf,28C,1,plate_1_28,B,5,B5,17,Sample,NA,1,-0.00881,,,,,,
20260630,105dpf,28C,1,plate_1_28,B,6,B6,18,Sample,NA,1,0.01932,,,,,,
20260630,105dpf,28C,1,plate_1_28,B,7,B7,49,Sample,NA,1,0.0054,,,,,,
20260630,105dpf,28C,1,plate_1_28,B,8,B8,53,Sample,NA,1,0.00956,,,,,,
20260630,105dpf,28C,1,plate_1_28,B,9,B9,54,Sample,NA,1,0.00448,,,,,,
20260630,105dpf,28C,1,plate_1_28,B,10,B10,55,Sample,NA,1,0.00701,,,,,,
20260630,105dpf,28C,1,plate_1_28,B,11,B11,56,Sample,NA,1,-0.00387,,,,,,
20260630,105dpf,28C,1,plate_1_28,B,12,B12,58,Sample,NA,1,0.01246,,,,,,
20260630,105dpf,28C,1,plate_1_28,C,1,C1,2,Sample,NA,1,0.00668,,,,,,
20260630,105dpf,28C,1,plate_1_28,C,2,C2,5,Sample,NA,1,0.00424,,,,,,
20260630,105dpf,28C,1,plate_1_28,C,3,C3,7,Sample,NA,1,0.01027,,,,,,
20260630,105dpf,28C,1,plate_1_28,C,4,C4,15,Sample,NA,1,NA,,,,,,
20260630,105dpf,28C,1,plate_1_28,C,5,C5,17,Sample,NA,1,0.00059,,,,,,
20260630,105dpf,28C,1,plate_1_28,C,6,C6,18,Sample,NA,1,0.00779,,,,,,
20260630,105dpf,28C,1,plate_1_28,C,7,C7,49,Sample,NA,1,NA,,,,,,
20260630,105dpf,28C,1,plate_1_28,C,8,C8,53,Sample,NA,1,0.00472,,,,,,
20260630,105dpf,28C,1,plate_1_28,C,9,C9,54,Sample,NA,1,0.00175,,,,,,
20260630,105dpf,28C,1,plate_1_28,C,10,C10,55,Sample,NA,1,0.00854,,,,,,
20260630,105dpf,28C,1,plate_1_28,C,11,C11,56,Sample,NA,1,0.02043,,,,,,
20260630,105dpf,28C,1,plate_1_28,C,12,C12,58,Sample,NA,1,0.00681,,,,,,
20260630,105dpf,28C,1,plate_1_28,D,1,D1,2,Sample,NA,1,0.01282,,,,,,
20260630,105dpf,28C,1,plate_1_28,D,2,D2,5,Sample,NA,1,-0.02169,,,,,,
20260630,105dpf,28C,1,plate_1_28,D,3,D3,7,Sample,NA,1,0.01226,,,,,,
20260630,105dpf,28C,1,plate_1_28,D,4,D4,15,Sample,NA,1,0.00473,,,,,,
20260630,105dpf,28C,1,plate_1_28,D,5,D5,17,Sample,NA,1,NA,,,,,,
20260630,105dpf,28C,1,plate_1_28,D,6,D6,18,Sample,NA,1,0.01298,,,,,,
20260630,105dpf,28C,1,plate_1_28,D,7,D7,49,Sample,NA,1,0.00536,,,,,,
20260630,105dpf,28C,1,plate_1_28,D,8,D8,53,Sample,NA,1,0.01108,,,,,,
20260630,105dpf,28C,1,plate_1_28,D,9,D9,54,Sample,NA,1,0.007,,,,,,
20260630,105dpf,28C,1,plate_1_28,D,10,D10,55,Sample,NA,1,0.00665,,,,,,
20260630,105dpf,28C,1,plate_1_28,D,11,D11,56,Sample,NA,1,0.01541,,,,,,
20260630,105dpf,28C,1,plate_1_28,D,12,D12,58,Sample,NA,1,0.00807,,,,,,
20260630,105dpf,28C,1,plate_1_28,E,1,E1,2,Sample,NA,1,0.01577,,,,,,
20260630,105dpf,28C,1,plate_1_28,E,2,E2,5,Sample,NA,1,0.00868,,,,,,
20260630,105dpf,28C,1,plate_1_28,E,3,E3,7,Sample,NA,1,-0.00037,,,,,,
20260630,105dpf,28C,1,plate_1_28,E,4,E4,15,Sample,NA,1,NA,,,,,,
20260630,105dpf,28C,1,plate_1_28,E,5,E5,17,Sample,NA,1,1.00E-04,,,,,,
20260630,105dpf,28C,1,plate_1_28,E,6,E6,18,Sample,NA,1,0.01592,,,,,,
20260630,105dpf,28C,1,plate_1_28,E,7,E7,49,Sample,NA,1,NA,,,,,,
20260630,105dpf,28C,1,plate_1_28,E,8,E8,53,Sample,NA,1,NA,,,,,,
20260630,105dpf,28C,1,plate_1_28,E,9,E9,54,Sample,NA,1,0.00953,,,,,,
20260630,105dpf,28C,1,plate_1_28,E,10,E10,55,Sample,NA,1,0.01782,,,,,,
20260630,105dpf,28C,1,plate_1_28,E,11,E11,56,Sample,NA,1,0.00795,,,,,,
20260630,105dpf,28C,1,plate_1_28,E,12,E12,58,Sample,NA,1,0.0271,,,,,,
20260630,105dpf,28C,1,plate_1_28,F,1,F1,2,Sample,NA,1,-0.00202,,,,,,
20260630,105dpf,28C,1,plate_1_28,F,2,F2,5,Sample,NA,1,0.0004,,,,,,
20260630,105dpf,28C,1,plate_1_28,F,3,F3,7,Sample,NA,1,0.00728,,,,,,
20260630,105dpf,28C,1,plate_1_28,F,4,F4,15,Sample,NA,1,NA,,,,,,
20260630,105dpf,28C,1,plate_1_28,F,5,F5,17,Sample,NA,1,0.00514,,,,,,
20260630,105dpf,28C,1,plate_1_28,F,6,F6,18,Sample,NA,1,0.01689,,,,,,
20260630,105dpf,28C,1,plate_1_28,F,7,F7,49,Sample,NA,1,NA,,,,,,
20260630,105dpf,28C,1,plate_1_28,F,8,F8,53,Sample,NA,1,-0.00395,,,,,,
20260630,105dpf,28C,1,plate_1_28,F,9,F9,54,Sample,NA,1,0.00449,,,,,,
20260630,105dpf,28C,1,plate_1_28,F,10,F10,55,Sample,NA,1,0.00654,,,,,,
20260630,105dpf,28C,1,plate_1_28,F,11,F11,56,Sample,NA,1,0.00137,,,,,,
20260630,105dpf,28C,1,plate_1_28,F,12,F12,58,Sample,NA,1,0.00509,,,,,,
20260630,105dpf,28C,1,plate_1_28,G,1,G1,NA,blank,NA,1,NA,,,,,,
20260630,105dpf,28C,1,plate_1_28,G,2,G2,NA,shell,NA,1,NA,,,,,,
20260630,105dpf,28C,1,plate_1_28,G,3,G3,NA,blank,NA,1,NA,,,,,,
20260630,105dpf,28C,1,plate_1_28,G,4,G4,NA,shell,NA,1,NA,,,,,,
20260630,105dpf,28C,1,plate_1_28,G,5,G5,NA,blank,NA,1,NA,,,,,,
20260630,105dpf,28C,1,plate_1_28,G,6,G6,NA,shell,NA,1,NA,,,,,,
20260630,105dpf,28C,1,plate_1_28,G,7,G7,NA,blank,NA,1,NA,,,,,,
20260630,105dpf,28C,1,plate_1_28,G,8,G8,NA,shell,NA,1,NA,,,,,,
20260630,105dpf,28C,1,plate_1_28,G,9,G9,NA,blank,NA,1,NA,,,,,,
20260630,105dpf,28C,1,plate_1_28,G,10,G10,NA,shell,NA,1,NA,,,,,,
20260630,105dpf,28C,1,plate_1_28,G,11,G11,NA,blank,NA,1,NA,,,,,,
20260630,105dpf,28C,1,plate_1_28,G,12,G12,NA,shell,NA,1,NA,,,,,,
20260702,107dpf,30C,1,plate_1_30,A,1,A1,2,Sample,NA,1,0.01245,,,,,,
20260702,107dpf,30C,1,plate_1_30,A,2,A2,5,Sample,NA,1,0.02781,,,,,,
20260702,107dpf,30C,1,plate_1_30,A,3,A3,7,Sample,NA,1,NA,,,,,,
20260702,107dpf,30C,1,plate_1_30,A,4,A4,15,Sample,NA,1,-0.00179,,,,,,
20260702,107dpf,30C,1,plate_1_30,A,5,A5,17,Sample,NA,1,0.03265,,,,,,
20260702,107dpf,30C,1,plate_1_30,A,6,A6,18,Sample,NA,1,0.01641,,,,,,
20260702,107dpf,30C,1,plate_1_30,A,7,A7,49,Sample,NA,1,0.00127,,,,,,
20260702,107dpf,30C,1,plate_1_30,A,8,A8,53,Sample,NA,1,0.01358,,,,,,
20260702,107dpf,30C,1,plate_1_30,A,9,A9,54,Sample,NA,1,0.02465,,,,,,
20260702,107dpf,30C,1,plate_1_30,A,10,A10,55,Sample,NA,1,0.01512,,,,,,
20260702,107dpf,30C,1,plate_1_30,A,11,A11,56,Sample,NA,1,0.01659,,,,,,
20260702,107dpf,30C,1,plate_1_30,A,12,A12,58,Sample,NA,1,0.00593,,,,,,
20260702,107dpf,30C,1,plate_1_30,B,1,B1,2,Sample,NA,1,0.00533,,,,,,
20260702,107dpf,30C,1,plate_1_30,B,2,B2,5,Sample,NA,1,0.01297,,,,,,
20260702,107dpf,30C,1,plate_1_30,B,3,B3,7,Sample,NA,1,0.02993,,,,,,
20260702,107dpf,30C,1,plate_1_30,B,4,B4,15,Sample,NA,1,0.01137,,,,,,
20260702,107dpf,30C,1,plate_1_30,B,5,B5,17,Sample,NA,1,0.01631,,,,,,
20260702,107dpf,30C,1,plate_1_30,B,6,B6,18,Sample,NA,1,0.02977,,,,,,
20260702,107dpf,30C,1,plate_1_30,B,7,B7,49,Sample,NA,1,0.02027,,,,,,
20260702,107dpf,30C,1,plate_1_30,B,8,B8,53,Sample,NA,1,0.00429,,,,,,
20260702,107dpf,30C,1,plate_1_30,B,9,B9,54,Sample,NA,1,0.03504,,,,,,
20260702,107dpf,30C,1,plate_1_30,B,10,B10,55,Sample,NA,1,NA,,,,,,
20260702,107dpf,30C,1,plate_1_30,B,11,B11,56,Sample,NA,1,0.01265,,,,,,
20260702,107dpf,30C,1,plate_1_30,B,12,B12,58,Sample,NA,1,0.01458,,,,,,
20260702,107dpf,30C,1,plate_1_30,C,1,C1,2,Sample,NA,1,0.02029,,,,,,
20260702,107dpf,30C,1,plate_1_30,C,2,C2,5,Sample,NA,1,0.01196,,,,,,
20260702,107dpf,30C,1,plate_1_30,C,3,C3,7,Sample,NA,1,0.01896,,,,,,
20260702,107dpf,30C,1,plate_1_30,C,4,C4,15,Sample,NA,1,-0.00114,,,,,,
20260702,107dpf,30C,1,plate_1_30,C,5,C5,17,Sample,NA,1,0.00215,,,,,,
20260702,107dpf,30C,1,plate_1_30,C,6,C6,18,Sample,NA,1,0.00553,,,,,,
20260702,107dpf,30C,1,plate_1_30,C,7,C7,49,Sample,NA,1,-0.00266,,,,,,
20260702,107dpf,30C,1,plate_1_30,C,8,C8,53,Sample,NA,1,0.00611,,,,,,
20260702,107dpf,30C,1,plate_1_30,C,9,C9,54,Sample,NA,1,0.02564,,,,,,
20260702,107dpf,30C,1,plate_1_30,C,10,C10,55,Sample,NA,1,0.00225,,,,,,
20260702,107dpf,30C,1,plate_1_30,C,11,C11,56,Sample,NA,1,0.01082,,,,,,
20260702,107dpf,30C,1,plate_1_30,C,12,C12,58,Sample,NA,1,0.01783,,,,,,
20260702,107dpf,30C,1,plate_1_30,D,1,D1,2,Sample,NA,1,0.04182,,,,,,
20260702,107dpf,30C,1,plate_1_30,D,2,D2,5,Sample,NA,1,0.00643,,,,,,
20260702,107dpf,30C,1,plate_1_30,D,3,D3,7,Sample,NA,1,NA,,,,,,
20260702,107dpf,30C,1,plate_1_30,D,4,D4,15,Sample,NA,1,0.02142,,,,,,
20260702,107dpf,30C,1,plate_1_30,D,5,D5,17,Sample,NA,1,0.01671,,,,,,
20260702,107dpf,30C,1,plate_1_30,D,6,D6,18,Sample,NA,1,0.04522,,,,,,
20260702,107dpf,30C,1,plate_1_30,D,7,D7,49,Sample,NA,1,0.0219,,,,,,
20260702,107dpf,30C,1,plate_1_30,D,8,D8,53,Sample,NA,1,0.02266,,,,,,
20260702,107dpf,30C,1,plate_1_30,D,9,D9,54,Sample,NA,1,0.01813,,,,,,
20260702,107dpf,30C,1,plate_1_30,D,10,D10,55,Sample,NA,1,0.01877,,,,,,
20260702,107dpf,30C,1,plate_1_30,D,11,D11,56,Sample,NA,1,0.01873,,,,,,
20260702,107dpf,30C,1,plate_1_30,D,12,D12,58,Sample,NA,1,0.0008,,,,,,
20260702,107dpf,30C,1,plate_1_30,E,1,E1,2,Sample,NA,1,0.01263,,,,,,
20260702,107dpf,30C,1,plate_1_30,E,2,E2,5,Sample,NA,1,0.01892,,,,,,
20260702,107dpf,30C,1,plate_1_30,E,3,E3,7,Sample,NA,1,-0.01015,,,,,,
20260702,107dpf,30C,1,plate_1_30,E,4,E4,15,Sample,NA,1,0.02982,,,,,,
20260702,107dpf,30C,1,plate_1_30,E,5,E5,17,Sample,NA,1,0.01799,,,,,,
20260702,107dpf,30C,1,plate_1_30,E,6,E6,18,Sample,NA,1,0.02515,,,,,,
20260702,107dpf,30C,1,plate_1_30,E,7,E7,49,Sample,NA,1,0.02535,,,,,,
20260702,107dpf,30C,1,plate_1_30,E,8,E8,53,Sample,NA,1,-1.0498,,,,,,
20260702,107dpf,30C,1,plate_1_30,E,9,E9,54,Sample,NA,1,0.0112,,,,,,
20260702,107dpf,30C,1,plate_1_30,E,10,E10,55,Sample,NA,1,NA,,,,,,
20260702,107dpf,30C,1,plate_1_30,E,11,E11,56,Sample,NA,1,0.00563,,,,,,
20260702,107dpf,30C,1,plate_1_30,E,12,E12,58,Sample,NA,1,NA,,,,,,
20260702,107dpf,30C,1,plate_1_30,F,1,F1,2,Sample,NA,1,0.03338,,,,,,
20260702,107dpf,30C,1,plate_1_30,F,2,F2,5,Sample,NA,1,0.01582,,,,,,
20260702,107dpf,30C,1,plate_1_30,F,3,F3,7,Sample,NA,1,0.01554,,,,,,
20260702,107dpf,30C,1,plate_1_30,F,4,F4,15,Sample,NA,1,0.01738,,,,,,
20260702,107dpf,30C,1,plate_1_30,F,5,F5,17,Sample,NA,1,NA,,,,,,
20260702,107dpf,30C,1,plate_1_30,F,6,F6,18,Sample,NA,1,0.01007,,,,,,
20260702,107dpf,30C,1,plate_1_30,F,7,F7,49,Sample,NA,1,0.01303,,,,,,
20260702,107dpf,30C,1,plate_1_30,F,8,F8,53,Sample,NA,1,0.00885,,,,,,
20260702,107dpf,30C,1,plate_1_30,F,9,F9,54,Sample,NA,1,0.01607,,,,,,
20260702,107dpf,30C,1,plate_1_30,F,10,F10,55,Sample,NA,1,0.01685,,,,,,
20260702,107dpf,30C,1,plate_1_30,F,11,F11,56,Sample,NA,1,0.01939,,,,,,
20260702,107dpf,30C,1,plate_1_30,F,12,F12,58,Sample,NA,1,-0.0003,,,,,,
20260702,107dpf,30C,1,plate_1_30,G,1,G1,NA,blank,NA,1,NA,,,,,,
20260702,107dpf,30C,1,plate_1_30,G,2,G2,NA,shell,NA,1,NA,,,,,,
20260702,107dpf,30C,1,plate_1_30,G,3,G3,NA,blank,NA,1,NA,,,,,,
20260702,107dpf,30C,1,plate_1_30,G,4,G4,NA,shell,NA,1,NA,,,,,,
20260702,107dpf,30C,1,plate_1_30,G,5,G5,NA,blank,NA,1,NA,,,,,,
20260702,107dpf,30C,1,plate_1_30,G,6,G6,NA,shell,NA,1,NA,,,,,,
20260702,107dpf,30C,1,plate_1_30,G,7,G7,NA,blank,NA,1,NA,,,,,,
20260702,107dpf,30C,1,plate_1_30,G,8,G8,NA,shell,NA,1,NA,,,,,,
20260702,107dpf,30C,1,plate_1_30,G,9,G9,NA,blank,NA,1,NA,,,,,,
20260702,107dpf,30C,1,plate_1_30,G,10,G10,NA,shell,NA,1,NA,,,,,,
20260702,107dpf,30C,1,plate_1_30,G,11,G11,NA,blank,NA,1,NA,,,,,,
20260702,107dpf,30C,1,plate_1_30,G,12,G12,NA,shell,NA,1,NA,,,,,,
20260704,109dpf,32C,1,plate_1_32,A,1,A1,2,Sample,NA,1,0.00746,,,,,,
20260704,109dpf,32C,1,plate_1_32,A,2,A2,5,Sample,NA,1,0.02293,,,,,,
20260704,109dpf,32C,1,plate_1_32,A,3,A3,7,Sample,NA,1,0.02959,,,,,,
20260704,109dpf,32C,1,plate_1_32,A,4,A4,15,Sample,NA,1,0.01701,,,,,,
20260704,109dpf,32C,1,plate_1_32,A,5,A5,17,Sample,NA,1,0.01954,,,,,,
20260704,109dpf,32C,1,plate_1_32,A,6,A6,18,Sample,NA,1,0.01331,,,,,,
20260704,109dpf,32C,1,plate_1_32,A,7,A7,49,Sample,NA,1,0.0149,,,,,,
20260704,109dpf,32C,1,plate_1_32,A,8,A8,53,Sample,NA,1,0.01201,,,,,,
20260704,109dpf,32C,1,plate_1_32,A,9,A9,54,Sample,NA,1,0.01197,,,,,,
20260704,109dpf,32C,1,plate_1_32,A,10,A10,55,Sample,NA,1,0.02007,,,,,,
20260704,109dpf,32C,1,plate_1_32,A,11,A11,56,Sample,NA,1,0.02695,,,,,,
20260704,109dpf,32C,1,plate_1_32,A,12,A12,58,Sample,NA,1,NA,,,,,,
20260704,109dpf,32C,1,plate_1_32,B,1,B1,2,Sample,NA,1,0.04596,,,,,,
20260704,109dpf,32C,1,plate_1_32,B,2,B2,5,Sample,NA,1,0.0151,,,,,,
20260704,109dpf,32C,1,plate_1_32,B,3,B3,7,Sample,NA,1,0.02419,,,,,,
20260704,109dpf,32C,1,plate_1_32,B,4,B4,15,Sample,NA,1,0.05213,,,,,,
20260704,109dpf,32C,1,plate_1_32,B,5,B5,17,Sample,NA,1,0.02433,,,,,,
20260704,109dpf,32C,1,plate_1_32,B,6,B6,18,Sample,NA,1,0.02301,,,,,,
20260704,109dpf,32C,1,plate_1_32,B,7,B7,49,Sample,NA,1,0.02285,,,,,,
20260704,109dpf,32C,1,plate_1_32,B,8,B8,53,Sample,NA,1,0.01672,,,,,,
20260704,109dpf,32C,1,plate_1_32,B,9,B9,54,Sample,NA,1,0.05004,,,,,,
20260704,109dpf,32C,1,plate_1_32,B,10,B10,NA,empty,NA,1,NA,,,,,,
20260704,109dpf,32C,1,plate_1_32,B,11,B11,56,Sample,NA,1,0.02614,,,,,,
20260704,109dpf,32C,1,plate_1_32,B,12,B12,58,Sample,NA,1,0.01281,,,,,,
20260704,109dpf,32C,1,plate_1_32,C,1,C1,2,Sample,NA,1,0.03215,,,,,,
20260704,109dpf,32C,1,plate_1_32,C,2,C2,5,Sample,NA,1,0.02072,,,,,,
20260704,109dpf,32C,1,plate_1_32,C,3,C3,7,Sample,NA,1,0.01808,,,,,,
20260704,109dpf,32C,1,plate_1_32,C,4,C4,15,Sample,NA,1,0.02172,,,,,,
20260704,109dpf,32C,1,plate_1_32,C,5,C5,17,Sample,NA,1,0.01556,,,,,,
20260704,109dpf,32C,1,plate_1_32,C,6,C6,18,Sample,NA,1,0.02705,,,,,,
20260704,109dpf,32C,1,plate_1_32,C,7,C7,49,Sample,NA,1,0.02422,,,,,,
20260704,109dpf,32C,1,plate_1_32,C,8,C8,53,Sample,NA,1,0.01099,,,,,,
20260704,109dpf,32C,1,plate_1_32,C,9,C9,54,Sample,NA,1,-1.06224,,,,,,
20260704,109dpf,32C,1,plate_1_32,C,10,C10,55,Sample,NA,1,NA,,,,,,
20260704,109dpf,32C,1,plate_1_32,C,11,C11,56,Sample,NA,1,0.00367,,,,,,
20260704,109dpf,32C,1,plate_1_32,C,12,C12,58,Sample,NA,1,0.01144,,,,,,
20260704,109dpf,32C,1,plate_1_32,D,1,D1,2,Sample,NA,1,0.03454,,,,,,
20260704,109dpf,32C,1,plate_1_32,D,2,D2,5,Sample,NA,1,0.0113,,,,,,
20260704,109dpf,32C,1,plate_1_32,D,3,D3,7,Sample,NA,1,0.02067,,,,,,
20260704,109dpf,32C,1,plate_1_32,D,4,D4,15,Sample,NA,1,0.02734,,,,,,
20260704,109dpf,32C,1,plate_1_32,D,5,D5,17,Sample,NA,1,0.02088,,,,,,
20260704,109dpf,32C,1,plate_1_32,D,6,D6,18,Sample,NA,1,0.0178,,,,,,
20260704,109dpf,32C,1,plate_1_32,D,7,D7,49,Sample,NA,1,0.01268,,,,,,
20260704,109dpf,32C,1,plate_1_32,D,8,D8,53,Sample,NA,1,NA,,,,,,
20260704,109dpf,32C,1,plate_1_32,D,9,D9,54,Sample,NA,1,0.00715,,,,,,
20260704,109dpf,32C,1,plate_1_32,D,10,D10,55,Sample,NA,1,0.02022,,,,,,
20260704,109dpf,32C,1,plate_1_32,D,11,D11,56,Sample,NA,1,0.00856,,,,,,
20260704,109dpf,32C,1,plate_1_32,D,12,D12,58,Sample,NA,1,0.01421,,,,,,
20260704,109dpf,32C,1,plate_1_32,E,1,E1,2,Sample,NA,1,0.01727,,,,,,
20260704,109dpf,32C,1,plate_1_32,E,2,E2,5,Sample,NA,1,0.01446,,,,,,
20260704,109dpf,32C,1,plate_1_32,E,3,E3,NA,empty,NA,1,NA,,,,,,
20260704,109dpf,32C,1,plate_1_32,E,4,E4,15,Sample,NA,1,0.03688,,,,,,
20260704,109dpf,32C,1,plate_1_32,E,5,E5,17,Sample,NA,1,0.00809,,,,,,
20260704,109dpf,32C,1,plate_1_32,E,6,E6,18,Sample,NA,1,0.03661,,,,,,
20260704,109dpf,32C,1,plate_1_32,E,7,E7,49,Sample,NA,1,0.01792,,,,,,
20260704,109dpf,32C,1,plate_1_32,E,8,E8,53,Sample,NA,1,0.00875,,,,,,
20260704,109dpf,32C,1,plate_1_32,E,9,E9,54,Sample,NA,1,0.02496,,,,,,
20260704,109dpf,32C,1,plate_1_32,E,10,E10,55,Sample,NA,1,0.01872,,,,,,
20260704,109dpf,32C,1,plate_1_32,E,11,E11,56,Sample,NA,1,0.01829,,,,,,
20260704,109dpf,32C,1,plate_1_32,E,12,E12,58,Sample,NA,1,0.00303,,,,,,
20260704,109dpf,32C,1,plate_1_32,F,1,F1,2,Sample,NA,1,0.01724,,,,,,
20260704,109dpf,32C,1,plate_1_32,F,2,F2,5,Sample,NA,1,0.02598,,,,,,
20260704,109dpf,32C,1,plate_1_32,F,3,F3,7,Sample,NA,1,NA,,,,,,
20260704,109dpf,32C,1,plate_1_32,F,4,F4,15,Sample,NA,1,0.01359,,,,,,
20260704,109dpf,32C,1,plate_1_32,F,5,F5,17,Sample,NA,1,0.02149,,,,,,
20260704,109dpf,32C,1,plate_1_32,F,6,F6,18,Sample,NA,1,0.02287,,,,,,
20260704,109dpf,32C,1,plate_1_32,F,7,F7,49,Sample,NA,1,0.01902,,,,,,
20260704,109dpf,32C,1,plate_1_32,F,8,F8,53,Sample,NA,1,0.00787,,,,,,
20260704,109dpf,32C,1,plate_1_32,F,9,F9,54,Sample,NA,1,0.02637,,,,,,
20260704,109dpf,32C,1,plate_1_32,F,10,F10,55,Sample,NA,1,0.02359,,,,,,
20260704,109dpf,32C,1,plate_1_32,F,11,F11,56,Sample,NA,1,0.01529,,,,,,
20260704,109dpf,32C,1,plate_1_32,F,12,F12,58,Sample,NA,1,0.00538,,,,,,
20260704,109dpf,32C,1,plate_1_32,G,1,G1,NA,blank,NA,1,NA,,,,,,
20260704,109dpf,32C,1,plate_1_32,G,2,G2,NA,shell,NA,1,NA,,,,,,
20260704,109dpf,32C,1,plate_1_32,G,3,G3,NA,blank,NA,1,NA,,,,,,
20260704,109dpf,32C,1,plate_1_32,G,4,G4,NA,shell,NA,1,NA,,,,,,
20260704,109dpf,32C,1,plate_1_32,G,5,G5,NA,blank,NA,1,NA,,,,,,
20260704,109dpf,32C,1,plate_1_32,G,6,G6,NA,shell,NA,1,NA,,,,,,
20260704,109dpf,32C,1,plate_1_32,G,7,G7,NA,blank,NA,1,NA,,,,,,
20260704,109dpf,32C,1,plate_1_32,G,8,G8,NA,shell,NA,1,NA,,,,,,
20260704,109dpf,32C,1,plate_1_32,G,9,G9,NA,blank,NA,1,NA,,,,,,
20260704,109dpf,32C,1,plate_1_32,G,10,G10,NA,shell,NA,1,NA,,,,,,
20260704,109dpf,32C,1,plate_1_32,G,11,G11,NA,blank,NA,1,NA,,,,,,
20260704,109dpf,32C,1,plate_1_32,G,12,G12,NA,shell,NA,1,NA,,,,,,
20260706,111dpf,34C,1,plate_1_34,A,1,A1,2,Sample,NA,1,0.022,,,,,,
20260706,111dpf,34C,1,plate_1_34,A,2,A2,5,Sample,NA,1,0.0173,,,,,,
20260706,111dpf,34C,1,plate_1_34,A,3,A3,7,Sample,NA,1,0.02568,,,,,,
20260706,111dpf,34C,1,plate_1_34,A,4,A4,15,Sample,NA,1,0.02655,,,,,,
20260706,111dpf,34C,1,plate_1_34,A,5,A5,17,Sample,NA,1,0.03502,,,,,,
20260706,111dpf,34C,1,plate_1_34,A,6,A6,18,Sample,NA,1,0.03129,,,,,,
20260706,111dpf,34C,1,plate_1_34,A,7,A7,49,Sample,NA,1,0.02807,,,,,,
20260706,111dpf,34C,1,plate_1_34,A,8,A8,53,Sample,NA,1,0.0304,,,,,,
20260706,111dpf,34C,1,plate_1_34,A,9,A9,54,Sample,NA,1,0.02649,,,,,,
20260706,111dpf,34C,1,plate_1_34,A,10,A10,55,Sample,NA,1,0.02216,,,,,,
20260706,111dpf,34C,1,plate_1_34,A,11,A11,56,Sample,NA,1,0.00764,,,,,,
20260706,111dpf,34C,1,plate_1_34,A,12,A12,58,Sample,NA,1,0.01172,,,,,,
20260706,111dpf,34C,1,plate_1_34,B,1,B1,2,Sample,NA,1,0.04147,,,,,,
20260706,111dpf,34C,1,plate_1_34,B,2,B2,5,Sample,NA,1,0.01404,,,,,,
20260706,111dpf,34C,1,plate_1_34,B,3,B3,NA,empty,NA,1,NA,,,,,,
20260706,111dpf,34C,1,plate_1_34,B,4,B4,15,Sample,NA,1,0.03204,,,,,,
20260706,111dpf,34C,1,plate_1_34,B,5,B5,17,Sample,NA,1,0.03256,,,,,,
20260706,111dpf,34C,1,plate_1_34,B,6,B6,18,Sample,NA,1,0.03982,,,,,,
20260706,111dpf,34C,1,plate_1_34,B,7,B7,49,Sample,NA,1,0.0246,,,,,,
20260706,111dpf,34C,1,plate_1_34,B,8,B8,53,Sample,NA,1,0.01291,,,,,,
20260706,111dpf,34C,1,plate_1_34,B,9,B9,54,Sample,NA,1,0.02226,,,,,,
20260706,111dpf,34C,1,plate_1_34,B,10,B10,55,Sample,NA,1,0.01312,,,,,,
20260706,111dpf,34C,1,plate_1_34,B,11,B11,56,Sample,NA,1,0.01733,,,,,,
20260706,111dpf,34C,1,plate_1_34,B,12,B12,58,Sample,NA,1,0.01402,,,,,,
20260706,111dpf,34C,1,plate_1_34,C,1,C1,2,Sample,NA,1,0.03688,,,,,,
20260706,111dpf,34C,1,plate_1_34,C,2,C2,5,Sample,NA,1,0.01827,,,,,,
20260706,111dpf,34C,1,plate_1_34,C,3,C3,7,Sample,NA,1,0.03793,,,,,,
20260706,111dpf,34C,1,plate_1_34,C,4,C4,15,Sample,NA,1,0.03127,,,,,,
20260706,111dpf,34C,1,plate_1_34,C,5,C5,17,Sample,NA,1,0.03093,,,,,,
20260706,111dpf,34C,1,plate_1_34,C,6,C6,18,Sample,NA,1,0.03828,,,,,,
20260706,111dpf,34C,1,plate_1_34,C,7,C7,49,Sample,NA,1,0.01836,,,,,,
20260706,111dpf,34C,1,plate_1_34,C,8,C8,53,Sample,NA,1,0.02118,,,,,,
20260706,111dpf,34C,1,plate_1_34,C,9,C9,54,Sample,NA,1,0.01958,,,,,,
20260706,111dpf,34C,1,plate_1_34,C,10,C10,55,Sample,NA,1,0.01412,,,,,,
20260706,111dpf,34C,1,plate_1_34,C,11,C11,56,Sample,NA,1,0.0226,,,,,,
20260706,111dpf,34C,1,plate_1_34,C,12,C12,58,Sample,NA,1,0.01929,,,,,,
20260706,111dpf,34C,1,plate_1_34,D,1,D1,NA,empty,NA,1,NA,,,,,,
20260706,111dpf,34C,1,plate_1_34,D,2,D2,5,Sample,NA,1,NA,,,,,,
20260706,111dpf,34C,1,plate_1_34,D,3,D3,NA,empty,NA,1,NA,,,,,,
20260706,111dpf,34C,1,plate_1_34,D,4,D4,15,Sample,NA,1,0.01333,,,,,,
20260706,111dpf,34C,1,plate_1_34,D,5,D5,17,Sample,NA,1,0.00746,,,,,,
20260706,111dpf,34C,1,plate_1_34,D,6,D6,18,Sample,NA,1,0.01638,,,,,,
20260706,111dpf,34C,1,plate_1_34,D,7,D7,49,Sample,NA,1,0.01103,,,,,,
20260706,111dpf,34C,1,plate_1_34,D,8,D8,53,Sample,NA,1,0.02501,,,,,,
20260706,111dpf,34C,1,plate_1_34,D,9,D9,54,Sample,NA,1,0.02277,,,,,,
20260706,111dpf,34C,1,plate_1_34,D,10,D10,55,Sample,NA,1,0.00787,,,,,,
20260706,111dpf,34C,1,plate_1_34,D,11,D11,56,Sample,NA,1,0.03089,,,,,,
20260706,111dpf,34C,1,plate_1_34,D,12,D12,NA,empty,NA,1,NA,,,,,,
20260706,111dpf,34C,1,plate_1_34,E,1,E1,2,Sample,NA,1,0.02749,,,,,,
20260706,111dpf,34C,1,plate_1_34,E,2,E2,5,Sample,NA,1,0.03174,,,,,,
20260706,111dpf,34C,1,plate_1_34,E,3,E3,7,Sample,NA,1,0.02691,,,,,,
20260706,111dpf,34C,1,plate_1_34,E,4,E4,15,Sample,NA,1,0.0277,,,,,,
20260706,111dpf,34C,1,plate_1_34,E,5,E5,17,Sample,NA,1,0.00408,,,,,,
20260706,111dpf,34C,1,plate_1_34,E,6,E6,18,Sample,NA,1,0.0314,,,,,,
20260706,111dpf,34C,1,plate_1_34,E,7,E7,49,Sample,NA,1,NA,,,,,,
20260706,111dpf,34C,1,plate_1_34,E,8,E8,53,Sample,NA,1,0.01794,,,,,,
20260706,111dpf,34C,1,plate_1_34,E,9,E9,54,Sample,NA,1,0.01495,,,,,,
20260706,111dpf,34C,1,plate_1_34,E,10,E10,55,Sample,NA,1,0.00466,,,,,,
20260706,111dpf,34C,1,plate_1_34,E,11,E11,56,Sample,NA,1,0.03028,,,,,,
20260706,111dpf,34C,1,plate_1_34,E,12,E12,58,Sample,NA,1,-1.04029,,,,,,
20260706,111dpf,34C,1,plate_1_34,F,1,F1,2,Sample,NA,1,0.02388,,,,,,
20260706,111dpf,34C,1,plate_1_34,F,2,F2,5,Sample,NA,1,0.01035,,,,,,
20260706,111dpf,34C,1,plate_1_34,F,3,F3,7,Sample,NA,1,0.05227,,,,,,
20260706,111dpf,34C,1,plate_1_34,F,4,F4,15,Sample,NA,1,NA,,,,,,
20260706,111dpf,34C,1,plate_1_34,F,5,F5,17,Sample,NA,1,0.04332,,,,,,
20260706,111dpf,34C,1,plate_1_34,F,6,F6,18,Sample,NA,1,NA,,,,,,
20260706,111dpf,34C,1,plate_1_34,F,7,F7,49,Sample,NA,1,0.0137,,,,,,
20260706,111dpf,34C,1,plate_1_34,F,8,F8,53,Sample,NA,1,0.01385,,,,,,
20260706,111dpf,34C,1,plate_1_34,F,9,F9,54,Sample,NA,1,0.02652,,,,,,
20260706,111dpf,34C,1,plate_1_34,F,10,F10,55,Sample,NA,1,0.0149,,,,,,
20260706,111dpf,34C,1,plate_1_34,F,11,F11,56,Sample,NA,1,-0.00998,,,,,,
20260706,111dpf,34C,1,plate_1_34,F,12,F12,58,Sample,NA,1,0.01623,,,,,,
20260706,111dpf,34C,1,plate_1_34,G,1,G1,NA,blank,NA,1,NA,,,,,,
20260706,111dpf,34C,1,plate_1_34,G,2,G2,NA,shell,NA,1,NA,,,,,,
20260706,111dpf,34C,1,plate_1_34,G,3,G3,NA,blank,NA,1,NA,,,,,,
20260706,111dpf,34C,1,plate_1_34,G,4,G4,NA,shell,NA,1,NA,,,,,,
20260706,111dpf,34C,1,plate_1_34,G,5,G5,NA,blank,NA,1,NA,,,,,,
20260706,111dpf,34C,1,plate_1_34,G,6,G6,NA,shell,NA,1,NA,,,,,,
20260706,111dpf,34C,1,plate_1_34,G,7,G7,NA,blank,NA,1,NA,,,,,,
20260706,111dpf,34C,1,plate_1_34,G,8,G8,NA,shell,NA,1,NA,,,,,,
20260706,111dpf,34C,1,plate_1_34,G,9,G9,NA,blank,NA,1,NA,,,,,,
20260706,111dpf,34C,1,plate_1_34,G,10,G10,NA,shell,NA,1,NA,,,,,,
20260706,111dpf,34C,1,plate_1_34,G,11,G11,NA,blank,NA,1,NA,,,,,,
20260706,111dpf,34C,1,plate_1_34,G,12,G12,NA,shell,NA,1,NA,,,,,,
20260710,115dpf,38C,1,plate_1_38,A,1,A1,2,Sample,NA,1,0.025,,,,,,
20260710,115dpf,38C,1,plate_1_38,A,2,A2,5,Sample,NA,1,0.03305,,,,,,
20260710,115dpf,38C,1,plate_1_38,A,3,A3,7,Sample,NA,1,0.01742,,,,,,
20260710,115dpf,38C,1,plate_1_38,A,4,A4,15,Sample,NA,1,0.02631,,,,,,
20260710,115dpf,38C,1,plate_1_38,A,5,A5,17,Sample,NA,1,0.02978,,,,,,
20260710,115dpf,38C,1,plate_1_38,A,6,A6,18,Sample,NA,1,0.02067,,,,,,
20260710,115dpf,38C,1,plate_1_38,A,7,A7,49,Sample,NA,1,0.01299,,,,,,
20260710,115dpf,38C,1,plate_1_38,A,8,A8,53,Sample,NA,1,0.00758,,,,,,
20260710,115dpf,38C,1,plate_1_38,A,9,A9,54,Sample,NA,1,0.02154,,,,,,
20260710,115dpf,38C,1,plate_1_38,A,10,A10,55,Sample,NA,1,0.01901,,,,,,
20260710,115dpf,38C,1,plate_1_38,A,11,A11,56,Sample,NA,1,0.00708,,,,,,
20260710,115dpf,38C,1,plate_1_38,A,12,A12,58,Sample,NA,1,0.01361,,,,,,
20260710,115dpf,38C,1,plate_1_38,B,1,B1,2,Sample,NA,1,0.03352,,,,,,
20260710,115dpf,38C,1,plate_1_38,B,2,B2,NA,empty,NA,1,NA,,,,,,
20260710,115dpf,38C,1,plate_1_38,B,3,B3,7,Sample,NA,1,0.01359,,,,,,
20260710,115dpf,38C,1,plate_1_38,B,4,B4,15,Sample,NA,1,0.02155,,,,,,
20260710,115dpf,38C,1,plate_1_38,B,5,B5,17,Sample,NA,1,0.01204,,,,,,
20260710,115dpf,38C,1,plate_1_38,B,6,B6,18,Sample,NA,1,0.0275,,,,,,
20260710,115dpf,38C,1,plate_1_38,B,7,B7,49,Sample,NA,1,0.01539,,,,,,
20260710,115dpf,38C,1,plate_1_38,B,8,B8,NA,empty,NA,1,0.00361,,,,,,
20260710,115dpf,38C,1,plate_1_38,B,9,B9,54,Sample,NA,1,0.01107,,,,,,
20260710,115dpf,38C,1,plate_1_38,B,10,B10,55,Sample,NA,1,NA,,,,,,
20260710,115dpf,38C,1,plate_1_38,B,11,B11,56,Sample,NA,1,0.0109,,,,,,
20260710,115dpf,38C,1,plate_1_38,B,12,B12,58,Sample,NA,1,NA,,,,,,
20260710,115dpf,38C,1,plate_1_38,C,1,C1,2,Sample,NA,1,0.02774,,,,,,
20260710,115dpf,38C,1,plate_1_38,C,2,C2,5,Sample,NA,1,0.03048,,,,,,
20260710,115dpf,38C,1,plate_1_38,C,3,C3,7,Sample,NA,1,NA,,,,,,
20260710,115dpf,38C,1,plate_1_38,C,4,C4,15,Sample,NA,1,NA,,,,,,
20260710,115dpf,38C,1,plate_1_38,C,5,C5,17,Sample,NA,1,0.00184,,,,,,
20260710,115dpf,38C,1,plate_1_38,C,6,C6,18,Sample,NA,1,0.02018,,,,,,
20260710,115dpf,38C,1,plate_1_38,C,7,C7,49,Sample,NA,1,0.01389,,,,,,
20260710,115dpf,38C,1,plate_1_38,C,8,C8,53,Sample,NA,1,0.02108,,,,,,
20260710,115dpf,38C,1,plate_1_38,C,9,C9,54,Sample,NA,1,0.0222,,,,,,
20260710,115dpf,38C,1,plate_1_38,C,10,C10,55,Sample,NA,1,0.03353,,,,,,
20260710,115dpf,38C,1,plate_1_38,C,11,C11,56,Sample,NA,1,0.02628,,,,,,
20260710,115dpf,38C,1,plate_1_38,C,12,C12,NA,empty,NA,1,NA,,,,,,
20260710,115dpf,38C,1,plate_1_38,D,1,D1,2,Sample,NA,1,0.01169,,,,,,
20260710,115dpf,38C,1,plate_1_38,D,2,D2,5,Sample,NA,1,NA,,,,,,
20260710,115dpf,38C,1,plate_1_38,D,3,D3,7,Sample,NA,1,0.01279,,,,,,
20260710,115dpf,38C,1,plate_1_38,D,4,D4,15,Sample,NA,1,0.01457,,,,,,
20260710,115dpf,38C,1,plate_1_38,D,5,D5,17,Sample,NA,1,0.02075,,,,,,
20260710,115dpf,38C,1,plate_1_38,D,6,D6,18,Sample,NA,1,0.01986,,,,,,
20260710,115dpf,38C,1,plate_1_38,D,7,D7,49,Sample,NA,1,-1.05912,,,,,,
20260710,115dpf,38C,1,plate_1_38,D,8,D8,53,Sample,NA,1,NA,,,,,,
20260710,115dpf,38C,1,plate_1_38,D,9,D9,54,Sample,NA,1,0.00924,,,,,,
20260710,115dpf,38C,1,plate_1_38,D,10,D10,55,Sample,NA,1,0.01352,,,,,,
20260710,115dpf,38C,1,plate_1_38,D,11,D11,56,Sample,NA,1,0.01313,,,,,,
20260710,115dpf,38C,1,plate_1_38,D,12,D12,58,Sample,NA,1,NA,,,,,,
20260710,115dpf,38C,1,plate_1_38,E,1,E1,2,Sample,NA,1,0.02812,,,,,,
20260710,115dpf,38C,1,plate_1_38,E,2,E2,5,Sample,NA,1,0.02567,,,,,,
20260710,115dpf,38C,1,plate_1_38,E,3,E3,NA,empty,NA,1,0.00848,,,,,,
20260710,115dpf,38C,1,plate_1_38,E,4,E4,NA,empty,NA,1,0.0496,,,,,,
20260710,115dpf,38C,1,plate_1_38,E,5,E5,17,Sample,NA,1,0.01495,,,,,,
20260710,115dpf,38C,1,plate_1_38,E,6,E6,18,Sample,NA,1,0.01018,,,,,,
20260710,115dpf,38C,1,plate_1_38,E,7,E7,49,Sample,NA,1,0.00369,,,,,,
20260710,115dpf,38C,1,plate_1_38,E,8,E8,53,Sample,NA,1,0.01767,,,,,,
20260710,115dpf,38C,1,plate_1_38,E,9,E9,54,Sample,NA,1,0.02535,,,,,,
20260710,115dpf,38C,1,plate_1_38,E,10,E10,55,Sample,NA,1,0.01851,,,,,,
20260710,115dpf,38C,1,plate_1_38,E,11,E11,56,Sample,NA,1,0.02542,,,,,,
20260710,115dpf,38C,1,plate_1_38,E,12,E12,NA,empty,NA,1,0.02437,,,,,,
20260710,115dpf,38C,1,plate_1_38,F,1,F1,2,Sample,NA,1,0.01074,,,,,,
20260710,115dpf,38C,1,plate_1_38,F,2,F2,5,Sample,NA,1,0.00677,,,,,,
20260710,115dpf,38C,1,plate_1_38,F,3,F3,7,Sample,NA,1,0.02356,,,,,,
20260710,115dpf,38C,1,plate_1_38,F,4,F4,15,Sample,NA,1,0.01309,,,,,,
20260710,115dpf,38C,1,plate_1_38,F,5,F5,17,Sample,NA,1,0.00948,,,,,,
20260710,115dpf,38C,1,plate_1_38,F,6,F6,18,Sample,NA,1,0.02377,,,,,,
20260710,115dpf,38C,1,plate_1_38,F,7,F7,49,Sample,NA,1,0.01859,,,,,,
20260710,115dpf,38C,1,plate_1_38,F,8,F8,53,Sample,NA,1,NA,,,,,,
20260710,115dpf,38C,1,plate_1_38,F,9,F9,54,Sample,NA,1,0.0175,,,,,,
20260710,115dpf,38C,1,plate_1_38,F,10,F10,55,Sample,NA,1,0.00823,,,,,,
20260710,115dpf,38C,1,plate_1_38,F,11,F11,56,Sample,NA,1,0.01734,,,,,,
20260710,115dpf,38C,1,plate_1_38,F,12,F12,58,Sample,NA,1,0.01359,,,,,,
20260710,115dpf,38C,1,plate_1_38,G,1,G1,NA,blank,NA,1,NA,,,,,,
20260710,115dpf,38C,1,plate_1_38,G,2,G2,NA,shell,NA,1,NA,,,,,,
20260710,115dpf,38C,1,plate_1_38,G,3,G3,NA,blank,NA,1,NA,,,,,,
20260710,115dpf,38C,1,plate_1_38,G,4,G4,NA,shell,NA,1,NA,,,,,,
20260710,115dpf,38C,1,plate_1_38,G,5,G5,NA,blank,NA,1,NA,,,,,,
20260710,115dpf,38C,1,plate_1_38,G,6,G6,NA,shell,NA,1,NA,,,,,,
20260710,115dpf,38C,1,plate_1_38,G,7,G7,NA,blank,NA,1,NA,,,,,,
20260710,115dpf,38C,1,plate_1_38,G,8,G8,NA,shell,NA,1,NA,,,,,,
20260710,115dpf,38C,1,plate_1_38,G,9,G9,NA,blank,NA,1,NA,,,,,,
20260710,115dpf,38C,1,plate_1_38,G,10,G10,NA,shell,NA,1,NA,,,,,,
20260710,115dpf,38C,1,plate_1_38,G,11,G11,NA,blank,NA,1,NA,,,,,,
20260710,115dpf,38C,1,plate_1_38,G,12,G12,NA,shell,NA,1,NA,,,,,,