"","Plate_row","Plate_col","flourescence","filename","timepoint","plate","Well","time","Date","gain","PlateID"
"1","A","1","766","NIFA_Resazurin_30_T0_02072026_1104_g65","T0","NIFA_Resazurin_30_T0_02072026_1104_g65","A1",2026-07-02 11:04:00,20260702,65,"T0_30C_65g"
"2","A","2","833","NIFA_Resazurin_30_T0_02072026_1104_g65","T0","NIFA_Resazurin_30_T0_02072026_1104_g65","A2",2026-07-02 11:04:00,20260702,65,"T0_30C_65g"
"3","A","3","881","NIFA_Resazurin_30_T0_02072026_1104_g65","T0","NIFA_Resazurin_30_T0_02072026_1104_g65","A3",2026-07-02 11:04:00,20260702,65,"T0_30C_65g"
"4","A","4","782","NIFA_Resazurin_30_T0_02072026_1104_g65","T0","NIFA_Resazurin_30_T0_02072026_1104_g65","A4",2026-07-02 11:04:00,20260702,65,"T0_30C_65g"
"5","A","5","775","NIFA_Resazurin_30_T0_02072026_1104_g65","T0","NIFA_Resazurin_30_T0_02072026_1104_g65","A5",2026-07-02 11:04:00,20260702,65,"T0_30C_65g"
"6","A","6","811","NIFA_Resazurin_30_T0_02072026_1104_g65","T0","NIFA_Resazurin_30_T0_02072026_1104_g65","A6",2026-07-02 11:04:00,20260702,65,"T0_30C_65g"
"7","A","7","741","NIFA_Resazurin_30_T0_02072026_1104_g65","T0","NIFA_Resazurin_30_T0_02072026_1104_g65","A7",2026-07-02 11:04:00,20260702,65,"T0_30C_65g"
"8","A","8","749","NIFA_Resazurin_30_T0_02072026_1104_g65","T0","NIFA_Resazurin_30_T0_02072026_1104_g65","A8",2026-07-02 11:04:00,20260702,65,"T0_30C_65g"
"9","A","9","949","NIFA_Resazurin_30_T0_02072026_1104_g65","T0","NIFA_Resazurin_30_T0_02072026_1104_g65","A9",2026-07-02 11:04:00,20260702,65,"T0_30C_65g"
"10","A","10","864","NIFA_Resazurin_30_T0_02072026_1104_g65","T0","NIFA_Resazurin_30_T0_02072026_1104_g65","A10",2026-07-02 11:04:00,20260702,65,"T0_30C_65g"
"11","A","11","820","NIFA_Resazurin_30_T0_02072026_1104_g65","T0","NIFA_Resazurin_30_T0_02072026_1104_g65","A11",2026-07-02 11:04:00,20260702,65,"T0_30C_65g"
"12","A","12","847","NIFA_Resazurin_30_T0_02072026_1104_g65","T0","NIFA_Resazurin_30_T0_02072026_1104_g65","A12",2026-07-02 11:04:00,20260702,65,"T0_30C_65g"
"13","B","1","828","NIFA_Resazurin_30_T0_02072026_1104_g65","T0","NIFA_Resazurin_30_T0_02072026_1104_g65","B1",2026-07-02 11:04:00,20260702,65,"T0_30C_65g"
"14","B","2","992","NIFA_Resazurin_30_T0_02072026_1104_g65","T0","NIFA_Resazurin_30_T0_02072026_1104_g65","B2",2026-07-02 11:04:00,20260702,65,"T0_30C_65g"
"15","B","3","906","NIFA_Resazurin_30_T0_02072026_1104_g65","T0","NIFA_Resazurin_30_T0_02072026_1104_g65","B3",2026-07-02 11:04:00,20260702,65,"T0_30C_65g"
"16","B","4","819","NIFA_Resazurin_30_T0_02072026_1104_g65","T0","NIFA_Resazurin_30_T0_02072026_1104_g65","B4",2026-07-02 11:04:00,20260702,65,"T0_30C_65g"
"17","B","5","870","NIFA_Resazurin_30_T0_02072026_1104_g65","T0","NIFA_Resazurin_30_T0_02072026_1104_g65","B5",2026-07-02 11:04:00,20260702,65,"T0_30C_65g"
"18","B","6","896","NIFA_Resazurin_30_T0_02072026_1104_g65","T0","NIFA_Resazurin_30_T0_02072026_1104_g65","B6",2026-07-02 11:04:00,20260702,65,"T0_30C_65g"
"19","B","7","1522","NIFA_Resazurin_30_T0_02072026_1104_g65","T0","NIFA_Resazurin_30_T0_02072026_1104_g65","B7",2026-07-02 11:04:00,20260702,65,"T0_30C_65g"
"20","B","8","714","NIFA_Resazurin_30_T0_02072026_1104_g65","T0","NIFA_Resazurin_30_T0_02072026_1104_g65","B8",2026-07-02 11:04:00,20260702,65,"T0_30C_65g"
"21","B","9","1014","NIFA_Resazurin_30_T0_02072026_1104_g65","T0","NIFA_Resazurin_30_T0_02072026_1104_g65","B9",2026-07-02 11:04:00,20260702,65,"T0_30C_65g"
"22","B","10","835","NIFA_Resazurin_30_T0_02072026_1104_g65","T0","NIFA_Resazurin_30_T0_02072026_1104_g65","B10",2026-07-02 11:04:00,20260702,65,"T0_30C_65g"
"23","B","11","893","NIFA_Resazurin_30_T0_02072026_1104_g65","T0","NIFA_Resazurin_30_T0_02072026_1104_g65","B11",2026-07-02 11:04:00,20260702,65,"T0_30C_65g"
"24","B","12","866","NIFA_Resazurin_30_T0_02072026_1104_g65","T0","NIFA_Resazurin_30_T0_02072026_1104_g65","B12",2026-07-02 11:04:00,20260702,65,"T0_30C_65g"
"25","C","1","814","NIFA_Resazurin_30_T0_02072026_1104_g65","T0","NIFA_Resazurin_30_T0_02072026_1104_g65","C1",2026-07-02 11:04:00,20260702,65,"T0_30C_65g"
"26","C","2","1038","NIFA_Resazurin_30_T0_02072026_1104_g65","T0","NIFA_Resazurin_30_T0_02072026_1104_g65","C2",2026-07-02 11:04:00,20260702,65,"T0_30C_65g"
"27","C","3","785","NIFA_Resazurin_30_T0_02072026_1104_g65","T0","NIFA_Resazurin_30_T0_02072026_1104_g65","C3",2026-07-02 11:04:00,20260702,65,"T0_30C_65g"
"28","C","4","795","NIFA_Resazurin_30_T0_02072026_1104_g65","T0","NIFA_Resazurin_30_T0_02072026_1104_g65","C4",2026-07-02 11:04:00,20260702,65,"T0_30C_65g"
"29","C","5","806","NIFA_Resazurin_30_T0_02072026_1104_g65","T0","NIFA_Resazurin_30_T0_02072026_1104_g65","C5",2026-07-02 11:04:00,20260702,65,"T0_30C_65g"
"30","C","6","756","NIFA_Resazurin_30_T0_02072026_1104_g65","T0","NIFA_Resazurin_30_T0_02072026_1104_g65","C6",2026-07-02 11:04:00,20260702,65,"T0_30C_65g"
"31","C","7","786","NIFA_Resazurin_30_T0_02072026_1104_g65","T0","NIFA_Resazurin_30_T0_02072026_1104_g65","C7",2026-07-02 11:04:00,20260702,65,"T0_30C_65g"
"32","C","8","731","NIFA_Resazurin_30_T0_02072026_1104_g65","T0","NIFA_Resazurin_30_T0_02072026_1104_g65","C8",2026-07-02 11:04:00,20260702,65,"T0_30C_65g"
"33","C","9","854","NIFA_Resazurin_30_T0_02072026_1104_g65","T0","NIFA_Resazurin_30_T0_02072026_1104_g65","C9",2026-07-02 11:04:00,20260702,65,"T0_30C_65g"
"34","C","10","781","NIFA_Resazurin_30_T0_02072026_1104_g65","T0","NIFA_Resazurin_30_T0_02072026_1104_g65","C10",2026-07-02 11:04:00,20260702,65,"T0_30C_65g"
"35","C","11","801","NIFA_Resazurin_30_T0_02072026_1104_g65","T0","NIFA_Resazurin_30_T0_02072026_1104_g65","C11",2026-07-02 11:04:00,20260702,65,"T0_30C_65g"
"36","C","12","857","NIFA_Resazurin_30_T0_02072026_1104_g65","T0","NIFA_Resazurin_30_T0_02072026_1104_g65","C12",2026-07-02 11:04:00,20260702,65,"T0_30C_65g"
"37","D","1","901","NIFA_Resazurin_30_T0_02072026_1104_g65","T0","NIFA_Resazurin_30_T0_02072026_1104_g65","D1",2026-07-02 11:04:00,20260702,65,"T0_30C_65g"
"38","D","2","848","NIFA_Resazurin_30_T0_02072026_1104_g65","T0","NIFA_Resazurin_30_T0_02072026_1104_g65","D2",2026-07-02 11:04:00,20260702,65,"T0_30C_65g"
"39","D","3","785","NIFA_Resazurin_30_T0_02072026_1104_g65","T0","NIFA_Resazurin_30_T0_02072026_1104_g65","D3",2026-07-02 11:04:00,20260702,65,"T0_30C_65g"
"40","D","4","864","NIFA_Resazurin_30_T0_02072026_1104_g65","T0","NIFA_Resazurin_30_T0_02072026_1104_g65","D4",2026-07-02 11:04:00,20260702,65,"T0_30C_65g"
"41","D","5","725","NIFA_Resazurin_30_T0_02072026_1104_g65","T0","NIFA_Resazurin_30_T0_02072026_1104_g65","D5",2026-07-02 11:04:00,20260702,65,"T0_30C_65g"
"42","D","6","863","NIFA_Resazurin_30_T0_02072026_1104_g65","T0","NIFA_Resazurin_30_T0_02072026_1104_g65","D6",2026-07-02 11:04:00,20260702,65,"T0_30C_65g"
"43","D","7","734","NIFA_Resazurin_30_T0_02072026_1104_g65","T0","NIFA_Resazurin_30_T0_02072026_1104_g65","D7",2026-07-02 11:04:00,20260702,65,"T0_30C_65g"
"44","D","8","751","NIFA_Resazurin_30_T0_02072026_1104_g65","T0","NIFA_Resazurin_30_T0_02072026_1104_g65","D8",2026-07-02 11:04:00,20260702,65,"T0_30C_65g"
"45","D","9","796","NIFA_Resazurin_30_T0_02072026_1104_g65","T0","NIFA_Resazurin_30_T0_02072026_1104_g65","D9",2026-07-02 11:04:00,20260702,65,"T0_30C_65g"
"46","D","10","892","NIFA_Resazurin_30_T0_02072026_1104_g65","T0","NIFA_Resazurin_30_T0_02072026_1104_g65","D10",2026-07-02 11:04:00,20260702,65,"T0_30C_65g"
"47","D","11","815","NIFA_Resazurin_30_T0_02072026_1104_g65","T0","NIFA_Resazurin_30_T0_02072026_1104_g65","D11",2026-07-02 11:04:00,20260702,65,"T0_30C_65g"
"48","D","12","818","NIFA_Resazurin_30_T0_02072026_1104_g65","T0","NIFA_Resazurin_30_T0_02072026_1104_g65","D12",2026-07-02 11:04:00,20260702,65,"T0_30C_65g"
"49","E","1","886","NIFA_Resazurin_30_T0_02072026_1104_g65","T0","NIFA_Resazurin_30_T0_02072026_1104_g65","E1",2026-07-02 11:04:00,20260702,65,"T0_30C_65g"
"50","E","2","859","NIFA_Resazurin_30_T0_02072026_1104_g65","T0","NIFA_Resazurin_30_T0_02072026_1104_g65","E2",2026-07-02 11:04:00,20260702,65,"T0_30C_65g"
"51","E","3","836","NIFA_Resazurin_30_T0_02072026_1104_g65","T0","NIFA_Resazurin_30_T0_02072026_1104_g65","E3",2026-07-02 11:04:00,20260702,65,"T0_30C_65g"
"52","E","4","920","NIFA_Resazurin_30_T0_02072026_1104_g65","T0","NIFA_Resazurin_30_T0_02072026_1104_g65","E4",2026-07-02 11:04:00,20260702,65,"T0_30C_65g"
"53","E","5","749","NIFA_Resazurin_30_T0_02072026_1104_g65","T0","NIFA_Resazurin_30_T0_02072026_1104_g65","E5",2026-07-02 11:04:00,20260702,65,"T0_30C_65g"
"54","E","6","841","NIFA_Resazurin_30_T0_02072026_1104_g65","T0","NIFA_Resazurin_30_T0_02072026_1104_g65","E6",2026-07-02 11:04:00,20260702,65,"T0_30C_65g"
"55","E","7","760","NIFA_Resazurin_30_T0_02072026_1104_g65","T0","NIFA_Resazurin_30_T0_02072026_1104_g65","E7",2026-07-02 11:04:00,20260702,65,"T0_30C_65g"
"56","E","8","719","NIFA_Resazurin_30_T0_02072026_1104_g65","T0","NIFA_Resazurin_30_T0_02072026_1104_g65","E8",2026-07-02 11:04:00,20260702,65,"T0_30C_65g"
"57","E","9","801","NIFA_Resazurin_30_T0_02072026_1104_g65","T0","NIFA_Resazurin_30_T0_02072026_1104_g65","E9",2026-07-02 11:04:00,20260702,65,"T0_30C_65g"
"58","E","10","790","NIFA_Resazurin_30_T0_02072026_1104_g65","T0","NIFA_Resazurin_30_T0_02072026_1104_g65","E10",2026-07-02 11:04:00,20260702,65,"T0_30C_65g"
"59","E","11","841","NIFA_Resazurin_30_T0_02072026_1104_g65","T0","NIFA_Resazurin_30_T0_02072026_1104_g65","E11",2026-07-02 11:04:00,20260702,65,"T0_30C_65g"
"60","E","12","858","NIFA_Resazurin_30_T0_02072026_1104_g65","T0","NIFA_Resazurin_30_T0_02072026_1104_g65","E12",2026-07-02 11:04:00,20260702,65,"T0_30C_65g"
"61","F","1","1029","NIFA_Resazurin_30_T0_02072026_1104_g65","T0","NIFA_Resazurin_30_T0_02072026_1104_g65","F1",2026-07-02 11:04:00,20260702,65,"T0_30C_65g"
"62","F","2","790","NIFA_Resazurin_30_T0_02072026_1104_g65","T0","NIFA_Resazurin_30_T0_02072026_1104_g65","F2",2026-07-02 11:04:00,20260702,65,"T0_30C_65g"
"63","F","3","855","NIFA_Resazurin_30_T0_02072026_1104_g65","T0","NIFA_Resazurin_30_T0_02072026_1104_g65","F3",2026-07-02 11:04:00,20260702,65,"T0_30C_65g"
"64","F","4","970","NIFA_Resazurin_30_T0_02072026_1104_g65","T0","NIFA_Resazurin_30_T0_02072026_1104_g65","F4",2026-07-02 11:04:00,20260702,65,"T0_30C_65g"
"65","F","5","787","NIFA_Resazurin_30_T0_02072026_1104_g65","T0","NIFA_Resazurin_30_T0_02072026_1104_g65","F5",2026-07-02 11:04:00,20260702,65,"T0_30C_65g"
"66","F","6","808","NIFA_Resazurin_30_T0_02072026_1104_g65","T0","NIFA_Resazurin_30_T0_02072026_1104_g65","F6",2026-07-02 11:04:00,20260702,65,"T0_30C_65g"
"67","F","7","780","NIFA_Resazurin_30_T0_02072026_1104_g65","T0","NIFA_Resazurin_30_T0_02072026_1104_g65","F7",2026-07-02 11:04:00,20260702,65,"T0_30C_65g"
"68","F","8","754","NIFA_Resazurin_30_T0_02072026_1104_g65","T0","NIFA_Resazurin_30_T0_02072026_1104_g65","F8",2026-07-02 11:04:00,20260702,65,"T0_30C_65g"
"69","F","9","808","NIFA_Resazurin_30_T0_02072026_1104_g65","T0","NIFA_Resazurin_30_T0_02072026_1104_g65","F9",2026-07-02 11:04:00,20260702,65,"T0_30C_65g"
"70","F","10","1012","NIFA_Resazurin_30_T0_02072026_1104_g65","T0","NIFA_Resazurin_30_T0_02072026_1104_g65","F10",2026-07-02 11:04:00,20260702,65,"T0_30C_65g"
"71","F","11","774","NIFA_Resazurin_30_T0_02072026_1104_g65","T0","NIFA_Resazurin_30_T0_02072026_1104_g65","F11",2026-07-02 11:04:00,20260702,65,"T0_30C_65g"
"72","F","12","792","NIFA_Resazurin_30_T0_02072026_1104_g65","T0","NIFA_Resazurin_30_T0_02072026_1104_g65","F12",2026-07-02 11:04:00,20260702,65,"T0_30C_65g"
"73","G","1","767","NIFA_Resazurin_30_T0_02072026_1104_g65","T0","NIFA_Resazurin_30_T0_02072026_1104_g65","G1",2026-07-02 11:04:00,20260702,65,"T0_30C_65g"
"74","G","2","747","NIFA_Resazurin_30_T0_02072026_1104_g65","T0","NIFA_Resazurin_30_T0_02072026_1104_g65","G2",2026-07-02 11:04:00,20260702,65,"T0_30C_65g"
"75","G","3","764","NIFA_Resazurin_30_T0_02072026_1104_g65","T0","NIFA_Resazurin_30_T0_02072026_1104_g65","G3",2026-07-02 11:04:00,20260702,65,"T0_30C_65g"
"76","G","4","740","NIFA_Resazurin_30_T0_02072026_1104_g65","T0","NIFA_Resazurin_30_T0_02072026_1104_g65","G4",2026-07-02 11:04:00,20260702,65,"T0_30C_65g"
"77","G","5","754","NIFA_Resazurin_30_T0_02072026_1104_g65","T0","NIFA_Resazurin_30_T0_02072026_1104_g65","G5",2026-07-02 11:04:00,20260702,65,"T0_30C_65g"
"78","G","6","753","NIFA_Resazurin_30_T0_02072026_1104_g65","T0","NIFA_Resazurin_30_T0_02072026_1104_g65","G6",2026-07-02 11:04:00,20260702,65,"T0_30C_65g"
"79","G","7","773","NIFA_Resazurin_30_T0_02072026_1104_g65","T0","NIFA_Resazurin_30_T0_02072026_1104_g65","G7",2026-07-02 11:04:00,20260702,65,"T0_30C_65g"
"80","G","8","793","NIFA_Resazurin_30_T0_02072026_1104_g65","T0","NIFA_Resazurin_30_T0_02072026_1104_g65","G8",2026-07-02 11:04:00,20260702,65,"T0_30C_65g"
"81","G","9","772","NIFA_Resazurin_30_T0_02072026_1104_g65","T0","NIFA_Resazurin_30_T0_02072026_1104_g65","G9",2026-07-02 11:04:00,20260702,65,"T0_30C_65g"
"82","G","10","984","NIFA_Resazurin_30_T0_02072026_1104_g65","T0","NIFA_Resazurin_30_T0_02072026_1104_g65","G10",2026-07-02 11:04:00,20260702,65,"T0_30C_65g"
"83","G","11","779","NIFA_Resazurin_30_T0_02072026_1104_g65","T0","NIFA_Resazurin_30_T0_02072026_1104_g65","G11",2026-07-02 11:04:00,20260702,65,"T0_30C_65g"
"84","G","12","845","NIFA_Resazurin_30_T0_02072026_1104_g65","T0","NIFA_Resazurin_30_T0_02072026_1104_g65","G12",2026-07-02 11:04:00,20260702,65,"T0_30C_65g"
"85","A","1","1289","NIFA_Resazurin_30_T0_02072026_1104_g70","T0","NIFA_Resazurin_30_T0_02072026_1104_g70","A1",2026-07-02 11:04:00,20260702,70,"T0_30C_70g"
"86","A","2","1407","NIFA_Resazurin_30_T0_02072026_1104_g70","T0","NIFA_Resazurin_30_T0_02072026_1104_g70","A2",2026-07-02 11:04:00,20260702,70,"T0_30C_70g"
"87","A","3","1472","NIFA_Resazurin_30_T0_02072026_1104_g70","T0","NIFA_Resazurin_30_T0_02072026_1104_g70","A3",2026-07-02 11:04:00,20260702,70,"T0_30C_70g"
"88","A","4","1304","NIFA_Resazurin_30_T0_02072026_1104_g70","T0","NIFA_Resazurin_30_T0_02072026_1104_g70","A4",2026-07-02 11:04:00,20260702,70,"T0_30C_70g"
"89","A","5","1308","NIFA_Resazurin_30_T0_02072026_1104_g70","T0","NIFA_Resazurin_30_T0_02072026_1104_g70","A5",2026-07-02 11:04:00,20260702,70,"T0_30C_70g"
"90","A","6","1370","NIFA_Resazurin_30_T0_02072026_1104_g70","T0","NIFA_Resazurin_30_T0_02072026_1104_g70","A6",2026-07-02 11:04:00,20260702,70,"T0_30C_70g"
"91","A","7","1251","NIFA_Resazurin_30_T0_02072026_1104_g70","T0","NIFA_Resazurin_30_T0_02072026_1104_g70","A7",2026-07-02 11:04:00,20260702,70,"T0_30C_70g"
"92","A","8","1261","NIFA_Resazurin_30_T0_02072026_1104_g70","T0","NIFA_Resazurin_30_T0_02072026_1104_g70","A8",2026-07-02 11:04:00,20260702,70,"T0_30C_70g"
"93","A","9","1590","NIFA_Resazurin_30_T0_02072026_1104_g70","T0","NIFA_Resazurin_30_T0_02072026_1104_g70","A9",2026-07-02 11:04:00,20260702,70,"T0_30C_70g"
"94","A","10","1457","NIFA_Resazurin_30_T0_02072026_1104_g70","T0","NIFA_Resazurin_30_T0_02072026_1104_g70","A10",2026-07-02 11:04:00,20260702,70,"T0_30C_70g"
"95","A","11","1392","NIFA_Resazurin_30_T0_02072026_1104_g70","T0","NIFA_Resazurin_30_T0_02072026_1104_g70","A11",2026-07-02 11:04:00,20260702,70,"T0_30C_70g"
"96","A","12","1447","NIFA_Resazurin_30_T0_02072026_1104_g70","T0","NIFA_Resazurin_30_T0_02072026_1104_g70","A12",2026-07-02 11:04:00,20260702,70,"T0_30C_70g"
"97","B","1","1405","NIFA_Resazurin_30_T0_02072026_1104_g70","T0","NIFA_Resazurin_30_T0_02072026_1104_g70","B1",2026-07-02 11:04:00,20260702,70,"T0_30C_70g"
"98","B","2","1670","NIFA_Resazurin_30_T0_02072026_1104_g70","T0","NIFA_Resazurin_30_T0_02072026_1104_g70","B2",2026-07-02 11:04:00,20260702,70,"T0_30C_70g"
"99","B","3","1538","NIFA_Resazurin_30_T0_02072026_1104_g70","T0","NIFA_Resazurin_30_T0_02072026_1104_g70","B3",2026-07-02 11:04:00,20260702,70,"T0_30C_70g"
"100","B","4","1404","NIFA_Resazurin_30_T0_02072026_1104_g70","T0","NIFA_Resazurin_30_T0_02072026_1104_g70","B4",2026-07-02 11:04:00,20260702,70,"T0_30C_70g"
"101","B","5","1462","NIFA_Resazurin_30_T0_02072026_1104_g70","T0","NIFA_Resazurin_30_T0_02072026_1104_g70","B5",2026-07-02 11:04:00,20260702,70,"T0_30C_70g"
"102","B","6","1508","NIFA_Resazurin_30_T0_02072026_1104_g70","T0","NIFA_Resazurin_30_T0_02072026_1104_g70","B6",2026-07-02 11:04:00,20260702,70,"T0_30C_70g"
"103","B","7","2586","NIFA_Resazurin_30_T0_02072026_1104_g70","T0","NIFA_Resazurin_30_T0_02072026_1104_g70","B7",2026-07-02 11:04:00,20260702,70,"T0_30C_70g"
"104","B","8","1198","NIFA_Resazurin_30_T0_02072026_1104_g70","T0","NIFA_Resazurin_30_T0_02072026_1104_g70","B8",2026-07-02 11:04:00,20260702,70,"T0_30C_70g"
"105","B","9","1704","NIFA_Resazurin_30_T0_02072026_1104_g70","T0","NIFA_Resazurin_30_T0_02072026_1104_g70","B9",2026-07-02 11:04:00,20260702,70,"T0_30C_70g"
"106","B","10","1407","NIFA_Resazurin_30_T0_02072026_1104_g70","T0","NIFA_Resazurin_30_T0_02072026_1104_g70","B10",2026-07-02 11:04:00,20260702,70,"T0_30C_70g"
"107","B","11","1502","NIFA_Resazurin_30_T0_02072026_1104_g70","T0","NIFA_Resazurin_30_T0_02072026_1104_g70","B11",2026-07-02 11:04:00,20260702,70,"T0_30C_70g"
"108","B","12","1470","NIFA_Resazurin_30_T0_02072026_1104_g70","T0","NIFA_Resazurin_30_T0_02072026_1104_g70","B12",2026-07-02 11:04:00,20260702,70,"T0_30C_70g"
"109","C","1","1379","NIFA_Resazurin_30_T0_02072026_1104_g70","T0","NIFA_Resazurin_30_T0_02072026_1104_g70","C1",2026-07-02 11:04:00,20260702,70,"T0_30C_70g"
"110","C","2","1690","NIFA_Resazurin_30_T0_02072026_1104_g70","T0","NIFA_Resazurin_30_T0_02072026_1104_g70","C2",2026-07-02 11:04:00,20260702,70,"T0_30C_70g"
"111","C","3","1341","NIFA_Resazurin_30_T0_02072026_1104_g70","T0","NIFA_Resazurin_30_T0_02072026_1104_g70","C3",2026-07-02 11:04:00,20260702,70,"T0_30C_70g"
"112","C","4","1361","NIFA_Resazurin_30_T0_02072026_1104_g70","T0","NIFA_Resazurin_30_T0_02072026_1104_g70","C4",2026-07-02 11:04:00,20260702,70,"T0_30C_70g"
"113","C","5","1365","NIFA_Resazurin_30_T0_02072026_1104_g70","T0","NIFA_Resazurin_30_T0_02072026_1104_g70","C5",2026-07-02 11:04:00,20260702,70,"T0_30C_70g"
"114","C","6","1280","NIFA_Resazurin_30_T0_02072026_1104_g70","T0","NIFA_Resazurin_30_T0_02072026_1104_g70","C6",2026-07-02 11:04:00,20260702,70,"T0_30C_70g"
"115","C","7","1331","NIFA_Resazurin_30_T0_02072026_1104_g70","T0","NIFA_Resazurin_30_T0_02072026_1104_g70","C7",2026-07-02 11:04:00,20260702,70,"T0_30C_70g"
"116","C","8","1230","NIFA_Resazurin_30_T0_02072026_1104_g70","T0","NIFA_Resazurin_30_T0_02072026_1104_g70","C8",2026-07-02 11:04:00,20260702,70,"T0_30C_70g"
"117","C","9","1456","NIFA_Resazurin_30_T0_02072026_1104_g70","T0","NIFA_Resazurin_30_T0_02072026_1104_g70","C9",2026-07-02 11:04:00,20260702,70,"T0_30C_70g"
"118","C","10","1323","NIFA_Resazurin_30_T0_02072026_1104_g70","T0","NIFA_Resazurin_30_T0_02072026_1104_g70","C10",2026-07-02 11:04:00,20260702,70,"T0_30C_70g"
"119","C","11","1345","NIFA_Resazurin_30_T0_02072026_1104_g70","T0","NIFA_Resazurin_30_T0_02072026_1104_g70","C11",2026-07-02 11:04:00,20260702,70,"T0_30C_70g"
"120","C","12","1461","NIFA_Resazurin_30_T0_02072026_1104_g70","T0","NIFA_Resazurin_30_T0_02072026_1104_g70","C12",2026-07-02 11:04:00,20260702,70,"T0_30C_70g"
"121","D","1","1535","NIFA_Resazurin_30_T0_02072026_1104_g70","T0","NIFA_Resazurin_30_T0_02072026_1104_g70","D1",2026-07-02 11:04:00,20260702,70,"T0_30C_70g"
"122","D","2","1443","NIFA_Resazurin_30_T0_02072026_1104_g70","T0","NIFA_Resazurin_30_T0_02072026_1104_g70","D2",2026-07-02 11:04:00,20260702,70,"T0_30C_70g"
"123","D","3","1325","NIFA_Resazurin_30_T0_02072026_1104_g70","T0","NIFA_Resazurin_30_T0_02072026_1104_g70","D3",2026-07-02 11:04:00,20260702,70,"T0_30C_70g"
"124","D","4","1463","NIFA_Resazurin_30_T0_02072026_1104_g70","T0","NIFA_Resazurin_30_T0_02072026_1104_g70","D4",2026-07-02 11:04:00,20260702,70,"T0_30C_70g"
"125","D","5","1228","NIFA_Resazurin_30_T0_02072026_1104_g70","T0","NIFA_Resazurin_30_T0_02072026_1104_g70","D5",2026-07-02 11:04:00,20260702,70,"T0_30C_70g"
"126","D","6","1467","NIFA_Resazurin_30_T0_02072026_1104_g70","T0","NIFA_Resazurin_30_T0_02072026_1104_g70","D6",2026-07-02 11:04:00,20260702,70,"T0_30C_70g"
"127","D","7","1223","NIFA_Resazurin_30_T0_02072026_1104_g70","T0","NIFA_Resazurin_30_T0_02072026_1104_g70","D7",2026-07-02 11:04:00,20260702,70,"T0_30C_70g"
"128","D","8","1265","NIFA_Resazurin_30_T0_02072026_1104_g70","T0","NIFA_Resazurin_30_T0_02072026_1104_g70","D8",2026-07-02 11:04:00,20260702,70,"T0_30C_70g"
"129","D","9","1353","NIFA_Resazurin_30_T0_02072026_1104_g70","T0","NIFA_Resazurin_30_T0_02072026_1104_g70","D9",2026-07-02 11:04:00,20260702,70,"T0_30C_70g"
"130","D","10","1520","NIFA_Resazurin_30_T0_02072026_1104_g70","T0","NIFA_Resazurin_30_T0_02072026_1104_g70","D10",2026-07-02 11:04:00,20260702,70,"T0_30C_70g"
"131","D","11","1379","NIFA_Resazurin_30_T0_02072026_1104_g70","T0","NIFA_Resazurin_30_T0_02072026_1104_g70","D11",2026-07-02 11:04:00,20260702,70,"T0_30C_70g"
"132","D","12","1390","NIFA_Resazurin_30_T0_02072026_1104_g70","T0","NIFA_Resazurin_30_T0_02072026_1104_g70","D12",2026-07-02 11:04:00,20260702,70,"T0_30C_70g"
"133","E","1","1478","NIFA_Resazurin_30_T0_02072026_1104_g70","T0","NIFA_Resazurin_30_T0_02072026_1104_g70","E1",2026-07-02 11:04:00,20260702,70,"T0_30C_70g"
"134","E","2","1450","NIFA_Resazurin_30_T0_02072026_1104_g70","T0","NIFA_Resazurin_30_T0_02072026_1104_g70","E2",2026-07-02 11:04:00,20260702,70,"T0_30C_70g"
"135","E","3","1413","NIFA_Resazurin_30_T0_02072026_1104_g70","T0","NIFA_Resazurin_30_T0_02072026_1104_g70","E3",2026-07-02 11:04:00,20260702,70,"T0_30C_70g"
"136","E","4","1577","NIFA_Resazurin_30_T0_02072026_1104_g70","T0","NIFA_Resazurin_30_T0_02072026_1104_g70","E4",2026-07-02 11:04:00,20260702,70,"T0_30C_70g"
"137","E","5","1277","NIFA_Resazurin_30_T0_02072026_1104_g70","T0","NIFA_Resazurin_30_T0_02072026_1104_g70","E5",2026-07-02 11:04:00,20260702,70,"T0_30C_70g"
"138","E","6","1453","NIFA_Resazurin_30_T0_02072026_1104_g70","T0","NIFA_Resazurin_30_T0_02072026_1104_g70","E6",2026-07-02 11:04:00,20260702,70,"T0_30C_70g"
"139","E","7","1308","NIFA_Resazurin_30_T0_02072026_1104_g70","T0","NIFA_Resazurin_30_T0_02072026_1104_g70","E7",2026-07-02 11:04:00,20260702,70,"T0_30C_70g"
"140","E","8","1245","NIFA_Resazurin_30_T0_02072026_1104_g70","T0","NIFA_Resazurin_30_T0_02072026_1104_g70","E8",2026-07-02 11:04:00,20260702,70,"T0_30C_70g"
"141","E","9","1364","NIFA_Resazurin_30_T0_02072026_1104_g70","T0","NIFA_Resazurin_30_T0_02072026_1104_g70","E9",2026-07-02 11:04:00,20260702,70,"T0_30C_70g"
"142","E","10","1343","NIFA_Resazurin_30_T0_02072026_1104_g70","T0","NIFA_Resazurin_30_T0_02072026_1104_g70","E10",2026-07-02 11:04:00,20260702,70,"T0_30C_70g"
"143","E","11","1440","NIFA_Resazurin_30_T0_02072026_1104_g70","T0","NIFA_Resazurin_30_T0_02072026_1104_g70","E11",2026-07-02 11:04:00,20260702,70,"T0_30C_70g"
"144","E","12","1464","NIFA_Resazurin_30_T0_02072026_1104_g70","T0","NIFA_Resazurin_30_T0_02072026_1104_g70","E12",2026-07-02 11:04:00,20260702,70,"T0_30C_70g"
"145","F","1","1727","NIFA_Resazurin_30_T0_02072026_1104_g70","T0","NIFA_Resazurin_30_T0_02072026_1104_g70","F1",2026-07-02 11:04:00,20260702,70,"T0_30C_70g"
"146","F","2","1333","NIFA_Resazurin_30_T0_02072026_1104_g70","T0","NIFA_Resazurin_30_T0_02072026_1104_g70","F2",2026-07-02 11:04:00,20260702,70,"T0_30C_70g"
"147","F","3","1441","NIFA_Resazurin_30_T0_02072026_1104_g70","T0","NIFA_Resazurin_30_T0_02072026_1104_g70","F3",2026-07-02 11:04:00,20260702,70,"T0_30C_70g"
"148","F","4","1653","NIFA_Resazurin_30_T0_02072026_1104_g70","T0","NIFA_Resazurin_30_T0_02072026_1104_g70","F4",2026-07-02 11:04:00,20260702,70,"T0_30C_70g"
"149","F","5","1320","NIFA_Resazurin_30_T0_02072026_1104_g70","T0","NIFA_Resazurin_30_T0_02072026_1104_g70","F5",2026-07-02 11:04:00,20260702,70,"T0_30C_70g"
"150","F","6","1360","NIFA_Resazurin_30_T0_02072026_1104_g70","T0","NIFA_Resazurin_30_T0_02072026_1104_g70","F6",2026-07-02 11:04:00,20260702,70,"T0_30C_70g"
"151","F","7","1310","NIFA_Resazurin_30_T0_02072026_1104_g70","T0","NIFA_Resazurin_30_T0_02072026_1104_g70","F7",2026-07-02 11:04:00,20260702,70,"T0_30C_70g"
"152","F","8","1267","NIFA_Resazurin_30_T0_02072026_1104_g70","T0","NIFA_Resazurin_30_T0_02072026_1104_g70","F8",2026-07-02 11:04:00,20260702,70,"T0_30C_70g"
"153","F","9","1389","NIFA_Resazurin_30_T0_02072026_1104_g70","T0","NIFA_Resazurin_30_T0_02072026_1104_g70","F9",2026-07-02 11:04:00,20260702,70,"T0_30C_70g"
"154","F","10","1691","NIFA_Resazurin_30_T0_02072026_1104_g70","T0","NIFA_Resazurin_30_T0_02072026_1104_g70","F10",2026-07-02 11:04:00,20260702,70,"T0_30C_70g"
"155","F","11","1321","NIFA_Resazurin_30_T0_02072026_1104_g70","T0","NIFA_Resazurin_30_T0_02072026_1104_g70","F11",2026-07-02 11:04:00,20260702,70,"T0_30C_70g"
"156","F","12","1344","NIFA_Resazurin_30_T0_02072026_1104_g70","T0","NIFA_Resazurin_30_T0_02072026_1104_g70","F12",2026-07-02 11:04:00,20260702,70,"T0_30C_70g"
"157","G","1","1294","NIFA_Resazurin_30_T0_02072026_1104_g70","T0","NIFA_Resazurin_30_T0_02072026_1104_g70","G1",2026-07-02 11:04:00,20260702,70,"T0_30C_70g"
"158","G","2","1239","NIFA_Resazurin_30_T0_02072026_1104_g70","T0","NIFA_Resazurin_30_T0_02072026_1104_g70","G2",2026-07-02 11:04:00,20260702,70,"T0_30C_70g"
"159","G","3","1299","NIFA_Resazurin_30_T0_02072026_1104_g70","T0","NIFA_Resazurin_30_T0_02072026_1104_g70","G3",2026-07-02 11:04:00,20260702,70,"T0_30C_70g"
"160","G","4","1260","NIFA_Resazurin_30_T0_02072026_1104_g70","T0","NIFA_Resazurin_30_T0_02072026_1104_g70","G4",2026-07-02 11:04:00,20260702,70,"T0_30C_70g"
"161","G","5","1271","NIFA_Resazurin_30_T0_02072026_1104_g70","T0","NIFA_Resazurin_30_T0_02072026_1104_g70","G5",2026-07-02 11:04:00,20260702,70,"T0_30C_70g"
"162","G","6","1264","NIFA_Resazurin_30_T0_02072026_1104_g70","T0","NIFA_Resazurin_30_T0_02072026_1104_g70","G6",2026-07-02 11:04:00,20260702,70,"T0_30C_70g"
"163","G","7","1306","NIFA_Resazurin_30_T0_02072026_1104_g70","T0","NIFA_Resazurin_30_T0_02072026_1104_g70","G7",2026-07-02 11:04:00,20260702,70,"T0_30C_70g"
"164","G","8","1354","NIFA_Resazurin_30_T0_02072026_1104_g70","T0","NIFA_Resazurin_30_T0_02072026_1104_g70","G8",2026-07-02 11:04:00,20260702,70,"T0_30C_70g"
"165","G","9","1304","NIFA_Resazurin_30_T0_02072026_1104_g70","T0","NIFA_Resazurin_30_T0_02072026_1104_g70","G9",2026-07-02 11:04:00,20260702,70,"T0_30C_70g"
"166","G","10","1658","NIFA_Resazurin_30_T0_02072026_1104_g70","T0","NIFA_Resazurin_30_T0_02072026_1104_g70","G10",2026-07-02 11:04:00,20260702,70,"T0_30C_70g"
"167","G","11","1315","NIFA_Resazurin_30_T0_02072026_1104_g70","T0","NIFA_Resazurin_30_T0_02072026_1104_g70","G11",2026-07-02 11:04:00,20260702,70,"T0_30C_70g"
"168","G","12","1425","NIFA_Resazurin_30_T0_02072026_1104_g70","T0","NIFA_Resazurin_30_T0_02072026_1104_g70","G12",2026-07-02 11:04:00,20260702,70,"T0_30C_70g"
"169","A","1","9604","NIFA_Resazurin_30_T1_02072026_1202_g65","T1","NIFA_Resazurin_30_T1_02072026_1202_g65","A1",2026-07-02 12:02:00,20260702,65,"T1_30C_65g"
"170","A","2","8970","NIFA_Resazurin_30_T1_02072026_1202_g65","T1","NIFA_Resazurin_30_T1_02072026_1202_g65","A2",2026-07-02 12:02:00,20260702,65,"T1_30C_65g"
"171","A","3","1609","NIFA_Resazurin_30_T1_02072026_1202_g65","T1","NIFA_Resazurin_30_T1_02072026_1202_g65","A3",2026-07-02 12:02:00,20260702,65,"T1_30C_65g"
"172","A","4","2493","NIFA_Resazurin_30_T1_02072026_1202_g65","T1","NIFA_Resazurin_30_T1_02072026_1202_g65","A4",2026-07-02 12:02:00,20260702,65,"T1_30C_65g"
"173","A","5","1107","NIFA_Resazurin_30_T1_02072026_1202_g65","T1","NIFA_Resazurin_30_T1_02072026_1202_g65","A5",2026-07-02 12:02:00,20260702,65,"T1_30C_65g"
"174","A","6","11137","NIFA_Resazurin_30_T1_02072026_1202_g65","T1","NIFA_Resazurin_30_T1_02072026_1202_g65","A6",2026-07-02 12:02:00,20260702,65,"T1_30C_65g"
"175","A","7","5512","NIFA_Resazurin_30_T1_02072026_1202_g65","T1","NIFA_Resazurin_30_T1_02072026_1202_g65","A7",2026-07-02 12:02:00,20260702,65,"T1_30C_65g"
"176","A","8","8897","NIFA_Resazurin_30_T1_02072026_1202_g65","T1","NIFA_Resazurin_30_T1_02072026_1202_g65","A8",2026-07-02 12:02:00,20260702,65,"T1_30C_65g"
"177","A","9","6050","NIFA_Resazurin_30_T1_02072026_1202_g65","T1","NIFA_Resazurin_30_T1_02072026_1202_g65","A9",2026-07-02 12:02:00,20260702,65,"T1_30C_65g"
"178","A","10","6887","NIFA_Resazurin_30_T1_02072026_1202_g65","T1","NIFA_Resazurin_30_T1_02072026_1202_g65","A10",2026-07-02 12:02:00,20260702,65,"T1_30C_65g"
"179","A","11","6141","NIFA_Resazurin_30_T1_02072026_1202_g65","T1","NIFA_Resazurin_30_T1_02072026_1202_g65","A11",2026-07-02 12:02:00,20260702,65,"T1_30C_65g"
"180","A","12","2222","NIFA_Resazurin_30_T1_02072026_1202_g65","T1","NIFA_Resazurin_30_T1_02072026_1202_g65","A12",2026-07-02 12:02:00,20260702,65,"T1_30C_65g"
"181","B","1","2914","NIFA_Resazurin_30_T1_02072026_1202_g65","T1","NIFA_Resazurin_30_T1_02072026_1202_g65","B1",2026-07-02 12:02:00,20260702,65,"T1_30C_65g"
"182","B","2","12656","NIFA_Resazurin_30_T1_02072026_1202_g65","T1","NIFA_Resazurin_30_T1_02072026_1202_g65","B2",2026-07-02 12:02:00,20260702,65,"T1_30C_65g"
"183","B","3","7311","NIFA_Resazurin_30_T1_02072026_1202_g65","T1","NIFA_Resazurin_30_T1_02072026_1202_g65","B3",2026-07-02 12:02:00,20260702,65,"T1_30C_65g"
"184","B","4","8485","NIFA_Resazurin_30_T1_02072026_1202_g65","T1","NIFA_Resazurin_30_T1_02072026_1202_g65","B4",2026-07-02 12:02:00,20260702,65,"T1_30C_65g"
"185","B","5","14008","NIFA_Resazurin_30_T1_02072026_1202_g65","T1","NIFA_Resazurin_30_T1_02072026_1202_g65","B5",2026-07-02 12:02:00,20260702,65,"T1_30C_65g"
"186","B","6","9857","NIFA_Resazurin_30_T1_02072026_1202_g65","T1","NIFA_Resazurin_30_T1_02072026_1202_g65","B6",2026-07-02 12:02:00,20260702,65,"T1_30C_65g"
"187","B","7","6188","NIFA_Resazurin_30_T1_02072026_1202_g65","T1","NIFA_Resazurin_30_T1_02072026_1202_g65","B7",2026-07-02 12:02:00,20260702,65,"T1_30C_65g"
"188","B","8","4337","NIFA_Resazurin_30_T1_02072026_1202_g65","T1","NIFA_Resazurin_30_T1_02072026_1202_g65","B8",2026-07-02 12:02:00,20260702,65,"T1_30C_65g"
"189","B","9","11146","NIFA_Resazurin_30_T1_02072026_1202_g65","T1","NIFA_Resazurin_30_T1_02072026_1202_g65","B9",2026-07-02 12:02:00,20260702,65,"T1_30C_65g"
"190","B","10","6901","NIFA_Resazurin_30_T1_02072026_1202_g65","T1","NIFA_Resazurin_30_T1_02072026_1202_g65","B10",2026-07-02 12:02:00,20260702,65,"T1_30C_65g"
"191","B","11","7595","NIFA_Resazurin_30_T1_02072026_1202_g65","T1","NIFA_Resazurin_30_T1_02072026_1202_g65","B11",2026-07-02 12:02:00,20260702,65,"T1_30C_65g"
"192","B","12","6433","NIFA_Resazurin_30_T1_02072026_1202_g65","T1","NIFA_Resazurin_30_T1_02072026_1202_g65","B12",2026-07-02 12:02:00,20260702,65,"T1_30C_65g"
"193","C","1","9214","NIFA_Resazurin_30_T1_02072026_1202_g65","T1","NIFA_Resazurin_30_T1_02072026_1202_g65","C1",2026-07-02 12:02:00,20260702,65,"T1_30C_65g"
"194","C","2","3537","NIFA_Resazurin_30_T1_02072026_1202_g65","T1","NIFA_Resazurin_30_T1_02072026_1202_g65","C2",2026-07-02 12:02:00,20260702,65,"T1_30C_65g"
"195","C","3","8584","NIFA_Resazurin_30_T1_02072026_1202_g65","T1","NIFA_Resazurin_30_T1_02072026_1202_g65","C3",2026-07-02 12:02:00,20260702,65,"T1_30C_65g"
"196","C","4","1476","NIFA_Resazurin_30_T1_02072026_1202_g65","T1","NIFA_Resazurin_30_T1_02072026_1202_g65","C4",2026-07-02 12:02:00,20260702,65,"T1_30C_65g"
"197","C","5","9966","NIFA_Resazurin_30_T1_02072026_1202_g65","T1","NIFA_Resazurin_30_T1_02072026_1202_g65","C5",2026-07-02 12:02:00,20260702,65,"T1_30C_65g"
"198","C","6","6124","NIFA_Resazurin_30_T1_02072026_1202_g65","T1","NIFA_Resazurin_30_T1_02072026_1202_g65","C6",2026-07-02 12:02:00,20260702,65,"T1_30C_65g"
"199","C","7","2612","NIFA_Resazurin_30_T1_02072026_1202_g65","T1","NIFA_Resazurin_30_T1_02072026_1202_g65","C7",2026-07-02 12:02:00,20260702,65,"T1_30C_65g"
"200","C","8","3503","NIFA_Resazurin_30_T1_02072026_1202_g65","T1","NIFA_Resazurin_30_T1_02072026_1202_g65","C8",2026-07-02 12:02:00,20260702,65,"T1_30C_65g"
"201","C","9","9619","NIFA_Resazurin_30_T1_02072026_1202_g65","T1","NIFA_Resazurin_30_T1_02072026_1202_g65","C9",2026-07-02 12:02:00,20260702,65,"T1_30C_65g"
"202","C","10","3265","NIFA_Resazurin_30_T1_02072026_1202_g65","T1","NIFA_Resazurin_30_T1_02072026_1202_g65","C10",2026-07-02 12:02:00,20260702,65,"T1_30C_65g"
"203","C","11","5932","NIFA_Resazurin_30_T1_02072026_1202_g65","T1","NIFA_Resazurin_30_T1_02072026_1202_g65","C11",2026-07-02 12:02:00,20260702,65,"T1_30C_65g"
"204","C","12","5694","NIFA_Resazurin_30_T1_02072026_1202_g65","T1","NIFA_Resazurin_30_T1_02072026_1202_g65","C12",2026-07-02 12:02:00,20260702,65,"T1_30C_65g"
"205","D","1","15880","NIFA_Resazurin_30_T1_02072026_1202_g65","T1","NIFA_Resazurin_30_T1_02072026_1202_g65","D1",2026-07-02 12:02:00,20260702,65,"T1_30C_65g"
"206","D","2","4485","NIFA_Resazurin_30_T1_02072026_1202_g65","T1","NIFA_Resazurin_30_T1_02072026_1202_g65","D2",2026-07-02 12:02:00,20260702,65,"T1_30C_65g"
"207","D","3","2184","NIFA_Resazurin_30_T1_02072026_1202_g65","T1","NIFA_Resazurin_30_T1_02072026_1202_g65","D3",2026-07-02 12:02:00,20260702,65,"T1_30C_65g"
"208","D","4","6453","NIFA_Resazurin_30_T1_02072026_1202_g65","T1","NIFA_Resazurin_30_T1_02072026_1202_g65","D4",2026-07-02 12:02:00,20260702,65,"T1_30C_65g"
"209","D","5","1414","NIFA_Resazurin_30_T1_02072026_1202_g65","T1","NIFA_Resazurin_30_T1_02072026_1202_g65","D5",2026-07-02 12:02:00,20260702,65,"T1_30C_65g"
"210","D","6","9360","NIFA_Resazurin_30_T1_02072026_1202_g65","T1","NIFA_Resazurin_30_T1_02072026_1202_g65","D6",2026-07-02 12:02:00,20260702,65,"T1_30C_65g"
"211","D","7","3901","NIFA_Resazurin_30_T1_02072026_1202_g65","T1","NIFA_Resazurin_30_T1_02072026_1202_g65","D7",2026-07-02 12:02:00,20260702,65,"T1_30C_65g"
"212","D","8","7678","NIFA_Resazurin_30_T1_02072026_1202_g65","T1","NIFA_Resazurin_30_T1_02072026_1202_g65","D8",2026-07-02 12:02:00,20260702,65,"T1_30C_65g"
"213","D","9","5527","NIFA_Resazurin_30_T1_02072026_1202_g65","T1","NIFA_Resazurin_30_T1_02072026_1202_g65","D9",2026-07-02 12:02:00,20260702,65,"T1_30C_65g"
"214","D","10","8227","NIFA_Resazurin_30_T1_02072026_1202_g65","T1","NIFA_Resazurin_30_T1_02072026_1202_g65","D10",2026-07-02 12:02:00,20260702,65,"T1_30C_65g"
"215","D","11","2852","NIFA_Resazurin_30_T1_02072026_1202_g65","T1","NIFA_Resazurin_30_T1_02072026_1202_g65","D11",2026-07-02 12:02:00,20260702,65,"T1_30C_65g"
"216","D","12","1098","NIFA_Resazurin_30_T1_02072026_1202_g65","T1","NIFA_Resazurin_30_T1_02072026_1202_g65","D12",2026-07-02 12:02:00,20260702,65,"T1_30C_65g"
"217","E","1","6766","NIFA_Resazurin_30_T1_02072026_1202_g65","T1","NIFA_Resazurin_30_T1_02072026_1202_g65","E1",2026-07-02 12:02:00,20260702,65,"T1_30C_65g"
"218","E","2","7561","NIFA_Resazurin_30_T1_02072026_1202_g65","T1","NIFA_Resazurin_30_T1_02072026_1202_g65","E2",2026-07-02 12:02:00,20260702,65,"T1_30C_65g"
"219","E","3","6624","NIFA_Resazurin_30_T1_02072026_1202_g65","T1","NIFA_Resazurin_30_T1_02072026_1202_g65","E3",2026-07-02 12:02:00,20260702,65,"T1_30C_65g"
"220","E","4","5992","NIFA_Resazurin_30_T1_02072026_1202_g65","T1","NIFA_Resazurin_30_T1_02072026_1202_g65","E4",2026-07-02 12:02:00,20260702,65,"T1_30C_65g"
"221","E","5","4460","NIFA_Resazurin_30_T1_02072026_1202_g65","T1","NIFA_Resazurin_30_T1_02072026_1202_g65","E5",2026-07-02 12:02:00,20260702,65,"T1_30C_65g"
"222","E","6","7782","NIFA_Resazurin_30_T1_02072026_1202_g65","T1","NIFA_Resazurin_30_T1_02072026_1202_g65","E6",2026-07-02 12:02:00,20260702,65,"T1_30C_65g"
"223","E","7","4851","NIFA_Resazurin_30_T1_02072026_1202_g65","T1","NIFA_Resazurin_30_T1_02072026_1202_g65","E7",2026-07-02 12:02:00,20260702,65,"T1_30C_65g"
"224","E","8","927","NIFA_Resazurin_30_T1_02072026_1202_g65","T1","NIFA_Resazurin_30_T1_02072026_1202_g65","E8",2026-07-02 12:02:00,20260702,65,"T1_30C_65g"
"225","E","9","4500","NIFA_Resazurin_30_T1_02072026_1202_g65","T1","NIFA_Resazurin_30_T1_02072026_1202_g65","E9",2026-07-02 12:02:00,20260702,65,"T1_30C_65g"
"226","E","10","6707","NIFA_Resazurin_30_T1_02072026_1202_g65","T1","NIFA_Resazurin_30_T1_02072026_1202_g65","E10",2026-07-02 12:02:00,20260702,65,"T1_30C_65g"
"227","E","11","3848","NIFA_Resazurin_30_T1_02072026_1202_g65","T1","NIFA_Resazurin_30_T1_02072026_1202_g65","E11",2026-07-02 12:02:00,20260702,65,"T1_30C_65g"
"228","E","12","1622","NIFA_Resazurin_30_T1_02072026_1202_g65","T1","NIFA_Resazurin_30_T1_02072026_1202_g65","E12",2026-07-02 12:02:00,20260702,65,"T1_30C_65g"
"229","F","1","11949","NIFA_Resazurin_30_T1_02072026_1202_g65","T1","NIFA_Resazurin_30_T1_02072026_1202_g65","F1",2026-07-02 12:02:00,20260702,65,"T1_30C_65g"
"230","F","2","6888","NIFA_Resazurin_30_T1_02072026_1202_g65","T1","NIFA_Resazurin_30_T1_02072026_1202_g65","F2",2026-07-02 12:02:00,20260702,65,"T1_30C_65g"
"231","F","3","7393","NIFA_Resazurin_30_T1_02072026_1202_g65","T1","NIFA_Resazurin_30_T1_02072026_1202_g65","F3",2026-07-02 12:02:00,20260702,65,"T1_30C_65g"
"232","F","4","6350","NIFA_Resazurin_30_T1_02072026_1202_g65","T1","NIFA_Resazurin_30_T1_02072026_1202_g65","F4",2026-07-02 12:02:00,20260702,65,"T1_30C_65g"
"233","F","5","6940","NIFA_Resazurin_30_T1_02072026_1202_g65","T1","NIFA_Resazurin_30_T1_02072026_1202_g65","F5",2026-07-02 12:02:00,20260702,65,"T1_30C_65g"
"234","F","6","6201","NIFA_Resazurin_30_T1_02072026_1202_g65","T1","NIFA_Resazurin_30_T1_02072026_1202_g65","F6",2026-07-02 12:02:00,20260702,65,"T1_30C_65g"
"235","F","7","6489","NIFA_Resazurin_30_T1_02072026_1202_g65","T1","NIFA_Resazurin_30_T1_02072026_1202_g65","F7",2026-07-02 12:02:00,20260702,65,"T1_30C_65g"
"236","F","8","4176","NIFA_Resazurin_30_T1_02072026_1202_g65","T1","NIFA_Resazurin_30_T1_02072026_1202_g65","F8",2026-07-02 12:02:00,20260702,65,"T1_30C_65g"
"237","F","9","5689","NIFA_Resazurin_30_T1_02072026_1202_g65","T1","NIFA_Resazurin_30_T1_02072026_1202_g65","F9",2026-07-02 12:02:00,20260702,65,"T1_30C_65g"
"238","F","10","10095","NIFA_Resazurin_30_T1_02072026_1202_g65","T1","NIFA_Resazurin_30_T1_02072026_1202_g65","F10",2026-07-02 12:02:00,20260702,65,"T1_30C_65g"
"239","F","11","6142","NIFA_Resazurin_30_T1_02072026_1202_g65","T1","NIFA_Resazurin_30_T1_02072026_1202_g65","F11",2026-07-02 12:02:00,20260702,65,"T1_30C_65g"
"240","F","12","1071","NIFA_Resazurin_30_T1_02072026_1202_g65","T1","NIFA_Resazurin_30_T1_02072026_1202_g65","F12",2026-07-02 12:02:00,20260702,65,"T1_30C_65g"
"241","G","1","735","NIFA_Resazurin_30_T1_02072026_1202_g65","T1","NIFA_Resazurin_30_T1_02072026_1202_g65","G1",2026-07-02 12:02:00,20260702,65,"T1_30C_65g"
"242","G","2","878","NIFA_Resazurin_30_T1_02072026_1202_g65","T1","NIFA_Resazurin_30_T1_02072026_1202_g65","G2",2026-07-02 12:02:00,20260702,65,"T1_30C_65g"
"243","G","3","679","NIFA_Resazurin_30_T1_02072026_1202_g65","T1","NIFA_Resazurin_30_T1_02072026_1202_g65","G3",2026-07-02 12:02:00,20260702,65,"T1_30C_65g"
"244","G","4","978","NIFA_Resazurin_30_T1_02072026_1202_g65","T1","NIFA_Resazurin_30_T1_02072026_1202_g65","G4",2026-07-02 12:02:00,20260702,65,"T1_30C_65g"
"245","G","5","684","NIFA_Resazurin_30_T1_02072026_1202_g65","T1","NIFA_Resazurin_30_T1_02072026_1202_g65","G5",2026-07-02 12:02:00,20260702,65,"T1_30C_65g"
"246","G","6","718","NIFA_Resazurin_30_T1_02072026_1202_g65","T1","NIFA_Resazurin_30_T1_02072026_1202_g65","G6",2026-07-02 12:02:00,20260702,65,"T1_30C_65g"
"247","G","7","666","NIFA_Resazurin_30_T1_02072026_1202_g65","T1","NIFA_Resazurin_30_T1_02072026_1202_g65","G7",2026-07-02 12:02:00,20260702,65,"T1_30C_65g"
"248","G","8","864","NIFA_Resazurin_30_T1_02072026_1202_g65","T1","NIFA_Resazurin_30_T1_02072026_1202_g65","G8",2026-07-02 12:02:00,20260702,65,"T1_30C_65g"
"249","G","9","653","NIFA_Resazurin_30_T1_02072026_1202_g65","T1","NIFA_Resazurin_30_T1_02072026_1202_g65","G9",2026-07-02 12:02:00,20260702,65,"T1_30C_65g"
"250","G","10","1447","NIFA_Resazurin_30_T1_02072026_1202_g65","T1","NIFA_Resazurin_30_T1_02072026_1202_g65","G10",2026-07-02 12:02:00,20260702,65,"T1_30C_65g"
"251","G","11","668","NIFA_Resazurin_30_T1_02072026_1202_g65","T1","NIFA_Resazurin_30_T1_02072026_1202_g65","G11",2026-07-02 12:02:00,20260702,65,"T1_30C_65g"
"252","G","12","905","NIFA_Resazurin_30_T1_02072026_1202_g65","T1","NIFA_Resazurin_30_T1_02072026_1202_g65","G12",2026-07-02 12:02:00,20260702,65,"T1_30C_65g"
"253","A","1","16565","NIFA_Resazurin_30_T1_02072026_1202_g70","T1","NIFA_Resazurin_30_T1_02072026_1202_g70","A1",2026-07-02 12:02:00,20260702,70,"T1_30C_70g"
"254","A","2","15030","NIFA_Resazurin_30_T1_02072026_1202_g70","T1","NIFA_Resazurin_30_T1_02072026_1202_g70","A2",2026-07-02 12:02:00,20260702,70,"T1_30C_70g"
"255","A","3","2706","NIFA_Resazurin_30_T1_02072026_1202_g70","T1","NIFA_Resazurin_30_T1_02072026_1202_g70","A3",2026-07-02 12:02:00,20260702,70,"T1_30C_70g"
"256","A","4","4248","NIFA_Resazurin_30_T1_02072026_1202_g70","T1","NIFA_Resazurin_30_T1_02072026_1202_g70","A4",2026-07-02 12:02:00,20260702,70,"T1_30C_70g"
"257","A","5","1850","NIFA_Resazurin_30_T1_02072026_1202_g70","T1","NIFA_Resazurin_30_T1_02072026_1202_g70","A5",2026-07-02 12:02:00,20260702,70,"T1_30C_70g"
"258","A","6","18911","NIFA_Resazurin_30_T1_02072026_1202_g70","T1","NIFA_Resazurin_30_T1_02072026_1202_g70","A6",2026-07-02 12:02:00,20260702,70,"T1_30C_70g"
"259","A","7","9627","NIFA_Resazurin_30_T1_02072026_1202_g70","T1","NIFA_Resazurin_30_T1_02072026_1202_g70","A7",2026-07-02 12:02:00,20260702,70,"T1_30C_70g"
"260","A","8","15246","NIFA_Resazurin_30_T1_02072026_1202_g70","T1","NIFA_Resazurin_30_T1_02072026_1202_g70","A8",2026-07-02 12:02:00,20260702,70,"T1_30C_70g"
"261","A","9","10445","NIFA_Resazurin_30_T1_02072026_1202_g70","T1","NIFA_Resazurin_30_T1_02072026_1202_g70","A9",2026-07-02 12:02:00,20260702,70,"T1_30C_70g"
"262","A","10","11958","NIFA_Resazurin_30_T1_02072026_1202_g70","T1","NIFA_Resazurin_30_T1_02072026_1202_g70","A10",2026-07-02 12:02:00,20260702,70,"T1_30C_70g"
"263","A","11","10528","NIFA_Resazurin_30_T1_02072026_1202_g70","T1","NIFA_Resazurin_30_T1_02072026_1202_g70","A11",2026-07-02 12:02:00,20260702,70,"T1_30C_70g"
"264","A","12","3880","NIFA_Resazurin_30_T1_02072026_1202_g70","T1","NIFA_Resazurin_30_T1_02072026_1202_g70","A12",2026-07-02 12:02:00,20260702,70,"T1_30C_70g"
"265","B","1","4891","NIFA_Resazurin_30_T1_02072026_1202_g70","T1","NIFA_Resazurin_30_T1_02072026_1202_g70","B1",2026-07-02 12:02:00,20260702,70,"T1_30C_70g"
"266","B","2","21608","NIFA_Resazurin_30_T1_02072026_1202_g70","T1","NIFA_Resazurin_30_T1_02072026_1202_g70","B2",2026-07-02 12:02:00,20260702,70,"T1_30C_70g"
"267","B","3","12480","NIFA_Resazurin_30_T1_02072026_1202_g70","T1","NIFA_Resazurin_30_T1_02072026_1202_g70","B3",2026-07-02 12:02:00,20260702,70,"T1_30C_70g"
"268","B","4","14624","NIFA_Resazurin_30_T1_02072026_1202_g70","T1","NIFA_Resazurin_30_T1_02072026_1202_g70","B4",2026-07-02 12:02:00,20260702,70,"T1_30C_70g"
"269","B","5","23583","NIFA_Resazurin_30_T1_02072026_1202_g70","T1","NIFA_Resazurin_30_T1_02072026_1202_g70","B5",2026-07-02 12:02:00,20260702,70,"T1_30C_70g"
"270","B","6","16874","NIFA_Resazurin_30_T1_02072026_1202_g70","T1","NIFA_Resazurin_30_T1_02072026_1202_g70","B6",2026-07-02 12:02:00,20260702,70,"T1_30C_70g"
"271","B","7","10600","NIFA_Resazurin_30_T1_02072026_1202_g70","T1","NIFA_Resazurin_30_T1_02072026_1202_g70","B7",2026-07-02 12:02:00,20260702,70,"T1_30C_70g"
"272","B","8","7421","NIFA_Resazurin_30_T1_02072026_1202_g70","T1","NIFA_Resazurin_30_T1_02072026_1202_g70","B8",2026-07-02 12:02:00,20260702,70,"T1_30C_70g"
"273","B","9","18845","NIFA_Resazurin_30_T1_02072026_1202_g70","T1","NIFA_Resazurin_30_T1_02072026_1202_g70","B9",2026-07-02 12:02:00,20260702,70,"T1_30C_70g"
"274","B","10","11682","NIFA_Resazurin_30_T1_02072026_1202_g70","T1","NIFA_Resazurin_30_T1_02072026_1202_g70","B10",2026-07-02 12:02:00,20260702,70,"T1_30C_70g"
"275","B","11","13134","NIFA_Resazurin_30_T1_02072026_1202_g70","T1","NIFA_Resazurin_30_T1_02072026_1202_g70","B11",2026-07-02 12:02:00,20260702,70,"T1_30C_70g"
"276","B","12","10995","NIFA_Resazurin_30_T1_02072026_1202_g70","T1","NIFA_Resazurin_30_T1_02072026_1202_g70","B12",2026-07-02 12:02:00,20260702,70,"T1_30C_70g"
"277","C","1","15619","NIFA_Resazurin_30_T1_02072026_1202_g70","T1","NIFA_Resazurin_30_T1_02072026_1202_g70","C1",2026-07-02 12:02:00,20260702,70,"T1_30C_70g"
"278","C","2","6014","NIFA_Resazurin_30_T1_02072026_1202_g70","T1","NIFA_Resazurin_30_T1_02072026_1202_g70","C2",2026-07-02 12:02:00,20260702,70,"T1_30C_70g"
"279","C","3","14711","NIFA_Resazurin_30_T1_02072026_1202_g70","T1","NIFA_Resazurin_30_T1_02072026_1202_g70","C3",2026-07-02 12:02:00,20260702,70,"T1_30C_70g"
"280","C","4","2530","NIFA_Resazurin_30_T1_02072026_1202_g70","T1","NIFA_Resazurin_30_T1_02072026_1202_g70","C4",2026-07-02 12:02:00,20260702,70,"T1_30C_70g"
"281","C","5","17176","NIFA_Resazurin_30_T1_02072026_1202_g70","T1","NIFA_Resazurin_30_T1_02072026_1202_g70","C5",2026-07-02 12:02:00,20260702,70,"T1_30C_70g"
"282","C","6","10577","NIFA_Resazurin_30_T1_02072026_1202_g70","T1","NIFA_Resazurin_30_T1_02072026_1202_g70","C6",2026-07-02 12:02:00,20260702,70,"T1_30C_70g"
"283","C","7","4443","NIFA_Resazurin_30_T1_02072026_1202_g70","T1","NIFA_Resazurin_30_T1_02072026_1202_g70","C7",2026-07-02 12:02:00,20260702,70,"T1_30C_70g"
"284","C","8","5953","NIFA_Resazurin_30_T1_02072026_1202_g70","T1","NIFA_Resazurin_30_T1_02072026_1202_g70","C8",2026-07-02 12:02:00,20260702,70,"T1_30C_70g"
"285","C","9","16278","NIFA_Resazurin_30_T1_02072026_1202_g70","T1","NIFA_Resazurin_30_T1_02072026_1202_g70","C9",2026-07-02 12:02:00,20260702,70,"T1_30C_70g"
"286","C","10","5497","NIFA_Resazurin_30_T1_02072026_1202_g70","T1","NIFA_Resazurin_30_T1_02072026_1202_g70","C10",2026-07-02 12:02:00,20260702,70,"T1_30C_70g"
"287","C","11","10277","NIFA_Resazurin_30_T1_02072026_1202_g70","T1","NIFA_Resazurin_30_T1_02072026_1202_g70","C11",2026-07-02 12:02:00,20260702,70,"T1_30C_70g"
"288","C","12","9806","NIFA_Resazurin_30_T1_02072026_1202_g70","T1","NIFA_Resazurin_30_T1_02072026_1202_g70","C12",2026-07-02 12:02:00,20260702,70,"T1_30C_70g"
"289","D","1","27251","NIFA_Resazurin_30_T1_02072026_1202_g70","T1","NIFA_Resazurin_30_T1_02072026_1202_g70","D1",2026-07-02 12:02:00,20260702,70,"T1_30C_70g"
"290","D","2","7682","NIFA_Resazurin_30_T1_02072026_1202_g70","T1","NIFA_Resazurin_30_T1_02072026_1202_g70","D2",2026-07-02 12:02:00,20260702,70,"T1_30C_70g"
"291","D","3","3677","NIFA_Resazurin_30_T1_02072026_1202_g70","T1","NIFA_Resazurin_30_T1_02072026_1202_g70","D3",2026-07-02 12:02:00,20260702,70,"T1_30C_70g"
"292","D","4","11014","NIFA_Resazurin_30_T1_02072026_1202_g70","T1","NIFA_Resazurin_30_T1_02072026_1202_g70","D4",2026-07-02 12:02:00,20260702,70,"T1_30C_70g"
"293","D","5","2404","NIFA_Resazurin_30_T1_02072026_1202_g70","T1","NIFA_Resazurin_30_T1_02072026_1202_g70","D5",2026-07-02 12:02:00,20260702,70,"T1_30C_70g"
"294","D","6","16129","NIFA_Resazurin_30_T1_02072026_1202_g70","T1","NIFA_Resazurin_30_T1_02072026_1202_g70","D6",2026-07-02 12:02:00,20260702,70,"T1_30C_70g"
"295","D","7","6736","NIFA_Resazurin_30_T1_02072026_1202_g70","T1","NIFA_Resazurin_30_T1_02072026_1202_g70","D7",2026-07-02 12:02:00,20260702,70,"T1_30C_70g"
"296","D","8","13297","NIFA_Resazurin_30_T1_02072026_1202_g70","T1","NIFA_Resazurin_30_T1_02072026_1202_g70","D8",2026-07-02 12:02:00,20260702,70,"T1_30C_70g"
"297","D","9","9543","NIFA_Resazurin_30_T1_02072026_1202_g70","T1","NIFA_Resazurin_30_T1_02072026_1202_g70","D9",2026-07-02 12:02:00,20260702,70,"T1_30C_70g"
"298","D","10","14134","NIFA_Resazurin_30_T1_02072026_1202_g70","T1","NIFA_Resazurin_30_T1_02072026_1202_g70","D10",2026-07-02 12:02:00,20260702,70,"T1_30C_70g"
"299","D","11","4892","NIFA_Resazurin_30_T1_02072026_1202_g70","T1","NIFA_Resazurin_30_T1_02072026_1202_g70","D11",2026-07-02 12:02:00,20260702,70,"T1_30C_70g"
"300","D","12","1877","NIFA_Resazurin_30_T1_02072026_1202_g70","T1","NIFA_Resazurin_30_T1_02072026_1202_g70","D12",2026-07-02 12:02:00,20260702,70,"T1_30C_70g"
"301","E","1","11533","NIFA_Resazurin_30_T1_02072026_1202_g70","T1","NIFA_Resazurin_30_T1_02072026_1202_g70","E1",2026-07-02 12:02:00,20260702,70,"T1_30C_70g"
"302","E","2","13148","NIFA_Resazurin_30_T1_02072026_1202_g70","T1","NIFA_Resazurin_30_T1_02072026_1202_g70","E2",2026-07-02 12:02:00,20260702,70,"T1_30C_70g"
"303","E","3","11356","NIFA_Resazurin_30_T1_02072026_1202_g70","T1","NIFA_Resazurin_30_T1_02072026_1202_g70","E3",2026-07-02 12:02:00,20260702,70,"T1_30C_70g"
"304","E","4","10359","NIFA_Resazurin_30_T1_02072026_1202_g70","T1","NIFA_Resazurin_30_T1_02072026_1202_g70","E4",2026-07-02 12:02:00,20260702,70,"T1_30C_70g"
"305","E","5","7669","NIFA_Resazurin_30_T1_02072026_1202_g70","T1","NIFA_Resazurin_30_T1_02072026_1202_g70","E5",2026-07-02 12:02:00,20260702,70,"T1_30C_70g"
"306","E","6","13239","NIFA_Resazurin_30_T1_02072026_1202_g70","T1","NIFA_Resazurin_30_T1_02072026_1202_g70","E6",2026-07-02 12:02:00,20260702,70,"T1_30C_70g"
"307","E","7","8253","NIFA_Resazurin_30_T1_02072026_1202_g70","T1","NIFA_Resazurin_30_T1_02072026_1202_g70","E7",2026-07-02 12:02:00,20260702,70,"T1_30C_70g"
"308","E","8","1587","NIFA_Resazurin_30_T1_02072026_1202_g70","T1","NIFA_Resazurin_30_T1_02072026_1202_g70","E8",2026-07-02 12:02:00,20260702,70,"T1_30C_70g"
"309","E","9","7720","NIFA_Resazurin_30_T1_02072026_1202_g70","T1","NIFA_Resazurin_30_T1_02072026_1202_g70","E9",2026-07-02 12:02:00,20260702,70,"T1_30C_70g"
"310","E","10","11625","NIFA_Resazurin_30_T1_02072026_1202_g70","T1","NIFA_Resazurin_30_T1_02072026_1202_g70","E10",2026-07-02 12:02:00,20260702,70,"T1_30C_70g"
"311","E","11","6816","NIFA_Resazurin_30_T1_02072026_1202_g70","T1","NIFA_Resazurin_30_T1_02072026_1202_g70","E11",2026-07-02 12:02:00,20260702,70,"T1_30C_70g"
"312","E","12","2817","NIFA_Resazurin_30_T1_02072026_1202_g70","T1","NIFA_Resazurin_30_T1_02072026_1202_g70","E12",2026-07-02 12:02:00,20260702,70,"T1_30C_70g"
"313","F","1","20319","NIFA_Resazurin_30_T1_02072026_1202_g70","T1","NIFA_Resazurin_30_T1_02072026_1202_g70","F1",2026-07-02 12:02:00,20260702,70,"T1_30C_70g"
"314","F","2","11694","NIFA_Resazurin_30_T1_02072026_1202_g70","T1","NIFA_Resazurin_30_T1_02072026_1202_g70","F2",2026-07-02 12:02:00,20260702,70,"T1_30C_70g"
"315","F","3","12606","NIFA_Resazurin_30_T1_02072026_1202_g70","T1","NIFA_Resazurin_30_T1_02072026_1202_g70","F3",2026-07-02 12:02:00,20260702,70,"T1_30C_70g"
"316","F","4","10750","NIFA_Resazurin_30_T1_02072026_1202_g70","T1","NIFA_Resazurin_30_T1_02072026_1202_g70","F4",2026-07-02 12:02:00,20260702,70,"T1_30C_70g"
"317","F","5","11893","NIFA_Resazurin_30_T1_02072026_1202_g70","T1","NIFA_Resazurin_30_T1_02072026_1202_g70","F5",2026-07-02 12:02:00,20260702,70,"T1_30C_70g"
"318","F","6","10691","NIFA_Resazurin_30_T1_02072026_1202_g70","T1","NIFA_Resazurin_30_T1_02072026_1202_g70","F6",2026-07-02 12:02:00,20260702,70,"T1_30C_70g"
"319","F","7","10999","NIFA_Resazurin_30_T1_02072026_1202_g70","T1","NIFA_Resazurin_30_T1_02072026_1202_g70","F7",2026-07-02 12:02:00,20260702,70,"T1_30C_70g"
"320","F","8","7113","NIFA_Resazurin_30_T1_02072026_1202_g70","T1","NIFA_Resazurin_30_T1_02072026_1202_g70","F8",2026-07-02 12:02:00,20260702,70,"T1_30C_70g"
"321","F","9","9666","NIFA_Resazurin_30_T1_02072026_1202_g70","T1","NIFA_Resazurin_30_T1_02072026_1202_g70","F9",2026-07-02 12:02:00,20260702,70,"T1_30C_70g"
"322","F","10","17087","NIFA_Resazurin_30_T1_02072026_1202_g70","T1","NIFA_Resazurin_30_T1_02072026_1202_g70","F10",2026-07-02 12:02:00,20260702,70,"T1_30C_70g"
"323","F","11","10525","NIFA_Resazurin_30_T1_02072026_1202_g70","T1","NIFA_Resazurin_30_T1_02072026_1202_g70","F11",2026-07-02 12:02:00,20260702,70,"T1_30C_70g"
"324","F","12","1889","NIFA_Resazurin_30_T1_02072026_1202_g70","T1","NIFA_Resazurin_30_T1_02072026_1202_g70","F12",2026-07-02 12:02:00,20260702,70,"T1_30C_70g"
"325","G","1","1276","NIFA_Resazurin_30_T1_02072026_1202_g70","T1","NIFA_Resazurin_30_T1_02072026_1202_g70","G1",2026-07-02 12:02:00,20260702,70,"T1_30C_70g"
"326","G","2","1519","NIFA_Resazurin_30_T1_02072026_1202_g70","T1","NIFA_Resazurin_30_T1_02072026_1202_g70","G2",2026-07-02 12:02:00,20260702,70,"T1_30C_70g"
"327","G","3","1160","NIFA_Resazurin_30_T1_02072026_1202_g70","T1","NIFA_Resazurin_30_T1_02072026_1202_g70","G3",2026-07-02 12:02:00,20260702,70,"T1_30C_70g"
"328","G","4","1661","NIFA_Resazurin_30_T1_02072026_1202_g70","T1","NIFA_Resazurin_30_T1_02072026_1202_g70","G4",2026-07-02 12:02:00,20260702,70,"T1_30C_70g"
"329","G","5","1178","NIFA_Resazurin_30_T1_02072026_1202_g70","T1","NIFA_Resazurin_30_T1_02072026_1202_g70","G5",2026-07-02 12:02:00,20260702,70,"T1_30C_70g"
"330","G","6","1240","NIFA_Resazurin_30_T1_02072026_1202_g70","T1","NIFA_Resazurin_30_T1_02072026_1202_g70","G6",2026-07-02 12:02:00,20260702,70,"T1_30C_70g"
"331","G","7","1141","NIFA_Resazurin_30_T1_02072026_1202_g70","T1","NIFA_Resazurin_30_T1_02072026_1202_g70","G7",2026-07-02 12:02:00,20260702,70,"T1_30C_70g"
"332","G","8","1461","NIFA_Resazurin_30_T1_02072026_1202_g70","T1","NIFA_Resazurin_30_T1_02072026_1202_g70","G8",2026-07-02 12:02:00,20260702,70,"T1_30C_70g"
"333","G","9","1131","NIFA_Resazurin_30_T1_02072026_1202_g70","T1","NIFA_Resazurin_30_T1_02072026_1202_g70","G9",2026-07-02 12:02:00,20260702,70,"T1_30C_70g"
"334","G","10","2514","NIFA_Resazurin_30_T1_02072026_1202_g70","T1","NIFA_Resazurin_30_T1_02072026_1202_g70","G10",2026-07-02 12:02:00,20260702,70,"T1_30C_70g"
"335","G","11","1155","NIFA_Resazurin_30_T1_02072026_1202_g70","T1","NIFA_Resazurin_30_T1_02072026_1202_g70","G11",2026-07-02 12:02:00,20260702,70,"T1_30C_70g"
"336","G","12","1566","NIFA_Resazurin_30_T1_02072026_1202_g70","T1","NIFA_Resazurin_30_T1_02072026_1202_g70","G12",2026-07-02 12:02:00,20260702,70,"T1_30C_70g"
"337","A","1","12206","NIFA_Resazurin_30_T2_02072026_1302_g65","T2","NIFA_Resazurin_30_T2_02072026_1302_g65","A1",2026-07-02 13:02:00,20260702,65,"T2_30C_65g"
"338","A","2","15886","NIFA_Resazurin_30_T2_02072026_1302_g65","T2","NIFA_Resazurin_30_T2_02072026_1302_g65","A2",2026-07-02 13:02:00,20260702,65,"T2_30C_65g"
"339","A","3","2059","NIFA_Resazurin_30_T2_02072026_1302_g65","T2","NIFA_Resazurin_30_T2_02072026_1302_g65","A3",2026-07-02 13:02:00,20260702,65,"T2_30C_65g"
"340","A","4","4592","NIFA_Resazurin_30_T2_02072026_1302_g65","T2","NIFA_Resazurin_30_T2_02072026_1302_g65","A4",2026-07-02 13:02:00,20260702,65,"T2_30C_65g"
"341","A","5","2167","NIFA_Resazurin_30_T2_02072026_1302_g65","T2","NIFA_Resazurin_30_T2_02072026_1302_g65","A5",2026-07-02 13:02:00,20260702,65,"T2_30C_65g"
"342","A","6","12335","NIFA_Resazurin_30_T2_02072026_1302_g65","T2","NIFA_Resazurin_30_T2_02072026_1302_g65","A6",2026-07-02 13:02:00,20260702,65,"T2_30C_65g"
"343","A","7","6475","NIFA_Resazurin_30_T2_02072026_1302_g65","T2","NIFA_Resazurin_30_T2_02072026_1302_g65","A7",2026-07-02 13:02:00,20260702,65,"T2_30C_65g"
"344","A","8","10306","NIFA_Resazurin_30_T2_02072026_1302_g65","T2","NIFA_Resazurin_30_T2_02072026_1302_g65","A8",2026-07-02 13:02:00,20260702,65,"T2_30C_65g"
"345","A","9","7536","NIFA_Resazurin_30_T2_02072026_1302_g65","T2","NIFA_Resazurin_30_T2_02072026_1302_g65","A9",2026-07-02 13:02:00,20260702,65,"T2_30C_65g"
"346","A","10","8120","NIFA_Resazurin_30_T2_02072026_1302_g65","T2","NIFA_Resazurin_30_T2_02072026_1302_g65","A10",2026-07-02 13:02:00,20260702,65,"T2_30C_65g"
"347","A","11","6419","NIFA_Resazurin_30_T2_02072026_1302_g65","T2","NIFA_Resazurin_30_T2_02072026_1302_g65","A11",2026-07-02 13:02:00,20260702,65,"T2_30C_65g"
"348","A","12","3440","NIFA_Resazurin_30_T2_02072026_1302_g65","T2","NIFA_Resazurin_30_T2_02072026_1302_g65","A12",2026-07-02 13:02:00,20260702,65,"T2_30C_65g"
"349","B","1","5151","NIFA_Resazurin_30_T2_02072026_1302_g65","T2","NIFA_Resazurin_30_T2_02072026_1302_g65","B1",2026-07-02 13:02:00,20260702,65,"T2_30C_65g"
"350","B","2","11247","NIFA_Resazurin_30_T2_02072026_1302_g65","T2","NIFA_Resazurin_30_T2_02072026_1302_g65","B2",2026-07-02 13:02:00,20260702,65,"T2_30C_65g"
"351","B","3","8657","NIFA_Resazurin_30_T2_02072026_1302_g65","T2","NIFA_Resazurin_30_T2_02072026_1302_g65","B3",2026-07-02 13:02:00,20260702,65,"T2_30C_65g"
"352","B","4","10168","NIFA_Resazurin_30_T2_02072026_1302_g65","T2","NIFA_Resazurin_30_T2_02072026_1302_g65","B4",2026-07-02 13:02:00,20260702,65,"T2_30C_65g"
"353","B","5","18714","NIFA_Resazurin_30_T2_02072026_1302_g65","T2","NIFA_Resazurin_30_T2_02072026_1302_g65","B5",2026-07-02 13:02:00,20260702,65,"T2_30C_65g"
"354","B","6","11954","NIFA_Resazurin_30_T2_02072026_1302_g65","T2","NIFA_Resazurin_30_T2_02072026_1302_g65","B6",2026-07-02 13:02:00,20260702,65,"T2_30C_65g"
"355","B","7","7476","NIFA_Resazurin_30_T2_02072026_1302_g65","T2","NIFA_Resazurin_30_T2_02072026_1302_g65","B7",2026-07-02 13:02:00,20260702,65,"T2_30C_65g"
"356","B","8","5940","NIFA_Resazurin_30_T2_02072026_1302_g65","T2","NIFA_Resazurin_30_T2_02072026_1302_g65","B8",2026-07-02 13:02:00,20260702,65,"T2_30C_65g"
"357","B","9","15247","NIFA_Resazurin_30_T2_02072026_1302_g65","T2","NIFA_Resazurin_30_T2_02072026_1302_g65","B9",2026-07-02 13:02:00,20260702,65,"T2_30C_65g"
"358","B","10","8191","NIFA_Resazurin_30_T2_02072026_1302_g65","T2","NIFA_Resazurin_30_T2_02072026_1302_g65","B10",2026-07-02 13:02:00,20260702,65,"T2_30C_65g"
"359","B","11","8707","NIFA_Resazurin_30_T2_02072026_1302_g65","T2","NIFA_Resazurin_30_T2_02072026_1302_g65","B11",2026-07-02 13:02:00,20260702,65,"T2_30C_65g"
"360","B","12","7401","NIFA_Resazurin_30_T2_02072026_1302_g65","T2","NIFA_Resazurin_30_T2_02072026_1302_g65","B12",2026-07-02 13:02:00,20260702,65,"T2_30C_65g"
"361","C","1","10668","NIFA_Resazurin_30_T2_02072026_1302_g65","T2","NIFA_Resazurin_30_T2_02072026_1302_g65","C1",2026-07-02 13:02:00,20260702,65,"T2_30C_65g"
"362","C","2","4841","NIFA_Resazurin_30_T2_02072026_1302_g65","T2","NIFA_Resazurin_30_T2_02072026_1302_g65","C2",2026-07-02 13:02:00,20260702,65,"T2_30C_65g"
"363","C","3","10441","NIFA_Resazurin_30_T2_02072026_1302_g65","T2","NIFA_Resazurin_30_T2_02072026_1302_g65","C3",2026-07-02 13:02:00,20260702,65,"T2_30C_65g"
"364","C","4","1783","NIFA_Resazurin_30_T2_02072026_1302_g65","T2","NIFA_Resazurin_30_T2_02072026_1302_g65","C4",2026-07-02 13:02:00,20260702,65,"T2_30C_65g"
"365","C","5","11307","NIFA_Resazurin_30_T2_02072026_1302_g65","T2","NIFA_Resazurin_30_T2_02072026_1302_g65","C5",2026-07-02 13:02:00,20260702,65,"T2_30C_65g"
"366","C","6","7981","NIFA_Resazurin_30_T2_02072026_1302_g65","T2","NIFA_Resazurin_30_T2_02072026_1302_g65","C6",2026-07-02 13:02:00,20260702,65,"T2_30C_65g"
"367","C","7","3625","NIFA_Resazurin_30_T2_02072026_1302_g65","T2","NIFA_Resazurin_30_T2_02072026_1302_g65","C7",2026-07-02 13:02:00,20260702,65,"T2_30C_65g"
"368","C","8","4888","NIFA_Resazurin_30_T2_02072026_1302_g65","T2","NIFA_Resazurin_30_T2_02072026_1302_g65","C8",2026-07-02 13:02:00,20260702,65,"T2_30C_65g"
"369","C","9","10752","NIFA_Resazurin_30_T2_02072026_1302_g65","T2","NIFA_Resazurin_30_T2_02072026_1302_g65","C9",2026-07-02 13:02:00,20260702,65,"T2_30C_65g"
"370","C","10","5422","NIFA_Resazurin_30_T2_02072026_1302_g65","T2","NIFA_Resazurin_30_T2_02072026_1302_g65","C10",2026-07-02 13:02:00,20260702,65,"T2_30C_65g"
"371","C","11","6873","NIFA_Resazurin_30_T2_02072026_1302_g65","T2","NIFA_Resazurin_30_T2_02072026_1302_g65","C11",2026-07-02 13:02:00,20260702,65,"T2_30C_65g"
"372","C","12","6906","NIFA_Resazurin_30_T2_02072026_1302_g65","T2","NIFA_Resazurin_30_T2_02072026_1302_g65","C12",2026-07-02 13:02:00,20260702,65,"T2_30C_65g"
"373","D","1","19853","NIFA_Resazurin_30_T2_02072026_1302_g65","T2","NIFA_Resazurin_30_T2_02072026_1302_g65","D1",2026-07-02 13:02:00,20260702,65,"T2_30C_65g"
"374","D","2","8570","NIFA_Resazurin_30_T2_02072026_1302_g65","T2","NIFA_Resazurin_30_T2_02072026_1302_g65","D2",2026-07-02 13:02:00,20260702,65,"T2_30C_65g"
"375","D","3","2500","NIFA_Resazurin_30_T2_02072026_1302_g65","T2","NIFA_Resazurin_30_T2_02072026_1302_g65","D3",2026-07-02 13:02:00,20260702,65,"T2_30C_65g"
"376","D","4","7832","NIFA_Resazurin_30_T2_02072026_1302_g65","T2","NIFA_Resazurin_30_T2_02072026_1302_g65","D4",2026-07-02 13:02:00,20260702,65,"T2_30C_65g"
"377","D","5","1677","NIFA_Resazurin_30_T2_02072026_1302_g65","T2","NIFA_Resazurin_30_T2_02072026_1302_g65","D5",2026-07-02 13:02:00,20260702,65,"T2_30C_65g"
"378","D","6","10329","NIFA_Resazurin_30_T2_02072026_1302_g65","T2","NIFA_Resazurin_30_T2_02072026_1302_g65","D6",2026-07-02 13:02:00,20260702,65,"T2_30C_65g"
"379","D","7","4914","NIFA_Resazurin_30_T2_02072026_1302_g65","T2","NIFA_Resazurin_30_T2_02072026_1302_g65","D7",2026-07-02 13:02:00,20260702,65,"T2_30C_65g"
"380","D","8","8990","NIFA_Resazurin_30_T2_02072026_1302_g65","T2","NIFA_Resazurin_30_T2_02072026_1302_g65","D8",2026-07-02 13:02:00,20260702,65,"T2_30C_65g"
"381","D","9","8118","NIFA_Resazurin_30_T2_02072026_1302_g65","T2","NIFA_Resazurin_30_T2_02072026_1302_g65","D9",2026-07-02 13:02:00,20260702,65,"T2_30C_65g"
"382","D","10","11560","NIFA_Resazurin_30_T2_02072026_1302_g65","T2","NIFA_Resazurin_30_T2_02072026_1302_g65","D10",2026-07-02 13:02:00,20260702,65,"T2_30C_65g"
"383","D","11","8784","NIFA_Resazurin_30_T2_02072026_1302_g65","T2","NIFA_Resazurin_30_T2_02072026_1302_g65","D11",2026-07-02 13:02:00,20260702,65,"T2_30C_65g"
"384","D","12","1142","NIFA_Resazurin_30_T2_02072026_1302_g65","T2","NIFA_Resazurin_30_T2_02072026_1302_g65","D12",2026-07-02 13:02:00,20260702,65,"T2_30C_65g"
"385","E","1","7689","NIFA_Resazurin_30_T2_02072026_1302_g65","T2","NIFA_Resazurin_30_T2_02072026_1302_g65","E1",2026-07-02 13:02:00,20260702,65,"T2_30C_65g"
"386","E","2","10245","NIFA_Resazurin_30_T2_02072026_1302_g65","T2","NIFA_Resazurin_30_T2_02072026_1302_g65","E2",2026-07-02 13:02:00,20260702,65,"T2_30C_65g"
"387","E","3","7856","NIFA_Resazurin_30_T2_02072026_1302_g65","T2","NIFA_Resazurin_30_T2_02072026_1302_g65","E3",2026-07-02 13:02:00,20260702,65,"T2_30C_65g"
"388","E","4","8085","NIFA_Resazurin_30_T2_02072026_1302_g65","T2","NIFA_Resazurin_30_T2_02072026_1302_g65","E4",2026-07-02 13:02:00,20260702,65,"T2_30C_65g"
"389","E","5","5202","NIFA_Resazurin_30_T2_02072026_1302_g65","T2","NIFA_Resazurin_30_T2_02072026_1302_g65","E5",2026-07-02 13:02:00,20260702,65,"T2_30C_65g"
"390","E","6","9166","NIFA_Resazurin_30_T2_02072026_1302_g65","T2","NIFA_Resazurin_30_T2_02072026_1302_g65","E6",2026-07-02 13:02:00,20260702,65,"T2_30C_65g"
"391","E","7","5930","NIFA_Resazurin_30_T2_02072026_1302_g65","T2","NIFA_Resazurin_30_T2_02072026_1302_g65","E7",2026-07-02 13:02:00,20260702,65,"T2_30C_65g"
"392","E","8","1495","NIFA_Resazurin_30_T2_02072026_1302_g65","T2","NIFA_Resazurin_30_T2_02072026_1302_g65","E8",2026-07-02 13:02:00,20260702,65,"T2_30C_65g"
"393","E","9","5179","NIFA_Resazurin_30_T2_02072026_1302_g65","T2","NIFA_Resazurin_30_T2_02072026_1302_g65","E9",2026-07-02 13:02:00,20260702,65,"T2_30C_65g"
"394","E","10","8012","NIFA_Resazurin_30_T2_02072026_1302_g65","T2","NIFA_Resazurin_30_T2_02072026_1302_g65","E10",2026-07-02 13:02:00,20260702,65,"T2_30C_65g"
"395","E","11","5115","NIFA_Resazurin_30_T2_02072026_1302_g65","T2","NIFA_Resazurin_30_T2_02072026_1302_g65","E11",2026-07-02 13:02:00,20260702,65,"T2_30C_65g"
"396","E","12","1854","NIFA_Resazurin_30_T2_02072026_1302_g65","T2","NIFA_Resazurin_30_T2_02072026_1302_g65","E12",2026-07-02 13:02:00,20260702,65,"T2_30C_65g"
"397","F","1","16317","NIFA_Resazurin_30_T2_02072026_1302_g65","T2","NIFA_Resazurin_30_T2_02072026_1302_g65","F1",2026-07-02 13:02:00,20260702,65,"T2_30C_65g"
"398","F","2","8138","NIFA_Resazurin_30_T2_02072026_1302_g65","T2","NIFA_Resazurin_30_T2_02072026_1302_g65","F2",2026-07-02 13:02:00,20260702,65,"T2_30C_65g"
"399","F","3","8404","NIFA_Resazurin_30_T2_02072026_1302_g65","T2","NIFA_Resazurin_30_T2_02072026_1302_g65","F3",2026-07-02 13:02:00,20260702,65,"T2_30C_65g"
"400","F","4","7953","NIFA_Resazurin_30_T2_02072026_1302_g65","T2","NIFA_Resazurin_30_T2_02072026_1302_g65","F4",2026-07-02 13:02:00,20260702,65,"T2_30C_65g"
"401","F","5","8999","NIFA_Resazurin_30_T2_02072026_1302_g65","T2","NIFA_Resazurin_30_T2_02072026_1302_g65","F5",2026-07-02 13:02:00,20260702,65,"T2_30C_65g"
"402","F","6","9875","NIFA_Resazurin_30_T2_02072026_1302_g65","T2","NIFA_Resazurin_30_T2_02072026_1302_g65","F6",2026-07-02 13:02:00,20260702,65,"T2_30C_65g"
"403","F","7","8233","NIFA_Resazurin_30_T2_02072026_1302_g65","T2","NIFA_Resazurin_30_T2_02072026_1302_g65","F7",2026-07-02 13:02:00,20260702,65,"T2_30C_65g"
"404","F","8","5393","NIFA_Resazurin_30_T2_02072026_1302_g65","T2","NIFA_Resazurin_30_T2_02072026_1302_g65","F8",2026-07-02 13:02:00,20260702,65,"T2_30C_65g"
"405","F","9","6623","NIFA_Resazurin_30_T2_02072026_1302_g65","T2","NIFA_Resazurin_30_T2_02072026_1302_g65","F9",2026-07-02 13:02:00,20260702,65,"T2_30C_65g"
"406","F","10","13367","NIFA_Resazurin_30_T2_02072026_1302_g65","T2","NIFA_Resazurin_30_T2_02072026_1302_g65","F10",2026-07-02 13:02:00,20260702,65,"T2_30C_65g"
"407","F","11","7338","NIFA_Resazurin_30_T2_02072026_1302_g65","T2","NIFA_Resazurin_30_T2_02072026_1302_g65","F11",2026-07-02 13:02:00,20260702,65,"T2_30C_65g"
"408","F","12","1985","NIFA_Resazurin_30_T2_02072026_1302_g65","T2","NIFA_Resazurin_30_T2_02072026_1302_g65","F12",2026-07-02 13:02:00,20260702,65,"T2_30C_65g"
"409","G","1","739","NIFA_Resazurin_30_T2_02072026_1302_g65","T2","NIFA_Resazurin_30_T2_02072026_1302_g65","G1",2026-07-02 13:02:00,20260702,65,"T2_30C_65g"
"410","G","2","1094","NIFA_Resazurin_30_T2_02072026_1302_g65","T2","NIFA_Resazurin_30_T2_02072026_1302_g65","G2",2026-07-02 13:02:00,20260702,65,"T2_30C_65g"
"411","G","3","654","NIFA_Resazurin_30_T2_02072026_1302_g65","T2","NIFA_Resazurin_30_T2_02072026_1302_g65","G3",2026-07-02 13:02:00,20260702,65,"T2_30C_65g"
"412","G","4","1202","NIFA_Resazurin_30_T2_02072026_1302_g65","T2","NIFA_Resazurin_30_T2_02072026_1302_g65","G4",2026-07-02 13:02:00,20260702,65,"T2_30C_65g"
"413","G","5","648","NIFA_Resazurin_30_T2_02072026_1302_g65","T2","NIFA_Resazurin_30_T2_02072026_1302_g65","G5",2026-07-02 13:02:00,20260702,65,"T2_30C_65g"
"414","G","6","914","NIFA_Resazurin_30_T2_02072026_1302_g65","T2","NIFA_Resazurin_30_T2_02072026_1302_g65","G6",2026-07-02 13:02:00,20260702,65,"T2_30C_65g"
"415","G","7","664","NIFA_Resazurin_30_T2_02072026_1302_g65","T2","NIFA_Resazurin_30_T2_02072026_1302_g65","G7",2026-07-02 13:02:00,20260702,65,"T2_30C_65g"
"416","G","8","1159","NIFA_Resazurin_30_T2_02072026_1302_g65","T2","NIFA_Resazurin_30_T2_02072026_1302_g65","G8",2026-07-02 13:02:00,20260702,65,"T2_30C_65g"
"417","G","9","664","NIFA_Resazurin_30_T2_02072026_1302_g65","T2","NIFA_Resazurin_30_T2_02072026_1302_g65","G9",2026-07-02 13:02:00,20260702,65,"T2_30C_65g"
"418","G","10","1999","NIFA_Resazurin_30_T2_02072026_1302_g65","T2","NIFA_Resazurin_30_T2_02072026_1302_g65","G10",2026-07-02 13:02:00,20260702,65,"T2_30C_65g"
"419","G","11","665","NIFA_Resazurin_30_T2_02072026_1302_g65","T2","NIFA_Resazurin_30_T2_02072026_1302_g65","G11",2026-07-02 13:02:00,20260702,65,"T2_30C_65g"
"420","G","12","1425","NIFA_Resazurin_30_T2_02072026_1302_g65","T2","NIFA_Resazurin_30_T2_02072026_1302_g65","G12",2026-07-02 13:02:00,20260702,65,"T2_30C_65g"
"421","A","1","20883","NIFA_Resazurin_30_T2_02072026_1302_g70","T2","NIFA_Resazurin_30_T2_02072026_1302_g70","A1",2026-07-02 13:02:00,20260702,70,"T2_30C_70g"
"422","A","2","26779","NIFA_Resazurin_30_T2_02072026_1302_g70","T2","NIFA_Resazurin_30_T2_02072026_1302_g70","A2",2026-07-02 13:02:00,20260702,70,"T2_30C_70g"
"423","A","3","3511","NIFA_Resazurin_30_T2_02072026_1302_g70","T2","NIFA_Resazurin_30_T2_02072026_1302_g70","A3",2026-07-02 13:02:00,20260702,70,"T2_30C_70g"
"424","A","4","7755","NIFA_Resazurin_30_T2_02072026_1302_g70","T2","NIFA_Resazurin_30_T2_02072026_1302_g70","A4",2026-07-02 13:02:00,20260702,70,"T2_30C_70g"
"425","A","5","3695","NIFA_Resazurin_30_T2_02072026_1302_g70","T2","NIFA_Resazurin_30_T2_02072026_1302_g70","A5",2026-07-02 13:02:00,20260702,70,"T2_30C_70g"
"426","A","6","20958","NIFA_Resazurin_30_T2_02072026_1302_g70","T2","NIFA_Resazurin_30_T2_02072026_1302_g70","A6",2026-07-02 13:02:00,20260702,70,"T2_30C_70g"
"427","A","7","11151","NIFA_Resazurin_30_T2_02072026_1302_g70","T2","NIFA_Resazurin_30_T2_02072026_1302_g70","A7",2026-07-02 13:02:00,20260702,70,"T2_30C_70g"
"428","A","8","17405","NIFA_Resazurin_30_T2_02072026_1302_g70","T2","NIFA_Resazurin_30_T2_02072026_1302_g70","A8",2026-07-02 13:02:00,20260702,70,"T2_30C_70g"
"429","A","9","12838","NIFA_Resazurin_30_T2_02072026_1302_g70","T2","NIFA_Resazurin_30_T2_02072026_1302_g70","A9",2026-07-02 13:02:00,20260702,70,"T2_30C_70g"
"430","A","10","13636","NIFA_Resazurin_30_T2_02072026_1302_g70","T2","NIFA_Resazurin_30_T2_02072026_1302_g70","A10",2026-07-02 13:02:00,20260702,70,"T2_30C_70g"
"431","A","11","10912","NIFA_Resazurin_30_T2_02072026_1302_g70","T2","NIFA_Resazurin_30_T2_02072026_1302_g70","A11",2026-07-02 13:02:00,20260702,70,"T2_30C_70g"
"432","A","12","5931","NIFA_Resazurin_30_T2_02072026_1302_g70","T2","NIFA_Resazurin_30_T2_02072026_1302_g70","A12",2026-07-02 13:02:00,20260702,70,"T2_30C_70g"
"433","B","1","8680","NIFA_Resazurin_30_T2_02072026_1302_g70","T2","NIFA_Resazurin_30_T2_02072026_1302_g70","B1",2026-07-02 13:02:00,20260702,70,"T2_30C_70g"
"434","B","2","19304","NIFA_Resazurin_30_T2_02072026_1302_g70","T2","NIFA_Resazurin_30_T2_02072026_1302_g70","B2",2026-07-02 13:02:00,20260702,70,"T2_30C_70g"
"435","B","3","14681","NIFA_Resazurin_30_T2_02072026_1302_g70","T2","NIFA_Resazurin_30_T2_02072026_1302_g70","B3",2026-07-02 13:02:00,20260702,70,"T2_30C_70g"
"436","B","4","17472","NIFA_Resazurin_30_T2_02072026_1302_g70","T2","NIFA_Resazurin_30_T2_02072026_1302_g70","B4",2026-07-02 13:02:00,20260702,70,"T2_30C_70g"
"437","B","5","31170","NIFA_Resazurin_30_T2_02072026_1302_g70","T2","NIFA_Resazurin_30_T2_02072026_1302_g70","B5",2026-07-02 13:02:00,20260702,70,"T2_30C_70g"
"438","B","6","20073","NIFA_Resazurin_30_T2_02072026_1302_g70","T2","NIFA_Resazurin_30_T2_02072026_1302_g70","B6",2026-07-02 13:02:00,20260702,70,"T2_30C_70g"
"439","B","7","12873","NIFA_Resazurin_30_T2_02072026_1302_g70","T2","NIFA_Resazurin_30_T2_02072026_1302_g70","B7",2026-07-02 13:02:00,20260702,70,"T2_30C_70g"
"440","B","8","10115","NIFA_Resazurin_30_T2_02072026_1302_g70","T2","NIFA_Resazurin_30_T2_02072026_1302_g70","B8",2026-07-02 13:02:00,20260702,70,"T2_30C_70g"
"441","B","9","26148","NIFA_Resazurin_30_T2_02072026_1302_g70","T2","NIFA_Resazurin_30_T2_02072026_1302_g70","B9",2026-07-02 13:02:00,20260702,70,"T2_30C_70g"
"442","B","10","13997","NIFA_Resazurin_30_T2_02072026_1302_g70","T2","NIFA_Resazurin_30_T2_02072026_1302_g70","B10",2026-07-02 13:02:00,20260702,70,"T2_30C_70g"
"443","B","11","14976","NIFA_Resazurin_30_T2_02072026_1302_g70","T2","NIFA_Resazurin_30_T2_02072026_1302_g70","B11",2026-07-02 13:02:00,20260702,70,"T2_30C_70g"
"444","B","12","12832","NIFA_Resazurin_30_T2_02072026_1302_g70","T2","NIFA_Resazurin_30_T2_02072026_1302_g70","B12",2026-07-02 13:02:00,20260702,70,"T2_30C_70g"
"445","C","1","17772","NIFA_Resazurin_30_T2_02072026_1302_g70","T2","NIFA_Resazurin_30_T2_02072026_1302_g70","C1",2026-07-02 13:02:00,20260702,70,"T2_30C_70g"
"446","C","2","7974","NIFA_Resazurin_30_T2_02072026_1302_g70","T2","NIFA_Resazurin_30_T2_02072026_1302_g70","C2",2026-07-02 13:02:00,20260702,70,"T2_30C_70g"
"447","C","3","17585","NIFA_Resazurin_30_T2_02072026_1302_g70","T2","NIFA_Resazurin_30_T2_02072026_1302_g70","C3",2026-07-02 13:02:00,20260702,70,"T2_30C_70g"
"448","C","4","3005","NIFA_Resazurin_30_T2_02072026_1302_g70","T2","NIFA_Resazurin_30_T2_02072026_1302_g70","C4",2026-07-02 13:02:00,20260702,70,"T2_30C_70g"
"449","C","5","19534","NIFA_Resazurin_30_T2_02072026_1302_g70","T2","NIFA_Resazurin_30_T2_02072026_1302_g70","C5",2026-07-02 13:02:00,20260702,70,"T2_30C_70g"
"450","C","6","13684","NIFA_Resazurin_30_T2_02072026_1302_g70","T2","NIFA_Resazurin_30_T2_02072026_1302_g70","C6",2026-07-02 13:02:00,20260702,70,"T2_30C_70g"
"451","C","7","6193","NIFA_Resazurin_30_T2_02072026_1302_g70","T2","NIFA_Resazurin_30_T2_02072026_1302_g70","C7",2026-07-02 13:02:00,20260702,70,"T2_30C_70g"
"452","C","8","8305","NIFA_Resazurin_30_T2_02072026_1302_g70","T2","NIFA_Resazurin_30_T2_02072026_1302_g70","C8",2026-07-02 13:02:00,20260702,70,"T2_30C_70g"
"453","C","9","18429","NIFA_Resazurin_30_T2_02072026_1302_g70","T2","NIFA_Resazurin_30_T2_02072026_1302_g70","C9",2026-07-02 13:02:00,20260702,70,"T2_30C_70g"
"454","C","10","9206","NIFA_Resazurin_30_T2_02072026_1302_g70","T2","NIFA_Resazurin_30_T2_02072026_1302_g70","C10",2026-07-02 13:02:00,20260702,70,"T2_30C_70g"
"455","C","11","11570","NIFA_Resazurin_30_T2_02072026_1302_g70","T2","NIFA_Resazurin_30_T2_02072026_1302_g70","C11",2026-07-02 13:02:00,20260702,70,"T2_30C_70g"
"456","C","12","11833","NIFA_Resazurin_30_T2_02072026_1302_g70","T2","NIFA_Resazurin_30_T2_02072026_1302_g70","C12",2026-07-02 13:02:00,20260702,70,"T2_30C_70g"
"457","D","1","33629","NIFA_Resazurin_30_T2_02072026_1302_g70","T2","NIFA_Resazurin_30_T2_02072026_1302_g70","D1",2026-07-02 13:02:00,20260702,70,"T2_30C_70g"
"458","D","2","14370","NIFA_Resazurin_30_T2_02072026_1302_g70","T2","NIFA_Resazurin_30_T2_02072026_1302_g70","D2",2026-07-02 13:02:00,20260702,70,"T2_30C_70g"
"459","D","3","4315","NIFA_Resazurin_30_T2_02072026_1302_g70","T2","NIFA_Resazurin_30_T2_02072026_1302_g70","D3",2026-07-02 13:02:00,20260702,70,"T2_30C_70g"
"460","D","4","13127","NIFA_Resazurin_30_T2_02072026_1302_g70","T2","NIFA_Resazurin_30_T2_02072026_1302_g70","D4",2026-07-02 13:02:00,20260702,70,"T2_30C_70g"
"461","D","5","2900","NIFA_Resazurin_30_T2_02072026_1302_g70","T2","NIFA_Resazurin_30_T2_02072026_1302_g70","D5",2026-07-02 13:02:00,20260702,70,"T2_30C_70g"
"462","D","6","17386","NIFA_Resazurin_30_T2_02072026_1302_g70","T2","NIFA_Resazurin_30_T2_02072026_1302_g70","D6",2026-07-02 13:02:00,20260702,70,"T2_30C_70g"
"463","D","7","8277","NIFA_Resazurin_30_T2_02072026_1302_g70","T2","NIFA_Resazurin_30_T2_02072026_1302_g70","D7",2026-07-02 13:02:00,20260702,70,"T2_30C_70g"
"464","D","8","15565","NIFA_Resazurin_30_T2_02072026_1302_g70","T2","NIFA_Resazurin_30_T2_02072026_1302_g70","D8",2026-07-02 13:02:00,20260702,70,"T2_30C_70g"
"465","D","9","13857","NIFA_Resazurin_30_T2_02072026_1302_g70","T2","NIFA_Resazurin_30_T2_02072026_1302_g70","D9",2026-07-02 13:02:00,20260702,70,"T2_30C_70g"
"466","D","10","19975","NIFA_Resazurin_30_T2_02072026_1302_g70","T2","NIFA_Resazurin_30_T2_02072026_1302_g70","D10",2026-07-02 13:02:00,20260702,70,"T2_30C_70g"
"467","D","11","14911","NIFA_Resazurin_30_T2_02072026_1302_g70","T2","NIFA_Resazurin_30_T2_02072026_1302_g70","D11",2026-07-02 13:02:00,20260702,70,"T2_30C_70g"
"468","D","12","1939","NIFA_Resazurin_30_T2_02072026_1302_g70","T2","NIFA_Resazurin_30_T2_02072026_1302_g70","D12",2026-07-02 13:02:00,20260702,70,"T2_30C_70g"
"469","E","1","13132","NIFA_Resazurin_30_T2_02072026_1302_g70","T2","NIFA_Resazurin_30_T2_02072026_1302_g70","E1",2026-07-02 13:02:00,20260702,70,"T2_30C_70g"
"470","E","2","17329","NIFA_Resazurin_30_T2_02072026_1302_g70","T2","NIFA_Resazurin_30_T2_02072026_1302_g70","E2",2026-07-02 13:02:00,20260702,70,"T2_30C_70g"
"471","E","3","13403","NIFA_Resazurin_30_T2_02072026_1302_g70","T2","NIFA_Resazurin_30_T2_02072026_1302_g70","E3",2026-07-02 13:02:00,20260702,70,"T2_30C_70g"
"472","E","4","13735","NIFA_Resazurin_30_T2_02072026_1302_g70","T2","NIFA_Resazurin_30_T2_02072026_1302_g70","E4",2026-07-02 13:02:00,20260702,70,"T2_30C_70g"
"473","E","5","8976","NIFA_Resazurin_30_T2_02072026_1302_g70","T2","NIFA_Resazurin_30_T2_02072026_1302_g70","E5",2026-07-02 13:02:00,20260702,70,"T2_30C_70g"
"474","E","6","15439","NIFA_Resazurin_30_T2_02072026_1302_g70","T2","NIFA_Resazurin_30_T2_02072026_1302_g70","E6",2026-07-02 13:02:00,20260702,70,"T2_30C_70g"
"475","E","7","10096","NIFA_Resazurin_30_T2_02072026_1302_g70","T2","NIFA_Resazurin_30_T2_02072026_1302_g70","E7",2026-07-02 13:02:00,20260702,70,"T2_30C_70g"
"476","E","8","2569","NIFA_Resazurin_30_T2_02072026_1302_g70","T2","NIFA_Resazurin_30_T2_02072026_1302_g70","E8",2026-07-02 13:02:00,20260702,70,"T2_30C_70g"
"477","E","9","8968","NIFA_Resazurin_30_T2_02072026_1302_g70","T2","NIFA_Resazurin_30_T2_02072026_1302_g70","E9",2026-07-02 13:02:00,20260702,70,"T2_30C_70g"
"478","E","10","13734","NIFA_Resazurin_30_T2_02072026_1302_g70","T2","NIFA_Resazurin_30_T2_02072026_1302_g70","E10",2026-07-02 13:02:00,20260702,70,"T2_30C_70g"
"479","E","11","8675","NIFA_Resazurin_30_T2_02072026_1302_g70","T2","NIFA_Resazurin_30_T2_02072026_1302_g70","E11",2026-07-02 13:02:00,20260702,70,"T2_30C_70g"
"480","E","12","3184","NIFA_Resazurin_30_T2_02072026_1302_g70","T2","NIFA_Resazurin_30_T2_02072026_1302_g70","E12",2026-07-02 13:02:00,20260702,70,"T2_30C_70g"
"481","F","1","27185","NIFA_Resazurin_30_T2_02072026_1302_g70","T2","NIFA_Resazurin_30_T2_02072026_1302_g70","F1",2026-07-02 13:02:00,20260702,70,"T2_30C_70g"
"482","F","2","14269","NIFA_Resazurin_30_T2_02072026_1302_g70","T2","NIFA_Resazurin_30_T2_02072026_1302_g70","F2",2026-07-02 13:02:00,20260702,70,"T2_30C_70g"
"483","F","3","14491","NIFA_Resazurin_30_T2_02072026_1302_g70","T2","NIFA_Resazurin_30_T2_02072026_1302_g70","F3",2026-07-02 13:02:00,20260702,70,"T2_30C_70g"
"484","F","4","13945","NIFA_Resazurin_30_T2_02072026_1302_g70","T2","NIFA_Resazurin_30_T2_02072026_1302_g70","F4",2026-07-02 13:02:00,20260702,70,"T2_30C_70g"
"485","F","5","15804","NIFA_Resazurin_30_T2_02072026_1302_g70","T2","NIFA_Resazurin_30_T2_02072026_1302_g70","F5",2026-07-02 13:02:00,20260702,70,"T2_30C_70g"
"486","F","6","16987","NIFA_Resazurin_30_T2_02072026_1302_g70","T2","NIFA_Resazurin_30_T2_02072026_1302_g70","F6",2026-07-02 13:02:00,20260702,70,"T2_30C_70g"
"487","F","7","14141","NIFA_Resazurin_30_T2_02072026_1302_g70","T2","NIFA_Resazurin_30_T2_02072026_1302_g70","F7",2026-07-02 13:02:00,20260702,70,"T2_30C_70g"
"488","F","8","9431","NIFA_Resazurin_30_T2_02072026_1302_g70","T2","NIFA_Resazurin_30_T2_02072026_1302_g70","F8",2026-07-02 13:02:00,20260702,70,"T2_30C_70g"
"489","F","9","11263","NIFA_Resazurin_30_T2_02072026_1302_g70","T2","NIFA_Resazurin_30_T2_02072026_1302_g70","F9",2026-07-02 13:02:00,20260702,70,"T2_30C_70g"
"490","F","10","23060","NIFA_Resazurin_30_T2_02072026_1302_g70","T2","NIFA_Resazurin_30_T2_02072026_1302_g70","F10",2026-07-02 13:02:00,20260702,70,"T2_30C_70g"
"491","F","11","12685","NIFA_Resazurin_30_T2_02072026_1302_g70","T2","NIFA_Resazurin_30_T2_02072026_1302_g70","F11",2026-07-02 13:02:00,20260702,70,"T2_30C_70g"
"492","F","12","3432","NIFA_Resazurin_30_T2_02072026_1302_g70","T2","NIFA_Resazurin_30_T2_02072026_1302_g70","F12",2026-07-02 13:02:00,20260702,70,"T2_30C_70g"
"493","G","1","1273","NIFA_Resazurin_30_T2_02072026_1302_g70","T2","NIFA_Resazurin_30_T2_02072026_1302_g70","G1",2026-07-02 13:02:00,20260702,70,"T2_30C_70g"
"494","G","2","1824","NIFA_Resazurin_30_T2_02072026_1302_g70","T2","NIFA_Resazurin_30_T2_02072026_1302_g70","G2",2026-07-02 13:02:00,20260702,70,"T2_30C_70g"
"495","G","3","1123","NIFA_Resazurin_30_T2_02072026_1302_g70","T2","NIFA_Resazurin_30_T2_02072026_1302_g70","G3",2026-07-02 13:02:00,20260702,70,"T2_30C_70g"
"496","G","4","2035","NIFA_Resazurin_30_T2_02072026_1302_g70","T2","NIFA_Resazurin_30_T2_02072026_1302_g70","G4",2026-07-02 13:02:00,20260702,70,"T2_30C_70g"
"497","G","5","1092","NIFA_Resazurin_30_T2_02072026_1302_g70","T2","NIFA_Resazurin_30_T2_02072026_1302_g70","G5",2026-07-02 13:02:00,20260702,70,"T2_30C_70g"
"498","G","6","1573","NIFA_Resazurin_30_T2_02072026_1302_g70","T2","NIFA_Resazurin_30_T2_02072026_1302_g70","G6",2026-07-02 13:02:00,20260702,70,"T2_30C_70g"
"499","G","7","1133","NIFA_Resazurin_30_T2_02072026_1302_g70","T2","NIFA_Resazurin_30_T2_02072026_1302_g70","G7",2026-07-02 13:02:00,20260702,70,"T2_30C_70g"
"500","G","8","1957","NIFA_Resazurin_30_T2_02072026_1302_g70","T2","NIFA_Resazurin_30_T2_02072026_1302_g70","G8",2026-07-02 13:02:00,20260702,70,"T2_30C_70g"
"501","G","9","1110","NIFA_Resazurin_30_T2_02072026_1302_g70","T2","NIFA_Resazurin_30_T2_02072026_1302_g70","G9",2026-07-02 13:02:00,20260702,70,"T2_30C_70g"
"502","G","10","3352","NIFA_Resazurin_30_T2_02072026_1302_g70","T2","NIFA_Resazurin_30_T2_02072026_1302_g70","G10",2026-07-02 13:02:00,20260702,70,"T2_30C_70g"
"503","G","11","1099","NIFA_Resazurin_30_T2_02072026_1302_g70","T2","NIFA_Resazurin_30_T2_02072026_1302_g70","G11",2026-07-02 13:02:00,20260702,70,"T2_30C_70g"
"504","G","12","2420","NIFA_Resazurin_30_T2_02072026_1302_g70","T2","NIFA_Resazurin_30_T2_02072026_1302_g70","G12",2026-07-02 13:02:00,20260702,70,"T2_30C_70g"
"505","A","1","13260","NIFA_Resazurin_30_T3_02072026_1412_g65","T3","NIFA_Resazurin_30_T3_02072026_1412_g65","A1",2026-07-02 14:12:00,20260702,65,"T3_30C_65g"
"506","A","2","18852","NIFA_Resazurin_30_T3_02072026_1412_g65","T3","NIFA_Resazurin_30_T3_02072026_1412_g65","A2",2026-07-02 14:12:00,20260702,65,"T3_30C_65g"
"507","A","3","2827","NIFA_Resazurin_30_T3_02072026_1412_g65","T3","NIFA_Resazurin_30_T3_02072026_1412_g65","A3",2026-07-02 14:12:00,20260702,65,"T3_30C_65g"
"508","A","4","6275","NIFA_Resazurin_30_T3_02072026_1412_g65","T3","NIFA_Resazurin_30_T3_02072026_1412_g65","A4",2026-07-02 14:12:00,20260702,65,"T3_30C_65g"
"509","A","5","2400","NIFA_Resazurin_30_T3_02072026_1412_g65","T3","NIFA_Resazurin_30_T3_02072026_1412_g65","A5",2026-07-02 14:12:00,20260702,65,"T3_30C_65g"
"510","A","6","12906","NIFA_Resazurin_30_T3_02072026_1412_g65","T3","NIFA_Resazurin_30_T3_02072026_1412_g65","A6",2026-07-02 14:12:00,20260702,65,"T3_30C_65g"
"511","A","7","7179","NIFA_Resazurin_30_T3_02072026_1412_g65","T3","NIFA_Resazurin_30_T3_02072026_1412_g65","A7",2026-07-02 14:12:00,20260702,65,"T3_30C_65g"
"512","A","8","10665","NIFA_Resazurin_30_T3_02072026_1412_g65","T3","NIFA_Resazurin_30_T3_02072026_1412_g65","A8",2026-07-02 14:12:00,20260702,65,"T3_30C_65g"
"513","A","9","8530","NIFA_Resazurin_30_T3_02072026_1412_g65","T3","NIFA_Resazurin_30_T3_02072026_1412_g65","A9",2026-07-02 14:12:00,20260702,65,"T3_30C_65g"
"514","A","10","8597","NIFA_Resazurin_30_T3_02072026_1412_g65","T3","NIFA_Resazurin_30_T3_02072026_1412_g65","A10",2026-07-02 14:12:00,20260702,65,"T3_30C_65g"
"515","A","11","7392","NIFA_Resazurin_30_T3_02072026_1412_g65","T3","NIFA_Resazurin_30_T3_02072026_1412_g65","A11",2026-07-02 14:12:00,20260702,65,"T3_30C_65g"
"516","A","12","4018","NIFA_Resazurin_30_T3_02072026_1412_g65","T3","NIFA_Resazurin_30_T3_02072026_1412_g65","A12",2026-07-02 14:12:00,20260702,65,"T3_30C_65g"
"517","B","1","10369","NIFA_Resazurin_30_T3_02072026_1412_g65","T3","NIFA_Resazurin_30_T3_02072026_1412_g65","B1",2026-07-02 14:12:00,20260702,65,"T3_30C_65g"
"518","B","2","16101","NIFA_Resazurin_30_T3_02072026_1412_g65","T3","NIFA_Resazurin_30_T3_02072026_1412_g65","B2",2026-07-02 14:12:00,20260702,65,"T3_30C_65g"
"519","B","3","9286","NIFA_Resazurin_30_T3_02072026_1412_g65","T3","NIFA_Resazurin_30_T3_02072026_1412_g65","B3",2026-07-02 14:12:00,20260702,65,"T3_30C_65g"
"520","B","4","11076","NIFA_Resazurin_30_T3_02072026_1412_g65","T3","NIFA_Resazurin_30_T3_02072026_1412_g65","B4",2026-07-02 14:12:00,20260702,65,"T3_30C_65g"
"521","B","5","22673","NIFA_Resazurin_30_T3_02072026_1412_g65","T3","NIFA_Resazurin_30_T3_02072026_1412_g65","B5",2026-07-02 14:12:00,20260702,65,"T3_30C_65g"
"522","B","6","15105","NIFA_Resazurin_30_T3_02072026_1412_g65","T3","NIFA_Resazurin_30_T3_02072026_1412_g65","B6",2026-07-02 14:12:00,20260702,65,"T3_30C_65g"
"523","B","7","8354","NIFA_Resazurin_30_T3_02072026_1412_g65","T3","NIFA_Resazurin_30_T3_02072026_1412_g65","B7",2026-07-02 14:12:00,20260702,65,"T3_30C_65g"
"524","B","8","6216","NIFA_Resazurin_30_T3_02072026_1412_g65","T3","NIFA_Resazurin_30_T3_02072026_1412_g65","B8",2026-07-02 14:12:00,20260702,65,"T3_30C_65g"
"525","B","9","13362","NIFA_Resazurin_30_T3_02072026_1412_g65","T3","NIFA_Resazurin_30_T3_02072026_1412_g65","B9",2026-07-02 14:12:00,20260702,65,"T3_30C_65g"
"526","B","10","8753","NIFA_Resazurin_30_T3_02072026_1412_g65","T3","NIFA_Resazurin_30_T3_02072026_1412_g65","B10",2026-07-02 14:12:00,20260702,65,"T3_30C_65g"
"527","B","11","10259","NIFA_Resazurin_30_T3_02072026_1412_g65","T3","NIFA_Resazurin_30_T3_02072026_1412_g65","B11",2026-07-02 14:12:00,20260702,65,"T3_30C_65g"
"528","B","12","7801","NIFA_Resazurin_30_T3_02072026_1412_g65","T3","NIFA_Resazurin_30_T3_02072026_1412_g65","B12",2026-07-02 14:12:00,20260702,65,"T3_30C_65g"
"529","C","1","11657","NIFA_Resazurin_30_T3_02072026_1412_g65","T3","NIFA_Resazurin_30_T3_02072026_1412_g65","C1",2026-07-02 14:12:00,20260702,65,"T3_30C_65g"
"530","C","2","8608","NIFA_Resazurin_30_T3_02072026_1412_g65","T3","NIFA_Resazurin_30_T3_02072026_1412_g65","C2",2026-07-02 14:12:00,20260702,65,"T3_30C_65g"
"531","C","3","10542","NIFA_Resazurin_30_T3_02072026_1412_g65","T3","NIFA_Resazurin_30_T3_02072026_1412_g65","C3",2026-07-02 14:12:00,20260702,65,"T3_30C_65g"
"532","C","4","2373","NIFA_Resazurin_30_T3_02072026_1412_g65","T3","NIFA_Resazurin_30_T3_02072026_1412_g65","C4",2026-07-02 14:12:00,20260702,65,"T3_30C_65g"
"533","C","5","11579","NIFA_Resazurin_30_T3_02072026_1412_g65","T3","NIFA_Resazurin_30_T3_02072026_1412_g65","C5",2026-07-02 14:12:00,20260702,65,"T3_30C_65g"
"534","C","6","8864","NIFA_Resazurin_30_T3_02072026_1412_g65","T3","NIFA_Resazurin_30_T3_02072026_1412_g65","C6",2026-07-02 14:12:00,20260702,65,"T3_30C_65g"
"535","C","7","4299","NIFA_Resazurin_30_T3_02072026_1412_g65","T3","NIFA_Resazurin_30_T3_02072026_1412_g65","C7",2026-07-02 14:12:00,20260702,65,"T3_30C_65g"
"536","C","8","5433","NIFA_Resazurin_30_T3_02072026_1412_g65","T3","NIFA_Resazurin_30_T3_02072026_1412_g65","C8",2026-07-02 14:12:00,20260702,65,"T3_30C_65g"
"537","C","9","11186","NIFA_Resazurin_30_T3_02072026_1412_g65","T3","NIFA_Resazurin_30_T3_02072026_1412_g65","C9",2026-07-02 14:12:00,20260702,65,"T3_30C_65g"
"538","C","10","5578","NIFA_Resazurin_30_T3_02072026_1412_g65","T3","NIFA_Resazurin_30_T3_02072026_1412_g65","C10",2026-07-02 14:12:00,20260702,65,"T3_30C_65g"
"539","C","11","8444","NIFA_Resazurin_30_T3_02072026_1412_g65","T3","NIFA_Resazurin_30_T3_02072026_1412_g65","C11",2026-07-02 14:12:00,20260702,65,"T3_30C_65g"
"540","C","12","6634","NIFA_Resazurin_30_T3_02072026_1412_g65","T3","NIFA_Resazurin_30_T3_02072026_1412_g65","C12",2026-07-02 14:12:00,20260702,65,"T3_30C_65g"
"541","D","1","20933","NIFA_Resazurin_30_T3_02072026_1412_g65","T3","NIFA_Resazurin_30_T3_02072026_1412_g65","D1",2026-07-02 14:12:00,20260702,65,"T3_30C_65g"
"542","D","2","8759","NIFA_Resazurin_30_T3_02072026_1412_g65","T3","NIFA_Resazurin_30_T3_02072026_1412_g65","D2",2026-07-02 14:12:00,20260702,65,"T3_30C_65g"
"543","D","3","4155","NIFA_Resazurin_30_T3_02072026_1412_g65","T3","NIFA_Resazurin_30_T3_02072026_1412_g65","D3",2026-07-02 14:12:00,20260702,65,"T3_30C_65g"
"544","D","4","8805","NIFA_Resazurin_30_T3_02072026_1412_g65","T3","NIFA_Resazurin_30_T3_02072026_1412_g65","D4",2026-07-02 14:12:00,20260702,65,"T3_30C_65g"
"545","D","5","2616","NIFA_Resazurin_30_T3_02072026_1412_g65","T3","NIFA_Resazurin_30_T3_02072026_1412_g65","D5",2026-07-02 14:12:00,20260702,65,"T3_30C_65g"
"546","D","6","10118","NIFA_Resazurin_30_T3_02072026_1412_g65","T3","NIFA_Resazurin_30_T3_02072026_1412_g65","D6",2026-07-02 14:12:00,20260702,65,"T3_30C_65g"
"547","D","7","5894","NIFA_Resazurin_30_T3_02072026_1412_g65","T3","NIFA_Resazurin_30_T3_02072026_1412_g65","D7",2026-07-02 14:12:00,20260702,65,"T3_30C_65g"
"548","D","8","9332","NIFA_Resazurin_30_T3_02072026_1412_g65","T3","NIFA_Resazurin_30_T3_02072026_1412_g65","D8",2026-07-02 14:12:00,20260702,65,"T3_30C_65g"
"549","D","9","9963","NIFA_Resazurin_30_T3_02072026_1412_g65","T3","NIFA_Resazurin_30_T3_02072026_1412_g65","D9",2026-07-02 14:12:00,20260702,65,"T3_30C_65g"
"550","D","10","10908","NIFA_Resazurin_30_T3_02072026_1412_g65","T3","NIFA_Resazurin_30_T3_02072026_1412_g65","D10",2026-07-02 14:12:00,20260702,65,"T3_30C_65g"
"551","D","11","12226","NIFA_Resazurin_30_T3_02072026_1412_g65","T3","NIFA_Resazurin_30_T3_02072026_1412_g65","D11",2026-07-02 14:12:00,20260702,65,"T3_30C_65g"
"552","D","12","1439","NIFA_Resazurin_30_T3_02072026_1412_g65","T3","NIFA_Resazurin_30_T3_02072026_1412_g65","D12",2026-07-02 14:12:00,20260702,65,"T3_30C_65g"
"553","E","1","10139","NIFA_Resazurin_30_T3_02072026_1412_g65","T3","NIFA_Resazurin_30_T3_02072026_1412_g65","E1",2026-07-02 14:12:00,20260702,65,"T3_30C_65g"
"554","E","2","10640","NIFA_Resazurin_30_T3_02072026_1412_g65","T3","NIFA_Resazurin_30_T3_02072026_1412_g65","E2",2026-07-02 14:12:00,20260702,65,"T3_30C_65g"
"555","E","3","8958","NIFA_Resazurin_30_T3_02072026_1412_g65","T3","NIFA_Resazurin_30_T3_02072026_1412_g65","E3",2026-07-02 14:12:00,20260702,65,"T3_30C_65g"
"556","E","4","9277","NIFA_Resazurin_30_T3_02072026_1412_g65","T3","NIFA_Resazurin_30_T3_02072026_1412_g65","E4",2026-07-02 14:12:00,20260702,65,"T3_30C_65g"
"557","E","5","5859","NIFA_Resazurin_30_T3_02072026_1412_g65","T3","NIFA_Resazurin_30_T3_02072026_1412_g65","E5",2026-07-02 14:12:00,20260702,65,"T3_30C_65g"
"558","E","6","9615","NIFA_Resazurin_30_T3_02072026_1412_g65","T3","NIFA_Resazurin_30_T3_02072026_1412_g65","E6",2026-07-02 14:12:00,20260702,65,"T3_30C_65g"
"559","E","7","6771","NIFA_Resazurin_30_T3_02072026_1412_g65","T3","NIFA_Resazurin_30_T3_02072026_1412_g65","E7",2026-07-02 14:12:00,20260702,65,"T3_30C_65g"
"560","E","8","1889","NIFA_Resazurin_30_T3_02072026_1412_g65","T3","NIFA_Resazurin_30_T3_02072026_1412_g65","E8",2026-07-02 14:12:00,20260702,65,"T3_30C_65g"
"561","E","9","5963","NIFA_Resazurin_30_T3_02072026_1412_g65","T3","NIFA_Resazurin_30_T3_02072026_1412_g65","E9",2026-07-02 14:12:00,20260702,65,"T3_30C_65g"
"562","E","10","8667","NIFA_Resazurin_30_T3_02072026_1412_g65","T3","NIFA_Resazurin_30_T3_02072026_1412_g65","E10",2026-07-02 14:12:00,20260702,65,"T3_30C_65g"
"563","E","11","5622","NIFA_Resazurin_30_T3_02072026_1412_g65","T3","NIFA_Resazurin_30_T3_02072026_1412_g65","E11",2026-07-02 14:12:00,20260702,65,"T3_30C_65g"
"564","E","12","2704","NIFA_Resazurin_30_T3_02072026_1412_g65","T3","NIFA_Resazurin_30_T3_02072026_1412_g65","E12",2026-07-02 14:12:00,20260702,65,"T3_30C_65g"
"565","F","1","16665","NIFA_Resazurin_30_T3_02072026_1412_g65","T3","NIFA_Resazurin_30_T3_02072026_1412_g65","F1",2026-07-02 14:12:00,20260702,65,"T3_30C_65g"
"566","F","2","9576","NIFA_Resazurin_30_T3_02072026_1412_g65","T3","NIFA_Resazurin_30_T3_02072026_1412_g65","F2",2026-07-02 14:12:00,20260702,65,"T3_30C_65g"
"567","F","3","9290","NIFA_Resazurin_30_T3_02072026_1412_g65","T3","NIFA_Resazurin_30_T3_02072026_1412_g65","F3",2026-07-02 14:12:00,20260702,65,"T3_30C_65g"
"568","F","4","9248","NIFA_Resazurin_30_T3_02072026_1412_g65","T3","NIFA_Resazurin_30_T3_02072026_1412_g65","F4",2026-07-02 14:12:00,20260702,65,"T3_30C_65g"
"569","F","5","10528","NIFA_Resazurin_30_T3_02072026_1412_g65","T3","NIFA_Resazurin_30_T3_02072026_1412_g65","F5",2026-07-02 14:12:00,20260702,65,"T3_30C_65g"
"570","F","6","10779","NIFA_Resazurin_30_T3_02072026_1412_g65","T3","NIFA_Resazurin_30_T3_02072026_1412_g65","F6",2026-07-02 14:12:00,20260702,65,"T3_30C_65g"
"571","F","7","10108","NIFA_Resazurin_30_T3_02072026_1412_g65","T3","NIFA_Resazurin_30_T3_02072026_1412_g65","F7",2026-07-02 14:12:00,20260702,65,"T3_30C_65g"
"572","F","8","5736","NIFA_Resazurin_30_T3_02072026_1412_g65","T3","NIFA_Resazurin_30_T3_02072026_1412_g65","F8",2026-07-02 14:12:00,20260702,65,"T3_30C_65g"
"573","F","9","7406","NIFA_Resazurin_30_T3_02072026_1412_g65","T3","NIFA_Resazurin_30_T3_02072026_1412_g65","F9",2026-07-02 14:12:00,20260702,65,"T3_30C_65g"
"574","F","10","13416","NIFA_Resazurin_30_T3_02072026_1412_g65","T3","NIFA_Resazurin_30_T3_02072026_1412_g65","F10",2026-07-02 14:12:00,20260702,65,"T3_30C_65g"
"575","F","11","8239","NIFA_Resazurin_30_T3_02072026_1412_g65","T3","NIFA_Resazurin_30_T3_02072026_1412_g65","F11",2026-07-02 14:12:00,20260702,65,"T3_30C_65g"
"576","F","12","2335","NIFA_Resazurin_30_T3_02072026_1412_g65","T3","NIFA_Resazurin_30_T3_02072026_1412_g65","F12",2026-07-02 14:12:00,20260702,65,"T3_30C_65g"
"577","G","1","694","NIFA_Resazurin_30_T3_02072026_1412_g65","T3","NIFA_Resazurin_30_T3_02072026_1412_g65","G1",2026-07-02 14:12:00,20260702,65,"T3_30C_65g"
"578","G","2","1190","NIFA_Resazurin_30_T3_02072026_1412_g65","T3","NIFA_Resazurin_30_T3_02072026_1412_g65","G2",2026-07-02 14:12:00,20260702,65,"T3_30C_65g"
"579","G","3","649","NIFA_Resazurin_30_T3_02072026_1412_g65","T3","NIFA_Resazurin_30_T3_02072026_1412_g65","G3",2026-07-02 14:12:00,20260702,65,"T3_30C_65g"
"580","G","4","1488","NIFA_Resazurin_30_T3_02072026_1412_g65","T3","NIFA_Resazurin_30_T3_02072026_1412_g65","G4",2026-07-02 14:12:00,20260702,65,"T3_30C_65g"
"581","G","5","645","NIFA_Resazurin_30_T3_02072026_1412_g65","T3","NIFA_Resazurin_30_T3_02072026_1412_g65","G5",2026-07-02 14:12:00,20260702,65,"T3_30C_65g"
"582","G","6","1011","NIFA_Resazurin_30_T3_02072026_1412_g65","T3","NIFA_Resazurin_30_T3_02072026_1412_g65","G6",2026-07-02 14:12:00,20260702,65,"T3_30C_65g"
"583","G","7","681","NIFA_Resazurin_30_T3_02072026_1412_g65","T3","NIFA_Resazurin_30_T3_02072026_1412_g65","G7",2026-07-02 14:12:00,20260702,65,"T3_30C_65g"
"584","G","8","1353","NIFA_Resazurin_30_T3_02072026_1412_g65","T3","NIFA_Resazurin_30_T3_02072026_1412_g65","G8",2026-07-02 14:12:00,20260702,65,"T3_30C_65g"
"585","G","9","655","NIFA_Resazurin_30_T3_02072026_1412_g65","T3","NIFA_Resazurin_30_T3_02072026_1412_g65","G9",2026-07-02 14:12:00,20260702,65,"T3_30C_65g"
"586","G","10","2905","NIFA_Resazurin_30_T3_02072026_1412_g65","T3","NIFA_Resazurin_30_T3_02072026_1412_g65","G10",2026-07-02 14:12:00,20260702,65,"T3_30C_65g"
"587","G","11","682","NIFA_Resazurin_30_T3_02072026_1412_g65","T3","NIFA_Resazurin_30_T3_02072026_1412_g65","G11",2026-07-02 14:12:00,20260702,65,"T3_30C_65g"
"588","G","12","1935","NIFA_Resazurin_30_T3_02072026_1412_g65","T3","NIFA_Resazurin_30_T3_02072026_1412_g65","G12",2026-07-02 14:12:00,20260702,65,"T3_30C_65g"
"589","A","1","22980","NIFA_Resazurin_30_T3_02072026_1412_g70","T3","NIFA_Resazurin_30_T3_02072026_1412_g70","A1",2026-07-02 14:12:00,20260702,70,"T3_30C_70g"
"590","A","2","32753","NIFA_Resazurin_30_T3_02072026_1412_g70","T3","NIFA_Resazurin_30_T3_02072026_1412_g70","A2",2026-07-02 14:12:00,20260702,70,"T3_30C_70g"
"591","A","3","4793","NIFA_Resazurin_30_T3_02072026_1412_g70","T3","NIFA_Resazurin_30_T3_02072026_1412_g70","A3",2026-07-02 14:12:00,20260702,70,"T3_30C_70g"
"592","A","4","10744","NIFA_Resazurin_30_T3_02072026_1412_g70","T3","NIFA_Resazurin_30_T3_02072026_1412_g70","A4",2026-07-02 14:12:00,20260702,70,"T3_30C_70g"
"593","A","5","4115","NIFA_Resazurin_30_T3_02072026_1412_g70","T3","NIFA_Resazurin_30_T3_02072026_1412_g70","A5",2026-07-02 14:12:00,20260702,70,"T3_30C_70g"
"594","A","6","22094","NIFA_Resazurin_30_T3_02072026_1412_g70","T3","NIFA_Resazurin_30_T3_02072026_1412_g70","A6",2026-07-02 14:12:00,20260702,70,"T3_30C_70g"
"595","A","7","12436","NIFA_Resazurin_30_T3_02072026_1412_g70","T3","NIFA_Resazurin_30_T3_02072026_1412_g70","A7",2026-07-02 14:12:00,20260702,70,"T3_30C_70g"
"596","A","8","18348","NIFA_Resazurin_30_T3_02072026_1412_g70","T3","NIFA_Resazurin_30_T3_02072026_1412_g70","A8",2026-07-02 14:12:00,20260702,70,"T3_30C_70g"
"597","A","9","14605","NIFA_Resazurin_30_T3_02072026_1412_g70","T3","NIFA_Resazurin_30_T3_02072026_1412_g70","A9",2026-07-02 14:12:00,20260702,70,"T3_30C_70g"
"598","A","10","14435","NIFA_Resazurin_30_T3_02072026_1412_g70","T3","NIFA_Resazurin_30_T3_02072026_1412_g70","A10",2026-07-02 14:12:00,20260702,70,"T3_30C_70g"
"599","A","11","12586","NIFA_Resazurin_30_T3_02072026_1412_g70","T3","NIFA_Resazurin_30_T3_02072026_1412_g70","A11",2026-07-02 14:12:00,20260702,70,"T3_30C_70g"
"600","A","12","6835","NIFA_Resazurin_30_T3_02072026_1412_g70","T3","NIFA_Resazurin_30_T3_02072026_1412_g70","A12",2026-07-02 14:12:00,20260702,70,"T3_30C_70g"
"601","B","1","17175","NIFA_Resazurin_30_T3_02072026_1412_g70","T3","NIFA_Resazurin_30_T3_02072026_1412_g70","B1",2026-07-02 14:12:00,20260702,70,"T3_30C_70g"
"602","B","2","27191","NIFA_Resazurin_30_T3_02072026_1412_g70","T3","NIFA_Resazurin_30_T3_02072026_1412_g70","B2",2026-07-02 14:12:00,20260702,70,"T3_30C_70g"
"603","B","3","15739","NIFA_Resazurin_30_T3_02072026_1412_g70","T3","NIFA_Resazurin_30_T3_02072026_1412_g70","B3",2026-07-02 14:12:00,20260702,70,"T3_30C_70g"
"604","B","4","18288","NIFA_Resazurin_30_T3_02072026_1412_g70","T3","NIFA_Resazurin_30_T3_02072026_1412_g70","B4",2026-07-02 14:12:00,20260702,70,"T3_30C_70g"
"605","B","5","37909","NIFA_Resazurin_30_T3_02072026_1412_g70","T3","NIFA_Resazurin_30_T3_02072026_1412_g70","B5",2026-07-02 14:12:00,20260702,70,"T3_30C_70g"
"606","B","6","25503","NIFA_Resazurin_30_T3_02072026_1412_g70","T3","NIFA_Resazurin_30_T3_02072026_1412_g70","B6",2026-07-02 14:12:00,20260702,70,"T3_30C_70g"
"607","B","7","13968","NIFA_Resazurin_30_T3_02072026_1412_g70","T3","NIFA_Resazurin_30_T3_02072026_1412_g70","B7",2026-07-02 14:12:00,20260702,70,"T3_30C_70g"
"608","B","8","10686","NIFA_Resazurin_30_T3_02072026_1412_g70","T3","NIFA_Resazurin_30_T3_02072026_1412_g70","B8",2026-07-02 14:12:00,20260702,70,"T3_30C_70g"
"609","B","9","22733","NIFA_Resazurin_30_T3_02072026_1412_g70","T3","NIFA_Resazurin_30_T3_02072026_1412_g70","B9",2026-07-02 14:12:00,20260702,70,"T3_30C_70g"
"610","B","10","14910","NIFA_Resazurin_30_T3_02072026_1412_g70","T3","NIFA_Resazurin_30_T3_02072026_1412_g70","B10",2026-07-02 14:12:00,20260702,70,"T3_30C_70g"
"611","B","11","17425","NIFA_Resazurin_30_T3_02072026_1412_g70","T3","NIFA_Resazurin_30_T3_02072026_1412_g70","B11",2026-07-02 14:12:00,20260702,70,"T3_30C_70g"
"612","B","12","13594","NIFA_Resazurin_30_T3_02072026_1412_g70","T3","NIFA_Resazurin_30_T3_02072026_1412_g70","B12",2026-07-02 14:12:00,20260702,70,"T3_30C_70g"
"613","C","1","19914","NIFA_Resazurin_30_T3_02072026_1412_g70","T3","NIFA_Resazurin_30_T3_02072026_1412_g70","C1",2026-07-02 14:12:00,20260702,70,"T3_30C_70g"
"614","C","2","14827","NIFA_Resazurin_30_T3_02072026_1412_g70","T3","NIFA_Resazurin_30_T3_02072026_1412_g70","C2",2026-07-02 14:12:00,20260702,70,"T3_30C_70g"
"615","C","3","17657","NIFA_Resazurin_30_T3_02072026_1412_g70","T3","NIFA_Resazurin_30_T3_02072026_1412_g70","C3",2026-07-02 14:12:00,20260702,70,"T3_30C_70g"
"616","C","4","4095","NIFA_Resazurin_30_T3_02072026_1412_g70","T3","NIFA_Resazurin_30_T3_02072026_1412_g70","C4",2026-07-02 14:12:00,20260702,70,"T3_30C_70g"
"617","C","5","19492","NIFA_Resazurin_30_T3_02072026_1412_g70","T3","NIFA_Resazurin_30_T3_02072026_1412_g70","C5",2026-07-02 14:12:00,20260702,70,"T3_30C_70g"
"618","C","6","15019","NIFA_Resazurin_30_T3_02072026_1412_g70","T3","NIFA_Resazurin_30_T3_02072026_1412_g70","C6",2026-07-02 14:12:00,20260702,70,"T3_30C_70g"
"619","C","7","7357","NIFA_Resazurin_30_T3_02072026_1412_g70","T3","NIFA_Resazurin_30_T3_02072026_1412_g70","C7",2026-07-02 14:12:00,20260702,70,"T3_30C_70g"
"620","C","8","9192","NIFA_Resazurin_30_T3_02072026_1412_g70","T3","NIFA_Resazurin_30_T3_02072026_1412_g70","C8",2026-07-02 14:12:00,20260702,70,"T3_30C_70g"
"621","C","9","19089","NIFA_Resazurin_30_T3_02072026_1412_g70","T3","NIFA_Resazurin_30_T3_02072026_1412_g70","C9",2026-07-02 14:12:00,20260702,70,"T3_30C_70g"
"622","C","10","9524","NIFA_Resazurin_30_T3_02072026_1412_g70","T3","NIFA_Resazurin_30_T3_02072026_1412_g70","C10",2026-07-02 14:12:00,20260702,70,"T3_30C_70g"
"623","C","11","14458","NIFA_Resazurin_30_T3_02072026_1412_g70","T3","NIFA_Resazurin_30_T3_02072026_1412_g70","C11",2026-07-02 14:12:00,20260702,70,"T3_30C_70g"
"624","C","12","11279","NIFA_Resazurin_30_T3_02072026_1412_g70","T3","NIFA_Resazurin_30_T3_02072026_1412_g70","C12",2026-07-02 14:12:00,20260702,70,"T3_30C_70g"
"625","D","1","34452","NIFA_Resazurin_30_T3_02072026_1412_g70","T3","NIFA_Resazurin_30_T3_02072026_1412_g70","D1",2026-07-02 14:12:00,20260702,70,"T3_30C_70g"
"626","D","2","14681","NIFA_Resazurin_30_T3_02072026_1412_g70","T3","NIFA_Resazurin_30_T3_02072026_1412_g70","D2",2026-07-02 14:12:00,20260702,70,"T3_30C_70g"
"627","D","3","6962","NIFA_Resazurin_30_T3_02072026_1412_g70","T3","NIFA_Resazurin_30_T3_02072026_1412_g70","D3",2026-07-02 14:12:00,20260702,70,"T3_30C_70g"
"628","D","4","15076","NIFA_Resazurin_30_T3_02072026_1412_g70","T3","NIFA_Resazurin_30_T3_02072026_1412_g70","D4",2026-07-02 14:12:00,20260702,70,"T3_30C_70g"
"629","D","5","4437","NIFA_Resazurin_30_T3_02072026_1412_g70","T3","NIFA_Resazurin_30_T3_02072026_1412_g70","D5",2026-07-02 14:12:00,20260702,70,"T3_30C_70g"
"630","D","6","17104","NIFA_Resazurin_30_T3_02072026_1412_g70","T3","NIFA_Resazurin_30_T3_02072026_1412_g70","D6",2026-07-02 14:12:00,20260702,70,"T3_30C_70g"
"631","D","7","9980","NIFA_Resazurin_30_T3_02072026_1412_g70","T3","NIFA_Resazurin_30_T3_02072026_1412_g70","D7",2026-07-02 14:12:00,20260702,70,"T3_30C_70g"
"632","D","8","15885","NIFA_Resazurin_30_T3_02072026_1412_g70","T3","NIFA_Resazurin_30_T3_02072026_1412_g70","D8",2026-07-02 14:12:00,20260702,70,"T3_30C_70g"
"633","D","9","16697","NIFA_Resazurin_30_T3_02072026_1412_g70","T3","NIFA_Resazurin_30_T3_02072026_1412_g70","D9",2026-07-02 14:12:00,20260702,70,"T3_30C_70g"
"634","D","10","18454","NIFA_Resazurin_30_T3_02072026_1412_g70","T3","NIFA_Resazurin_30_T3_02072026_1412_g70","D10",2026-07-02 14:12:00,20260702,70,"T3_30C_70g"
"635","D","11","20453","NIFA_Resazurin_30_T3_02072026_1412_g70","T3","NIFA_Resazurin_30_T3_02072026_1412_g70","D11",2026-07-02 14:12:00,20260702,70,"T3_30C_70g"
"636","D","12","2423","NIFA_Resazurin_30_T3_02072026_1412_g70","T3","NIFA_Resazurin_30_T3_02072026_1412_g70","D12",2026-07-02 14:12:00,20260702,70,"T3_30C_70g"
"637","E","1","17313","NIFA_Resazurin_30_T3_02072026_1412_g70","T3","NIFA_Resazurin_30_T3_02072026_1412_g70","E1",2026-07-02 14:12:00,20260702,70,"T3_30C_70g"
"638","E","2","18271","NIFA_Resazurin_30_T3_02072026_1412_g70","T3","NIFA_Resazurin_30_T3_02072026_1412_g70","E2",2026-07-02 14:12:00,20260702,70,"T3_30C_70g"
"639","E","3","15102","NIFA_Resazurin_30_T3_02072026_1412_g70","T3","NIFA_Resazurin_30_T3_02072026_1412_g70","E3",2026-07-02 14:12:00,20260702,70,"T3_30C_70g"
"640","E","4","15781","NIFA_Resazurin_30_T3_02072026_1412_g70","T3","NIFA_Resazurin_30_T3_02072026_1412_g70","E4",2026-07-02 14:12:00,20260702,70,"T3_30C_70g"
"641","E","5","10049","NIFA_Resazurin_30_T3_02072026_1412_g70","T3","NIFA_Resazurin_30_T3_02072026_1412_g70","E5",2026-07-02 14:12:00,20260702,70,"T3_30C_70g"
"642","E","6","16312","NIFA_Resazurin_30_T3_02072026_1412_g70","T3","NIFA_Resazurin_30_T3_02072026_1412_g70","E6",2026-07-02 14:12:00,20260702,70,"T3_30C_70g"
"643","E","7","11647","NIFA_Resazurin_30_T3_02072026_1412_g70","T3","NIFA_Resazurin_30_T3_02072026_1412_g70","E7",2026-07-02 14:12:00,20260702,70,"T3_30C_70g"
"644","E","8","3276","NIFA_Resazurin_30_T3_02072026_1412_g70","T3","NIFA_Resazurin_30_T3_02072026_1412_g70","E8",2026-07-02 14:12:00,20260702,70,"T3_30C_70g"
"645","E","9","10227","NIFA_Resazurin_30_T3_02072026_1412_g70","T3","NIFA_Resazurin_30_T3_02072026_1412_g70","E9",2026-07-02 14:12:00,20260702,70,"T3_30C_70g"
"646","E","10","14781","NIFA_Resazurin_30_T3_02072026_1412_g70","T3","NIFA_Resazurin_30_T3_02072026_1412_g70","E10",2026-07-02 14:12:00,20260702,70,"T3_30C_70g"
"647","E","11","9700","NIFA_Resazurin_30_T3_02072026_1412_g70","T3","NIFA_Resazurin_30_T3_02072026_1412_g70","E11",2026-07-02 14:12:00,20260702,70,"T3_30C_70g"
"648","E","12","4580","NIFA_Resazurin_30_T3_02072026_1412_g70","T3","NIFA_Resazurin_30_T3_02072026_1412_g70","E12",2026-07-02 14:12:00,20260702,70,"T3_30C_70g"
"649","F","1","27971","NIFA_Resazurin_30_T3_02072026_1412_g70","T3","NIFA_Resazurin_30_T3_02072026_1412_g70","F1",2026-07-02 14:12:00,20260702,70,"T3_30C_70g"
"650","F","2","16117","NIFA_Resazurin_30_T3_02072026_1412_g70","T3","NIFA_Resazurin_30_T3_02072026_1412_g70","F2",2026-07-02 14:12:00,20260702,70,"T3_30C_70g"
"651","F","3","16070","NIFA_Resazurin_30_T3_02072026_1412_g70","T3","NIFA_Resazurin_30_T3_02072026_1412_g70","F3",2026-07-02 14:12:00,20260702,70,"T3_30C_70g"
"652","F","4","15625","NIFA_Resazurin_30_T3_02072026_1412_g70","T3","NIFA_Resazurin_30_T3_02072026_1412_g70","F4",2026-07-02 14:12:00,20260702,70,"T3_30C_70g"
"653","F","5","17920","NIFA_Resazurin_30_T3_02072026_1412_g70","T3","NIFA_Resazurin_30_T3_02072026_1412_g70","F5",2026-07-02 14:12:00,20260702,70,"T3_30C_70g"
"654","F","6","18134","NIFA_Resazurin_30_T3_02072026_1412_g70","T3","NIFA_Resazurin_30_T3_02072026_1412_g70","F6",2026-07-02 14:12:00,20260702,70,"T3_30C_70g"
"655","F","7","17185","NIFA_Resazurin_30_T3_02072026_1412_g70","T3","NIFA_Resazurin_30_T3_02072026_1412_g70","F7",2026-07-02 14:12:00,20260702,70,"T3_30C_70g"
"656","F","8","9744","NIFA_Resazurin_30_T3_02072026_1412_g70","T3","NIFA_Resazurin_30_T3_02072026_1412_g70","F8",2026-07-02 14:12:00,20260702,70,"T3_30C_70g"
"657","F","9","12683","NIFA_Resazurin_30_T3_02072026_1412_g70","T3","NIFA_Resazurin_30_T3_02072026_1412_g70","F9",2026-07-02 14:12:00,20260702,70,"T3_30C_70g"
"658","F","10","23524","NIFA_Resazurin_30_T3_02072026_1412_g70","T3","NIFA_Resazurin_30_T3_02072026_1412_g70","F10",2026-07-02 14:12:00,20260702,70,"T3_30C_70g"
"659","F","11","13959","NIFA_Resazurin_30_T3_02072026_1412_g70","T3","NIFA_Resazurin_30_T3_02072026_1412_g70","F11",2026-07-02 14:12:00,20260702,70,"T3_30C_70g"
"660","F","12","3956","NIFA_Resazurin_30_T3_02072026_1412_g70","T3","NIFA_Resazurin_30_T3_02072026_1412_g70","F12",2026-07-02 14:12:00,20260702,70,"T3_30C_70g"
"661","G","1","1188","NIFA_Resazurin_30_T3_02072026_1412_g70","T3","NIFA_Resazurin_30_T3_02072026_1412_g70","G1",2026-07-02 14:12:00,20260702,70,"T3_30C_70g"
"662","G","2","2045","NIFA_Resazurin_30_T3_02072026_1412_g70","T3","NIFA_Resazurin_30_T3_02072026_1412_g70","G2",2026-07-02 14:12:00,20260702,70,"T3_30C_70g"
"663","G","3","1108","NIFA_Resazurin_30_T3_02072026_1412_g70","T3","NIFA_Resazurin_30_T3_02072026_1412_g70","G3",2026-07-02 14:12:00,20260702,70,"T3_30C_70g"
"664","G","4","2607","NIFA_Resazurin_30_T3_02072026_1412_g70","T3","NIFA_Resazurin_30_T3_02072026_1412_g70","G4",2026-07-02 14:12:00,20260702,70,"T3_30C_70g"
"665","G","5","1088","NIFA_Resazurin_30_T3_02072026_1412_g70","T3","NIFA_Resazurin_30_T3_02072026_1412_g70","G5",2026-07-02 14:12:00,20260702,70,"T3_30C_70g"
"666","G","6","1736","NIFA_Resazurin_30_T3_02072026_1412_g70","T3","NIFA_Resazurin_30_T3_02072026_1412_g70","G6",2026-07-02 14:12:00,20260702,70,"T3_30C_70g"
"667","G","7","1162","NIFA_Resazurin_30_T3_02072026_1412_g70","T3","NIFA_Resazurin_30_T3_02072026_1412_g70","G7",2026-07-02 14:12:00,20260702,70,"T3_30C_70g"
"668","G","8","2316","NIFA_Resazurin_30_T3_02072026_1412_g70","T3","NIFA_Resazurin_30_T3_02072026_1412_g70","G8",2026-07-02 14:12:00,20260702,70,"T3_30C_70g"
"669","G","9","1129","NIFA_Resazurin_30_T3_02072026_1412_g70","T3","NIFA_Resazurin_30_T3_02072026_1412_g70","G9",2026-07-02 14:12:00,20260702,70,"T3_30C_70g"
"670","G","10","5084","NIFA_Resazurin_30_T3_02072026_1412_g70","T3","NIFA_Resazurin_30_T3_02072026_1412_g70","G10",2026-07-02 14:12:00,20260702,70,"T3_30C_70g"
"671","G","11","1189","NIFA_Resazurin_30_T3_02072026_1412_g70","T3","NIFA_Resazurin_30_T3_02072026_1412_g70","G11",2026-07-02 14:12:00,20260702,70,"T3_30C_70g"
"672","G","12","3351","NIFA_Resazurin_30_T3_02072026_1412_g70","T3","NIFA_Resazurin_30_T3_02072026_1412_g70","G12",2026-07-02 14:12:00,20260702,70,"T3_30C_70g"
"673","A","1","13952","NIFA_Resazurin_30_T4_02072026_1516_g65","T4","NIFA_Resazurin_30_T4_02072026_1516_g65","A1",2026-07-02 15:16:00,20260702,65,"T4_30C_65g"
"674","A","2","20399","NIFA_Resazurin_30_T4_02072026_1516_g65","T4","NIFA_Resazurin_30_T4_02072026_1516_g65","A2",2026-07-02 15:16:00,20260702,65,"T4_30C_65g"
"675","A","3","3110","NIFA_Resazurin_30_T4_02072026_1516_g65","T4","NIFA_Resazurin_30_T4_02072026_1516_g65","A3",2026-07-02 15:16:00,20260702,65,"T4_30C_65g"
"676","A","4","8355","NIFA_Resazurin_30_T4_02072026_1516_g65","T4","NIFA_Resazurin_30_T4_02072026_1516_g65","A4",2026-07-02 15:16:00,20260702,65,"T4_30C_65g"
"677","A","5","2714","NIFA_Resazurin_30_T4_02072026_1516_g65","T4","NIFA_Resazurin_30_T4_02072026_1516_g65","A5",2026-07-02 15:16:00,20260702,65,"T4_30C_65g"
"678","A","6","16009","NIFA_Resazurin_30_T4_02072026_1516_g65","T4","NIFA_Resazurin_30_T4_02072026_1516_g65","A6",2026-07-02 15:16:00,20260702,65,"T4_30C_65g"
"679","A","7","9722","NIFA_Resazurin_30_T4_02072026_1516_g65","T4","NIFA_Resazurin_30_T4_02072026_1516_g65","A7",2026-07-02 15:16:00,20260702,65,"T4_30C_65g"
"680","A","8","12044","NIFA_Resazurin_30_T4_02072026_1516_g65","T4","NIFA_Resazurin_30_T4_02072026_1516_g65","A8",2026-07-02 15:16:00,20260702,65,"T4_30C_65g"
"681","A","9","9509","NIFA_Resazurin_30_T4_02072026_1516_g65","T4","NIFA_Resazurin_30_T4_02072026_1516_g65","A9",2026-07-02 15:16:00,20260702,65,"T4_30C_65g"
"682","A","10","9268","NIFA_Resazurin_30_T4_02072026_1516_g65","T4","NIFA_Resazurin_30_T4_02072026_1516_g65","A10",2026-07-02 15:16:00,20260702,65,"T4_30C_65g"
"683","A","11","8686","NIFA_Resazurin_30_T4_02072026_1516_g65","T4","NIFA_Resazurin_30_T4_02072026_1516_g65","A11",2026-07-02 15:16:00,20260702,65,"T4_30C_65g"
"684","A","12","5145","NIFA_Resazurin_30_T4_02072026_1516_g65","T4","NIFA_Resazurin_30_T4_02072026_1516_g65","A12",2026-07-02 15:16:00,20260702,65,"T4_30C_65g"
"685","B","1","16354","NIFA_Resazurin_30_T4_02072026_1516_g65","T4","NIFA_Resazurin_30_T4_02072026_1516_g65","B1",2026-07-02 15:16:00,20260702,65,"T4_30C_65g"
"686","B","2","18869","NIFA_Resazurin_30_T4_02072026_1516_g65","T4","NIFA_Resazurin_30_T4_02072026_1516_g65","B2",2026-07-02 15:16:00,20260702,65,"T4_30C_65g"
"687","B","3","10449","NIFA_Resazurin_30_T4_02072026_1516_g65","T4","NIFA_Resazurin_30_T4_02072026_1516_g65","B3",2026-07-02 15:16:00,20260702,65,"T4_30C_65g"
"688","B","4","11777","NIFA_Resazurin_30_T4_02072026_1516_g65","T4","NIFA_Resazurin_30_T4_02072026_1516_g65","B4",2026-07-02 15:16:00,20260702,65,"T4_30C_65g"
"689","B","5","30649","NIFA_Resazurin_30_T4_02072026_1516_g65","T4","NIFA_Resazurin_30_T4_02072026_1516_g65","B5",2026-07-02 15:16:00,20260702,65,"T4_30C_65g"
"690","B","6","17078","NIFA_Resazurin_30_T4_02072026_1516_g65","T4","NIFA_Resazurin_30_T4_02072026_1516_g65","B6",2026-07-02 15:16:00,20260702,65,"T4_30C_65g"
"691","B","7","9075","NIFA_Resazurin_30_T4_02072026_1516_g65","T4","NIFA_Resazurin_30_T4_02072026_1516_g65","B7",2026-07-02 15:16:00,20260702,65,"T4_30C_65g"
"692","B","8","6576","NIFA_Resazurin_30_T4_02072026_1516_g65","T4","NIFA_Resazurin_30_T4_02072026_1516_g65","B8",2026-07-02 15:16:00,20260702,65,"T4_30C_65g"
"693","B","9","14915","NIFA_Resazurin_30_T4_02072026_1516_g65","T4","NIFA_Resazurin_30_T4_02072026_1516_g65","B9",2026-07-02 15:16:00,20260702,65,"T4_30C_65g"
"694","B","10","9795","NIFA_Resazurin_30_T4_02072026_1516_g65","T4","NIFA_Resazurin_30_T4_02072026_1516_g65","B10",2026-07-02 15:16:00,20260702,65,"T4_30C_65g"
"695","B","11","12638","NIFA_Resazurin_30_T4_02072026_1516_g65","T4","NIFA_Resazurin_30_T4_02072026_1516_g65","B11",2026-07-02 15:16:00,20260702,65,"T4_30C_65g"
"696","B","12","12503","NIFA_Resazurin_30_T4_02072026_1516_g65","T4","NIFA_Resazurin_30_T4_02072026_1516_g65","B12",2026-07-02 15:16:00,20260702,65,"T4_30C_65g"
"697","C","1","18706","NIFA_Resazurin_30_T4_02072026_1516_g65","T4","NIFA_Resazurin_30_T4_02072026_1516_g65","C1",2026-07-02 15:16:00,20260702,65,"T4_30C_65g"
"698","C","2","10116","NIFA_Resazurin_30_T4_02072026_1516_g65","T4","NIFA_Resazurin_30_T4_02072026_1516_g65","C2",2026-07-02 15:16:00,20260702,65,"T4_30C_65g"
"699","C","3","11008","NIFA_Resazurin_30_T4_02072026_1516_g65","T4","NIFA_Resazurin_30_T4_02072026_1516_g65","C3",2026-07-02 15:16:00,20260702,65,"T4_30C_65g"
"700","C","4","2775","NIFA_Resazurin_30_T4_02072026_1516_g65","T4","NIFA_Resazurin_30_T4_02072026_1516_g65","C4",2026-07-02 15:16:00,20260702,65,"T4_30C_65g"
"701","C","5","13002","NIFA_Resazurin_30_T4_02072026_1516_g65","T4","NIFA_Resazurin_30_T4_02072026_1516_g65","C5",2026-07-02 15:16:00,20260702,65,"T4_30C_65g"
"702","C","6","10580","NIFA_Resazurin_30_T4_02072026_1516_g65","T4","NIFA_Resazurin_30_T4_02072026_1516_g65","C6",2026-07-02 15:16:00,20260702,65,"T4_30C_65g"
"703","C","7","5036","NIFA_Resazurin_30_T4_02072026_1516_g65","T4","NIFA_Resazurin_30_T4_02072026_1516_g65","C7",2026-07-02 15:16:00,20260702,65,"T4_30C_65g"
"704","C","8","10134","NIFA_Resazurin_30_T4_02072026_1516_g65","T4","NIFA_Resazurin_30_T4_02072026_1516_g65","C8",2026-07-02 15:16:00,20260702,65,"T4_30C_65g"
"705","C","9","11872","NIFA_Resazurin_30_T4_02072026_1516_g65","T4","NIFA_Resazurin_30_T4_02072026_1516_g65","C9",2026-07-02 15:16:00,20260702,65,"T4_30C_65g"
"706","C","10","6009","NIFA_Resazurin_30_T4_02072026_1516_g65","T4","NIFA_Resazurin_30_T4_02072026_1516_g65","C10",2026-07-02 15:16:00,20260702,65,"T4_30C_65g"
"707","C","11","8109","NIFA_Resazurin_30_T4_02072026_1516_g65","T4","NIFA_Resazurin_30_T4_02072026_1516_g65","C11",2026-07-02 15:16:00,20260702,65,"T4_30C_65g"
"708","C","12","7781","NIFA_Resazurin_30_T4_02072026_1516_g65","T4","NIFA_Resazurin_30_T4_02072026_1516_g65","C12",2026-07-02 15:16:00,20260702,65,"T4_30C_65g"
"709","D","1","22960","NIFA_Resazurin_30_T4_02072026_1516_g65","T4","NIFA_Resazurin_30_T4_02072026_1516_g65","D1",2026-07-02 15:16:00,20260702,65,"T4_30C_65g"
"710","D","2","10751","NIFA_Resazurin_30_T4_02072026_1516_g65","T4","NIFA_Resazurin_30_T4_02072026_1516_g65","D2",2026-07-02 15:16:00,20260702,65,"T4_30C_65g"
"711","D","3","4793","NIFA_Resazurin_30_T4_02072026_1516_g65","T4","NIFA_Resazurin_30_T4_02072026_1516_g65","D3",2026-07-02 15:16:00,20260702,65,"T4_30C_65g"
"712","D","4","9912","NIFA_Resazurin_30_T4_02072026_1516_g65","T4","NIFA_Resazurin_30_T4_02072026_1516_g65","D4",2026-07-02 15:16:00,20260702,65,"T4_30C_65g"
"713","D","5","3427","NIFA_Resazurin_30_T4_02072026_1516_g65","T4","NIFA_Resazurin_30_T4_02072026_1516_g65","D5",2026-07-02 15:16:00,20260702,65,"T4_30C_65g"
"714","D","6","13122","NIFA_Resazurin_30_T4_02072026_1516_g65","T4","NIFA_Resazurin_30_T4_02072026_1516_g65","D6",2026-07-02 15:16:00,20260702,65,"T4_30C_65g"
"715","D","7","6685","NIFA_Resazurin_30_T4_02072026_1516_g65","T4","NIFA_Resazurin_30_T4_02072026_1516_g65","D7",2026-07-02 15:16:00,20260702,65,"T4_30C_65g"
"716","D","8","9424","NIFA_Resazurin_30_T4_02072026_1516_g65","T4","NIFA_Resazurin_30_T4_02072026_1516_g65","D8",2026-07-02 15:16:00,20260702,65,"T4_30C_65g"
"717","D","9","11762","NIFA_Resazurin_30_T4_02072026_1516_g65","T4","NIFA_Resazurin_30_T4_02072026_1516_g65","D9",2026-07-02 15:16:00,20260702,65,"T4_30C_65g"
"718","D","10","11678","NIFA_Resazurin_30_T4_02072026_1516_g65","T4","NIFA_Resazurin_30_T4_02072026_1516_g65","D10",2026-07-02 15:16:00,20260702,65,"T4_30C_65g"
"719","D","11","13905","NIFA_Resazurin_30_T4_02072026_1516_g65","T4","NIFA_Resazurin_30_T4_02072026_1516_g65","D11",2026-07-02 15:16:00,20260702,65,"T4_30C_65g"
"720","D","12","1726","NIFA_Resazurin_30_T4_02072026_1516_g65","T4","NIFA_Resazurin_30_T4_02072026_1516_g65","D12",2026-07-02 15:16:00,20260702,65,"T4_30C_65g"
"721","E","1","13764","NIFA_Resazurin_30_T4_02072026_1516_g65","T4","NIFA_Resazurin_30_T4_02072026_1516_g65","E1",2026-07-02 15:16:00,20260702,65,"T4_30C_65g"
"722","E","2","14453","NIFA_Resazurin_30_T4_02072026_1516_g65","T4","NIFA_Resazurin_30_T4_02072026_1516_g65","E2",2026-07-02 15:16:00,20260702,65,"T4_30C_65g"
"723","E","3","9833","NIFA_Resazurin_30_T4_02072026_1516_g65","T4","NIFA_Resazurin_30_T4_02072026_1516_g65","E3",2026-07-02 15:16:00,20260702,65,"T4_30C_65g"
"724","E","4","10195","NIFA_Resazurin_30_T4_02072026_1516_g65","T4","NIFA_Resazurin_30_T4_02072026_1516_g65","E4",2026-07-02 15:16:00,20260702,65,"T4_30C_65g"
"725","E","5","8285","NIFA_Resazurin_30_T4_02072026_1516_g65","T4","NIFA_Resazurin_30_T4_02072026_1516_g65","E5",2026-07-02 15:16:00,20260702,65,"T4_30C_65g"
"726","E","6","10617","NIFA_Resazurin_30_T4_02072026_1516_g65","T4","NIFA_Resazurin_30_T4_02072026_1516_g65","E6",2026-07-02 15:16:00,20260702,65,"T4_30C_65g"
"727","E","7","7111","NIFA_Resazurin_30_T4_02072026_1516_g65","T4","NIFA_Resazurin_30_T4_02072026_1516_g65","E7",2026-07-02 15:16:00,20260702,65,"T4_30C_65g"
"728","E","8","2419","NIFA_Resazurin_30_T4_02072026_1516_g65","T4","NIFA_Resazurin_30_T4_02072026_1516_g65","E8",2026-07-02 15:16:00,20260702,65,"T4_30C_65g"
"729","E","9","8836","NIFA_Resazurin_30_T4_02072026_1516_g65","T4","NIFA_Resazurin_30_T4_02072026_1516_g65","E9",2026-07-02 15:16:00,20260702,65,"T4_30C_65g"
"730","E","10","9480","NIFA_Resazurin_30_T4_02072026_1516_g65","T4","NIFA_Resazurin_30_T4_02072026_1516_g65","E10",2026-07-02 15:16:00,20260702,65,"T4_30C_65g"
"731","E","11","6874","NIFA_Resazurin_30_T4_02072026_1516_g65","T4","NIFA_Resazurin_30_T4_02072026_1516_g65","E11",2026-07-02 15:16:00,20260702,65,"T4_30C_65g"
"732","E","12","3514","NIFA_Resazurin_30_T4_02072026_1516_g65","T4","NIFA_Resazurin_30_T4_02072026_1516_g65","E12",2026-07-02 15:16:00,20260702,65,"T4_30C_65g"
"733","F","1","21852","NIFA_Resazurin_30_T4_02072026_1516_g65","T4","NIFA_Resazurin_30_T4_02072026_1516_g65","F1",2026-07-02 15:16:00,20260702,65,"T4_30C_65g"
"734","F","2","11143","NIFA_Resazurin_30_T4_02072026_1516_g65","T4","NIFA_Resazurin_30_T4_02072026_1516_g65","F2",2026-07-02 15:16:00,20260702,65,"T4_30C_65g"
"735","F","3","10941","NIFA_Resazurin_30_T4_02072026_1516_g65","T4","NIFA_Resazurin_30_T4_02072026_1516_g65","F3",2026-07-02 15:16:00,20260702,65,"T4_30C_65g"
"736","F","4","9539","NIFA_Resazurin_30_T4_02072026_1516_g65","T4","NIFA_Resazurin_30_T4_02072026_1516_g65","F4",2026-07-02 15:16:00,20260702,65,"T4_30C_65g"
"737","F","5","12028","NIFA_Resazurin_30_T4_02072026_1516_g65","T4","NIFA_Resazurin_30_T4_02072026_1516_g65","F5",2026-07-02 15:16:00,20260702,65,"T4_30C_65g"
"738","F","6","11138","NIFA_Resazurin_30_T4_02072026_1516_g65","T4","NIFA_Resazurin_30_T4_02072026_1516_g65","F6",2026-07-02 15:16:00,20260702,65,"T4_30C_65g"
"739","F","7","14385","NIFA_Resazurin_30_T4_02072026_1516_g65","T4","NIFA_Resazurin_30_T4_02072026_1516_g65","F7",2026-07-02 15:16:00,20260702,65,"T4_30C_65g"
"740","F","8","6308","NIFA_Resazurin_30_T4_02072026_1516_g65","T4","NIFA_Resazurin_30_T4_02072026_1516_g65","F8",2026-07-02 15:16:00,20260702,65,"T4_30C_65g"
"741","F","9","8278","NIFA_Resazurin_30_T4_02072026_1516_g65","T4","NIFA_Resazurin_30_T4_02072026_1516_g65","F9",2026-07-02 15:16:00,20260702,65,"T4_30C_65g"
"742","F","10","14639","NIFA_Resazurin_30_T4_02072026_1516_g65","T4","NIFA_Resazurin_30_T4_02072026_1516_g65","F10",2026-07-02 15:16:00,20260702,65,"T4_30C_65g"
"743","F","11","9298","NIFA_Resazurin_30_T4_02072026_1516_g65","T4","NIFA_Resazurin_30_T4_02072026_1516_g65","F11",2026-07-02 15:16:00,20260702,65,"T4_30C_65g"
"744","F","12","2919","NIFA_Resazurin_30_T4_02072026_1516_g65","T4","NIFA_Resazurin_30_T4_02072026_1516_g65","F12",2026-07-02 15:16:00,20260702,65,"T4_30C_65g"
"745","G","1","772","NIFA_Resazurin_30_T4_02072026_1516_g65","T4","NIFA_Resazurin_30_T4_02072026_1516_g65","G1",2026-07-02 15:16:00,20260702,65,"T4_30C_65g"
"746","G","2","1382","NIFA_Resazurin_30_T4_02072026_1516_g65","T4","NIFA_Resazurin_30_T4_02072026_1516_g65","G2",2026-07-02 15:16:00,20260702,65,"T4_30C_65g"
"747","G","3","698","NIFA_Resazurin_30_T4_02072026_1516_g65","T4","NIFA_Resazurin_30_T4_02072026_1516_g65","G3",2026-07-02 15:16:00,20260702,65,"T4_30C_65g"
"748","G","4","1757","NIFA_Resazurin_30_T4_02072026_1516_g65","T4","NIFA_Resazurin_30_T4_02072026_1516_g65","G4",2026-07-02 15:16:00,20260702,65,"T4_30C_65g"
"749","G","5","684","NIFA_Resazurin_30_T4_02072026_1516_g65","T4","NIFA_Resazurin_30_T4_02072026_1516_g65","G5",2026-07-02 15:16:00,20260702,65,"T4_30C_65g"
"750","G","6","1095","NIFA_Resazurin_30_T4_02072026_1516_g65","T4","NIFA_Resazurin_30_T4_02072026_1516_g65","G6",2026-07-02 15:16:00,20260702,65,"T4_30C_65g"
"751","G","7","708","NIFA_Resazurin_30_T4_02072026_1516_g65","T4","NIFA_Resazurin_30_T4_02072026_1516_g65","G7",2026-07-02 15:16:00,20260702,65,"T4_30C_65g"
"752","G","8","1492","NIFA_Resazurin_30_T4_02072026_1516_g65","T4","NIFA_Resazurin_30_T4_02072026_1516_g65","G8",2026-07-02 15:16:00,20260702,65,"T4_30C_65g"
"753","G","9","697","NIFA_Resazurin_30_T4_02072026_1516_g65","T4","NIFA_Resazurin_30_T4_02072026_1516_g65","G9",2026-07-02 15:16:00,20260702,65,"T4_30C_65g"
"754","G","10","3446","NIFA_Resazurin_30_T4_02072026_1516_g65","T4","NIFA_Resazurin_30_T4_02072026_1516_g65","G10",2026-07-02 15:16:00,20260702,65,"T4_30C_65g"
"755","G","11","712","NIFA_Resazurin_30_T4_02072026_1516_g65","T4","NIFA_Resazurin_30_T4_02072026_1516_g65","G11",2026-07-02 15:16:00,20260702,65,"T4_30C_65g"
"756","G","12","2464","NIFA_Resazurin_30_T4_02072026_1516_g65","T4","NIFA_Resazurin_30_T4_02072026_1516_g65","G12",2026-07-02 15:16:00,20260702,65,"T4_30C_65g"
"757","A","1","23289","NIFA_Resazurin_30_T4_02072026_1516_g70","T4","NIFA_Resazurin_30_T4_02072026_1516_g70","A1",2026-07-02 15:16:00,20260702,70,"T4_30C_70g"
"758","A","2","34200","NIFA_Resazurin_30_T4_02072026_1516_g70","T4","NIFA_Resazurin_30_T4_02072026_1516_g70","A2",2026-07-02 15:16:00,20260702,70,"T4_30C_70g"
"759","A","3","5292","NIFA_Resazurin_30_T4_02072026_1516_g70","T4","NIFA_Resazurin_30_T4_02072026_1516_g70","A3",2026-07-02 15:16:00,20260702,70,"T4_30C_70g"
"760","A","4","14226","NIFA_Resazurin_30_T4_02072026_1516_g70","T4","NIFA_Resazurin_30_T4_02072026_1516_g70","A4",2026-07-02 15:16:00,20260702,70,"T4_30C_70g"
"761","A","5","4575","NIFA_Resazurin_30_T4_02072026_1516_g70","T4","NIFA_Resazurin_30_T4_02072026_1516_g70","A5",2026-07-02 15:16:00,20260702,70,"T4_30C_70g"
"762","A","6","27170","NIFA_Resazurin_30_T4_02072026_1516_g70","T4","NIFA_Resazurin_30_T4_02072026_1516_g70","A6",2026-07-02 15:16:00,20260702,70,"T4_30C_70g"
"763","A","7","16275","NIFA_Resazurin_30_T4_02072026_1516_g70","T4","NIFA_Resazurin_30_T4_02072026_1516_g70","A7",2026-07-02 15:16:00,20260702,70,"T4_30C_70g"
"764","A","8","20532","NIFA_Resazurin_30_T4_02072026_1516_g70","T4","NIFA_Resazurin_30_T4_02072026_1516_g70","A8",2026-07-02 15:16:00,20260702,70,"T4_30C_70g"
"765","A","9","16052","NIFA_Resazurin_30_T4_02072026_1516_g70","T4","NIFA_Resazurin_30_T4_02072026_1516_g70","A9",2026-07-02 15:16:00,20260702,70,"T4_30C_70g"
"766","A","10","15507","NIFA_Resazurin_30_T4_02072026_1516_g70","T4","NIFA_Resazurin_30_T4_02072026_1516_g70","A10",2026-07-02 15:16:00,20260702,70,"T4_30C_70g"
"767","A","11","14509","NIFA_Resazurin_30_T4_02072026_1516_g70","T4","NIFA_Resazurin_30_T4_02072026_1516_g70","A11",2026-07-02 15:16:00,20260702,70,"T4_30C_70g"
"768","A","12","8670","NIFA_Resazurin_30_T4_02072026_1516_g70","T4","NIFA_Resazurin_30_T4_02072026_1516_g70","A12",2026-07-02 15:16:00,20260702,70,"T4_30C_70g"
"769","B","1","27882","NIFA_Resazurin_30_T4_02072026_1516_g70","T4","NIFA_Resazurin_30_T4_02072026_1516_g70","B1",2026-07-02 15:16:00,20260702,70,"T4_30C_70g"
"770","B","2","32104","NIFA_Resazurin_30_T4_02072026_1516_g70","T4","NIFA_Resazurin_30_T4_02072026_1516_g70","B2",2026-07-02 15:16:00,20260702,70,"T4_30C_70g"
"771","B","3","17712","NIFA_Resazurin_30_T4_02072026_1516_g70","T4","NIFA_Resazurin_30_T4_02072026_1516_g70","B3",2026-07-02 15:16:00,20260702,70,"T4_30C_70g"
"772","B","4","19904","NIFA_Resazurin_30_T4_02072026_1516_g70","T4","NIFA_Resazurin_30_T4_02072026_1516_g70","B4",2026-07-02 15:16:00,20260702,70,"T4_30C_70g"
"773","B","5","51191","NIFA_Resazurin_30_T4_02072026_1516_g70","T4","NIFA_Resazurin_30_T4_02072026_1516_g70","B5",2026-07-02 15:16:00,20260702,70,"T4_30C_70g"
"774","B","6","28274","NIFA_Resazurin_30_T4_02072026_1516_g70","T4","NIFA_Resazurin_30_T4_02072026_1516_g70","B6",2026-07-02 15:16:00,20260702,70,"T4_30C_70g"
"775","B","7","15317","NIFA_Resazurin_30_T4_02072026_1516_g70","T4","NIFA_Resazurin_30_T4_02072026_1516_g70","B7",2026-07-02 15:16:00,20260702,70,"T4_30C_70g"
"776","B","8","10897","NIFA_Resazurin_30_T4_02072026_1516_g70","T4","NIFA_Resazurin_30_T4_02072026_1516_g70","B8",2026-07-02 15:16:00,20260702,70,"T4_30C_70g"
"777","B","9","25065","NIFA_Resazurin_30_T4_02072026_1516_g70","T4","NIFA_Resazurin_30_T4_02072026_1516_g70","B9",2026-07-02 15:16:00,20260702,70,"T4_30C_70g"
"778","B","10","16405","NIFA_Resazurin_30_T4_02072026_1516_g70","T4","NIFA_Resazurin_30_T4_02072026_1516_g70","B10",2026-07-02 15:16:00,20260702,70,"T4_30C_70g"
"779","B","11","21186","NIFA_Resazurin_30_T4_02072026_1516_g70","T4","NIFA_Resazurin_30_T4_02072026_1516_g70","B11",2026-07-02 15:16:00,20260702,70,"T4_30C_70g"
"780","B","12","20845","NIFA_Resazurin_30_T4_02072026_1516_g70","T4","NIFA_Resazurin_30_T4_02072026_1516_g70","B12",2026-07-02 15:16:00,20260702,70,"T4_30C_70g"
"781","C","1","31754","NIFA_Resazurin_30_T4_02072026_1516_g70","T4","NIFA_Resazurin_30_T4_02072026_1516_g70","C1",2026-07-02 15:16:00,20260702,70,"T4_30C_70g"
"782","C","2","17377","NIFA_Resazurin_30_T4_02072026_1516_g70","T4","NIFA_Resazurin_30_T4_02072026_1516_g70","C2",2026-07-02 15:16:00,20260702,70,"T4_30C_70g"
"783","C","3","18862","NIFA_Resazurin_30_T4_02072026_1516_g70","T4","NIFA_Resazurin_30_T4_02072026_1516_g70","C3",2026-07-02 15:16:00,20260702,70,"T4_30C_70g"
"784","C","4","4697","NIFA_Resazurin_30_T4_02072026_1516_g70","T4","NIFA_Resazurin_30_T4_02072026_1516_g70","C4",2026-07-02 15:16:00,20260702,70,"T4_30C_70g"
"785","C","5","21985","NIFA_Resazurin_30_T4_02072026_1516_g70","T4","NIFA_Resazurin_30_T4_02072026_1516_g70","C5",2026-07-02 15:16:00,20260702,70,"T4_30C_70g"
"786","C","6","17681","NIFA_Resazurin_30_T4_02072026_1516_g70","T4","NIFA_Resazurin_30_T4_02072026_1516_g70","C6",2026-07-02 15:16:00,20260702,70,"T4_30C_70g"
"787","C","7","8492","NIFA_Resazurin_30_T4_02072026_1516_g70","T4","NIFA_Resazurin_30_T4_02072026_1516_g70","C7",2026-07-02 15:16:00,20260702,70,"T4_30C_70g"
"788","C","8","17162","NIFA_Resazurin_30_T4_02072026_1516_g70","T4","NIFA_Resazurin_30_T4_02072026_1516_g70","C8",2026-07-02 15:16:00,20260702,70,"T4_30C_70g"
"789","C","9","19949","NIFA_Resazurin_30_T4_02072026_1516_g70","T4","NIFA_Resazurin_30_T4_02072026_1516_g70","C9",2026-07-02 15:16:00,20260702,70,"T4_30C_70g"
"790","C","10","10155","NIFA_Resazurin_30_T4_02072026_1516_g70","T4","NIFA_Resazurin_30_T4_02072026_1516_g70","C10",2026-07-02 15:16:00,20260702,70,"T4_30C_70g"
"791","C","11","13503","NIFA_Resazurin_30_T4_02072026_1516_g70","T4","NIFA_Resazurin_30_T4_02072026_1516_g70","C11",2026-07-02 15:16:00,20260702,70,"T4_30C_70g"
"792","C","12","12897","NIFA_Resazurin_30_T4_02072026_1516_g70","T4","NIFA_Resazurin_30_T4_02072026_1516_g70","C12",2026-07-02 15:16:00,20260702,70,"T4_30C_70g"
"793","D","1","38747","NIFA_Resazurin_30_T4_02072026_1516_g70","T4","NIFA_Resazurin_30_T4_02072026_1516_g70","D1",2026-07-02 15:16:00,20260702,70,"T4_30C_70g"
"794","D","2","18380","NIFA_Resazurin_30_T4_02072026_1516_g70","T4","NIFA_Resazurin_30_T4_02072026_1516_g70","D2",2026-07-02 15:16:00,20260702,70,"T4_30C_70g"
"795","D","3","8101","NIFA_Resazurin_30_T4_02072026_1516_g70","T4","NIFA_Resazurin_30_T4_02072026_1516_g70","D3",2026-07-02 15:16:00,20260702,70,"T4_30C_70g"
"796","D","4","16941","NIFA_Resazurin_30_T4_02072026_1516_g70","T4","NIFA_Resazurin_30_T4_02072026_1516_g70","D4",2026-07-02 15:16:00,20260702,70,"T4_30C_70g"
"797","D","5","5791","NIFA_Resazurin_30_T4_02072026_1516_g70","T4","NIFA_Resazurin_30_T4_02072026_1516_g70","D5",2026-07-02 15:16:00,20260702,70,"T4_30C_70g"
"798","D","6","22464","NIFA_Resazurin_30_T4_02072026_1516_g70","T4","NIFA_Resazurin_30_T4_02072026_1516_g70","D6",2026-07-02 15:16:00,20260702,70,"T4_30C_70g"
"799","D","7","11242","NIFA_Resazurin_30_T4_02072026_1516_g70","T4","NIFA_Resazurin_30_T4_02072026_1516_g70","D7",2026-07-02 15:16:00,20260702,70,"T4_30C_70g"
"800","D","8","15783","NIFA_Resazurin_30_T4_02072026_1516_g70","T4","NIFA_Resazurin_30_T4_02072026_1516_g70","D8",2026-07-02 15:16:00,20260702,70,"T4_30C_70g"
"801","D","9","20367","NIFA_Resazurin_30_T4_02072026_1516_g70","T4","NIFA_Resazurin_30_T4_02072026_1516_g70","D9",2026-07-02 15:16:00,20260702,70,"T4_30C_70g"
"802","D","10","19708","NIFA_Resazurin_30_T4_02072026_1516_g70","T4","NIFA_Resazurin_30_T4_02072026_1516_g70","D10",2026-07-02 15:16:00,20260702,70,"T4_30C_70g"
"803","D","11","23744","NIFA_Resazurin_30_T4_02072026_1516_g70","T4","NIFA_Resazurin_30_T4_02072026_1516_g70","D11",2026-07-02 15:16:00,20260702,70,"T4_30C_70g"
"804","D","12","2922","NIFA_Resazurin_30_T4_02072026_1516_g70","T4","NIFA_Resazurin_30_T4_02072026_1516_g70","D12",2026-07-02 15:16:00,20260702,70,"T4_30C_70g"
"805","E","1","23205","NIFA_Resazurin_30_T4_02072026_1516_g70","T4","NIFA_Resazurin_30_T4_02072026_1516_g70","E1",2026-07-02 15:16:00,20260702,70,"T4_30C_70g"
"806","E","2","24231","NIFA_Resazurin_30_T4_02072026_1516_g70","T4","NIFA_Resazurin_30_T4_02072026_1516_g70","E2",2026-07-02 15:16:00,20260702,70,"T4_30C_70g"
"807","E","3","16758","NIFA_Resazurin_30_T4_02072026_1516_g70","T4","NIFA_Resazurin_30_T4_02072026_1516_g70","E3",2026-07-02 15:16:00,20260702,70,"T4_30C_70g"
"808","E","4","17542","NIFA_Resazurin_30_T4_02072026_1516_g70","T4","NIFA_Resazurin_30_T4_02072026_1516_g70","E4",2026-07-02 15:16:00,20260702,70,"T4_30C_70g"
"809","E","5","14182","NIFA_Resazurin_30_T4_02072026_1516_g70","T4","NIFA_Resazurin_30_T4_02072026_1516_g70","E5",2026-07-02 15:16:00,20260702,70,"T4_30C_70g"
"810","E","6","17761","NIFA_Resazurin_30_T4_02072026_1516_g70","T4","NIFA_Resazurin_30_T4_02072026_1516_g70","E6",2026-07-02 15:16:00,20260702,70,"T4_30C_70g"
"811","E","7","12064","NIFA_Resazurin_30_T4_02072026_1516_g70","T4","NIFA_Resazurin_30_T4_02072026_1516_g70","E7",2026-07-02 15:16:00,20260702,70,"T4_30C_70g"
"812","E","8","4090","NIFA_Resazurin_30_T4_02072026_1516_g70","T4","NIFA_Resazurin_30_T4_02072026_1516_g70","E8",2026-07-02 15:16:00,20260702,70,"T4_30C_70g"
"813","E","9","14728","NIFA_Resazurin_30_T4_02072026_1516_g70","T4","NIFA_Resazurin_30_T4_02072026_1516_g70","E9",2026-07-02 15:16:00,20260702,70,"T4_30C_70g"
"814","E","10","15756","NIFA_Resazurin_30_T4_02072026_1516_g70","T4","NIFA_Resazurin_30_T4_02072026_1516_g70","E10",2026-07-02 15:16:00,20260702,70,"T4_30C_70g"
"815","E","11","11765","NIFA_Resazurin_30_T4_02072026_1516_g70","T4","NIFA_Resazurin_30_T4_02072026_1516_g70","E11",2026-07-02 15:16:00,20260702,70,"T4_30C_70g"
"816","E","12","5921","NIFA_Resazurin_30_T4_02072026_1516_g70","T4","NIFA_Resazurin_30_T4_02072026_1516_g70","E12",2026-07-02 15:16:00,20260702,70,"T4_30C_70g"
"817","F","1","36385","NIFA_Resazurin_30_T4_02072026_1516_g70","T4","NIFA_Resazurin_30_T4_02072026_1516_g70","F1",2026-07-02 15:16:00,20260702,70,"T4_30C_70g"
"818","F","2","18507","NIFA_Resazurin_30_T4_02072026_1516_g70","T4","NIFA_Resazurin_30_T4_02072026_1516_g70","F2",2026-07-02 15:16:00,20260702,70,"T4_30C_70g"
"819","F","3","18574","NIFA_Resazurin_30_T4_02072026_1516_g70","T4","NIFA_Resazurin_30_T4_02072026_1516_g70","F3",2026-07-02 15:16:00,20260702,70,"T4_30C_70g"
"820","F","4","16082","NIFA_Resazurin_30_T4_02072026_1516_g70","T4","NIFA_Resazurin_30_T4_02072026_1516_g70","F4",2026-07-02 15:16:00,20260702,70,"T4_30C_70g"
"821","F","5","19979","NIFA_Resazurin_30_T4_02072026_1516_g70","T4","NIFA_Resazurin_30_T4_02072026_1516_g70","F5",2026-07-02 15:16:00,20260702,70,"T4_30C_70g"
"822","F","6","18719","NIFA_Resazurin_30_T4_02072026_1516_g70","T4","NIFA_Resazurin_30_T4_02072026_1516_g70","F6",2026-07-02 15:16:00,20260702,70,"T4_30C_70g"
"823","F","7","24372","NIFA_Resazurin_30_T4_02072026_1516_g70","T4","NIFA_Resazurin_30_T4_02072026_1516_g70","F7",2026-07-02 15:16:00,20260702,70,"T4_30C_70g"
"824","F","8","10663","NIFA_Resazurin_30_T4_02072026_1516_g70","T4","NIFA_Resazurin_30_T4_02072026_1516_g70","F8",2026-07-02 15:16:00,20260702,70,"T4_30C_70g"
"825","F","9","14148","NIFA_Resazurin_30_T4_02072026_1516_g70","T4","NIFA_Resazurin_30_T4_02072026_1516_g70","F9",2026-07-02 15:16:00,20260702,70,"T4_30C_70g"
"826","F","10","24863","NIFA_Resazurin_30_T4_02072026_1516_g70","T4","NIFA_Resazurin_30_T4_02072026_1516_g70","F10",2026-07-02 15:16:00,20260702,70,"T4_30C_70g"
"827","F","11","16016","NIFA_Resazurin_30_T4_02072026_1516_g70","T4","NIFA_Resazurin_30_T4_02072026_1516_g70","F11",2026-07-02 15:16:00,20260702,70,"T4_30C_70g"
"828","F","12","4952","NIFA_Resazurin_30_T4_02072026_1516_g70","T4","NIFA_Resazurin_30_T4_02072026_1516_g70","F12",2026-07-02 15:16:00,20260702,70,"T4_30C_70g"
"829","G","1","1322","NIFA_Resazurin_30_T4_02072026_1516_g70","T4","NIFA_Resazurin_30_T4_02072026_1516_g70","G1",2026-07-02 15:16:00,20260702,70,"T4_30C_70g"
"830","G","2","2348","NIFA_Resazurin_30_T4_02072026_1516_g70","T4","NIFA_Resazurin_30_T4_02072026_1516_g70","G2",2026-07-02 15:16:00,20260702,70,"T4_30C_70g"
"831","G","3","1208","NIFA_Resazurin_30_T4_02072026_1516_g70","T4","NIFA_Resazurin_30_T4_02072026_1516_g70","G3",2026-07-02 15:16:00,20260702,70,"T4_30C_70g"
"832","G","4","2936","NIFA_Resazurin_30_T4_02072026_1516_g70","T4","NIFA_Resazurin_30_T4_02072026_1516_g70","G4",2026-07-02 15:16:00,20260702,70,"T4_30C_70g"
"833","G","5","1173","NIFA_Resazurin_30_T4_02072026_1516_g70","T4","NIFA_Resazurin_30_T4_02072026_1516_g70","G5",2026-07-02 15:16:00,20260702,70,"T4_30C_70g"
"834","G","6","1875","NIFA_Resazurin_30_T4_02072026_1516_g70","T4","NIFA_Resazurin_30_T4_02072026_1516_g70","G6",2026-07-02 15:16:00,20260702,70,"T4_30C_70g"
"835","G","7","1224","NIFA_Resazurin_30_T4_02072026_1516_g70","T4","NIFA_Resazurin_30_T4_02072026_1516_g70","G7",2026-07-02 15:16:00,20260702,70,"T4_30C_70g"
"836","G","8","2548","NIFA_Resazurin_30_T4_02072026_1516_g70","T4","NIFA_Resazurin_30_T4_02072026_1516_g70","G8",2026-07-02 15:16:00,20260702,70,"T4_30C_70g"
"837","G","9","1198","NIFA_Resazurin_30_T4_02072026_1516_g70","T4","NIFA_Resazurin_30_T4_02072026_1516_g70","G9",2026-07-02 15:16:00,20260702,70,"T4_30C_70g"
"838","G","10","5908","NIFA_Resazurin_30_T4_02072026_1516_g70","T4","NIFA_Resazurin_30_T4_02072026_1516_g70","G10",2026-07-02 15:16:00,20260702,70,"T4_30C_70g"
"839","G","11","1208","NIFA_Resazurin_30_T4_02072026_1516_g70","T4","NIFA_Resazurin_30_T4_02072026_1516_g70","G11",2026-07-02 15:16:00,20260702,70,"T4_30C_70g"
"840","G","12","4207","NIFA_Resazurin_30_T4_02072026_1516_g70","T4","NIFA_Resazurin_30_T4_02072026_1516_g70","G12",2026-07-02 15:16:00,20260702,70,"T4_30C_70g"
"841","A","1","16322","NIFA_Resazurin_30_T5_02072026_1609_g65","T5","NIFA_Resazurin_30_T5_02072026_1609_g65","A1",2026-07-02 16:09:00,20260702,65,"T5_30C_65g"
"842","A","2","21589","NIFA_Resazurin_30_T5_02072026_1609_g65","T5","NIFA_Resazurin_30_T5_02072026_1609_g65","A2",2026-07-02 16:09:00,20260702,65,"T5_30C_65g"
"843","A","3","3298","NIFA_Resazurin_30_T5_02072026_1609_g65","T5","NIFA_Resazurin_30_T5_02072026_1609_g65","A3",2026-07-02 16:09:00,20260702,65,"T5_30C_65g"
"844","A","4","9000","NIFA_Resazurin_30_T5_02072026_1609_g65","T5","NIFA_Resazurin_30_T5_02072026_1609_g65","A4",2026-07-02 16:09:00,20260702,65,"T5_30C_65g"
"845","A","5","2910","NIFA_Resazurin_30_T5_02072026_1609_g65","T5","NIFA_Resazurin_30_T5_02072026_1609_g65","A5",2026-07-02 16:09:00,20260702,65,"T5_30C_65g"
"846","A","6","17149","NIFA_Resazurin_30_T5_02072026_1609_g65","T5","NIFA_Resazurin_30_T5_02072026_1609_g65","A6",2026-07-02 16:09:00,20260702,65,"T5_30C_65g"
"847","A","7","9537","NIFA_Resazurin_30_T5_02072026_1609_g65","T5","NIFA_Resazurin_30_T5_02072026_1609_g65","A7",2026-07-02 16:09:00,20260702,65,"T5_30C_65g"
"848","A","8","14754","NIFA_Resazurin_30_T5_02072026_1609_g65","T5","NIFA_Resazurin_30_T5_02072026_1609_g65","A8",2026-07-02 16:09:00,20260702,65,"T5_30C_65g"
"849","A","9","9348","NIFA_Resazurin_30_T5_02072026_1609_g65","T5","NIFA_Resazurin_30_T5_02072026_1609_g65","A9",2026-07-02 16:09:00,20260702,65,"T5_30C_65g"
"850","A","10","10627","NIFA_Resazurin_30_T5_02072026_1609_g65","T5","NIFA_Resazurin_30_T5_02072026_1609_g65","A10",2026-07-02 16:09:00,20260702,65,"T5_30C_65g"
"851","A","11","9919","NIFA_Resazurin_30_T5_02072026_1609_g65","T5","NIFA_Resazurin_30_T5_02072026_1609_g65","A11",2026-07-02 16:09:00,20260702,65,"T5_30C_65g"
"852","A","12","8792","NIFA_Resazurin_30_T5_02072026_1609_g65","T5","NIFA_Resazurin_30_T5_02072026_1609_g65","A12",2026-07-02 16:09:00,20260702,65,"T5_30C_65g"
"853","B","1","18342","NIFA_Resazurin_30_T5_02072026_1609_g65","T5","NIFA_Resazurin_30_T5_02072026_1609_g65","B1",2026-07-02 16:09:00,20260702,65,"T5_30C_65g"
"854","B","2","21582","NIFA_Resazurin_30_T5_02072026_1609_g65","T5","NIFA_Resazurin_30_T5_02072026_1609_g65","B2",2026-07-02 16:09:00,20260702,65,"T5_30C_65g"
"855","B","3","11515","NIFA_Resazurin_30_T5_02072026_1609_g65","T5","NIFA_Resazurin_30_T5_02072026_1609_g65","B3",2026-07-02 16:09:00,20260702,65,"T5_30C_65g"
"856","B","4","11614","NIFA_Resazurin_30_T5_02072026_1609_g65","T5","NIFA_Resazurin_30_T5_02072026_1609_g65","B4",2026-07-02 16:09:00,20260702,65,"T5_30C_65g"
"857","B","5","42557","NIFA_Resazurin_30_T5_02072026_1609_g65","T5","NIFA_Resazurin_30_T5_02072026_1609_g65","B5",2026-07-02 16:09:00,20260702,65,"T5_30C_65g"
"858","B","6","15074","NIFA_Resazurin_30_T5_02072026_1609_g65","T5","NIFA_Resazurin_30_T5_02072026_1609_g65","B6",2026-07-02 16:09:00,20260702,65,"T5_30C_65g"
"859","B","7","9065","NIFA_Resazurin_30_T5_02072026_1609_g65","T5","NIFA_Resazurin_30_T5_02072026_1609_g65","B7",2026-07-02 16:09:00,20260702,65,"T5_30C_65g"
"860","B","8","6981","NIFA_Resazurin_30_T5_02072026_1609_g65","T5","NIFA_Resazurin_30_T5_02072026_1609_g65","B8",2026-07-02 16:09:00,20260702,65,"T5_30C_65g"
"861","B","9","14672","NIFA_Resazurin_30_T5_02072026_1609_g65","T5","NIFA_Resazurin_30_T5_02072026_1609_g65","B9",2026-07-02 16:09:00,20260702,65,"T5_30C_65g"
"862","B","10","10839","NIFA_Resazurin_30_T5_02072026_1609_g65","T5","NIFA_Resazurin_30_T5_02072026_1609_g65","B10",2026-07-02 16:09:00,20260702,65,"T5_30C_65g"
"863","B","11","14571","NIFA_Resazurin_30_T5_02072026_1609_g65","T5","NIFA_Resazurin_30_T5_02072026_1609_g65","B11",2026-07-02 16:09:00,20260702,65,"T5_30C_65g"
"864","B","12","16003","NIFA_Resazurin_30_T5_02072026_1609_g65","T5","NIFA_Resazurin_30_T5_02072026_1609_g65","B12",2026-07-02 16:09:00,20260702,65,"T5_30C_65g"
"865","C","1","13637","NIFA_Resazurin_30_T5_02072026_1609_g65","T5","NIFA_Resazurin_30_T5_02072026_1609_g65","C1",2026-07-02 16:09:00,20260702,65,"T5_30C_65g"
"866","C","2","11231","NIFA_Resazurin_30_T5_02072026_1609_g65","T5","NIFA_Resazurin_30_T5_02072026_1609_g65","C2",2026-07-02 16:09:00,20260702,65,"T5_30C_65g"
"867","C","3","11645","NIFA_Resazurin_30_T5_02072026_1609_g65","T5","NIFA_Resazurin_30_T5_02072026_1609_g65","C3",2026-07-02 16:09:00,20260702,65,"T5_30C_65g"
"868","C","4","2939","NIFA_Resazurin_30_T5_02072026_1609_g65","T5","NIFA_Resazurin_30_T5_02072026_1609_g65","C4",2026-07-02 16:09:00,20260702,65,"T5_30C_65g"
"869","C","5","13465","NIFA_Resazurin_30_T5_02072026_1609_g65","T5","NIFA_Resazurin_30_T5_02072026_1609_g65","C5",2026-07-02 16:09:00,20260702,65,"T5_30C_65g"
"870","C","6","9823","NIFA_Resazurin_30_T5_02072026_1609_g65","T5","NIFA_Resazurin_30_T5_02072026_1609_g65","C6",2026-07-02 16:09:00,20260702,65,"T5_30C_65g"
"871","C","7","5063","NIFA_Resazurin_30_T5_02072026_1609_g65","T5","NIFA_Resazurin_30_T5_02072026_1609_g65","C7",2026-07-02 16:09:00,20260702,65,"T5_30C_65g"
"872","C","8","11921","NIFA_Resazurin_30_T5_02072026_1609_g65","T5","NIFA_Resazurin_30_T5_02072026_1609_g65","C8",2026-07-02 16:09:00,20260702,65,"T5_30C_65g"
"873","C","9","14287","NIFA_Resazurin_30_T5_02072026_1609_g65","T5","NIFA_Resazurin_30_T5_02072026_1609_g65","C9",2026-07-02 16:09:00,20260702,65,"T5_30C_65g"
"874","C","10","6302","NIFA_Resazurin_30_T5_02072026_1609_g65","T5","NIFA_Resazurin_30_T5_02072026_1609_g65","C10",2026-07-02 16:09:00,20260702,65,"T5_30C_65g"
"875","C","11","9627","NIFA_Resazurin_30_T5_02072026_1609_g65","T5","NIFA_Resazurin_30_T5_02072026_1609_g65","C11",2026-07-02 16:09:00,20260702,65,"T5_30C_65g"
"876","C","12","12056","NIFA_Resazurin_30_T5_02072026_1609_g65","T5","NIFA_Resazurin_30_T5_02072026_1609_g65","C12",2026-07-02 16:09:00,20260702,65,"T5_30C_65g"
"877","D","1","24051","NIFA_Resazurin_30_T5_02072026_1609_g65","T5","NIFA_Resazurin_30_T5_02072026_1609_g65","D1",2026-07-02 16:09:00,20260702,65,"T5_30C_65g"
"878","D","2","10776","NIFA_Resazurin_30_T5_02072026_1609_g65","T5","NIFA_Resazurin_30_T5_02072026_1609_g65","D2",2026-07-02 16:09:00,20260702,65,"T5_30C_65g"
"879","D","3","5441","NIFA_Resazurin_30_T5_02072026_1609_g65","T5","NIFA_Resazurin_30_T5_02072026_1609_g65","D3",2026-07-02 16:09:00,20260702,65,"T5_30C_65g"
"880","D","4","11812","NIFA_Resazurin_30_T5_02072026_1609_g65","T5","NIFA_Resazurin_30_T5_02072026_1609_g65","D4",2026-07-02 16:09:00,20260702,65,"T5_30C_65g"
"881","D","5","4682","NIFA_Resazurin_30_T5_02072026_1609_g65","T5","NIFA_Resazurin_30_T5_02072026_1609_g65","D5",2026-07-02 16:09:00,20260702,65,"T5_30C_65g"
"882","D","6","11456","NIFA_Resazurin_30_T5_02072026_1609_g65","T5","NIFA_Resazurin_30_T5_02072026_1609_g65","D6",2026-07-02 16:09:00,20260702,65,"T5_30C_65g"
"883","D","7","6837","NIFA_Resazurin_30_T5_02072026_1609_g65","T5","NIFA_Resazurin_30_T5_02072026_1609_g65","D7",2026-07-02 16:09:00,20260702,65,"T5_30C_65g"
"884","D","8","10019","NIFA_Resazurin_30_T5_02072026_1609_g65","T5","NIFA_Resazurin_30_T5_02072026_1609_g65","D8",2026-07-02 16:09:00,20260702,65,"T5_30C_65g"
"885","D","9","12450","NIFA_Resazurin_30_T5_02072026_1609_g65","T5","NIFA_Resazurin_30_T5_02072026_1609_g65","D9",2026-07-02 16:09:00,20260702,65,"T5_30C_65g"
"886","D","10","12671","NIFA_Resazurin_30_T5_02072026_1609_g65","T5","NIFA_Resazurin_30_T5_02072026_1609_g65","D10",2026-07-02 16:09:00,20260702,65,"T5_30C_65g"
"887","D","11","18981","NIFA_Resazurin_30_T5_02072026_1609_g65","T5","NIFA_Resazurin_30_T5_02072026_1609_g65","D11",2026-07-02 16:09:00,20260702,65,"T5_30C_65g"
"888","D","12","2845","NIFA_Resazurin_30_T5_02072026_1609_g65","T5","NIFA_Resazurin_30_T5_02072026_1609_g65","D12",2026-07-02 16:09:00,20260702,65,"T5_30C_65g"
"889","E","1","15929","NIFA_Resazurin_30_T5_02072026_1609_g65","T5","NIFA_Resazurin_30_T5_02072026_1609_g65","E1",2026-07-02 16:09:00,20260702,65,"T5_30C_65g"
"890","E","2","14555","NIFA_Resazurin_30_T5_02072026_1609_g65","T5","NIFA_Resazurin_30_T5_02072026_1609_g65","E2",2026-07-02 16:09:00,20260702,65,"T5_30C_65g"
"891","E","3","10284","NIFA_Resazurin_30_T5_02072026_1609_g65","T5","NIFA_Resazurin_30_T5_02072026_1609_g65","E3",2026-07-02 16:09:00,20260702,65,"T5_30C_65g"
"892","E","4","10226","NIFA_Resazurin_30_T5_02072026_1609_g65","T5","NIFA_Resazurin_30_T5_02072026_1609_g65","E4",2026-07-02 16:09:00,20260702,65,"T5_30C_65g"
"893","E","5","9189","NIFA_Resazurin_30_T5_02072026_1609_g65","T5","NIFA_Resazurin_30_T5_02072026_1609_g65","E5",2026-07-02 16:09:00,20260702,65,"T5_30C_65g"
"894","E","6","11533","NIFA_Resazurin_30_T5_02072026_1609_g65","T5","NIFA_Resazurin_30_T5_02072026_1609_g65","E6",2026-07-02 16:09:00,20260702,65,"T5_30C_65g"
"895","E","7","6718","NIFA_Resazurin_30_T5_02072026_1609_g65","T5","NIFA_Resazurin_30_T5_02072026_1609_g65","E7",2026-07-02 16:09:00,20260702,65,"T5_30C_65g"
"896","E","8","2671","NIFA_Resazurin_30_T5_02072026_1609_g65","T5","NIFA_Resazurin_30_T5_02072026_1609_g65","E8",2026-07-02 16:09:00,20260702,65,"T5_30C_65g"
"897","E","9","8587","NIFA_Resazurin_30_T5_02072026_1609_g65","T5","NIFA_Resazurin_30_T5_02072026_1609_g65","E9",2026-07-02 16:09:00,20260702,65,"T5_30C_65g"
"898","E","10","10851","NIFA_Resazurin_30_T5_02072026_1609_g65","T5","NIFA_Resazurin_30_T5_02072026_1609_g65","E10",2026-07-02 16:09:00,20260702,65,"T5_30C_65g"
"899","E","11","11832","NIFA_Resazurin_30_T5_02072026_1609_g65","T5","NIFA_Resazurin_30_T5_02072026_1609_g65","E11",2026-07-02 16:09:00,20260702,65,"T5_30C_65g"
"900","E","12","6223","NIFA_Resazurin_30_T5_02072026_1609_g65","T5","NIFA_Resazurin_30_T5_02072026_1609_g65","E12",2026-07-02 16:09:00,20260702,65,"T5_30C_65g"
"901","F","1","20588","NIFA_Resazurin_30_T5_02072026_1609_g65","T5","NIFA_Resazurin_30_T5_02072026_1609_g65","F1",2026-07-02 16:09:00,20260702,65,"T5_30C_65g"
"902","F","2","11915","NIFA_Resazurin_30_T5_02072026_1609_g65","T5","NIFA_Resazurin_30_T5_02072026_1609_g65","F2",2026-07-02 16:09:00,20260702,65,"T5_30C_65g"
"903","F","3","12281","NIFA_Resazurin_30_T5_02072026_1609_g65","T5","NIFA_Resazurin_30_T5_02072026_1609_g65","F3",2026-07-02 16:09:00,20260702,65,"T5_30C_65g"
"904","F","4","10652","NIFA_Resazurin_30_T5_02072026_1609_g65","T5","NIFA_Resazurin_30_T5_02072026_1609_g65","F4",2026-07-02 16:09:00,20260702,65,"T5_30C_65g"
"905","F","5","13467","NIFA_Resazurin_30_T5_02072026_1609_g65","T5","NIFA_Resazurin_30_T5_02072026_1609_g65","F5",2026-07-02 16:09:00,20260702,65,"T5_30C_65g"
"906","F","6","11073","NIFA_Resazurin_30_T5_02072026_1609_g65","T5","NIFA_Resazurin_30_T5_02072026_1609_g65","F6",2026-07-02 16:09:00,20260702,65,"T5_30C_65g"
"907","F","7","13318","NIFA_Resazurin_30_T5_02072026_1609_g65","T5","NIFA_Resazurin_30_T5_02072026_1609_g65","F7",2026-07-02 16:09:00,20260702,65,"T5_30C_65g"
"908","F","8","6350","NIFA_Resazurin_30_T5_02072026_1609_g65","T5","NIFA_Resazurin_30_T5_02072026_1609_g65","F8",2026-07-02 16:09:00,20260702,65,"T5_30C_65g"
"909","F","9","7924","NIFA_Resazurin_30_T5_02072026_1609_g65","T5","NIFA_Resazurin_30_T5_02072026_1609_g65","F9",2026-07-02 16:09:00,20260702,65,"T5_30C_65g"
"910","F","10","17336","NIFA_Resazurin_30_T5_02072026_1609_g65","T5","NIFA_Resazurin_30_T5_02072026_1609_g65","F10",2026-07-02 16:09:00,20260702,65,"T5_30C_65g"
"911","F","11","11630","NIFA_Resazurin_30_T5_02072026_1609_g65","T5","NIFA_Resazurin_30_T5_02072026_1609_g65","F11",2026-07-02 16:09:00,20260702,65,"T5_30C_65g"
"912","F","12","4894","NIFA_Resazurin_30_T5_02072026_1609_g65","T5","NIFA_Resazurin_30_T5_02072026_1609_g65","F12",2026-07-02 16:09:00,20260702,65,"T5_30C_65g"
"913","G","1","713","NIFA_Resazurin_30_T5_02072026_1609_g65","T5","NIFA_Resazurin_30_T5_02072026_1609_g65","G1",2026-07-02 16:09:00,20260702,65,"T5_30C_65g"
"914","G","2","1528","NIFA_Resazurin_30_T5_02072026_1609_g65","T5","NIFA_Resazurin_30_T5_02072026_1609_g65","G2",2026-07-02 16:09:00,20260702,65,"T5_30C_65g"
"915","G","3","648","NIFA_Resazurin_30_T5_02072026_1609_g65","T5","NIFA_Resazurin_30_T5_02072026_1609_g65","G3",2026-07-02 16:09:00,20260702,65,"T5_30C_65g"
"916","G","4","2076","NIFA_Resazurin_30_T5_02072026_1609_g65","T5","NIFA_Resazurin_30_T5_02072026_1609_g65","G4",2026-07-02 16:09:00,20260702,65,"T5_30C_65g"
"917","G","5","641","NIFA_Resazurin_30_T5_02072026_1609_g65","T5","NIFA_Resazurin_30_T5_02072026_1609_g65","G5",2026-07-02 16:09:00,20260702,65,"T5_30C_65g"
"918","G","6","1107","NIFA_Resazurin_30_T5_02072026_1609_g65","T5","NIFA_Resazurin_30_T5_02072026_1609_g65","G6",2026-07-02 16:09:00,20260702,65,"T5_30C_65g"
"919","G","7","672","NIFA_Resazurin_30_T5_02072026_1609_g65","T5","NIFA_Resazurin_30_T5_02072026_1609_g65","G7",2026-07-02 16:09:00,20260702,65,"T5_30C_65g"
"920","G","8","1411","NIFA_Resazurin_30_T5_02072026_1609_g65","T5","NIFA_Resazurin_30_T5_02072026_1609_g65","G8",2026-07-02 16:09:00,20260702,65,"T5_30C_65g"
"921","G","9","665","NIFA_Resazurin_30_T5_02072026_1609_g65","T5","NIFA_Resazurin_30_T5_02072026_1609_g65","G9",2026-07-02 16:09:00,20260702,65,"T5_30C_65g"
"922","G","10","3600","NIFA_Resazurin_30_T5_02072026_1609_g65","T5","NIFA_Resazurin_30_T5_02072026_1609_g65","G10",2026-07-02 16:09:00,20260702,65,"T5_30C_65g"
"923","G","11","652","NIFA_Resazurin_30_T5_02072026_1609_g65","T5","NIFA_Resazurin_30_T5_02072026_1609_g65","G11",2026-07-02 16:09:00,20260702,65,"T5_30C_65g"
"924","G","12","2481","NIFA_Resazurin_30_T5_02072026_1609_g65","T5","NIFA_Resazurin_30_T5_02072026_1609_g65","G12",2026-07-02 16:09:00,20260702,65,"T5_30C_65g"
"925","A","1","28075","NIFA_Resazurin_30_T5_02072026_1609_g70","T5","NIFA_Resazurin_30_T5_02072026_1609_g70","A1",2026-07-02 16:09:00,20260702,70,"T5_30C_70g"
"926","A","2","37200","NIFA_Resazurin_30_T5_02072026_1609_g70","T5","NIFA_Resazurin_30_T5_02072026_1609_g70","A2",2026-07-02 16:09:00,20260702,70,"T5_30C_70g"
"927","A","3","5679","NIFA_Resazurin_30_T5_02072026_1609_g70","T5","NIFA_Resazurin_30_T5_02072026_1609_g70","A3",2026-07-02 16:09:00,20260702,70,"T5_30C_70g"
"928","A","4","15372","NIFA_Resazurin_30_T5_02072026_1609_g70","T5","NIFA_Resazurin_30_T5_02072026_1609_g70","A4",2026-07-02 16:09:00,20260702,70,"T5_30C_70g"
"929","A","5","5034","NIFA_Resazurin_30_T5_02072026_1609_g70","T5","NIFA_Resazurin_30_T5_02072026_1609_g70","A5",2026-07-02 16:09:00,20260702,70,"T5_30C_70g"
"930","A","6","29336","NIFA_Resazurin_30_T5_02072026_1609_g70","T5","NIFA_Resazurin_30_T5_02072026_1609_g70","A6",2026-07-02 16:09:00,20260702,70,"T5_30C_70g"
"931","A","7","16542","NIFA_Resazurin_30_T5_02072026_1609_g70","T5","NIFA_Resazurin_30_T5_02072026_1609_g70","A7",2026-07-02 16:09:00,20260702,70,"T5_30C_70g"
"932","A","8","25331","NIFA_Resazurin_30_T5_02072026_1609_g70","T5","NIFA_Resazurin_30_T5_02072026_1609_g70","A8",2026-07-02 16:09:00,20260702,70,"T5_30C_70g"
"933","A","9","16245","NIFA_Resazurin_30_T5_02072026_1609_g70","T5","NIFA_Resazurin_30_T5_02072026_1609_g70","A9",2026-07-02 16:09:00,20260702,70,"T5_30C_70g"
"934","A","10","18181","NIFA_Resazurin_30_T5_02072026_1609_g70","T5","NIFA_Resazurin_30_T5_02072026_1609_g70","A10",2026-07-02 16:09:00,20260702,70,"T5_30C_70g"
"935","A","11","16788","NIFA_Resazurin_30_T5_02072026_1609_g70","T5","NIFA_Resazurin_30_T5_02072026_1609_g70","A11",2026-07-02 16:09:00,20260702,70,"T5_30C_70g"
"936","A","12","14951","NIFA_Resazurin_30_T5_02072026_1609_g70","T5","NIFA_Resazurin_30_T5_02072026_1609_g70","A12",2026-07-02 16:09:00,20260702,70,"T5_30C_70g"
"937","B","1","31223","NIFA_Resazurin_30_T5_02072026_1609_g70","T5","NIFA_Resazurin_30_T5_02072026_1609_g70","B1",2026-07-02 16:09:00,20260702,70,"T5_30C_70g"
"938","B","2","36633","NIFA_Resazurin_30_T5_02072026_1609_g70","T5","NIFA_Resazurin_30_T5_02072026_1609_g70","B2",2026-07-02 16:09:00,20260702,70,"T5_30C_70g"
"939","B","3","19407","NIFA_Resazurin_30_T5_02072026_1609_g70","T5","NIFA_Resazurin_30_T5_02072026_1609_g70","B3",2026-07-02 16:09:00,20260702,70,"T5_30C_70g"
"940","B","4","20378","NIFA_Resazurin_30_T5_02072026_1609_g70","T5","NIFA_Resazurin_30_T5_02072026_1609_g70","B4",2026-07-02 16:09:00,20260702,70,"T5_30C_70g"
"941","B","5","OVER","NIFA_Resazurin_30_T5_02072026_1609_g70","T5","NIFA_Resazurin_30_T5_02072026_1609_g70","B5",2026-07-02 16:09:00,20260702,70,"T5_30C_70g"
"942","B","6","26439","NIFA_Resazurin_30_T5_02072026_1609_g70","T5","NIFA_Resazurin_30_T5_02072026_1609_g70","B6",2026-07-02 16:09:00,20260702,70,"T5_30C_70g"
"943","B","7","15460","NIFA_Resazurin_30_T5_02072026_1609_g70","T5","NIFA_Resazurin_30_T5_02072026_1609_g70","B7",2026-07-02 16:09:00,20260702,70,"T5_30C_70g"
"944","B","8","11883","NIFA_Resazurin_30_T5_02072026_1609_g70","T5","NIFA_Resazurin_30_T5_02072026_1609_g70","B8",2026-07-02 16:09:00,20260702,70,"T5_30C_70g"
"945","B","9","25541","NIFA_Resazurin_30_T5_02072026_1609_g70","T5","NIFA_Resazurin_30_T5_02072026_1609_g70","B9",2026-07-02 16:09:00,20260702,70,"T5_30C_70g"
"946","B","10","18306","NIFA_Resazurin_30_T5_02072026_1609_g70","T5","NIFA_Resazurin_30_T5_02072026_1609_g70","B10",2026-07-02 16:09:00,20260702,70,"T5_30C_70g"
"947","B","11","24791","NIFA_Resazurin_30_T5_02072026_1609_g70","T5","NIFA_Resazurin_30_T5_02072026_1609_g70","B11",2026-07-02 16:09:00,20260702,70,"T5_30C_70g"
"948","B","12","27139","NIFA_Resazurin_30_T5_02072026_1609_g70","T5","NIFA_Resazurin_30_T5_02072026_1609_g70","B12",2026-07-02 16:09:00,20260702,70,"T5_30C_70g"
"949","C","1","23474","NIFA_Resazurin_30_T5_02072026_1609_g70","T5","NIFA_Resazurin_30_T5_02072026_1609_g70","C1",2026-07-02 16:09:00,20260702,70,"T5_30C_70g"
"950","C","2","19276","NIFA_Resazurin_30_T5_02072026_1609_g70","T5","NIFA_Resazurin_30_T5_02072026_1609_g70","C2",2026-07-02 16:09:00,20260702,70,"T5_30C_70g"
"951","C","3","19707","NIFA_Resazurin_30_T5_02072026_1609_g70","T5","NIFA_Resazurin_30_T5_02072026_1609_g70","C3",2026-07-02 16:09:00,20260702,70,"T5_30C_70g"
"952","C","4","5162","NIFA_Resazurin_30_T5_02072026_1609_g70","T5","NIFA_Resazurin_30_T5_02072026_1609_g70","C4",2026-07-02 16:09:00,20260702,70,"T5_30C_70g"
"953","C","5","22817","NIFA_Resazurin_30_T5_02072026_1609_g70","T5","NIFA_Resazurin_30_T5_02072026_1609_g70","C5",2026-07-02 16:09:00,20260702,70,"T5_30C_70g"
"954","C","6","16641","NIFA_Resazurin_30_T5_02072026_1609_g70","T5","NIFA_Resazurin_30_T5_02072026_1609_g70","C6",2026-07-02 16:09:00,20260702,70,"T5_30C_70g"
"955","C","7","8744","NIFA_Resazurin_30_T5_02072026_1609_g70","T5","NIFA_Resazurin_30_T5_02072026_1609_g70","C7",2026-07-02 16:09:00,20260702,70,"T5_30C_70g"
"956","C","8","20557","NIFA_Resazurin_30_T5_02072026_1609_g70","T5","NIFA_Resazurin_30_T5_02072026_1609_g70","C8",2026-07-02 16:09:00,20260702,70,"T5_30C_70g"
"957","C","9","24360","NIFA_Resazurin_30_T5_02072026_1609_g70","T5","NIFA_Resazurin_30_T5_02072026_1609_g70","C9",2026-07-02 16:09:00,20260702,70,"T5_30C_70g"
"958","C","10","10860","NIFA_Resazurin_30_T5_02072026_1609_g70","T5","NIFA_Resazurin_30_T5_02072026_1609_g70","C10",2026-07-02 16:09:00,20260702,70,"T5_30C_70g"
"959","C","11","16787","NIFA_Resazurin_30_T5_02072026_1609_g70","T5","NIFA_Resazurin_30_T5_02072026_1609_g70","C11",2026-07-02 16:09:00,20260702,70,"T5_30C_70g"
"960","C","12","20588","NIFA_Resazurin_30_T5_02072026_1609_g70","T5","NIFA_Resazurin_30_T5_02072026_1609_g70","C12",2026-07-02 16:09:00,20260702,70,"T5_30C_70g"
"961","D","1","40522","NIFA_Resazurin_30_T5_02072026_1609_g70","T5","NIFA_Resazurin_30_T5_02072026_1609_g70","D1",2026-07-02 16:09:00,20260702,70,"T5_30C_70g"
"962","D","2","18353","NIFA_Resazurin_30_T5_02072026_1609_g70","T5","NIFA_Resazurin_30_T5_02072026_1609_g70","D2",2026-07-02 16:09:00,20260702,70,"T5_30C_70g"
"963","D","3","9250","NIFA_Resazurin_30_T5_02072026_1609_g70","T5","NIFA_Resazurin_30_T5_02072026_1609_g70","D3",2026-07-02 16:09:00,20260702,70,"T5_30C_70g"
"964","D","4","20159","NIFA_Resazurin_30_T5_02072026_1609_g70","T5","NIFA_Resazurin_30_T5_02072026_1609_g70","D4",2026-07-02 16:09:00,20260702,70,"T5_30C_70g"
"965","D","5","7987","NIFA_Resazurin_30_T5_02072026_1609_g70","T5","NIFA_Resazurin_30_T5_02072026_1609_g70","D5",2026-07-02 16:09:00,20260702,70,"T5_30C_70g"
"966","D","6","19672","NIFA_Resazurin_30_T5_02072026_1609_g70","T5","NIFA_Resazurin_30_T5_02072026_1609_g70","D6",2026-07-02 16:09:00,20260702,70,"T5_30C_70g"
"967","D","7","11688","NIFA_Resazurin_30_T5_02072026_1609_g70","T5","NIFA_Resazurin_30_T5_02072026_1609_g70","D7",2026-07-02 16:09:00,20260702,70,"T5_30C_70g"
"968","D","8","17179","NIFA_Resazurin_30_T5_02072026_1609_g70","T5","NIFA_Resazurin_30_T5_02072026_1609_g70","D8",2026-07-02 16:09:00,20260702,70,"T5_30C_70g"
"969","D","9","21014","NIFA_Resazurin_30_T5_02072026_1609_g70","T5","NIFA_Resazurin_30_T5_02072026_1609_g70","D9",2026-07-02 16:09:00,20260702,70,"T5_30C_70g"
"970","D","10","21487","NIFA_Resazurin_30_T5_02072026_1609_g70","T5","NIFA_Resazurin_30_T5_02072026_1609_g70","D10",2026-07-02 16:09:00,20260702,70,"T5_30C_70g"
"971","D","11","32217","NIFA_Resazurin_30_T5_02072026_1609_g70","T5","NIFA_Resazurin_30_T5_02072026_1609_g70","D11",2026-07-02 16:09:00,20260702,70,"T5_30C_70g"
"972","D","12","4877","NIFA_Resazurin_30_T5_02072026_1609_g70","T5","NIFA_Resazurin_30_T5_02072026_1609_g70","D12",2026-07-02 16:09:00,20260702,70,"T5_30C_70g"
"973","E","1","26821","NIFA_Resazurin_30_T5_02072026_1609_g70","T5","NIFA_Resazurin_30_T5_02072026_1609_g70","E1",2026-07-02 16:09:00,20260702,70,"T5_30C_70g"
"974","E","2","24711","NIFA_Resazurin_30_T5_02072026_1609_g70","T5","NIFA_Resazurin_30_T5_02072026_1609_g70","E2",2026-07-02 16:09:00,20260702,70,"T5_30C_70g"
"975","E","3","17594","NIFA_Resazurin_30_T5_02072026_1609_g70","T5","NIFA_Resazurin_30_T5_02072026_1609_g70","E3",2026-07-02 16:09:00,20260702,70,"T5_30C_70g"
"976","E","4","17686","NIFA_Resazurin_30_T5_02072026_1609_g70","T5","NIFA_Resazurin_30_T5_02072026_1609_g70","E4",2026-07-02 16:09:00,20260702,70,"T5_30C_70g"
"977","E","5","15834","NIFA_Resazurin_30_T5_02072026_1609_g70","T5","NIFA_Resazurin_30_T5_02072026_1609_g70","E5",2026-07-02 16:09:00,20260702,70,"T5_30C_70g"
"978","E","6","19870","NIFA_Resazurin_30_T5_02072026_1609_g70","T5","NIFA_Resazurin_30_T5_02072026_1609_g70","E6",2026-07-02 16:09:00,20260702,70,"T5_30C_70g"
"979","E","7","11464","NIFA_Resazurin_30_T5_02072026_1609_g70","T5","NIFA_Resazurin_30_T5_02072026_1609_g70","E7",2026-07-02 16:09:00,20260702,70,"T5_30C_70g"
"980","E","8","4585","NIFA_Resazurin_30_T5_02072026_1609_g70","T5","NIFA_Resazurin_30_T5_02072026_1609_g70","E8",2026-07-02 16:09:00,20260702,70,"T5_30C_70g"
"981","E","9","14760","NIFA_Resazurin_30_T5_02072026_1609_g70","T5","NIFA_Resazurin_30_T5_02072026_1609_g70","E9",2026-07-02 16:09:00,20260702,70,"T5_30C_70g"
"982","E","10","18445","NIFA_Resazurin_30_T5_02072026_1609_g70","T5","NIFA_Resazurin_30_T5_02072026_1609_g70","E10",2026-07-02 16:09:00,20260702,70,"T5_30C_70g"
"983","E","11","20002","NIFA_Resazurin_30_T5_02072026_1609_g70","T5","NIFA_Resazurin_30_T5_02072026_1609_g70","E11",2026-07-02 16:09:00,20260702,70,"T5_30C_70g"
"984","E","12","10718","NIFA_Resazurin_30_T5_02072026_1609_g70","T5","NIFA_Resazurin_30_T5_02072026_1609_g70","E12",2026-07-02 16:09:00,20260702,70,"T5_30C_70g"
"985","F","1","34833","NIFA_Resazurin_30_T5_02072026_1609_g70","T5","NIFA_Resazurin_30_T5_02072026_1609_g70","F1",2026-07-02 16:09:00,20260702,70,"T5_30C_70g"
"986","F","2","20749","NIFA_Resazurin_30_T5_02072026_1609_g70","T5","NIFA_Resazurin_30_T5_02072026_1609_g70","F2",2026-07-02 16:09:00,20260702,70,"T5_30C_70g"
"987","F","3","21217","NIFA_Resazurin_30_T5_02072026_1609_g70","T5","NIFA_Resazurin_30_T5_02072026_1609_g70","F3",2026-07-02 16:09:00,20260702,70,"T5_30C_70g"
"988","F","4","17886","NIFA_Resazurin_30_T5_02072026_1609_g70","T5","NIFA_Resazurin_30_T5_02072026_1609_g70","F4",2026-07-02 16:09:00,20260702,70,"T5_30C_70g"
"989","F","5","23135","NIFA_Resazurin_30_T5_02072026_1609_g70","T5","NIFA_Resazurin_30_T5_02072026_1609_g70","F5",2026-07-02 16:09:00,20260702,70,"T5_30C_70g"
"990","F","6","18941","NIFA_Resazurin_30_T5_02072026_1609_g70","T5","NIFA_Resazurin_30_T5_02072026_1609_g70","F6",2026-07-02 16:09:00,20260702,70,"T5_30C_70g"
"991","F","7","23278","NIFA_Resazurin_30_T5_02072026_1609_g70","T5","NIFA_Resazurin_30_T5_02072026_1609_g70","F7",2026-07-02 16:09:00,20260702,70,"T5_30C_70g"
"992","F","8","10895","NIFA_Resazurin_30_T5_02072026_1609_g70","T5","NIFA_Resazurin_30_T5_02072026_1609_g70","F8",2026-07-02 16:09:00,20260702,70,"T5_30C_70g"
"993","F","9","13636","NIFA_Resazurin_30_T5_02072026_1609_g70","T5","NIFA_Resazurin_30_T5_02072026_1609_g70","F9",2026-07-02 16:09:00,20260702,70,"T5_30C_70g"
"994","F","10","29476","NIFA_Resazurin_30_T5_02072026_1609_g70","T5","NIFA_Resazurin_30_T5_02072026_1609_g70","F10",2026-07-02 16:09:00,20260702,70,"T5_30C_70g"
"995","F","11","19787","NIFA_Resazurin_30_T5_02072026_1609_g70","T5","NIFA_Resazurin_30_T5_02072026_1609_g70","F11",2026-07-02 16:09:00,20260702,70,"T5_30C_70g"
"996","F","12","8427","NIFA_Resazurin_30_T5_02072026_1609_g70","T5","NIFA_Resazurin_30_T5_02072026_1609_g70","F12",2026-07-02 16:09:00,20260702,70,"T5_30C_70g"
"997","G","1","1222","NIFA_Resazurin_30_T5_02072026_1609_g70","T5","NIFA_Resazurin_30_T5_02072026_1609_g70","G1",2026-07-02 16:09:00,20260702,70,"T5_30C_70g"
"998","G","2","2646","NIFA_Resazurin_30_T5_02072026_1609_g70","T5","NIFA_Resazurin_30_T5_02072026_1609_g70","G2",2026-07-02 16:09:00,20260702,70,"T5_30C_70g"
"999","G","3","1109","NIFA_Resazurin_30_T5_02072026_1609_g70","T5","NIFA_Resazurin_30_T5_02072026_1609_g70","G3",2026-07-02 16:09:00,20260702,70,"T5_30C_70g"
"1000","G","4","3608","NIFA_Resazurin_30_T5_02072026_1609_g70","T5","NIFA_Resazurin_30_T5_02072026_1609_g70","G4",2026-07-02 16:09:00,20260702,70,"T5_30C_70g"
"1001","G","5","1087","NIFA_Resazurin_30_T5_02072026_1609_g70","T5","NIFA_Resazurin_30_T5_02072026_1609_g70","G5",2026-07-02 16:09:00,20260702,70,"T5_30C_70g"
"1002","G","6","1916","NIFA_Resazurin_30_T5_02072026_1609_g70","T5","NIFA_Resazurin_30_T5_02072026_1609_g70","G6",2026-07-02 16:09:00,20260702,70,"T5_30C_70g"
"1003","G","7","1149","NIFA_Resazurin_30_T5_02072026_1609_g70","T5","NIFA_Resazurin_30_T5_02072026_1609_g70","G7",2026-07-02 16:09:00,20260702,70,"T5_30C_70g"
"1004","G","8","2404","NIFA_Resazurin_30_T5_02072026_1609_g70","T5","NIFA_Resazurin_30_T5_02072026_1609_g70","G8",2026-07-02 16:09:00,20260702,70,"T5_30C_70g"
"1005","G","9","1148","NIFA_Resazurin_30_T5_02072026_1609_g70","T5","NIFA_Resazurin_30_T5_02072026_1609_g70","G9",2026-07-02 16:09:00,20260702,70,"T5_30C_70g"
"1006","G","10","6146","NIFA_Resazurin_30_T5_02072026_1609_g70","T5","NIFA_Resazurin_30_T5_02072026_1609_g70","G10",2026-07-02 16:09:00,20260702,70,"T5_30C_70g"
"1007","G","11","1118","NIFA_Resazurin_30_T5_02072026_1609_g70","T5","NIFA_Resazurin_30_T5_02072026_1609_g70","G11",2026-07-02 16:09:00,20260702,70,"T5_30C_70g"
"1008","G","12","4252","NIFA_Resazurin_30_T5_02072026_1609_g70","T5","NIFA_Resazurin_30_T5_02072026_1609_g70","G12",2026-07-02 16:09:00,20260702,70,"T5_30C_70g"
