"","Date","filename","time","timepoint","Treatment","PlateID","Well","gain","Type","Family","Age","Area_ImageJ","Count","flourescence","Note"
"1",20260706,"NIFA_Resazurin_34_T0_06072026_1042_g65",2026-07-06 10:42:00,"T0","34C","T0_34C_65g","A1",65,"Sample",2,"111dpf",NA,NA,"702",""
"2",20260706,"NIFA_Resazurin_34_T0_06072026_1042_g65",2026-07-06 10:42:00,"T0","34C","T0_34C_65g","A2",65,"Sample",5,"111dpf",NA,NA,"888",""
"3",20260706,"NIFA_Resazurin_34_T0_06072026_1042_g65",2026-07-06 10:42:00,"T0","34C","T0_34C_65g","A3",65,"Sample",7,"111dpf",NA,NA,"755",""
"4",20260706,"NIFA_Resazurin_34_T0_06072026_1042_g65",2026-07-06 10:42:00,"T0","34C","T0_34C_65g","A4",65,"Sample",15,"111dpf",NA,NA,"939",""
"5",20260706,"NIFA_Resazurin_34_T0_06072026_1042_g65",2026-07-06 10:42:00,"T0","34C","T0_34C_65g","A5",65,"Sample",17,"111dpf",NA,NA,"970",""
"6",20260706,"NIFA_Resazurin_34_T0_06072026_1042_g65",2026-07-06 10:42:00,"T0","34C","T0_34C_65g","A6",65,"Sample",18,"111dpf",NA,NA,"760",""
"7",20260706,"NIFA_Resazurin_34_T0_06072026_1042_g65",2026-07-06 10:42:00,"T0","34C","T0_34C_65g","A7",65,"Sample",49,"111dpf",NA,NA,"753",""
"8",20260706,"NIFA_Resazurin_34_T0_06072026_1042_g65",2026-07-06 10:42:00,"T0","34C","T0_34C_65g","A8",65,"Sample",53,"111dpf",NA,NA,"739",""
"9",20260706,"NIFA_Resazurin_34_T0_06072026_1042_g65",2026-07-06 10:42:00,"T0","34C","T0_34C_65g","A9",65,"Sample",54,"111dpf",NA,NA,"749",""
"10",20260706,"NIFA_Resazurin_34_T0_06072026_1042_g65",2026-07-06 10:42:00,"T0","34C","T0_34C_65g","A10",65,"Sample",55,"111dpf",NA,NA,"802",""
"11",20260706,"NIFA_Resazurin_34_T0_06072026_1042_g65",2026-07-06 10:42:00,"T0","34C","T0_34C_65g","A11",65,"Sample",56,"111dpf",NA,NA,"739",""
"12",20260706,"NIFA_Resazurin_34_T0_06072026_1042_g65",2026-07-06 10:42:00,"T0","34C","T0_34C_65g","A12",65,"Sample",58,"111dpf",NA,NA,"766",""
"13",20260706,"NIFA_Resazurin_34_T0_06072026_1042_g65",2026-07-06 10:42:00,"T0","34C","T0_34C_65g","B1",65,"Sample",2,"111dpf",NA,NA,"999",""
"14",20260706,"NIFA_Resazurin_34_T0_06072026_1042_g65",2026-07-06 10:42:00,"T0","34C","T0_34C_65g","B2",65,"Sample",5,"111dpf",NA,NA,"872",""
"15",20260706,"NIFA_Resazurin_34_T0_06072026_1042_g65",2026-07-06 10:42:00,"T0","34C","T0_34C_65g","B4",65,"Sample",15,"111dpf",NA,NA,"809",""
"16",20260706,"NIFA_Resazurin_34_T0_06072026_1042_g65",2026-07-06 10:42:00,"T0","34C","T0_34C_65g","B5",65,"Sample",17,"111dpf",NA,NA,"896",""
"17",20260706,"NIFA_Resazurin_34_T0_06072026_1042_g65",2026-07-06 10:42:00,"T0","34C","T0_34C_65g","B6",65,"Sample",18,"111dpf",NA,NA,"885",""
"18",20260706,"NIFA_Resazurin_34_T0_06072026_1042_g65",2026-07-06 10:42:00,"T0","34C","T0_34C_65g","B7",65,"Sample",49,"111dpf",NA,NA,"710",""
"19",20260706,"NIFA_Resazurin_34_T0_06072026_1042_g65",2026-07-06 10:42:00,"T0","34C","T0_34C_65g","B8",65,"Sample",53,"111dpf",NA,NA,"742",""
"20",20260706,"NIFA_Resazurin_34_T0_06072026_1042_g65",2026-07-06 10:42:00,"T0","34C","T0_34C_65g","B9",65,"Sample",54,"111dpf",NA,NA,"745",""
"21",20260706,"NIFA_Resazurin_34_T0_06072026_1042_g65",2026-07-06 10:42:00,"T0","34C","T0_34C_65g","B10",65,"Sample",55,"111dpf",NA,NA,"712",""
"22",20260706,"NIFA_Resazurin_34_T0_06072026_1042_g65",2026-07-06 10:42:00,"T0","34C","T0_34C_65g","B11",65,"Sample",56,"111dpf",NA,NA,"807",""
"23",20260706,"NIFA_Resazurin_34_T0_06072026_1042_g65",2026-07-06 10:42:00,"T0","34C","T0_34C_65g","B12",65,"Sample",58,"111dpf",NA,NA,"778",""
"24",20260706,"NIFA_Resazurin_34_T0_06072026_1042_g65",2026-07-06 10:42:00,"T0","34C","T0_34C_65g","C1",65,"Sample",2,"111dpf",NA,NA,"807",""
"25",20260706,"NIFA_Resazurin_34_T0_06072026_1042_g65",2026-07-06 10:42:00,"T0","34C","T0_34C_65g","C2",65,"Sample",5,"111dpf",NA,NA,"861",""
"26",20260706,"NIFA_Resazurin_34_T0_06072026_1042_g65",2026-07-06 10:42:00,"T0","34C","T0_34C_65g","C3",65,"Sample",7,"111dpf",NA,NA,"786",""
"27",20260706,"NIFA_Resazurin_34_T0_06072026_1042_g65",2026-07-06 10:42:00,"T0","34C","T0_34C_65g","C4",65,"Sample",15,"111dpf",NA,NA,"831",""
"28",20260706,"NIFA_Resazurin_34_T0_06072026_1042_g65",2026-07-06 10:42:00,"T0","34C","T0_34C_65g","C5",65,"Sample",17,"111dpf",NA,NA,"786",""
"29",20260706,"NIFA_Resazurin_34_T0_06072026_1042_g65",2026-07-06 10:42:00,"T0","34C","T0_34C_65g","C6",65,"Sample",18,"111dpf",NA,NA,"761",""
"30",20260706,"NIFA_Resazurin_34_T0_06072026_1042_g65",2026-07-06 10:42:00,"T0","34C","T0_34C_65g","C7",65,"Sample",49,"111dpf",NA,NA,"693",""
"31",20260706,"NIFA_Resazurin_34_T0_06072026_1042_g65",2026-07-06 10:42:00,"T0","34C","T0_34C_65g","C8",65,"Sample",53,"111dpf",NA,NA,"668",""
"32",20260706,"NIFA_Resazurin_34_T0_06072026_1042_g65",2026-07-06 10:42:00,"T0","34C","T0_34C_65g","C9",65,"Sample",54,"111dpf",NA,NA,"713",""
"33",20260706,"NIFA_Resazurin_34_T0_06072026_1042_g65",2026-07-06 10:42:00,"T0","34C","T0_34C_65g","C10",65,"Sample",55,"111dpf",NA,NA,"687",""
"34",20260706,"NIFA_Resazurin_34_T0_06072026_1042_g65",2026-07-06 10:42:00,"T0","34C","T0_34C_65g","C11",65,"Sample",56,"111dpf",NA,NA,"759",""
"35",20260706,"NIFA_Resazurin_34_T0_06072026_1042_g65",2026-07-06 10:42:00,"T0","34C","T0_34C_65g","C12",65,"Sample",58,"111dpf",NA,NA,"735",""
"36",20260706,"NIFA_Resazurin_34_T0_06072026_1042_g65",2026-07-06 10:42:00,"T0","34C","T0_34C_65g","D2",65,"Sample",5,"111dpf",NA,NA,"692",""
"37",20260706,"NIFA_Resazurin_34_T0_06072026_1042_g65",2026-07-06 10:42:00,"T0","34C","T0_34C_65g","D4",65,"Sample",15,"111dpf",NA,NA,"765",""
"38",20260706,"NIFA_Resazurin_34_T0_06072026_1042_g65",2026-07-06 10:42:00,"T0","34C","T0_34C_65g","D5",65,"Sample",17,"111dpf",NA,NA,"723",""
"39",20260706,"NIFA_Resazurin_34_T0_06072026_1042_g65",2026-07-06 10:42:00,"T0","34C","T0_34C_65g","D6",65,"Sample",18,"111dpf",NA,NA,"802",""
"40",20260706,"NIFA_Resazurin_34_T0_06072026_1042_g65",2026-07-06 10:42:00,"T0","34C","T0_34C_65g","D7",65,"Sample",49,"111dpf",NA,NA,"676",""
"41",20260706,"NIFA_Resazurin_34_T0_06072026_1042_g65",2026-07-06 10:42:00,"T0","34C","T0_34C_65g","D8",65,"Sample",53,"111dpf",NA,NA,"689",""
"42",20260706,"NIFA_Resazurin_34_T0_06072026_1042_g65",2026-07-06 10:42:00,"T0","34C","T0_34C_65g","D9",65,"Sample",54,"111dpf",NA,NA,"805",""
"43",20260706,"NIFA_Resazurin_34_T0_06072026_1042_g65",2026-07-06 10:42:00,"T0","34C","T0_34C_65g","D10",65,"Sample",55,"111dpf",NA,NA,"679",""
"44",20260706,"NIFA_Resazurin_34_T0_06072026_1042_g65",2026-07-06 10:42:00,"T0","34C","T0_34C_65g","D11",65,"Sample",56,"111dpf",NA,NA,"749",""
"45",20260706,"NIFA_Resazurin_34_T0_06072026_1042_g65",2026-07-06 10:42:00,"T0","34C","T0_34C_65g","E1",65,"Sample",2,"111dpf",NA,NA,"860",""
"46",20260706,"NIFA_Resazurin_34_T0_06072026_1042_g65",2026-07-06 10:42:00,"T0","34C","T0_34C_65g","E2",65,"Sample",5,"111dpf",NA,NA,"815",""
"47",20260706,"NIFA_Resazurin_34_T0_06072026_1042_g65",2026-07-06 10:42:00,"T0","34C","T0_34C_65g","E3",65,"Sample",7,"111dpf",NA,NA,"720",""
"48",20260706,"NIFA_Resazurin_34_T0_06072026_1042_g65",2026-07-06 10:42:00,"T0","34C","T0_34C_65g","E4",65,"Sample",15,"111dpf",NA,NA,"822",""
"49",20260706,"NIFA_Resazurin_34_T0_06072026_1042_g65",2026-07-06 10:42:00,"T0","34C","T0_34C_65g","E5",65,"Sample",17,"111dpf",NA,NA,"698",""
"50",20260706,"NIFA_Resazurin_34_T0_06072026_1042_g65",2026-07-06 10:42:00,"T0","34C","T0_34C_65g","E6",65,"Sample",18,"111dpf",NA,NA,"920",""
"51",20260706,"NIFA_Resazurin_34_T0_06072026_1042_g65",2026-07-06 10:42:00,"T0","34C","T0_34C_65g","E7",65,"Sample",49,"111dpf",NA,NA,"745",""
"52",20260706,"NIFA_Resazurin_34_T0_06072026_1042_g65",2026-07-06 10:42:00,"T0","34C","T0_34C_65g","E8",65,"Sample",53,"111dpf",NA,NA,"684",""
"53",20260706,"NIFA_Resazurin_34_T0_06072026_1042_g65",2026-07-06 10:42:00,"T0","34C","T0_34C_65g","E9",65,"Sample",54,"111dpf",NA,NA,"727",""
"54",20260706,"NIFA_Resazurin_34_T0_06072026_1042_g65",2026-07-06 10:42:00,"T0","34C","T0_34C_65g","E10",65,"Sample",55,"111dpf",NA,NA,"657",""
"55",20260706,"NIFA_Resazurin_34_T0_06072026_1042_g65",2026-07-06 10:42:00,"T0","34C","T0_34C_65g","E11",65,"Sample",56,"111dpf",NA,NA,"797",""
"56",20260706,"NIFA_Resazurin_34_T0_06072026_1042_g65",2026-07-06 10:42:00,"T0","34C","T0_34C_65g","E12",65,"Sample",58,"111dpf",NA,NA,"736",""
"57",20260706,"NIFA_Resazurin_34_T0_06072026_1042_g65",2026-07-06 10:42:00,"T0","34C","T0_34C_65g","F1",65,"Sample",2,"111dpf",NA,NA,"855",""
"58",20260706,"NIFA_Resazurin_34_T0_06072026_1042_g65",2026-07-06 10:42:00,"T0","34C","T0_34C_65g","F2",65,"Sample",5,"111dpf",NA,NA,"707",""
"59",20260706,"NIFA_Resazurin_34_T0_06072026_1042_g65",2026-07-06 10:42:00,"T0","34C","T0_34C_65g","F3",65,"Sample",7,"111dpf",NA,NA,"932",""
"60",20260706,"NIFA_Resazurin_34_T0_06072026_1042_g65",2026-07-06 10:42:00,"T0","34C","T0_34C_65g","F4",65,"Sample",15,"111dpf",NA,NA,"827",""
"61",20260706,"NIFA_Resazurin_34_T0_06072026_1042_g65",2026-07-06 10:42:00,"T0","34C","T0_34C_65g","F5",65,"Sample",17,"111dpf",NA,NA,"839",""
"62",20260706,"NIFA_Resazurin_34_T0_06072026_1042_g65",2026-07-06 10:42:00,"T0","34C","T0_34C_65g","F6",65,"Sample",18,"111dpf",NA,NA,"882",""
"63",20260706,"NIFA_Resazurin_34_T0_06072026_1042_g65",2026-07-06 10:42:00,"T0","34C","T0_34C_65g","F7",65,"Sample",49,"111dpf",NA,NA,"709",""
"64",20260706,"NIFA_Resazurin_34_T0_06072026_1042_g65",2026-07-06 10:42:00,"T0","34C","T0_34C_65g","F8",65,"Sample",53,"111dpf",NA,NA,"702",""
"65",20260706,"NIFA_Resazurin_34_T0_06072026_1042_g65",2026-07-06 10:42:00,"T0","34C","T0_34C_65g","F9",65,"Sample",54,"111dpf",NA,NA,"844",""
"66",20260706,"NIFA_Resazurin_34_T0_06072026_1042_g65",2026-07-06 10:42:00,"T0","34C","T0_34C_65g","F10",65,"Sample",55,"111dpf",NA,NA,"755",""
"67",20260706,"NIFA_Resazurin_34_T0_06072026_1042_g65",2026-07-06 10:42:00,"T0","34C","T0_34C_65g","F11",65,"Sample",56,"111dpf",NA,NA,"733",""
"68",20260706,"NIFA_Resazurin_34_T0_06072026_1042_g65",2026-07-06 10:42:00,"T0","34C","T0_34C_65g","F12",65,"Sample",58,"111dpf",NA,NA,"803",""
"69",20260706,"NIFA_Resazurin_34_T0_06072026_1042_g65",2026-07-06 10:42:00,"T0","34C","T0_34C_65g","G1",65,"blank",NA,"111dpf",NA,NA,"702",""
"70",20260706,"NIFA_Resazurin_34_T0_06072026_1042_g65",2026-07-06 10:42:00,"T0","34C","T0_34C_65g","G2",65,"shell",NA,"111dpf",NA,NA,"823",""
"71",20260706,"NIFA_Resazurin_34_T0_06072026_1042_g65",2026-07-06 10:42:00,"T0","34C","T0_34C_65g","G3",65,"blank",NA,"111dpf",NA,NA,"692",""
"72",20260706,"NIFA_Resazurin_34_T0_06072026_1042_g65",2026-07-06 10:42:00,"T0","34C","T0_34C_65g","G4",65,"shell",NA,"111dpf",NA,NA,"776",""
"73",20260706,"NIFA_Resazurin_34_T0_06072026_1042_g65",2026-07-06 10:42:00,"T0","34C","T0_34C_65g","G5",65,"blank",NA,"111dpf",NA,NA,"679",""
"74",20260706,"NIFA_Resazurin_34_T0_06072026_1042_g65",2026-07-06 10:42:00,"T0","34C","T0_34C_65g","G6",65,"shell",NA,"111dpf",NA,NA,"767",""
"75",20260706,"NIFA_Resazurin_34_T0_06072026_1042_g65",2026-07-06 10:42:00,"T0","34C","T0_34C_65g","G7",65,"blank",NA,"111dpf",NA,NA,"691",""
"76",20260706,"NIFA_Resazurin_34_T0_06072026_1042_g65",2026-07-06 10:42:00,"T0","34C","T0_34C_65g","G8",65,"shell",NA,"111dpf",NA,NA,"682",""
"77",20260706,"NIFA_Resazurin_34_T0_06072026_1042_g65",2026-07-06 10:42:00,"T0","34C","T0_34C_65g","G9",65,"blank",NA,"111dpf",NA,NA,"704",""
"78",20260706,"NIFA_Resazurin_34_T0_06072026_1042_g65",2026-07-06 10:42:00,"T0","34C","T0_34C_65g","G10",65,"shell",NA,"111dpf",NA,NA,"759",""
"79",20260706,"NIFA_Resazurin_34_T0_06072026_1042_g65",2026-07-06 10:42:00,"T0","34C","T0_34C_65g","G11",65,"blank",NA,"111dpf",NA,NA,"707",""
"80",20260706,"NIFA_Resazurin_34_T0_06072026_1042_g65",2026-07-06 10:42:00,"T0","34C","T0_34C_65g","G12",65,"shell",NA,"111dpf",NA,NA,"773",""
"81",20260706,"NIFA_Resazurin_34_T1_06072026_1138_g60",2026-07-06 11:38:00,"T1","34C","T1_34C_60g","A1",60,"Sample",2,"111dpf",NA,NA,"7074",""
"82",20260706,"NIFA_Resazurin_34_T1_06072026_1138_g60",2026-07-06 11:38:00,"T1","34C","T1_34C_60g","A2",60,"Sample",5,"111dpf",NA,NA,"4735",""
"83",20260706,"NIFA_Resazurin_34_T1_06072026_1138_g60",2026-07-06 11:38:00,"T1","34C","T1_34C_60g","A3",60,"Sample",7,"111dpf",NA,NA,"8995",""
"84",20260706,"NIFA_Resazurin_34_T1_06072026_1138_g60",2026-07-06 11:38:00,"T1","34C","T1_34C_60g","A4",60,"Sample",15,"111dpf",NA,NA,"6971",""
"85",20260706,"NIFA_Resazurin_34_T1_06072026_1138_g60",2026-07-06 11:38:00,"T1","34C","T1_34C_60g","A5",60,"Sample",17,"111dpf",NA,NA,"1263",""
"86",20260706,"NIFA_Resazurin_34_T1_06072026_1138_g60",2026-07-06 11:38:00,"T1","34C","T1_34C_60g","A6",60,"Sample",18,"111dpf",NA,NA,"2128",""
"87",20260706,"NIFA_Resazurin_34_T1_06072026_1138_g60",2026-07-06 11:38:00,"T1","34C","T1_34C_60g","A7",60,"Sample",49,"111dpf",NA,NA,"7478",""
"88",20260706,"NIFA_Resazurin_34_T1_06072026_1138_g60",2026-07-06 11:38:00,"T1","34C","T1_34C_60g","A8",60,"Sample",53,"111dpf",NA,NA,"11640",""
"89",20260706,"NIFA_Resazurin_34_T1_06072026_1138_g60",2026-07-06 11:38:00,"T1","34C","T1_34C_60g","A9",60,"Sample",54,"111dpf",NA,NA,"6927",""
"90",20260706,"NIFA_Resazurin_34_T1_06072026_1138_g60",2026-07-06 11:38:00,"T1","34C","T1_34C_60g","A10",60,"Sample",55,"111dpf",NA,NA,"1610",""
"91",20260706,"NIFA_Resazurin_34_T1_06072026_1138_g60",2026-07-06 11:38:00,"T1","34C","T1_34C_60g","A11",60,"Sample",56,"111dpf",NA,NA,"1492",""
"92",20260706,"NIFA_Resazurin_34_T1_06072026_1138_g60",2026-07-06 11:38:00,"T1","34C","T1_34C_60g","A12",60,"Sample",58,"111dpf",NA,NA,"4830",""
"93",20260706,"NIFA_Resazurin_34_T1_06072026_1138_g60",2026-07-06 11:38:00,"T1","34C","T1_34C_60g","B1",60,"Sample",2,"111dpf",NA,NA,"8861",""
"94",20260706,"NIFA_Resazurin_34_T1_06072026_1138_g60",2026-07-06 11:38:00,"T1","34C","T1_34C_60g","B2",60,"Sample",5,"111dpf",NA,NA,"4669",""
"95",20260706,"NIFA_Resazurin_34_T1_06072026_1138_g60",2026-07-06 11:38:00,"T1","34C","T1_34C_60g","B4",60,"Sample",15,"111dpf",NA,NA,"4575",""
"96",20260706,"NIFA_Resazurin_34_T1_06072026_1138_g60",2026-07-06 11:38:00,"T1","34C","T1_34C_60g","B5",60,"Sample",17,"111dpf",NA,NA,"835",""
"97",20260706,"NIFA_Resazurin_34_T1_06072026_1138_g60",2026-07-06 11:38:00,"T1","34C","T1_34C_60g","B6",60,"Sample",18,"111dpf",NA,NA,"8432",""
"98",20260706,"NIFA_Resazurin_34_T1_06072026_1138_g60",2026-07-06 11:38:00,"T1","34C","T1_34C_60g","B7",60,"Sample",49,"111dpf",NA,NA,"8644",""
"99",20260706,"NIFA_Resazurin_34_T1_06072026_1138_g60",2026-07-06 11:38:00,"T1","34C","T1_34C_60g","B8",60,"Sample",53,"111dpf",NA,NA,"4739",""
"100",20260706,"NIFA_Resazurin_34_T1_06072026_1138_g60",2026-07-06 11:38:00,"T1","34C","T1_34C_60g","B9",60,"Sample",54,"111dpf",NA,NA,"5789",""
"101",20260706,"NIFA_Resazurin_34_T1_06072026_1138_g60",2026-07-06 11:38:00,"T1","34C","T1_34C_60g","B10",60,"Sample",55,"111dpf",NA,NA,"3076",""
"102",20260706,"NIFA_Resazurin_34_T1_06072026_1138_g60",2026-07-06 11:38:00,"T1","34C","T1_34C_60g","B11",60,"Sample",56,"111dpf",NA,NA,"1939",""
"103",20260706,"NIFA_Resazurin_34_T1_06072026_1138_g60",2026-07-06 11:38:00,"T1","34C","T1_34C_60g","B12",60,"Sample",58,"111dpf",NA,NA,"2859",""
"104",20260706,"NIFA_Resazurin_34_T1_06072026_1138_g60",2026-07-06 11:38:00,"T1","34C","T1_34C_60g","C1",60,"Sample",2,"111dpf",NA,NA,"8281",""
"105",20260706,"NIFA_Resazurin_34_T1_06072026_1138_g60",2026-07-06 11:38:00,"T1","34C","T1_34C_60g","C2",60,"Sample",5,"111dpf",NA,NA,"3404",""
"106",20260706,"NIFA_Resazurin_34_T1_06072026_1138_g60",2026-07-06 11:38:00,"T1","34C","T1_34C_60g","C3",60,"Sample",7,"111dpf",NA,NA,"8996",""
"107",20260706,"NIFA_Resazurin_34_T1_06072026_1138_g60",2026-07-06 11:38:00,"T1","34C","T1_34C_60g","C4",60,"Sample",15,"111dpf",NA,NA,"1433",""
"108",20260706,"NIFA_Resazurin_34_T1_06072026_1138_g60",2026-07-06 11:38:00,"T1","34C","T1_34C_60g","C5",60,"Sample",17,"111dpf",NA,NA,"5665",""
"109",20260706,"NIFA_Resazurin_34_T1_06072026_1138_g60",2026-07-06 11:38:00,"T1","34C","T1_34C_60g","C6",60,"Sample",18,"111dpf",NA,NA,"10201",""
"110",20260706,"NIFA_Resazurin_34_T1_06072026_1138_g60",2026-07-06 11:38:00,"T1","34C","T1_34C_60g","C7",60,"Sample",49,"111dpf",NA,NA,"5835",""
"111",20260706,"NIFA_Resazurin_34_T1_06072026_1138_g60",2026-07-06 11:38:00,"T1","34C","T1_34C_60g","C8",60,"Sample",53,"111dpf",NA,NA,"5169",""
"112",20260706,"NIFA_Resazurin_34_T1_06072026_1138_g60",2026-07-06 11:38:00,"T1","34C","T1_34C_60g","C9",60,"Sample",54,"111dpf",NA,NA,"1159",""
"113",20260706,"NIFA_Resazurin_34_T1_06072026_1138_g60",2026-07-06 11:38:00,"T1","34C","T1_34C_60g","C10",60,"Sample",55,"111dpf",NA,NA,"3023",""
"114",20260706,"NIFA_Resazurin_34_T1_06072026_1138_g60",2026-07-06 11:38:00,"T1","34C","T1_34C_60g","C11",60,"Sample",56,"111dpf",NA,NA,"3751",""
"115",20260706,"NIFA_Resazurin_34_T1_06072026_1138_g60",2026-07-06 11:38:00,"T1","34C","T1_34C_60g","C12",60,"Sample",58,"111dpf",NA,NA,"3338",""
"116",20260706,"NIFA_Resazurin_34_T1_06072026_1138_g60",2026-07-06 11:38:00,"T1","34C","T1_34C_60g","D2",60,"Sample",5,"111dpf",NA,NA,"578",""
"117",20260706,"NIFA_Resazurin_34_T1_06072026_1138_g60",2026-07-06 11:38:00,"T1","34C","T1_34C_60g","D4",60,"Sample",15,"111dpf",NA,NA,"3660",""
"118",20260706,"NIFA_Resazurin_34_T1_06072026_1138_g60",2026-07-06 11:38:00,"T1","34C","T1_34C_60g","D5",60,"Sample",17,"111dpf",NA,NA,"1821",""
"119",20260706,"NIFA_Resazurin_34_T1_06072026_1138_g60",2026-07-06 11:38:00,"T1","34C","T1_34C_60g","D6",60,"Sample",18,"111dpf",NA,NA,"3992",""
"120",20260706,"NIFA_Resazurin_34_T1_06072026_1138_g60",2026-07-06 11:38:00,"T1","34C","T1_34C_60g","D7",60,"Sample",49,"111dpf",NA,NA,"2417",""
"121",20260706,"NIFA_Resazurin_34_T1_06072026_1138_g60",2026-07-06 11:38:00,"T1","34C","T1_34C_60g","D8",60,"Sample",53,"111dpf",NA,NA,"6843",""
"122",20260706,"NIFA_Resazurin_34_T1_06072026_1138_g60",2026-07-06 11:38:00,"T1","34C","T1_34C_60g","D9",60,"Sample",54,"111dpf",NA,NA,"19088",""
"123",20260706,"NIFA_Resazurin_34_T1_06072026_1138_g60",2026-07-06 11:38:00,"T1","34C","T1_34C_60g","D10",60,"Sample",55,"111dpf",NA,NA,"829",""
"124",20260706,"NIFA_Resazurin_34_T1_06072026_1138_g60",2026-07-06 11:38:00,"T1","34C","T1_34C_60g","D11",60,"Sample",56,"111dpf",NA,NA,"1233",""
"125",20260706,"NIFA_Resazurin_34_T1_06072026_1138_g60",2026-07-06 11:38:00,"T1","34C","T1_34C_60g","E1",60,"Sample",2,"111dpf",NA,NA,"5085",""
"126",20260706,"NIFA_Resazurin_34_T1_06072026_1138_g60",2026-07-06 11:38:00,"T1","34C","T1_34C_60g","E2",60,"Sample",5,"111dpf",NA,NA,"5478",""
"127",20260706,"NIFA_Resazurin_34_T1_06072026_1138_g60",2026-07-06 11:38:00,"T1","34C","T1_34C_60g","E3",60,"Sample",7,"111dpf",NA,NA,"4981",""
"128",20260706,"NIFA_Resazurin_34_T1_06072026_1138_g60",2026-07-06 11:38:00,"T1","34C","T1_34C_60g","E4",60,"Sample",15,"111dpf",NA,NA,"1974",""
"129",20260706,"NIFA_Resazurin_34_T1_06072026_1138_g60",2026-07-06 11:38:00,"T1","34C","T1_34C_60g","E5",60,"Sample",17,"111dpf",NA,NA,"679",""
"130",20260706,"NIFA_Resazurin_34_T1_06072026_1138_g60",2026-07-06 11:38:00,"T1","34C","T1_34C_60g","E6",60,"Sample",18,"111dpf",NA,NA,"9812",""
"131",20260706,"NIFA_Resazurin_34_T1_06072026_1138_g60",2026-07-06 11:38:00,"T1","34C","T1_34C_60g","E7",60,"Sample",49,"111dpf",NA,NA,"6447",""
"132",20260706,"NIFA_Resazurin_34_T1_06072026_1138_g60",2026-07-06 11:38:00,"T1","34C","T1_34C_60g","E8",60,"Sample",53,"111dpf",NA,NA,"4506",""
"133",20260706,"NIFA_Resazurin_34_T1_06072026_1138_g60",2026-07-06 11:38:00,"T1","34C","T1_34C_60g","E9",60,"Sample",54,"111dpf",NA,NA,"7908",""
"134",20260706,"NIFA_Resazurin_34_T1_06072026_1138_g60",2026-07-06 11:38:00,"T1","34C","T1_34C_60g","E10",60,"Sample",55,"111dpf",NA,NA,"1218",""
"135",20260706,"NIFA_Resazurin_34_T1_06072026_1138_g60",2026-07-06 11:38:00,"T1","34C","T1_34C_60g","E11",60,"Sample",56,"111dpf",NA,NA,"6530",""
"136",20260706,"NIFA_Resazurin_34_T1_06072026_1138_g60",2026-07-06 11:38:00,"T1","34C","T1_34C_60g","E12",60,"Sample",58,"111dpf",NA,NA,"607",""
"137",20260706,"NIFA_Resazurin_34_T1_06072026_1138_g60",2026-07-06 11:38:00,"T1","34C","T1_34C_60g","F1",60,"Sample",2,"111dpf",NA,NA,"8985",""
"138",20260706,"NIFA_Resazurin_34_T1_06072026_1138_g60",2026-07-06 11:38:00,"T1","34C","T1_34C_60g","F2",60,"Sample",5,"111dpf",NA,NA,"2126",""
"139",20260706,"NIFA_Resazurin_34_T1_06072026_1138_g60",2026-07-06 11:38:00,"T1","34C","T1_34C_60g","F3",60,"Sample",7,"111dpf",NA,NA,"11272",""
"140",20260706,"NIFA_Resazurin_34_T1_06072026_1138_g60",2026-07-06 11:38:00,"T1","34C","T1_34C_60g","F4",60,"Sample",15,"111dpf",NA,NA,"4507",""
"141",20260706,"NIFA_Resazurin_34_T1_06072026_1138_g60",2026-07-06 11:38:00,"T1","34C","T1_34C_60g","F5",60,"Sample",17,"111dpf",NA,NA,"8094",""
"142",20260706,"NIFA_Resazurin_34_T1_06072026_1138_g60",2026-07-06 11:38:00,"T1","34C","T1_34C_60g","F6",60,"Sample",18,"111dpf",NA,NA,"5206",""
"143",20260706,"NIFA_Resazurin_34_T1_06072026_1138_g60",2026-07-06 11:38:00,"T1","34C","T1_34C_60g","F7",60,"Sample",49,"111dpf",NA,NA,"3580",""
"144",20260706,"NIFA_Resazurin_34_T1_06072026_1138_g60",2026-07-06 11:38:00,"T1","34C","T1_34C_60g","F8",60,"Sample",53,"111dpf",NA,NA,"3984",""
"145",20260706,"NIFA_Resazurin_34_T1_06072026_1138_g60",2026-07-06 11:38:00,"T1","34C","T1_34C_60g","F9",60,"Sample",54,"111dpf",NA,NA,"3810",""
"146",20260706,"NIFA_Resazurin_34_T1_06072026_1138_g60",2026-07-06 11:38:00,"T1","34C","T1_34C_60g","F10",60,"Sample",55,"111dpf",NA,NA,"652",""
"147",20260706,"NIFA_Resazurin_34_T1_06072026_1138_g60",2026-07-06 11:38:00,"T1","34C","T1_34C_60g","F11",60,"Sample",56,"111dpf",NA,NA,"6962",""
"148",20260706,"NIFA_Resazurin_34_T1_06072026_1138_g60",2026-07-06 11:38:00,"T1","34C","T1_34C_60g","F12",60,"Sample",58,"111dpf",NA,NA,"3877",""
"149",20260706,"NIFA_Resazurin_34_T1_06072026_1138_g60",2026-07-06 11:38:00,"T1","34C","T1_34C_60g","G1",60,"blank",NA,"111dpf",NA,NA,"395",""
"150",20260706,"NIFA_Resazurin_34_T1_06072026_1138_g60",2026-07-06 11:38:00,"T1","34C","T1_34C_60g","G2",60,"shell",NA,"111dpf",NA,NA,"628",""
"151",20260706,"NIFA_Resazurin_34_T1_06072026_1138_g60",2026-07-06 11:38:00,"T1","34C","T1_34C_60g","G3",60,"blank",NA,"111dpf",NA,NA,"404",""
"152",20260706,"NIFA_Resazurin_34_T1_06072026_1138_g60",2026-07-06 11:38:00,"T1","34C","T1_34C_60g","G4",60,"shell",NA,"111dpf",NA,NA,"608",""
"153",20260706,"NIFA_Resazurin_34_T1_06072026_1138_g60",2026-07-06 11:38:00,"T1","34C","T1_34C_60g","G5",60,"blank",NA,"111dpf",NA,NA,"345",""
"154",20260706,"NIFA_Resazurin_34_T1_06072026_1138_g60",2026-07-06 11:38:00,"T1","34C","T1_34C_60g","G6",60,"shell",NA,"111dpf",NA,NA,"565",""
"155",20260706,"NIFA_Resazurin_34_T1_06072026_1138_g60",2026-07-06 11:38:00,"T1","34C","T1_34C_60g","G7",60,"blank",NA,"111dpf",NA,NA,"353",""
"156",20260706,"NIFA_Resazurin_34_T1_06072026_1138_g60",2026-07-06 11:38:00,"T1","34C","T1_34C_60g","G8",60,"shell",NA,"111dpf",NA,NA,"645",""
"157",20260706,"NIFA_Resazurin_34_T1_06072026_1138_g60",2026-07-06 11:38:00,"T1","34C","T1_34C_60g","G9",60,"blank",NA,"111dpf",NA,NA,"347",""
"158",20260706,"NIFA_Resazurin_34_T1_06072026_1138_g60",2026-07-06 11:38:00,"T1","34C","T1_34C_60g","G10",60,"shell",NA,"111dpf",NA,NA,"546",""
"159",20260706,"NIFA_Resazurin_34_T1_06072026_1138_g60",2026-07-06 11:38:00,"T1","34C","T1_34C_60g","G11",60,"blank",NA,"111dpf",NA,NA,"344",""
"160",20260706,"NIFA_Resazurin_34_T1_06072026_1138_g60",2026-07-06 11:38:00,"T1","34C","T1_34C_60g","G12",60,"shell",NA,"111dpf",NA,NA,"392",""
"161",20260706,"NIFA_Resazurin_34_T1_06072026_1138_g65",2026-07-06 11:38:00,"T1","34C","T1_34C_65g","A1",65,"Sample",2,"111dpf",NA,NA,"12343",""
"162",20260706,"NIFA_Resazurin_34_T1_06072026_1138_g65",2026-07-06 11:38:00,"T1","34C","T1_34C_65g","A2",65,"Sample",5,"111dpf",NA,NA,"8382",""
"163",20260706,"NIFA_Resazurin_34_T1_06072026_1138_g65",2026-07-06 11:38:00,"T1","34C","T1_34C_65g","A3",65,"Sample",7,"111dpf",NA,NA,"15825",""
"164",20260706,"NIFA_Resazurin_34_T1_06072026_1138_g65",2026-07-06 11:38:00,"T1","34C","T1_34C_65g","A4",65,"Sample",15,"111dpf",NA,NA,"12316",""
"165",20260706,"NIFA_Resazurin_34_T1_06072026_1138_g65",2026-07-06 11:38:00,"T1","34C","T1_34C_65g","A5",65,"Sample",17,"111dpf",NA,NA,"2242",""
"166",20260706,"NIFA_Resazurin_34_T1_06072026_1138_g65",2026-07-06 11:38:00,"T1","34C","T1_34C_65g","A6",65,"Sample",18,"111dpf",NA,NA,"3777",""
"167",20260706,"NIFA_Resazurin_34_T1_06072026_1138_g65",2026-07-06 11:38:00,"T1","34C","T1_34C_65g","A7",65,"Sample",49,"111dpf",NA,NA,"13027",""
"168",20260706,"NIFA_Resazurin_34_T1_06072026_1138_g65",2026-07-06 11:38:00,"T1","34C","T1_34C_65g","A8",65,"Sample",53,"111dpf",NA,NA,"20477",""
"169",20260706,"NIFA_Resazurin_34_T1_06072026_1138_g65",2026-07-06 11:38:00,"T1","34C","T1_34C_65g","A9",65,"Sample",54,"111dpf",NA,NA,"11936",""
"170",20260706,"NIFA_Resazurin_34_T1_06072026_1138_g65",2026-07-06 11:38:00,"T1","34C","T1_34C_65g","A10",65,"Sample",55,"111dpf",NA,NA,"2841",""
"171",20260706,"NIFA_Resazurin_34_T1_06072026_1138_g65",2026-07-06 11:38:00,"T1","34C","T1_34C_65g","A11",65,"Sample",56,"111dpf",NA,NA,"2607",""
"172",20260706,"NIFA_Resazurin_34_T1_06072026_1138_g65",2026-07-06 11:38:00,"T1","34C","T1_34C_65g","A12",65,"Sample",58,"111dpf",NA,NA,"8397",""
"173",20260706,"NIFA_Resazurin_34_T1_06072026_1138_g65",2026-07-06 11:38:00,"T1","34C","T1_34C_65g","B1",65,"Sample",2,"111dpf",NA,NA,"15695",""
"174",20260706,"NIFA_Resazurin_34_T1_06072026_1138_g65",2026-07-06 11:38:00,"T1","34C","T1_34C_65g","B2",65,"Sample",5,"111dpf",NA,NA,"8175",""
"175",20260706,"NIFA_Resazurin_34_T1_06072026_1138_g65",2026-07-06 11:38:00,"T1","34C","T1_34C_65g","B4",65,"Sample",15,"111dpf",NA,NA,"8046",""
"176",20260706,"NIFA_Resazurin_34_T1_06072026_1138_g65",2026-07-06 11:38:00,"T1","34C","T1_34C_65g","B5",65,"Sample",17,"111dpf",NA,NA,"1453",""
"177",20260706,"NIFA_Resazurin_34_T1_06072026_1138_g65",2026-07-06 11:38:00,"T1","34C","T1_34C_65g","B6",65,"Sample",18,"111dpf",NA,NA,"14950",""
"178",20260706,"NIFA_Resazurin_34_T1_06072026_1138_g65",2026-07-06 11:38:00,"T1","34C","T1_34C_65g","B7",65,"Sample",49,"111dpf",NA,NA,"15079",""
"179",20260706,"NIFA_Resazurin_34_T1_06072026_1138_g65",2026-07-06 11:38:00,"T1","34C","T1_34C_65g","B8",65,"Sample",53,"111dpf",NA,NA,"8418",""
"180",20260706,"NIFA_Resazurin_34_T1_06072026_1138_g65",2026-07-06 11:38:00,"T1","34C","T1_34C_65g","B9",65,"Sample",54,"111dpf",NA,NA,"10285",""
"181",20260706,"NIFA_Resazurin_34_T1_06072026_1138_g65",2026-07-06 11:38:00,"T1","34C","T1_34C_65g","B10",65,"Sample",55,"111dpf",NA,NA,"5325",""
"182",20260706,"NIFA_Resazurin_34_T1_06072026_1138_g65",2026-07-06 11:38:00,"T1","34C","T1_34C_65g","B11",65,"Sample",56,"111dpf",NA,NA,"3389",""
"183",20260706,"NIFA_Resazurin_34_T1_06072026_1138_g65",2026-07-06 11:38:00,"T1","34C","T1_34C_65g","B12",65,"Sample",58,"111dpf",NA,NA,"5028",""
"184",20260706,"NIFA_Resazurin_34_T1_06072026_1138_g65",2026-07-06 11:38:00,"T1","34C","T1_34C_65g","C1",65,"Sample",2,"111dpf",NA,NA,"14525",""
"185",20260706,"NIFA_Resazurin_34_T1_06072026_1138_g65",2026-07-06 11:38:00,"T1","34C","T1_34C_65g","C2",65,"Sample",5,"111dpf",NA,NA,"6049",""
"186",20260706,"NIFA_Resazurin_34_T1_06072026_1138_g65",2026-07-06 11:38:00,"T1","34C","T1_34C_65g","C3",65,"Sample",7,"111dpf",NA,NA,"15732",""
"187",20260706,"NIFA_Resazurin_34_T1_06072026_1138_g65",2026-07-06 11:38:00,"T1","34C","T1_34C_65g","C4",65,"Sample",15,"111dpf",NA,NA,"2548",""
"188",20260706,"NIFA_Resazurin_34_T1_06072026_1138_g65",2026-07-06 11:38:00,"T1","34C","T1_34C_65g","C5",65,"Sample",17,"111dpf",NA,NA,"10099",""
"189",20260706,"NIFA_Resazurin_34_T1_06072026_1138_g65",2026-07-06 11:38:00,"T1","34C","T1_34C_65g","C6",65,"Sample",18,"111dpf",NA,NA,"18241",""
"190",20260706,"NIFA_Resazurin_34_T1_06072026_1138_g65",2026-07-06 11:38:00,"T1","34C","T1_34C_65g","C7",65,"Sample",49,"111dpf",NA,NA,"10220",""
"191",20260706,"NIFA_Resazurin_34_T1_06072026_1138_g65",2026-07-06 11:38:00,"T1","34C","T1_34C_65g","C8",65,"Sample",53,"111dpf",NA,NA,"9136",""
"192",20260706,"NIFA_Resazurin_34_T1_06072026_1138_g65",2026-07-06 11:38:00,"T1","34C","T1_34C_65g","C9",65,"Sample",54,"111dpf",NA,NA,"2073",""
"193",20260706,"NIFA_Resazurin_34_T1_06072026_1138_g65",2026-07-06 11:38:00,"T1","34C","T1_34C_65g","C10",65,"Sample",55,"111dpf",NA,NA,"5393",""
"194",20260706,"NIFA_Resazurin_34_T1_06072026_1138_g65",2026-07-06 11:38:00,"T1","34C","T1_34C_65g","C11",65,"Sample",56,"111dpf",NA,NA,"6663",""
"195",20260706,"NIFA_Resazurin_34_T1_06072026_1138_g65",2026-07-06 11:38:00,"T1","34C","T1_34C_65g","C12",65,"Sample",58,"111dpf",NA,NA,"5967",""
"196",20260706,"NIFA_Resazurin_34_T1_06072026_1138_g65",2026-07-06 11:38:00,"T1","34C","T1_34C_65g","D2",65,"Sample",5,"111dpf",NA,NA,"1022",""
"197",20260706,"NIFA_Resazurin_34_T1_06072026_1138_g65",2026-07-06 11:38:00,"T1","34C","T1_34C_65g","D4",65,"Sample",15,"111dpf",NA,NA,"6413",""
"198",20260706,"NIFA_Resazurin_34_T1_06072026_1138_g65",2026-07-06 11:38:00,"T1","34C","T1_34C_65g","D5",65,"Sample",17,"111dpf",NA,NA,"3231",""
"199",20260706,"NIFA_Resazurin_34_T1_06072026_1138_g65",2026-07-06 11:38:00,"T1","34C","T1_34C_65g","D6",65,"Sample",18,"111dpf",NA,NA,"7016",""
"200",20260706,"NIFA_Resazurin_34_T1_06072026_1138_g65",2026-07-06 11:38:00,"T1","34C","T1_34C_65g","D7",65,"Sample",49,"111dpf",NA,NA,"4332",""
"201",20260706,"NIFA_Resazurin_34_T1_06072026_1138_g65",2026-07-06 11:38:00,"T1","34C","T1_34C_65g","D8",65,"Sample",53,"111dpf",NA,NA,"11943",""
"202",20260706,"NIFA_Resazurin_34_T1_06072026_1138_g65",2026-07-06 11:38:00,"T1","34C","T1_34C_65g","D9",65,"Sample",54,"111dpf",NA,NA,"33692",""
"203",20260706,"NIFA_Resazurin_34_T1_06072026_1138_g65",2026-07-06 11:38:00,"T1","34C","T1_34C_65g","D10",65,"Sample",55,"111dpf",NA,NA,"1482",""
"204",20260706,"NIFA_Resazurin_34_T1_06072026_1138_g65",2026-07-06 11:38:00,"T1","34C","T1_34C_65g","D11",65,"Sample",56,"111dpf",NA,NA,"2165",""
"205",20260706,"NIFA_Resazurin_34_T1_06072026_1138_g65",2026-07-06 11:38:00,"T1","34C","T1_34C_65g","E1",65,"Sample",2,"111dpf",NA,NA,"9058",""
"206",20260706,"NIFA_Resazurin_34_T1_06072026_1138_g65",2026-07-06 11:38:00,"T1","34C","T1_34C_65g","E2",65,"Sample",5,"111dpf",NA,NA,"9676",""
"207",20260706,"NIFA_Resazurin_34_T1_06072026_1138_g65",2026-07-06 11:38:00,"T1","34C","T1_34C_65g","E3",65,"Sample",7,"111dpf",NA,NA,"8760",""
"208",20260706,"NIFA_Resazurin_34_T1_06072026_1138_g65",2026-07-06 11:38:00,"T1","34C","T1_34C_65g","E4",65,"Sample",15,"111dpf",NA,NA,"3524",""
"209",20260706,"NIFA_Resazurin_34_T1_06072026_1138_g65",2026-07-06 11:38:00,"T1","34C","T1_34C_65g","E5",65,"Sample",17,"111dpf",NA,NA,"1210",""
"210",20260706,"NIFA_Resazurin_34_T1_06072026_1138_g65",2026-07-06 11:38:00,"T1","34C","T1_34C_65g","E6",65,"Sample",18,"111dpf",NA,NA,"17524",""
"211",20260706,"NIFA_Resazurin_34_T1_06072026_1138_g65",2026-07-06 11:38:00,"T1","34C","T1_34C_65g","E7",65,"Sample",49,"111dpf",NA,NA,"11265",""
"212",20260706,"NIFA_Resazurin_34_T1_06072026_1138_g65",2026-07-06 11:38:00,"T1","34C","T1_34C_65g","E8",65,"Sample",53,"111dpf",NA,NA,"8032",""
"213",20260706,"NIFA_Resazurin_34_T1_06072026_1138_g65",2026-07-06 11:38:00,"T1","34C","T1_34C_65g","E9",65,"Sample",54,"111dpf",NA,NA,"14094",""
"214",20260706,"NIFA_Resazurin_34_T1_06072026_1138_g65",2026-07-06 11:38:00,"T1","34C","T1_34C_65g","E10",65,"Sample",55,"111dpf",NA,NA,"2136",""
"215",20260706,"NIFA_Resazurin_34_T1_06072026_1138_g65",2026-07-06 11:38:00,"T1","34C","T1_34C_65g","E11",65,"Sample",56,"111dpf",NA,NA,"11515",""
"216",20260706,"NIFA_Resazurin_34_T1_06072026_1138_g65",2026-07-06 11:38:00,"T1","34C","T1_34C_65g","E12",65,"Sample",58,"111dpf",NA,NA,"1068",""
"217",20260706,"NIFA_Resazurin_34_T1_06072026_1138_g65",2026-07-06 11:38:00,"T1","34C","T1_34C_65g","F1",65,"Sample",2,"111dpf",NA,NA,"15686",""
"218",20260706,"NIFA_Resazurin_34_T1_06072026_1138_g65",2026-07-06 11:38:00,"T1","34C","T1_34C_65g","F2",65,"Sample",5,"111dpf",NA,NA,"3798",""
"219",20260706,"NIFA_Resazurin_34_T1_06072026_1138_g65",2026-07-06 11:38:00,"T1","34C","T1_34C_65g","F3",65,"Sample",7,"111dpf",NA,NA,"19949",""
"220",20260706,"NIFA_Resazurin_34_T1_06072026_1138_g65",2026-07-06 11:38:00,"T1","34C","T1_34C_65g","F4",65,"Sample",15,"111dpf",NA,NA,"8013",""
"221",20260706,"NIFA_Resazurin_34_T1_06072026_1138_g65",2026-07-06 11:38:00,"T1","34C","T1_34C_65g","F5",65,"Sample",17,"111dpf",NA,NA,"14361",""
"222",20260706,"NIFA_Resazurin_34_T1_06072026_1138_g65",2026-07-06 11:38:00,"T1","34C","T1_34C_65g","F6",65,"Sample",18,"111dpf",NA,NA,"9169",""
"223",20260706,"NIFA_Resazurin_34_T1_06072026_1138_g65",2026-07-06 11:38:00,"T1","34C","T1_34C_65g","F7",65,"Sample",49,"111dpf",NA,NA,"6256",""
"224",20260706,"NIFA_Resazurin_34_T1_06072026_1138_g65",2026-07-06 11:38:00,"T1","34C","T1_34C_65g","F8",65,"Sample",53,"111dpf",NA,NA,"7070",""
"225",20260706,"NIFA_Resazurin_34_T1_06072026_1138_g65",2026-07-06 11:38:00,"T1","34C","T1_34C_65g","F9",65,"Sample",54,"111dpf",NA,NA,"6735",""
"226",20260706,"NIFA_Resazurin_34_T1_06072026_1138_g65",2026-07-06 11:38:00,"T1","34C","T1_34C_65g","F10",65,"Sample",55,"111dpf",NA,NA,"1144",""
"227",20260706,"NIFA_Resazurin_34_T1_06072026_1138_g65",2026-07-06 11:38:00,"T1","34C","T1_34C_65g","F11",65,"Sample",56,"111dpf",NA,NA,"12302",""
"228",20260706,"NIFA_Resazurin_34_T1_06072026_1138_g65",2026-07-06 11:38:00,"T1","34C","T1_34C_65g","F12",65,"Sample",58,"111dpf",NA,NA,"6863",""
"229",20260706,"NIFA_Resazurin_34_T1_06072026_1138_g65",2026-07-06 11:38:00,"T1","34C","T1_34C_65g","G1",65,"blank",NA,"111dpf",NA,NA,"707",""
"230",20260706,"NIFA_Resazurin_34_T1_06072026_1138_g65",2026-07-06 11:38:00,"T1","34C","T1_34C_65g","G2",65,"shell",NA,"111dpf",NA,NA,"1123",""
"231",20260706,"NIFA_Resazurin_34_T1_06072026_1138_g65",2026-07-06 11:38:00,"T1","34C","T1_34C_65g","G3",65,"blank",NA,"111dpf",NA,NA,"717",""
"232",20260706,"NIFA_Resazurin_34_T1_06072026_1138_g65",2026-07-06 11:38:00,"T1","34C","T1_34C_65g","G4",65,"shell",NA,"111dpf",NA,NA,"1083",""
"233",20260706,"NIFA_Resazurin_34_T1_06072026_1138_g65",2026-07-06 11:38:00,"T1","34C","T1_34C_65g","G5",65,"blank",NA,"111dpf",NA,NA,"612",""
"234",20260706,"NIFA_Resazurin_34_T1_06072026_1138_g65",2026-07-06 11:38:00,"T1","34C","T1_34C_65g","G6",65,"shell",NA,"111dpf",NA,NA,"986",""
"235",20260706,"NIFA_Resazurin_34_T1_06072026_1138_g65",2026-07-06 11:38:00,"T1","34C","T1_34C_65g","G7",65,"blank",NA,"111dpf",NA,NA,"625",""
"236",20260706,"NIFA_Resazurin_34_T1_06072026_1138_g65",2026-07-06 11:38:00,"T1","34C","T1_34C_65g","G8",65,"shell",NA,"111dpf",NA,NA,"1125",""
"237",20260706,"NIFA_Resazurin_34_T1_06072026_1138_g65",2026-07-06 11:38:00,"T1","34C","T1_34C_65g","G9",65,"blank",NA,"111dpf",NA,NA,"614",""
"238",20260706,"NIFA_Resazurin_34_T1_06072026_1138_g65",2026-07-06 11:38:00,"T1","34C","T1_34C_65g","G10",65,"shell",NA,"111dpf",NA,NA,"953",""
"239",20260706,"NIFA_Resazurin_34_T1_06072026_1138_g65",2026-07-06 11:38:00,"T1","34C","T1_34C_65g","G11",65,"blank",NA,"111dpf",NA,NA,"610",""
"240",20260706,"NIFA_Resazurin_34_T1_06072026_1138_g65",2026-07-06 11:38:00,"T1","34C","T1_34C_65g","G12",65,"shell",NA,"111dpf",NA,NA,"692",""
"241",20260706,"NIFA_Resazurin_34_T2_06072026_1234_g60",2026-07-06 12:34:00,"T2","34C","T2_34C_60g","A1",60,"Sample",2,"111dpf",NA,NA,"7455",""
"242",20260706,"NIFA_Resazurin_34_T2_06072026_1234_g60",2026-07-06 12:34:00,"T2","34C","T2_34C_60g","A2",60,"Sample",5,"111dpf",NA,NA,"5144",""
"243",20260706,"NIFA_Resazurin_34_T2_06072026_1234_g60",2026-07-06 12:34:00,"T2","34C","T2_34C_60g","A3",60,"Sample",7,"111dpf",NA,NA,"10223",""
"244",20260706,"NIFA_Resazurin_34_T2_06072026_1234_g60",2026-07-06 12:34:00,"T2","34C","T2_34C_60g","A4",60,"Sample",15,"111dpf",NA,NA,"7595",""
"245",20260706,"NIFA_Resazurin_34_T2_06072026_1234_g60",2026-07-06 12:34:00,"T2","34C","T2_34C_60g","A5",60,"Sample",17,"111dpf",NA,NA,"1807",""
"246",20260706,"NIFA_Resazurin_34_T2_06072026_1234_g60",2026-07-06 12:34:00,"T2","34C","T2_34C_60g","A6",60,"Sample",18,"111dpf",NA,NA,"2729",""
"247",20260706,"NIFA_Resazurin_34_T2_06072026_1234_g60",2026-07-06 12:34:00,"T2","34C","T2_34C_60g","A7",60,"Sample",49,"111dpf",NA,NA,"9332",""
"248",20260706,"NIFA_Resazurin_34_T2_06072026_1234_g60",2026-07-06 12:34:00,"T2","34C","T2_34C_60g","A8",60,"Sample",53,"111dpf",NA,NA,"13288",""
"249",20260706,"NIFA_Resazurin_34_T2_06072026_1234_g60",2026-07-06 12:34:00,"T2","34C","T2_34C_60g","A9",60,"Sample",54,"111dpf",NA,NA,"6927",""
"250",20260706,"NIFA_Resazurin_34_T2_06072026_1234_g60",2026-07-06 12:34:00,"T2","34C","T2_34C_60g","A10",60,"Sample",55,"111dpf",NA,NA,"2288",""
"251",20260706,"NIFA_Resazurin_34_T2_06072026_1234_g60",2026-07-06 12:34:00,"T2","34C","T2_34C_60g","A11",60,"Sample",56,"111dpf",NA,NA,"1691",""
"252",20260706,"NIFA_Resazurin_34_T2_06072026_1234_g60",2026-07-06 12:34:00,"T2","34C","T2_34C_60g","A12",60,"Sample",58,"111dpf",NA,NA,"5098",""
"253",20260706,"NIFA_Resazurin_34_T2_06072026_1234_g60",2026-07-06 12:34:00,"T2","34C","T2_34C_60g","B1",60,"Sample",2,"111dpf",NA,NA,"9178",""
"254",20260706,"NIFA_Resazurin_34_T2_06072026_1234_g60",2026-07-06 12:34:00,"T2","34C","T2_34C_60g","B2",60,"Sample",5,"111dpf",NA,NA,"5327",""
"255",20260706,"NIFA_Resazurin_34_T2_06072026_1234_g60",2026-07-06 12:34:00,"T2","34C","T2_34C_60g","B4",60,"Sample",15,"111dpf",NA,NA,"5167",""
"256",20260706,"NIFA_Resazurin_34_T2_06072026_1234_g60",2026-07-06 12:34:00,"T2","34C","T2_34C_60g","B5",60,"Sample",17,"111dpf",NA,NA,"2493",""
"257",20260706,"NIFA_Resazurin_34_T2_06072026_1234_g60",2026-07-06 12:34:00,"T2","34C","T2_34C_60g","B6",60,"Sample",18,"111dpf",NA,NA,"14909",""
"258",20260706,"NIFA_Resazurin_34_T2_06072026_1234_g60",2026-07-06 12:34:00,"T2","34C","T2_34C_60g","B7",60,"Sample",49,"111dpf",NA,NA,"8856",""
"259",20260706,"NIFA_Resazurin_34_T2_06072026_1234_g60",2026-07-06 12:34:00,"T2","34C","T2_34C_60g","B8",60,"Sample",53,"111dpf",NA,NA,"4779",""
"260",20260706,"NIFA_Resazurin_34_T2_06072026_1234_g60",2026-07-06 12:34:00,"T2","34C","T2_34C_60g","B9",60,"Sample",54,"111dpf",NA,NA,"5904",""
"261",20260706,"NIFA_Resazurin_34_T2_06072026_1234_g60",2026-07-06 12:34:00,"T2","34C","T2_34C_60g","B10",60,"Sample",55,"111dpf",NA,NA,"3398",""
"262",20260706,"NIFA_Resazurin_34_T2_06072026_1234_g60",2026-07-06 12:34:00,"T2","34C","T2_34C_60g","B11",60,"Sample",56,"111dpf",NA,NA,"2403",""
"263",20260706,"NIFA_Resazurin_34_T2_06072026_1234_g60",2026-07-06 12:34:00,"T2","34C","T2_34C_60g","B12",60,"Sample",58,"111dpf",NA,NA,"3201",""
"264",20260706,"NIFA_Resazurin_34_T2_06072026_1234_g60",2026-07-06 12:34:00,"T2","34C","T2_34C_60g","C1",60,"Sample",2,"111dpf",NA,NA,"9405",""
"265",20260706,"NIFA_Resazurin_34_T2_06072026_1234_g60",2026-07-06 12:34:00,"T2","34C","T2_34C_60g","C2",60,"Sample",5,"111dpf",NA,NA,"3858",""
"266",20260706,"NIFA_Resazurin_34_T2_06072026_1234_g60",2026-07-06 12:34:00,"T2","34C","T2_34C_60g","C3",60,"Sample",7,"111dpf",NA,NA,"11075",""
"267",20260706,"NIFA_Resazurin_34_T2_06072026_1234_g60",2026-07-06 12:34:00,"T2","34C","T2_34C_60g","C4",60,"Sample",15,"111dpf",NA,NA,"2132",""
"268",20260706,"NIFA_Resazurin_34_T2_06072026_1234_g60",2026-07-06 12:34:00,"T2","34C","T2_34C_60g","C5",60,"Sample",17,"111dpf",NA,NA,"6822",""
"269",20260706,"NIFA_Resazurin_34_T2_06072026_1234_g60",2026-07-06 12:34:00,"T2","34C","T2_34C_60g","C6",60,"Sample",18,"111dpf",NA,NA,"15313",""
"270",20260706,"NIFA_Resazurin_34_T2_06072026_1234_g60",2026-07-06 12:34:00,"T2","34C","T2_34C_60g","C7",60,"Sample",49,"111dpf",NA,NA,"6121",""
"271",20260706,"NIFA_Resazurin_34_T2_06072026_1234_g60",2026-07-06 12:34:00,"T2","34C","T2_34C_60g","C8",60,"Sample",53,"111dpf",NA,NA,"5474",""
"272",20260706,"NIFA_Resazurin_34_T2_06072026_1234_g60",2026-07-06 12:34:00,"T2","34C","T2_34C_60g","C9",60,"Sample",54,"111dpf",NA,NA,"1472",""
"273",20260706,"NIFA_Resazurin_34_T2_06072026_1234_g60",2026-07-06 12:34:00,"T2","34C","T2_34C_60g","C10",60,"Sample",55,"111dpf",NA,NA,"3250",""
"274",20260706,"NIFA_Resazurin_34_T2_06072026_1234_g60",2026-07-06 12:34:00,"T2","34C","T2_34C_60g","C11",60,"Sample",56,"111dpf",NA,NA,"3614",""
"275",20260706,"NIFA_Resazurin_34_T2_06072026_1234_g60",2026-07-06 12:34:00,"T2","34C","T2_34C_60g","C12",60,"Sample",58,"111dpf",NA,NA,"3481",""
"276",20260706,"NIFA_Resazurin_34_T2_06072026_1234_g60",2026-07-06 12:34:00,"T2","34C","T2_34C_60g","D2",60,"Sample",5,"111dpf",NA,NA,"3291",""
"277",20260706,"NIFA_Resazurin_34_T2_06072026_1234_g60",2026-07-06 12:34:00,"T2","34C","T2_34C_60g","D4",60,"Sample",15,"111dpf",NA,NA,"3917",""
"278",20260706,"NIFA_Resazurin_34_T2_06072026_1234_g60",2026-07-06 12:34:00,"T2","34C","T2_34C_60g","D5",60,"Sample",17,"111dpf",NA,NA,"4019",""
"279",20260706,"NIFA_Resazurin_34_T2_06072026_1234_g60",2026-07-06 12:34:00,"T2","34C","T2_34C_60g","D6",60,"Sample",18,"111dpf",NA,NA,"4303",""
"280",20260706,"NIFA_Resazurin_34_T2_06072026_1234_g60",2026-07-06 12:34:00,"T2","34C","T2_34C_60g","D7",60,"Sample",49,"111dpf",NA,NA,"2675",""
"281",20260706,"NIFA_Resazurin_34_T2_06072026_1234_g60",2026-07-06 12:34:00,"T2","34C","T2_34C_60g","D8",60,"Sample",53,"111dpf",NA,NA,"7871",""
"282",20260706,"NIFA_Resazurin_34_T2_06072026_1234_g60",2026-07-06 12:34:00,"T2","34C","T2_34C_60g","D9",60,"Sample",54,"111dpf",NA,NA,"21385",""
"283",20260706,"NIFA_Resazurin_34_T2_06072026_1234_g60",2026-07-06 12:34:00,"T2","34C","T2_34C_60g","D10",60,"Sample",55,"111dpf",NA,NA,"945",""
"284",20260706,"NIFA_Resazurin_34_T2_06072026_1234_g60",2026-07-06 12:34:00,"T2","34C","T2_34C_60g","D11",60,"Sample",56,"111dpf",NA,NA,"1918",""
"285",20260706,"NIFA_Resazurin_34_T2_06072026_1234_g60",2026-07-06 12:34:00,"T2","34C","T2_34C_60g","E1",60,"Sample",2,"111dpf",NA,NA,"5620",""
"286",20260706,"NIFA_Resazurin_34_T2_06072026_1234_g60",2026-07-06 12:34:00,"T2","34C","T2_34C_60g","E2",60,"Sample",5,"111dpf",NA,NA,"10852",""
"287",20260706,"NIFA_Resazurin_34_T2_06072026_1234_g60",2026-07-06 12:34:00,"T2","34C","T2_34C_60g","E3",60,"Sample",7,"111dpf",NA,NA,"6737",""
"288",20260706,"NIFA_Resazurin_34_T2_06072026_1234_g60",2026-07-06 12:34:00,"T2","34C","T2_34C_60g","E4",60,"Sample",15,"111dpf",NA,NA,"2503",""
"289",20260706,"NIFA_Resazurin_34_T2_06072026_1234_g60",2026-07-06 12:34:00,"T2","34C","T2_34C_60g","E5",60,"Sample",17,"111dpf",NA,NA,"1545",""
"290",20260706,"NIFA_Resazurin_34_T2_06072026_1234_g60",2026-07-06 12:34:00,"T2","34C","T2_34C_60g","E6",60,"Sample",18,"111dpf",NA,NA,"9837",""
"291",20260706,"NIFA_Resazurin_34_T2_06072026_1234_g60",2026-07-06 12:34:00,"T2","34C","T2_34C_60g","E7",60,"Sample",49,"111dpf",NA,NA,"5963",""
"292",20260706,"NIFA_Resazurin_34_T2_06072026_1234_g60",2026-07-06 12:34:00,"T2","34C","T2_34C_60g","E8",60,"Sample",53,"111dpf",NA,NA,"4588",""
"293",20260706,"NIFA_Resazurin_34_T2_06072026_1234_g60",2026-07-06 12:34:00,"T2","34C","T2_34C_60g","E9",60,"Sample",54,"111dpf",NA,NA,"12235",""
"294",20260706,"NIFA_Resazurin_34_T2_06072026_1234_g60",2026-07-06 12:34:00,"T2","34C","T2_34C_60g","E10",60,"Sample",55,"111dpf",NA,NA,"1414",""
"295",20260706,"NIFA_Resazurin_34_T2_06072026_1234_g60",2026-07-06 12:34:00,"T2","34C","T2_34C_60g","E11",60,"Sample",56,"111dpf",NA,NA,"6847",""
"296",20260706,"NIFA_Resazurin_34_T2_06072026_1234_g60",2026-07-06 12:34:00,"T2","34C","T2_34C_60g","E12",60,"Sample",58,"111dpf",NA,NA,"879",""
"297",20260706,"NIFA_Resazurin_34_T2_06072026_1234_g60",2026-07-06 12:34:00,"T2","34C","T2_34C_60g","F1",60,"Sample",2,"111dpf",NA,NA,"17418",""
"298",20260706,"NIFA_Resazurin_34_T2_06072026_1234_g60",2026-07-06 12:34:00,"T2","34C","T2_34C_60g","F2",60,"Sample",5,"111dpf",NA,NA,"2183",""
"299",20260706,"NIFA_Resazurin_34_T2_06072026_1234_g60",2026-07-06 12:34:00,"T2","34C","T2_34C_60g","F3",60,"Sample",7,"111dpf",NA,NA,"13308",""
"300",20260706,"NIFA_Resazurin_34_T2_06072026_1234_g60",2026-07-06 12:34:00,"T2","34C","T2_34C_60g","F4",60,"Sample",15,"111dpf",NA,NA,"5028",""
"301",20260706,"NIFA_Resazurin_34_T2_06072026_1234_g60",2026-07-06 12:34:00,"T2","34C","T2_34C_60g","F5",60,"Sample",17,"111dpf",NA,NA,"10303",""
"302",20260706,"NIFA_Resazurin_34_T2_06072026_1234_g60",2026-07-06 12:34:00,"T2","34C","T2_34C_60g","F6",60,"Sample",18,"111dpf",NA,NA,"13944",""
"303",20260706,"NIFA_Resazurin_34_T2_06072026_1234_g60",2026-07-06 12:34:00,"T2","34C","T2_34C_60g","F7",60,"Sample",49,"111dpf",NA,NA,"7541",""
"304",20260706,"NIFA_Resazurin_34_T2_06072026_1234_g60",2026-07-06 12:34:00,"T2","34C","T2_34C_60g","F8",60,"Sample",53,"111dpf",NA,NA,"4414",""
"305",20260706,"NIFA_Resazurin_34_T2_06072026_1234_g60",2026-07-06 12:34:00,"T2","34C","T2_34C_60g","F9",60,"Sample",54,"111dpf",NA,NA,"4389",""
"306",20260706,"NIFA_Resazurin_34_T2_06072026_1234_g60",2026-07-06 12:34:00,"T2","34C","T2_34C_60g","F10",60,"Sample",55,"111dpf",NA,NA,"913",""
"307",20260706,"NIFA_Resazurin_34_T2_06072026_1234_g60",2026-07-06 12:34:00,"T2","34C","T2_34C_60g","F11",60,"Sample",56,"111dpf",NA,NA,"7884",""
"308",20260706,"NIFA_Resazurin_34_T2_06072026_1234_g60",2026-07-06 12:34:00,"T2","34C","T2_34C_60g","F12",60,"Sample",58,"111dpf",NA,NA,"5543",""
"309",20260706,"NIFA_Resazurin_34_T2_06072026_1234_g60",2026-07-06 12:34:00,"T2","34C","T2_34C_60g","G1",60,"blank",NA,"111dpf",NA,NA,"393",""
"310",20260706,"NIFA_Resazurin_34_T2_06072026_1234_g60",2026-07-06 12:34:00,"T2","34C","T2_34C_60g","G2",60,"shell",NA,"111dpf",NA,NA,"673",""
"311",20260706,"NIFA_Resazurin_34_T2_06072026_1234_g60",2026-07-06 12:34:00,"T2","34C","T2_34C_60g","G3",60,"blank",NA,"111dpf",NA,NA,"340",""
"312",20260706,"NIFA_Resazurin_34_T2_06072026_1234_g60",2026-07-06 12:34:00,"T2","34C","T2_34C_60g","G4",60,"shell",NA,"111dpf",NA,NA,"815",""
"313",20260706,"NIFA_Resazurin_34_T2_06072026_1234_g60",2026-07-06 12:34:00,"T2","34C","T2_34C_60g","G5",60,"blank",NA,"111dpf",NA,NA,"333",""
"314",20260706,"NIFA_Resazurin_34_T2_06072026_1234_g60",2026-07-06 12:34:00,"T2","34C","T2_34C_60g","G6",60,"shell",NA,"111dpf",NA,NA,"721",""
"315",20260706,"NIFA_Resazurin_34_T2_06072026_1234_g60",2026-07-06 12:34:00,"T2","34C","T2_34C_60g","G7",60,"blank",NA,"111dpf",NA,NA,"347",""
"316",20260706,"NIFA_Resazurin_34_T2_06072026_1234_g60",2026-07-06 12:34:00,"T2","34C","T2_34C_60g","G8",60,"shell",NA,"111dpf",NA,NA,"904",""
"317",20260706,"NIFA_Resazurin_34_T2_06072026_1234_g60",2026-07-06 12:34:00,"T2","34C","T2_34C_60g","G9",60,"blank",NA,"111dpf",NA,NA,"380",""
"318",20260706,"NIFA_Resazurin_34_T2_06072026_1234_g60",2026-07-06 12:34:00,"T2","34C","T2_34C_60g","G10",60,"shell",NA,"111dpf",NA,NA,"822",""
"319",20260706,"NIFA_Resazurin_34_T2_06072026_1234_g60",2026-07-06 12:34:00,"T2","34C","T2_34C_60g","G11",60,"blank",NA,"111dpf",NA,NA,"341",""
"320",20260706,"NIFA_Resazurin_34_T2_06072026_1234_g60",2026-07-06 12:34:00,"T2","34C","T2_34C_60g","G12",60,"shell",NA,"111dpf",NA,NA,"398",""
"321",20260706,"NIFA_Resazurin_34_T2_06072026_1234_g65",2026-07-06 12:34:00,"T2","34C","T2_34C_65g","A1",65,"Sample",2,"111dpf",NA,NA,"13067",""
"322",20260706,"NIFA_Resazurin_34_T2_06072026_1234_g65",2026-07-06 12:34:00,"T2","34C","T2_34C_65g","A2",65,"Sample",5,"111dpf",NA,NA,"8930",""
"323",20260706,"NIFA_Resazurin_34_T2_06072026_1234_g65",2026-07-06 12:34:00,"T2","34C","T2_34C_65g","A3",65,"Sample",7,"111dpf",NA,NA,"17658",""
"324",20260706,"NIFA_Resazurin_34_T2_06072026_1234_g65",2026-07-06 12:34:00,"T2","34C","T2_34C_65g","A4",65,"Sample",15,"111dpf",NA,NA,"13264",""
"325",20260706,"NIFA_Resazurin_34_T2_06072026_1234_g65",2026-07-06 12:34:00,"T2","34C","T2_34C_65g","A5",65,"Sample",17,"111dpf",NA,NA,"3134",""
"326",20260706,"NIFA_Resazurin_34_T2_06072026_1234_g65",2026-07-06 12:34:00,"T2","34C","T2_34C_65g","A6",65,"Sample",18,"111dpf",NA,NA,"4767",""
"327",20260706,"NIFA_Resazurin_34_T2_06072026_1234_g65",2026-07-06 12:34:00,"T2","34C","T2_34C_65g","A7",65,"Sample",49,"111dpf",NA,NA,"16183",""
"328",20260706,"NIFA_Resazurin_34_T2_06072026_1234_g65",2026-07-06 12:34:00,"T2","34C","T2_34C_65g","A8",65,"Sample",53,"111dpf",NA,NA,"23130",""
"329",20260706,"NIFA_Resazurin_34_T2_06072026_1234_g65",2026-07-06 12:34:00,"T2","34C","T2_34C_65g","A9",65,"Sample",54,"111dpf",NA,NA,"12111",""
"330",20260706,"NIFA_Resazurin_34_T2_06072026_1234_g65",2026-07-06 12:34:00,"T2","34C","T2_34C_65g","A10",65,"Sample",55,"111dpf",NA,NA,"3937",""
"331",20260706,"NIFA_Resazurin_34_T2_06072026_1234_g65",2026-07-06 12:34:00,"T2","34C","T2_34C_65g","A11",65,"Sample",56,"111dpf",NA,NA,"2966",""
"332",20260706,"NIFA_Resazurin_34_T2_06072026_1234_g65",2026-07-06 12:34:00,"T2","34C","T2_34C_65g","A12",65,"Sample",58,"111dpf",NA,NA,"8850",""
"333",20260706,"NIFA_Resazurin_34_T2_06072026_1234_g65",2026-07-06 12:34:00,"T2","34C","T2_34C_65g","B1",65,"Sample",2,"111dpf",NA,NA,"15672",""
"334",20260706,"NIFA_Resazurin_34_T2_06072026_1234_g65",2026-07-06 12:34:00,"T2","34C","T2_34C_65g","B2",65,"Sample",5,"111dpf",NA,NA,"9158",""
"335",20260706,"NIFA_Resazurin_34_T2_06072026_1234_g65",2026-07-06 12:34:00,"T2","34C","T2_34C_65g","B4",65,"Sample",15,"111dpf",NA,NA,"9039",""
"336",20260706,"NIFA_Resazurin_34_T2_06072026_1234_g65",2026-07-06 12:34:00,"T2","34C","T2_34C_65g","B5",65,"Sample",17,"111dpf",NA,NA,"4323",""
"337",20260706,"NIFA_Resazurin_34_T2_06072026_1234_g65",2026-07-06 12:34:00,"T2","34C","T2_34C_65g","B6",65,"Sample",18,"111dpf",NA,NA,"25341",""
"338",20260706,"NIFA_Resazurin_34_T2_06072026_1234_g65",2026-07-06 12:34:00,"T2","34C","T2_34C_65g","B7",65,"Sample",49,"111dpf",NA,NA,"15476",""
"339",20260706,"NIFA_Resazurin_34_T2_06072026_1234_g65",2026-07-06 12:34:00,"T2","34C","T2_34C_65g","B8",65,"Sample",53,"111dpf",NA,NA,"8243",""
"340",20260706,"NIFA_Resazurin_34_T2_06072026_1234_g65",2026-07-06 12:34:00,"T2","34C","T2_34C_65g","B9",65,"Sample",54,"111dpf",NA,NA,"10359",""
"341",20260706,"NIFA_Resazurin_34_T2_06072026_1234_g65",2026-07-06 12:34:00,"T2","34C","T2_34C_65g","B10",65,"Sample",55,"111dpf",NA,NA,"5916",""
"342",20260706,"NIFA_Resazurin_34_T2_06072026_1234_g65",2026-07-06 12:34:00,"T2","34C","T2_34C_65g","B11",65,"Sample",56,"111dpf",NA,NA,"4270",""
"343",20260706,"NIFA_Resazurin_34_T2_06072026_1234_g65",2026-07-06 12:34:00,"T2","34C","T2_34C_65g","B12",65,"Sample",58,"111dpf",NA,NA,"5622",""
"344",20260706,"NIFA_Resazurin_34_T2_06072026_1234_g65",2026-07-06 12:34:00,"T2","34C","T2_34C_65g","C1",65,"Sample",2,"111dpf",NA,NA,"16380",""
"345",20260706,"NIFA_Resazurin_34_T2_06072026_1234_g65",2026-07-06 12:34:00,"T2","34C","T2_34C_65g","C2",65,"Sample",5,"111dpf",NA,NA,"6696",""
"346",20260706,"NIFA_Resazurin_34_T2_06072026_1234_g65",2026-07-06 12:34:00,"T2","34C","T2_34C_65g","C3",65,"Sample",7,"111dpf",NA,NA,"18942",""
"347",20260706,"NIFA_Resazurin_34_T2_06072026_1234_g65",2026-07-06 12:34:00,"T2","34C","T2_34C_65g","C4",65,"Sample",15,"111dpf",NA,NA,"3667",""
"348",20260706,"NIFA_Resazurin_34_T2_06072026_1234_g65",2026-07-06 12:34:00,"T2","34C","T2_34C_65g","C5",65,"Sample",17,"111dpf",NA,NA,"11774",""
"349",20260706,"NIFA_Resazurin_34_T2_06072026_1234_g65",2026-07-06 12:34:00,"T2","34C","T2_34C_65g","C6",65,"Sample",18,"111dpf",NA,NA,"26282",""
"350",20260706,"NIFA_Resazurin_34_T2_06072026_1234_g65",2026-07-06 12:34:00,"T2","34C","T2_34C_65g","C7",65,"Sample",49,"111dpf",NA,NA,"10847",""
"351",20260706,"NIFA_Resazurin_34_T2_06072026_1234_g65",2026-07-06 12:34:00,"T2","34C","T2_34C_65g","C8",65,"Sample",53,"111dpf",NA,NA,"9396",""
"352",20260706,"NIFA_Resazurin_34_T2_06072026_1234_g65",2026-07-06 12:34:00,"T2","34C","T2_34C_65g","C9",65,"Sample",54,"111dpf",NA,NA,"2564",""
"353",20260706,"NIFA_Resazurin_34_T2_06072026_1234_g65",2026-07-06 12:34:00,"T2","34C","T2_34C_65g","C10",65,"Sample",55,"111dpf",NA,NA,"5708",""
"354",20260706,"NIFA_Resazurin_34_T2_06072026_1234_g65",2026-07-06 12:34:00,"T2","34C","T2_34C_65g","C11",65,"Sample",56,"111dpf",NA,NA,"6296",""
"355",20260706,"NIFA_Resazurin_34_T2_06072026_1234_g65",2026-07-06 12:34:00,"T2","34C","T2_34C_65g","C12",65,"Sample",58,"111dpf",NA,NA,"6062",""
"356",20260706,"NIFA_Resazurin_34_T2_06072026_1234_g65",2026-07-06 12:34:00,"T2","34C","T2_34C_65g","D2",65,"Sample",5,"111dpf",NA,NA,"5841",""
"357",20260706,"NIFA_Resazurin_34_T2_06072026_1234_g65",2026-07-06 12:34:00,"T2","34C","T2_34C_65g","D4",65,"Sample",15,"111dpf",NA,NA,"6866",""
"358",20260706,"NIFA_Resazurin_34_T2_06072026_1234_g65",2026-07-06 12:34:00,"T2","34C","T2_34C_65g","D5",65,"Sample",17,"111dpf",NA,NA,"7035",""
"359",20260706,"NIFA_Resazurin_34_T2_06072026_1234_g65",2026-07-06 12:34:00,"T2","34C","T2_34C_65g","D6",65,"Sample",18,"111dpf",NA,NA,"7503",""
"360",20260706,"NIFA_Resazurin_34_T2_06072026_1234_g65",2026-07-06 12:34:00,"T2","34C","T2_34C_65g","D7",65,"Sample",49,"111dpf",NA,NA,"4667",""
"361",20260706,"NIFA_Resazurin_34_T2_06072026_1234_g65",2026-07-06 12:34:00,"T2","34C","T2_34C_65g","D8",65,"Sample",53,"111dpf",NA,NA,"13689",""
"362",20260706,"NIFA_Resazurin_34_T2_06072026_1234_g65",2026-07-06 12:34:00,"T2","34C","T2_34C_65g","D9",65,"Sample",54,"111dpf",NA,NA,"36716",""
"363",20260706,"NIFA_Resazurin_34_T2_06072026_1234_g65",2026-07-06 12:34:00,"T2","34C","T2_34C_65g","D10",65,"Sample",55,"111dpf",NA,NA,"1650",""
"364",20260706,"NIFA_Resazurin_34_T2_06072026_1234_g65",2026-07-06 12:34:00,"T2","34C","T2_34C_65g","D11",65,"Sample",56,"111dpf",NA,NA,"3375",""
"365",20260706,"NIFA_Resazurin_34_T2_06072026_1234_g65",2026-07-06 12:34:00,"T2","34C","T2_34C_65g","E1",65,"Sample",2,"111dpf",NA,NA,"9851",""
"366",20260706,"NIFA_Resazurin_34_T2_06072026_1234_g65",2026-07-06 12:34:00,"T2","34C","T2_34C_65g","E2",65,"Sample",5,"111dpf",NA,NA,"19005",""
"367",20260706,"NIFA_Resazurin_34_T2_06072026_1234_g65",2026-07-06 12:34:00,"T2","34C","T2_34C_65g","E3",65,"Sample",7,"111dpf",NA,NA,"11615",""
"368",20260706,"NIFA_Resazurin_34_T2_06072026_1234_g65",2026-07-06 12:34:00,"T2","34C","T2_34C_65g","E4",65,"Sample",15,"111dpf",NA,NA,"4394",""
"369",20260706,"NIFA_Resazurin_34_T2_06072026_1234_g65",2026-07-06 12:34:00,"T2","34C","T2_34C_65g","E5",65,"Sample",17,"111dpf",NA,NA,"2702",""
"370",20260706,"NIFA_Resazurin_34_T2_06072026_1234_g65",2026-07-06 12:34:00,"T2","34C","T2_34C_65g","E6",65,"Sample",18,"111dpf",NA,NA,"17064",""
"371",20260706,"NIFA_Resazurin_34_T2_06072026_1234_g65",2026-07-06 12:34:00,"T2","34C","T2_34C_65g","E7",65,"Sample",49,"111dpf",NA,NA,"10422",""
"372",20260706,"NIFA_Resazurin_34_T2_06072026_1234_g65",2026-07-06 12:34:00,"T2","34C","T2_34C_65g","E8",65,"Sample",53,"111dpf",NA,NA,"8037",""
"373",20260706,"NIFA_Resazurin_34_T2_06072026_1234_g65",2026-07-06 12:34:00,"T2","34C","T2_34C_65g","E9",65,"Sample",54,"111dpf",NA,NA,"21407",""
"374",20260706,"NIFA_Resazurin_34_T2_06072026_1234_g65",2026-07-06 12:34:00,"T2","34C","T2_34C_65g","E10",65,"Sample",55,"111dpf",NA,NA,"2476",""
"375",20260706,"NIFA_Resazurin_34_T2_06072026_1234_g65",2026-07-06 12:34:00,"T2","34C","T2_34C_65g","E11",65,"Sample",56,"111dpf",NA,NA,"12108",""
"376",20260706,"NIFA_Resazurin_34_T2_06072026_1234_g65",2026-07-06 12:34:00,"T2","34C","T2_34C_65g","E12",65,"Sample",58,"111dpf",NA,NA,"1554",""
"377",20260706,"NIFA_Resazurin_34_T2_06072026_1234_g65",2026-07-06 12:34:00,"T2","34C","T2_34C_65g","F1",65,"Sample",2,"111dpf",NA,NA,"30114",""
"378",20260706,"NIFA_Resazurin_34_T2_06072026_1234_g65",2026-07-06 12:34:00,"T2","34C","T2_34C_65g","F2",65,"Sample",5,"111dpf",NA,NA,"3804",""
"379",20260706,"NIFA_Resazurin_34_T2_06072026_1234_g65",2026-07-06 12:34:00,"T2","34C","T2_34C_65g","F3",65,"Sample",7,"111dpf",NA,NA,"22666",""
"380",20260706,"NIFA_Resazurin_34_T2_06072026_1234_g65",2026-07-06 12:34:00,"T2","34C","T2_34C_65g","F4",65,"Sample",15,"111dpf",NA,NA,"8702",""
"381",20260706,"NIFA_Resazurin_34_T2_06072026_1234_g65",2026-07-06 12:34:00,"T2","34C","T2_34C_65g","F5",65,"Sample",17,"111dpf",NA,NA,"17766",""
"382",20260706,"NIFA_Resazurin_34_T2_06072026_1234_g65",2026-07-06 12:34:00,"T2","34C","T2_34C_65g","F6",65,"Sample",18,"111dpf",NA,NA,"23931",""
"383",20260706,"NIFA_Resazurin_34_T2_06072026_1234_g65",2026-07-06 12:34:00,"T2","34C","T2_34C_65g","F7",65,"Sample",49,"111dpf",NA,NA,"13032",""
"384",20260706,"NIFA_Resazurin_34_T2_06072026_1234_g65",2026-07-06 12:34:00,"T2","34C","T2_34C_65g","F8",65,"Sample",53,"111dpf",NA,NA,"7794",""
"385",20260706,"NIFA_Resazurin_34_T2_06072026_1234_g65",2026-07-06 12:34:00,"T2","34C","T2_34C_65g","F9",65,"Sample",54,"111dpf",NA,NA,"7504",""
"386",20260706,"NIFA_Resazurin_34_T2_06072026_1234_g65",2026-07-06 12:34:00,"T2","34C","T2_34C_65g","F10",65,"Sample",55,"111dpf",NA,NA,"1582",""
"387",20260706,"NIFA_Resazurin_34_T2_06072026_1234_g65",2026-07-06 12:34:00,"T2","34C","T2_34C_65g","F11",65,"Sample",56,"111dpf",NA,NA,"13715",""
"388",20260706,"NIFA_Resazurin_34_T2_06072026_1234_g65",2026-07-06 12:34:00,"T2","34C","T2_34C_65g","F12",65,"Sample",58,"111dpf",NA,NA,"9603",""
"389",20260706,"NIFA_Resazurin_34_T2_06072026_1234_g65",2026-07-06 12:34:00,"T2","34C","T2_34C_65g","G1",65,"blank",NA,"111dpf",NA,NA,"687",""
"390",20260706,"NIFA_Resazurin_34_T2_06072026_1234_g65",2026-07-06 12:34:00,"T2","34C","T2_34C_65g","G2",65,"shell",NA,"111dpf",NA,NA,"1174",""
"391",20260706,"NIFA_Resazurin_34_T2_06072026_1234_g65",2026-07-06 12:34:00,"T2","34C","T2_34C_65g","G3",65,"blank",NA,"111dpf",NA,NA,"588",""
"392",20260706,"NIFA_Resazurin_34_T2_06072026_1234_g65",2026-07-06 12:34:00,"T2","34C","T2_34C_65g","G4",65,"shell",NA,"111dpf",NA,NA,"1418",""
"393",20260706,"NIFA_Resazurin_34_T2_06072026_1234_g65",2026-07-06 12:34:00,"T2","34C","T2_34C_65g","G5",65,"blank",NA,"111dpf",NA,NA,"580",""
"394",20260706,"NIFA_Resazurin_34_T2_06072026_1234_g65",2026-07-06 12:34:00,"T2","34C","T2_34C_65g","G6",65,"shell",NA,"111dpf",NA,NA,"1266",""
"395",20260706,"NIFA_Resazurin_34_T2_06072026_1234_g65",2026-07-06 12:34:00,"T2","34C","T2_34C_65g","G7",65,"blank",NA,"111dpf",NA,NA,"608",""
"396",20260706,"NIFA_Resazurin_34_T2_06072026_1234_g65",2026-07-06 12:34:00,"T2","34C","T2_34C_65g","G8",65,"shell",NA,"111dpf",NA,NA,"1577",""
"397",20260706,"NIFA_Resazurin_34_T2_06072026_1234_g65",2026-07-06 12:34:00,"T2","34C","T2_34C_65g","G9",65,"blank",NA,"111dpf",NA,NA,"654",""
"398",20260706,"NIFA_Resazurin_34_T2_06072026_1234_g65",2026-07-06 12:34:00,"T2","34C","T2_34C_65g","G10",65,"shell",NA,"111dpf",NA,NA,"1411",""
"399",20260706,"NIFA_Resazurin_34_T2_06072026_1234_g65",2026-07-06 12:34:00,"T2","34C","T2_34C_65g","G11",65,"blank",NA,"111dpf",NA,NA,"595",""
"400",20260706,"NIFA_Resazurin_34_T2_06072026_1234_g65",2026-07-06 12:34:00,"T2","34C","T2_34C_65g","G12",65,"shell",NA,"111dpf",NA,NA,"693",""
"401",20260706,"NIFA_Resazurin_34_T3_06072026_1337_g60",2026-07-06 13:37:00,"T3","34C","T3_34C_60g","A1",60,"Sample",2,"111dpf",NA,NA,"11874",""
"402",20260706,"NIFA_Resazurin_34_T3_06072026_1337_g60",2026-07-06 13:37:00,"T3","34C","T3_34C_60g","A2",60,"Sample",5,"111dpf",NA,NA,"7098",""
"403",20260706,"NIFA_Resazurin_34_T3_06072026_1337_g60",2026-07-06 13:37:00,"T3","34C","T3_34C_60g","A3",60,"Sample",7,"111dpf",NA,NA,"10908",""
"404",20260706,"NIFA_Resazurin_34_T3_06072026_1337_g60",2026-07-06 13:37:00,"T3","34C","T3_34C_60g","A4",60,"Sample",15,"111dpf",NA,NA,"8184",""
"405",20260706,"NIFA_Resazurin_34_T3_06072026_1337_g60",2026-07-06 13:37:00,"T3","34C","T3_34C_60g","A5",60,"Sample",17,"111dpf",NA,NA,"3093",""
"406",20260706,"NIFA_Resazurin_34_T3_06072026_1337_g60",2026-07-06 13:37:00,"T3","34C","T3_34C_60g","A6",60,"Sample",18,"111dpf",NA,NA,"3466",""
"407",20260706,"NIFA_Resazurin_34_T3_06072026_1337_g60",2026-07-06 13:37:00,"T3","34C","T3_34C_60g","A7",60,"Sample",49,"111dpf",NA,NA,"12080",""
"408",20260706,"NIFA_Resazurin_34_T3_06072026_1337_g60",2026-07-06 13:37:00,"T3","34C","T3_34C_60g","A8",60,"Sample",53,"111dpf",NA,NA,"11944",""
"409",20260706,"NIFA_Resazurin_34_T3_06072026_1337_g60",2026-07-06 13:37:00,"T3","34C","T3_34C_60g","A9",60,"Sample",54,"111dpf",NA,NA,"7210",""
"410",20260706,"NIFA_Resazurin_34_T3_06072026_1337_g60",2026-07-06 13:37:00,"T3","34C","T3_34C_60g","A10",60,"Sample",55,"111dpf",NA,NA,"2833",""
"411",20260706,"NIFA_Resazurin_34_T3_06072026_1337_g60",2026-07-06 13:37:00,"T3","34C","T3_34C_60g","A11",60,"Sample",56,"111dpf",NA,NA,"1975",""
"412",20260706,"NIFA_Resazurin_34_T3_06072026_1337_g60",2026-07-06 13:37:00,"T3","34C","T3_34C_60g","A12",60,"Sample",58,"111dpf",NA,NA,"8036",""
"413",20260706,"NIFA_Resazurin_34_T3_06072026_1337_g60",2026-07-06 13:37:00,"T3","34C","T3_34C_60g","B1",60,"Sample",2,"111dpf",NA,NA,"15091",""
"414",20260706,"NIFA_Resazurin_34_T3_06072026_1337_g60",2026-07-06 13:37:00,"T3","34C","T3_34C_60g","B2",60,"Sample",5,"111dpf",NA,NA,"7630",""
"415",20260706,"NIFA_Resazurin_34_T3_06072026_1337_g60",2026-07-06 13:37:00,"T3","34C","T3_34C_60g","B4",60,"Sample",15,"111dpf",NA,NA,"5505",""
"416",20260706,"NIFA_Resazurin_34_T3_06072026_1337_g60",2026-07-06 13:37:00,"T3","34C","T3_34C_60g","B5",60,"Sample",17,"111dpf",NA,NA,"6793",""
"417",20260706,"NIFA_Resazurin_34_T3_06072026_1337_g60",2026-07-06 13:37:00,"T3","34C","T3_34C_60g","B6",60,"Sample",18,"111dpf",NA,NA,"15129",""
"418",20260706,"NIFA_Resazurin_34_T3_06072026_1337_g60",2026-07-06 13:37:00,"T3","34C","T3_34C_60g","B7",60,"Sample",49,"111dpf",NA,NA,"8910",""
"419",20260706,"NIFA_Resazurin_34_T3_06072026_1337_g60",2026-07-06 13:37:00,"T3","34C","T3_34C_60g","B8",60,"Sample",53,"111dpf",NA,NA,"6990",""
"420",20260706,"NIFA_Resazurin_34_T3_06072026_1337_g60",2026-07-06 13:37:00,"T3","34C","T3_34C_60g","B9",60,"Sample",54,"111dpf",NA,NA,"7061",""
"421",20260706,"NIFA_Resazurin_34_T3_06072026_1337_g60",2026-07-06 13:37:00,"T3","34C","T3_34C_60g","B10",60,"Sample",55,"111dpf",NA,NA,"3895",""
"422",20260706,"NIFA_Resazurin_34_T3_06072026_1337_g60",2026-07-06 13:37:00,"T3","34C","T3_34C_60g","B11",60,"Sample",56,"111dpf",NA,NA,"7236",""
"423",20260706,"NIFA_Resazurin_34_T3_06072026_1337_g60",2026-07-06 13:37:00,"T3","34C","T3_34C_60g","B12",60,"Sample",58,"111dpf",NA,NA,"3778",""
"424",20260706,"NIFA_Resazurin_34_T3_06072026_1337_g60",2026-07-06 13:37:00,"T3","34C","T3_34C_60g","C1",60,"Sample",2,"111dpf",NA,NA,"11246",""
"425",20260706,"NIFA_Resazurin_34_T3_06072026_1337_g60",2026-07-06 13:37:00,"T3","34C","T3_34C_60g","C2",60,"Sample",5,"111dpf",NA,NA,"3899",""
"426",20260706,"NIFA_Resazurin_34_T3_06072026_1337_g60",2026-07-06 13:37:00,"T3","34C","T3_34C_60g","C3",60,"Sample",7,"111dpf",NA,NA,"12557",""
"427",20260706,"NIFA_Resazurin_34_T3_06072026_1337_g60",2026-07-06 13:37:00,"T3","34C","T3_34C_60g","C4",60,"Sample",15,"111dpf",NA,NA,"2675",""
"428",20260706,"NIFA_Resazurin_34_T3_06072026_1337_g60",2026-07-06 13:37:00,"T3","34C","T3_34C_60g","C5",60,"Sample",17,"111dpf",NA,NA,"14067",""
"429",20260706,"NIFA_Resazurin_34_T3_06072026_1337_g60",2026-07-06 13:37:00,"T3","34C","T3_34C_60g","C6",60,"Sample",18,"111dpf",NA,NA,"25060",""
"430",20260706,"NIFA_Resazurin_34_T3_06072026_1337_g60",2026-07-06 13:37:00,"T3","34C","T3_34C_60g","C7",60,"Sample",49,"111dpf",NA,NA,"7481",""
"431",20260706,"NIFA_Resazurin_34_T3_06072026_1337_g60",2026-07-06 13:37:00,"T3","34C","T3_34C_60g","C8",60,"Sample",53,"111dpf",NA,NA,"5968",""
"432",20260706,"NIFA_Resazurin_34_T3_06072026_1337_g60",2026-07-06 13:37:00,"T3","34C","T3_34C_60g","C9",60,"Sample",54,"111dpf",NA,NA,"2172",""
"433",20260706,"NIFA_Resazurin_34_T3_06072026_1337_g60",2026-07-06 13:37:00,"T3","34C","T3_34C_60g","C10",60,"Sample",55,"111dpf",NA,NA,"4040",""
"434",20260706,"NIFA_Resazurin_34_T3_06072026_1337_g60",2026-07-06 13:37:00,"T3","34C","T3_34C_60g","C11",60,"Sample",56,"111dpf",NA,NA,"4002",""
"435",20260706,"NIFA_Resazurin_34_T3_06072026_1337_g60",2026-07-06 13:37:00,"T3","34C","T3_34C_60g","C12",60,"Sample",58,"111dpf",NA,NA,"6883",""
"436",20260706,"NIFA_Resazurin_34_T3_06072026_1337_g60",2026-07-06 13:37:00,"T3","34C","T3_34C_60g","D2",60,"Sample",5,"111dpf",NA,NA,"3670",""
"437",20260706,"NIFA_Resazurin_34_T3_06072026_1337_g60",2026-07-06 13:37:00,"T3","34C","T3_34C_60g","D4",60,"Sample",15,"111dpf",NA,NA,"4343",""
"438",20260706,"NIFA_Resazurin_34_T3_06072026_1337_g60",2026-07-06 13:37:00,"T3","34C","T3_34C_60g","D5",60,"Sample",17,"111dpf",NA,NA,"4693",""
"439",20260706,"NIFA_Resazurin_34_T3_06072026_1337_g60",2026-07-06 13:37:00,"T3","34C","T3_34C_60g","D6",60,"Sample",18,"111dpf",NA,NA,"5863",""
"440",20260706,"NIFA_Resazurin_34_T3_06072026_1337_g60",2026-07-06 13:37:00,"T3","34C","T3_34C_60g","D7",60,"Sample",49,"111dpf",NA,NA,"3097",""
"441",20260706,"NIFA_Resazurin_34_T3_06072026_1337_g60",2026-07-06 13:37:00,"T3","34C","T3_34C_60g","D8",60,"Sample",53,"111dpf",NA,NA,"8448",""
"442",20260706,"NIFA_Resazurin_34_T3_06072026_1337_g60",2026-07-06 13:37:00,"T3","34C","T3_34C_60g","D9",60,"Sample",54,"111dpf",NA,NA,"23404",""
"443",20260706,"NIFA_Resazurin_34_T3_06072026_1337_g60",2026-07-06 13:37:00,"T3","34C","T3_34C_60g","D10",60,"Sample",55,"111dpf",NA,NA,"2363",""
"444",20260706,"NIFA_Resazurin_34_T3_06072026_1337_g60",2026-07-06 13:37:00,"T3","34C","T3_34C_60g","D11",60,"Sample",56,"111dpf",NA,NA,"3051",""
"445",20260706,"NIFA_Resazurin_34_T3_06072026_1337_g60",2026-07-06 13:37:00,"T3","34C","T3_34C_60g","E1",60,"Sample",2,"111dpf",NA,NA,"6559",""
"446",20260706,"NIFA_Resazurin_34_T3_06072026_1337_g60",2026-07-06 13:37:00,"T3","34C","T3_34C_60g","E2",60,"Sample",5,"111dpf",NA,NA,"12563",""
"447",20260706,"NIFA_Resazurin_34_T3_06072026_1337_g60",2026-07-06 13:37:00,"T3","34C","T3_34C_60g","E3",60,"Sample",7,"111dpf",NA,NA,"12442",""
"448",20260706,"NIFA_Resazurin_34_T3_06072026_1337_g60",2026-07-06 13:37:00,"T3","34C","T3_34C_60g","E4",60,"Sample",15,"111dpf",NA,NA,"2921",""
"449",20260706,"NIFA_Resazurin_34_T3_06072026_1337_g60",2026-07-06 13:37:00,"T3","34C","T3_34C_60g","E5",60,"Sample",17,"111dpf",NA,NA,"2955",""
"450",20260706,"NIFA_Resazurin_34_T3_06072026_1337_g60",2026-07-06 13:37:00,"T3","34C","T3_34C_60g","E6",60,"Sample",18,"111dpf",NA,NA,"17147",""
"451",20260706,"NIFA_Resazurin_34_T3_06072026_1337_g60",2026-07-06 13:37:00,"T3","34C","T3_34C_60g","E7",60,"Sample",49,"111dpf",NA,NA,"6047",""
"452",20260706,"NIFA_Resazurin_34_T3_06072026_1337_g60",2026-07-06 13:37:00,"T3","34C","T3_34C_60g","E8",60,"Sample",53,"111dpf",NA,NA,"4868",""
"453",20260706,"NIFA_Resazurin_34_T3_06072026_1337_g60",2026-07-06 13:37:00,"T3","34C","T3_34C_60g","E9",60,"Sample",54,"111dpf",NA,NA,"16071",""
"454",20260706,"NIFA_Resazurin_34_T3_06072026_1337_g60",2026-07-06 13:37:00,"T3","34C","T3_34C_60g","E10",60,"Sample",55,"111dpf",NA,NA,"2129",""
"455",20260706,"NIFA_Resazurin_34_T3_06072026_1337_g60",2026-07-06 13:37:00,"T3","34C","T3_34C_60g","E11",60,"Sample",56,"111dpf",NA,NA,"8347",""
"456",20260706,"NIFA_Resazurin_34_T3_06072026_1337_g60",2026-07-06 13:37:00,"T3","34C","T3_34C_60g","E12",60,"Sample",58,"111dpf",NA,NA,"937",""
"457",20260706,"NIFA_Resazurin_34_T3_06072026_1337_g60",2026-07-06 13:37:00,"T3","34C","T3_34C_60g","F1",60,"Sample",2,"111dpf",NA,NA,"22210",""
"458",20260706,"NIFA_Resazurin_34_T3_06072026_1337_g60",2026-07-06 13:37:00,"T3","34C","T3_34C_60g","F2",60,"Sample",5,"111dpf",NA,NA,"2543",""
"459",20260706,"NIFA_Resazurin_34_T3_06072026_1337_g60",2026-07-06 13:37:00,"T3","34C","T3_34C_60g","F3",60,"Sample",7,"111dpf",NA,NA,"16530",""
"460",20260706,"NIFA_Resazurin_34_T3_06072026_1337_g60",2026-07-06 13:37:00,"T3","34C","T3_34C_60g","F4",60,"Sample",15,"111dpf",NA,NA,"5426",""
"461",20260706,"NIFA_Resazurin_34_T3_06072026_1337_g60",2026-07-06 13:37:00,"T3","34C","T3_34C_60g","F5",60,"Sample",17,"111dpf",NA,NA,"15797",""
"462",20260706,"NIFA_Resazurin_34_T3_06072026_1337_g60",2026-07-06 13:37:00,"T3","34C","T3_34C_60g","F6",60,"Sample",18,"111dpf",NA,NA,"24734",""
"463",20260706,"NIFA_Resazurin_34_T3_06072026_1337_g60",2026-07-06 13:37:00,"T3","34C","T3_34C_60g","F7",60,"Sample",49,"111dpf",NA,NA,"9620",""
"464",20260706,"NIFA_Resazurin_34_T3_06072026_1337_g60",2026-07-06 13:37:00,"T3","34C","T3_34C_60g","F8",60,"Sample",53,"111dpf",NA,NA,"5106",""
"465",20260706,"NIFA_Resazurin_34_T3_06072026_1337_g60",2026-07-06 13:37:00,"T3","34C","T3_34C_60g","F9",60,"Sample",54,"111dpf",NA,NA,"5037",""
"466",20260706,"NIFA_Resazurin_34_T3_06072026_1337_g60",2026-07-06 13:37:00,"T3","34C","T3_34C_60g","F10",60,"Sample",55,"111dpf",NA,NA,"1294",""
"467",20260706,"NIFA_Resazurin_34_T3_06072026_1337_g60",2026-07-06 13:37:00,"T3","34C","T3_34C_60g","F11",60,"Sample",56,"111dpf",NA,NA,"9911",""
"468",20260706,"NIFA_Resazurin_34_T3_06072026_1337_g60",2026-07-06 13:37:00,"T3","34C","T3_34C_60g","F12",60,"Sample",58,"111dpf",NA,NA,"7514",""
"469",20260706,"NIFA_Resazurin_34_T3_06072026_1337_g60",2026-07-06 13:37:00,"T3","34C","T3_34C_60g","G1",60,"blank",NA,"111dpf",NA,NA,"413",""
"470",20260706,"NIFA_Resazurin_34_T3_06072026_1337_g60",2026-07-06 13:37:00,"T3","34C","T3_34C_60g","G2",60,"shell",NA,"111dpf",NA,NA,"993",""
"471",20260706,"NIFA_Resazurin_34_T3_06072026_1337_g60",2026-07-06 13:37:00,"T3","34C","T3_34C_60g","G3",60,"blank",NA,"111dpf",NA,NA,"347",""
"472",20260706,"NIFA_Resazurin_34_T3_06072026_1337_g60",2026-07-06 13:37:00,"T3","34C","T3_34C_60g","G4",60,"shell",NA,"111dpf",NA,NA,"988",""
"473",20260706,"NIFA_Resazurin_34_T3_06072026_1337_g60",2026-07-06 13:37:00,"T3","34C","T3_34C_60g","G5",60,"blank",NA,"111dpf",NA,NA,"349",""
"474",20260706,"NIFA_Resazurin_34_T3_06072026_1337_g60",2026-07-06 13:37:00,"T3","34C","T3_34C_60g","G6",60,"shell",NA,"111dpf",NA,NA,"992",""
"475",20260706,"NIFA_Resazurin_34_T3_06072026_1337_g60",2026-07-06 13:37:00,"T3","34C","T3_34C_60g","G7",60,"blank",NA,"111dpf",NA,NA,"353",""
"476",20260706,"NIFA_Resazurin_34_T3_06072026_1337_g60",2026-07-06 13:37:00,"T3","34C","T3_34C_60g","G8",60,"shell",NA,"111dpf",NA,NA,"1240",""
"477",20260706,"NIFA_Resazurin_34_T3_06072026_1337_g60",2026-07-06 13:37:00,"T3","34C","T3_34C_60g","G9",60,"blank",NA,"111dpf",NA,NA,"349",""
"478",20260706,"NIFA_Resazurin_34_T3_06072026_1337_g60",2026-07-06 13:37:00,"T3","34C","T3_34C_60g","G10",60,"shell",NA,"111dpf",NA,NA,"1000",""
"479",20260706,"NIFA_Resazurin_34_T3_06072026_1337_g60",2026-07-06 13:37:00,"T3","34C","T3_34C_60g","G11",60,"blank",NA,"111dpf",NA,NA,"340",""
"480",20260706,"NIFA_Resazurin_34_T3_06072026_1337_g60",2026-07-06 13:37:00,"T3","34C","T3_34C_60g","G12",60,"shell",NA,"111dpf",NA,NA,"428",""
"481",20260706,"NIFA_Resazurin_34_T3_06072026_1337_g65",2026-07-06 13:37:00,"T3","34C","T3_34C_65g","A1",65,"Sample",2,"111dpf",NA,NA,"20689",""
"482",20260706,"NIFA_Resazurin_34_T3_06072026_1337_g65",2026-07-06 13:37:00,"T3","34C","T3_34C_65g","A2",65,"Sample",5,"111dpf",NA,NA,"12694",""
"483",20260706,"NIFA_Resazurin_34_T3_06072026_1337_g65",2026-07-06 13:37:00,"T3","34C","T3_34C_65g","A3",65,"Sample",7,"111dpf",NA,NA,"19122",""
"484",20260706,"NIFA_Resazurin_34_T3_06072026_1337_g65",2026-07-06 13:37:00,"T3","34C","T3_34C_65g","A4",65,"Sample",15,"111dpf",NA,NA,"14512",""
"485",20260706,"NIFA_Resazurin_34_T3_06072026_1337_g65",2026-07-06 13:37:00,"T3","34C","T3_34C_65g","A5",65,"Sample",17,"111dpf",NA,NA,"5524",""
"486",20260706,"NIFA_Resazurin_34_T3_06072026_1337_g65",2026-07-06 13:37:00,"T3","34C","T3_34C_65g","A6",65,"Sample",18,"111dpf",NA,NA,"6121",""
"487",20260706,"NIFA_Resazurin_34_T3_06072026_1337_g65",2026-07-06 13:37:00,"T3","34C","T3_34C_65g","A7",65,"Sample",49,"111dpf",NA,NA,"21333",""
"488",20260706,"NIFA_Resazurin_34_T3_06072026_1337_g65",2026-07-06 13:37:00,"T3","34C","T3_34C_65g","A8",65,"Sample",53,"111dpf",NA,NA,"21055",""
"489",20260706,"NIFA_Resazurin_34_T3_06072026_1337_g65",2026-07-06 13:37:00,"T3","34C","T3_34C_65g","A9",65,"Sample",54,"111dpf",NA,NA,"12627",""
"490",20260706,"NIFA_Resazurin_34_T3_06072026_1337_g65",2026-07-06 13:37:00,"T3","34C","T3_34C_65g","A10",65,"Sample",55,"111dpf",NA,NA,"5035",""
"491",20260706,"NIFA_Resazurin_34_T3_06072026_1337_g65",2026-07-06 13:37:00,"T3","34C","T3_34C_65g","A11",65,"Sample",56,"111dpf",NA,NA,"3490",""
"492",20260706,"NIFA_Resazurin_34_T3_06072026_1337_g65",2026-07-06 13:37:00,"T3","34C","T3_34C_65g","A12",65,"Sample",58,"111dpf",NA,NA,"14133",""
"493",20260706,"NIFA_Resazurin_34_T3_06072026_1337_g65",2026-07-06 13:37:00,"T3","34C","T3_34C_65g","B1",65,"Sample",2,"111dpf",NA,NA,"26890",""
"494",20260706,"NIFA_Resazurin_34_T3_06072026_1337_g65",2026-07-06 13:37:00,"T3","34C","T3_34C_65g","B2",65,"Sample",5,"111dpf",NA,NA,"13544",""
"495",20260706,"NIFA_Resazurin_34_T3_06072026_1337_g65",2026-07-06 13:37:00,"T3","34C","T3_34C_65g","B4",65,"Sample",15,"111dpf",NA,NA,"9665",""
"496",20260706,"NIFA_Resazurin_34_T3_06072026_1337_g65",2026-07-06 13:37:00,"T3","34C","T3_34C_65g","B5",65,"Sample",17,"111dpf",NA,NA,"11977",""
"497",20260706,"NIFA_Resazurin_34_T3_06072026_1337_g65",2026-07-06 13:37:00,"T3","34C","T3_34C_65g","B6",65,"Sample",18,"111dpf",NA,NA,"26585",""
"498",20260706,"NIFA_Resazurin_34_T3_06072026_1337_g65",2026-07-06 13:37:00,"T3","34C","T3_34C_65g","B7",65,"Sample",49,"111dpf",NA,NA,"15860",""
"499",20260706,"NIFA_Resazurin_34_T3_06072026_1337_g65",2026-07-06 13:37:00,"T3","34C","T3_34C_65g","B8",65,"Sample",53,"111dpf",NA,NA,"12288",""
"500",20260706,"NIFA_Resazurin_34_T3_06072026_1337_g65",2026-07-06 13:37:00,"T3","34C","T3_34C_65g","B9",65,"Sample",54,"111dpf",NA,NA,"12643",""
"501",20260706,"NIFA_Resazurin_34_T3_06072026_1337_g65",2026-07-06 13:37:00,"T3","34C","T3_34C_65g","B10",65,"Sample",55,"111dpf",NA,NA,"6821",""
"502",20260706,"NIFA_Resazurin_34_T3_06072026_1337_g65",2026-07-06 13:37:00,"T3","34C","T3_34C_65g","B11",65,"Sample",56,"111dpf",NA,NA,"12823",""
"503",20260706,"NIFA_Resazurin_34_T3_06072026_1337_g65",2026-07-06 13:37:00,"T3","34C","T3_34C_65g","B12",65,"Sample",58,"111dpf",NA,NA,"6649",""
"504",20260706,"NIFA_Resazurin_34_T3_06072026_1337_g65",2026-07-06 13:37:00,"T3","34C","T3_34C_65g","C1",65,"Sample",2,"111dpf",NA,NA,"19933",""
"505",20260706,"NIFA_Resazurin_34_T3_06072026_1337_g65",2026-07-06 13:37:00,"T3","34C","T3_34C_65g","C2",65,"Sample",5,"111dpf",NA,NA,"6858",""
"506",20260706,"NIFA_Resazurin_34_T3_06072026_1337_g65",2026-07-06 13:37:00,"T3","34C","T3_34C_65g","C3",65,"Sample",7,"111dpf",NA,NA,"22254",""
"507",20260706,"NIFA_Resazurin_34_T3_06072026_1337_g65",2026-07-06 13:37:00,"T3","34C","T3_34C_65g","C4",65,"Sample",15,"111dpf",NA,NA,"4688",""
"508",20260706,"NIFA_Resazurin_34_T3_06072026_1337_g65",2026-07-06 13:37:00,"T3","34C","T3_34C_65g","C5",65,"Sample",17,"111dpf",NA,NA,"24855",""
"509",20260706,"NIFA_Resazurin_34_T3_06072026_1337_g65",2026-07-06 13:37:00,"T3","34C","T3_34C_65g","C6",65,"Sample",18,"111dpf",NA,NA,"43659",""
"510",20260706,"NIFA_Resazurin_34_T3_06072026_1337_g65",2026-07-06 13:37:00,"T3","34C","T3_34C_65g","C7",65,"Sample",49,"111dpf",NA,NA,"13087",""
"511",20260706,"NIFA_Resazurin_34_T3_06072026_1337_g65",2026-07-06 13:37:00,"T3","34C","T3_34C_65g","C8",65,"Sample",53,"111dpf",NA,NA,"10495",""
"512",20260706,"NIFA_Resazurin_34_T3_06072026_1337_g65",2026-07-06 13:37:00,"T3","34C","T3_34C_65g","C9",65,"Sample",54,"111dpf",NA,NA,"3857",""
"513",20260706,"NIFA_Resazurin_34_T3_06072026_1337_g65",2026-07-06 13:37:00,"T3","34C","T3_34C_65g","C10",65,"Sample",55,"111dpf",NA,NA,"7230",""
"514",20260706,"NIFA_Resazurin_34_T3_06072026_1337_g65",2026-07-06 13:37:00,"T3","34C","T3_34C_65g","C11",65,"Sample",56,"111dpf",NA,NA,"7108",""
"515",20260706,"NIFA_Resazurin_34_T3_06072026_1337_g65",2026-07-06 13:37:00,"T3","34C","T3_34C_65g","C12",65,"Sample",58,"111dpf",NA,NA,"12173",""
"516",20260706,"NIFA_Resazurin_34_T3_06072026_1337_g65",2026-07-06 13:37:00,"T3","34C","T3_34C_65g","D2",65,"Sample",5,"111dpf",NA,NA,"6502",""
"517",20260706,"NIFA_Resazurin_34_T3_06072026_1337_g65",2026-07-06 13:37:00,"T3","34C","T3_34C_65g","D4",65,"Sample",15,"111dpf",NA,NA,"7749",""
"518",20260706,"NIFA_Resazurin_34_T3_06072026_1337_g65",2026-07-06 13:37:00,"T3","34C","T3_34C_65g","D5",65,"Sample",17,"111dpf",NA,NA,"8236",""
"519",20260706,"NIFA_Resazurin_34_T3_06072026_1337_g65",2026-07-06 13:37:00,"T3","34C","T3_34C_65g","D6",65,"Sample",18,"111dpf",NA,NA,"10582",""
"520",20260706,"NIFA_Resazurin_34_T3_06072026_1337_g65",2026-07-06 13:37:00,"T3","34C","T3_34C_65g","D7",65,"Sample",49,"111dpf",NA,NA,"5529",""
"521",20260706,"NIFA_Resazurin_34_T3_06072026_1337_g65",2026-07-06 13:37:00,"T3","34C","T3_34C_65g","D8",65,"Sample",53,"111dpf",NA,NA,"15191",""
"522",20260706,"NIFA_Resazurin_34_T3_06072026_1337_g65",2026-07-06 13:37:00,"T3","34C","T3_34C_65g","D9",65,"Sample",54,"111dpf",NA,NA,"41328",""
"523",20260706,"NIFA_Resazurin_34_T3_06072026_1337_g65",2026-07-06 13:37:00,"T3","34C","T3_34C_65g","D10",65,"Sample",55,"111dpf",NA,NA,"4226",""
"524",20260706,"NIFA_Resazurin_34_T3_06072026_1337_g65",2026-07-06 13:37:00,"T3","34C","T3_34C_65g","D11",65,"Sample",56,"111dpf",NA,NA,"5398",""
"525",20260706,"NIFA_Resazurin_34_T3_06072026_1337_g65",2026-07-06 13:37:00,"T3","34C","T3_34C_65g","E1",65,"Sample",2,"111dpf",NA,NA,"11494",""
"526",20260706,"NIFA_Resazurin_34_T3_06072026_1337_g65",2026-07-06 13:37:00,"T3","34C","T3_34C_65g","E2",65,"Sample",5,"111dpf",NA,NA,"22182",""
"527",20260706,"NIFA_Resazurin_34_T3_06072026_1337_g65",2026-07-06 13:37:00,"T3","34C","T3_34C_65g","E3",65,"Sample",7,"111dpf",NA,NA,"22238",""
"528",20260706,"NIFA_Resazurin_34_T3_06072026_1337_g65",2026-07-06 13:37:00,"T3","34C","T3_34C_65g","E4",65,"Sample",15,"111dpf",NA,NA,"5253",""
"529",20260706,"NIFA_Resazurin_34_T3_06072026_1337_g65",2026-07-06 13:37:00,"T3","34C","T3_34C_65g","E5",65,"Sample",17,"111dpf",NA,NA,"5221",""
"530",20260706,"NIFA_Resazurin_34_T3_06072026_1337_g65",2026-07-06 13:37:00,"T3","34C","T3_34C_65g","E6",65,"Sample",18,"111dpf",NA,NA,"30571",""
"531",20260706,"NIFA_Resazurin_34_T3_06072026_1337_g65",2026-07-06 13:37:00,"T3","34C","T3_34C_65g","E7",65,"Sample",49,"111dpf",NA,NA,"10566",""
"532",20260706,"NIFA_Resazurin_34_T3_06072026_1337_g65",2026-07-06 13:37:00,"T3","34C","T3_34C_65g","E8",65,"Sample",53,"111dpf",NA,NA,"8720",""
"533",20260706,"NIFA_Resazurin_34_T3_06072026_1337_g65",2026-07-06 13:37:00,"T3","34C","T3_34C_65g","E9",65,"Sample",54,"111dpf",NA,NA,"28538",""
"534",20260706,"NIFA_Resazurin_34_T3_06072026_1337_g65",2026-07-06 13:37:00,"T3","34C","T3_34C_65g","E10",65,"Sample",55,"111dpf",NA,NA,"3758",""
"535",20260706,"NIFA_Resazurin_34_T3_06072026_1337_g65",2026-07-06 13:37:00,"T3","34C","T3_34C_65g","E11",65,"Sample",56,"111dpf",NA,NA,"14919",""
"536",20260706,"NIFA_Resazurin_34_T3_06072026_1337_g65",2026-07-06 13:37:00,"T3","34C","T3_34C_65g","E12",65,"Sample",58,"111dpf",NA,NA,"1649",""
"537",20260706,"NIFA_Resazurin_34_T3_06072026_1337_g65",2026-07-06 13:37:00,"T3","34C","T3_34C_65g","F1",65,"Sample",2,"111dpf",NA,NA,"39232",""
"538",20260706,"NIFA_Resazurin_34_T3_06072026_1337_g65",2026-07-06 13:37:00,"T3","34C","T3_34C_65g","F2",65,"Sample",5,"111dpf",NA,NA,"4471",""
"539",20260706,"NIFA_Resazurin_34_T3_06072026_1337_g65",2026-07-06 13:37:00,"T3","34C","T3_34C_65g","F3",65,"Sample",7,"111dpf",NA,NA,"29279",""
"540",20260706,"NIFA_Resazurin_34_T3_06072026_1337_g65",2026-07-06 13:37:00,"T3","34C","T3_34C_65g","F4",65,"Sample",15,"111dpf",NA,NA,"9567",""
"541",20260706,"NIFA_Resazurin_34_T3_06072026_1337_g65",2026-07-06 13:37:00,"T3","34C","T3_34C_65g","F5",65,"Sample",17,"111dpf",NA,NA,"28157",""
"542",20260706,"NIFA_Resazurin_34_T3_06072026_1337_g65",2026-07-06 13:37:00,"T3","34C","T3_34C_65g","F6",65,"Sample",18,"111dpf",NA,NA,"42977",""
"543",20260706,"NIFA_Resazurin_34_T3_06072026_1337_g65",2026-07-06 13:37:00,"T3","34C","T3_34C_65g","F7",65,"Sample",49,"111dpf",NA,NA,"17171",""
"544",20260706,"NIFA_Resazurin_34_T3_06072026_1337_g65",2026-07-06 13:37:00,"T3","34C","T3_34C_65g","F8",65,"Sample",53,"111dpf",NA,NA,"8975",""
"545",20260706,"NIFA_Resazurin_34_T3_06072026_1337_g65",2026-07-06 13:37:00,"T3","34C","T3_34C_65g","F9",65,"Sample",54,"111dpf",NA,NA,"8898",""
"546",20260706,"NIFA_Resazurin_34_T3_06072026_1337_g65",2026-07-06 13:37:00,"T3","34C","T3_34C_65g","F10",65,"Sample",55,"111dpf",NA,NA,"2271",""
"547",20260706,"NIFA_Resazurin_34_T3_06072026_1337_g65",2026-07-06 13:37:00,"T3","34C","T3_34C_65g","F11",65,"Sample",56,"111dpf",NA,NA,"17279",""
"548",20260706,"NIFA_Resazurin_34_T3_06072026_1337_g65",2026-07-06 13:37:00,"T3","34C","T3_34C_65g","F12",65,"Sample",58,"111dpf",NA,NA,"13240",""
"549",20260706,"NIFA_Resazurin_34_T3_06072026_1337_g65",2026-07-06 13:37:00,"T3","34C","T3_34C_65g","G1",65,"blank",NA,"111dpf",NA,NA,"736",""
"550",20260706,"NIFA_Resazurin_34_T3_06072026_1337_g65",2026-07-06 13:37:00,"T3","34C","T3_34C_65g","G2",65,"shell",NA,"111dpf",NA,NA,"1730",""
"551",20260706,"NIFA_Resazurin_34_T3_06072026_1337_g65",2026-07-06 13:37:00,"T3","34C","T3_34C_65g","G3",65,"blank",NA,"111dpf",NA,NA,"619",""
"552",20260706,"NIFA_Resazurin_34_T3_06072026_1337_g65",2026-07-06 13:37:00,"T3","34C","T3_34C_65g","G4",65,"shell",NA,"111dpf",NA,NA,"1746",""
"553",20260706,"NIFA_Resazurin_34_T3_06072026_1337_g65",2026-07-06 13:37:00,"T3","34C","T3_34C_65g","G5",65,"blank",NA,"111dpf",NA,NA,"613",""
"554",20260706,"NIFA_Resazurin_34_T3_06072026_1337_g65",2026-07-06 13:37:00,"T3","34C","T3_34C_65g","G6",65,"shell",NA,"111dpf",NA,NA,"1759",""
"555",20260706,"NIFA_Resazurin_34_T3_06072026_1337_g65",2026-07-06 13:37:00,"T3","34C","T3_34C_65g","G7",65,"blank",NA,"111dpf",NA,NA,"628",""
"556",20260706,"NIFA_Resazurin_34_T3_06072026_1337_g65",2026-07-06 13:37:00,"T3","34C","T3_34C_65g","G8",65,"shell",NA,"111dpf",NA,NA,"2217",""
"557",20260706,"NIFA_Resazurin_34_T3_06072026_1337_g65",2026-07-06 13:37:00,"T3","34C","T3_34C_65g","G9",65,"blank",NA,"111dpf",NA,NA,"619",""
"558",20260706,"NIFA_Resazurin_34_T3_06072026_1337_g65",2026-07-06 13:37:00,"T3","34C","T3_34C_65g","G10",65,"shell",NA,"111dpf",NA,NA,"1787",""
"559",20260706,"NIFA_Resazurin_34_T3_06072026_1337_g65",2026-07-06 13:37:00,"T3","34C","T3_34C_65g","G11",65,"blank",NA,"111dpf",NA,NA,"599",""
"560",20260706,"NIFA_Resazurin_34_T3_06072026_1337_g65",2026-07-06 13:37:00,"T3","34C","T3_34C_65g","G12",65,"shell",NA,"111dpf",NA,NA,"749",""
"561",20260706,"NIFA_Resazurin_34_T4_06072026_1450_g60",2026-07-06 14:50:00,"T4","34C","T4_34C_60g","A1",60,"Sample",2,"111dpf",NA,NA,"12010",""
"562",20260706,"NIFA_Resazurin_34_T4_06072026_1450_g60",2026-07-06 14:50:00,"T4","34C","T4_34C_60g","A2",60,"Sample",5,"111dpf",NA,NA,"7142",""
"563",20260706,"NIFA_Resazurin_34_T4_06072026_1450_g60",2026-07-06 14:50:00,"T4","34C","T4_34C_60g","A3",60,"Sample",7,"111dpf",NA,NA,"20734",""
"564",20260706,"NIFA_Resazurin_34_T4_06072026_1450_g60",2026-07-06 14:50:00,"T4","34C","T4_34C_60g","A4",60,"Sample",15,"111dpf",NA,NA,"9551",""
"565",20260706,"NIFA_Resazurin_34_T4_06072026_1450_g60",2026-07-06 14:50:00,"T4","34C","T4_34C_60g","A5",60,"Sample",17,"111dpf",NA,NA,"7966",""
"566",20260706,"NIFA_Resazurin_34_T4_06072026_1450_g60",2026-07-06 14:50:00,"T4","34C","T4_34C_60g","A6",60,"Sample",18,"111dpf",NA,NA,"4968",""
"567",20260706,"NIFA_Resazurin_34_T4_06072026_1450_g60",2026-07-06 14:50:00,"T4","34C","T4_34C_60g","A7",60,"Sample",49,"111dpf",NA,NA,"19931",""
"568",20260706,"NIFA_Resazurin_34_T4_06072026_1450_g60",2026-07-06 14:50:00,"T4","34C","T4_34C_60g","A8",60,"Sample",53,"111dpf",NA,NA,"14141",""
"569",20260706,"NIFA_Resazurin_34_T4_06072026_1450_g60",2026-07-06 14:50:00,"T4","34C","T4_34C_60g","A9",60,"Sample",54,"111dpf",NA,NA,"6984",""
"570",20260706,"NIFA_Resazurin_34_T4_06072026_1450_g60",2026-07-06 14:50:00,"T4","34C","T4_34C_60g","A10",60,"Sample",55,"111dpf",NA,NA,"3405",""
"571",20260706,"NIFA_Resazurin_34_T4_06072026_1450_g60",2026-07-06 14:50:00,"T4","34C","T4_34C_60g","A11",60,"Sample",56,"111dpf",NA,NA,"2193",""
"572",20260706,"NIFA_Resazurin_34_T4_06072026_1450_g60",2026-07-06 14:50:00,"T4","34C","T4_34C_60g","A12",60,"Sample",58,"111dpf",NA,NA,"9064",""
"573",20260706,"NIFA_Resazurin_34_T4_06072026_1450_g60",2026-07-06 14:50:00,"T4","34C","T4_34C_60g","B1",60,"Sample",2,"111dpf",NA,NA,"19239",""
"574",20260706,"NIFA_Resazurin_34_T4_06072026_1450_g60",2026-07-06 14:50:00,"T4","34C","T4_34C_60g","B2",60,"Sample",5,"111dpf",NA,NA,"9968",""
"575",20260706,"NIFA_Resazurin_34_T4_06072026_1450_g60",2026-07-06 14:50:00,"T4","34C","T4_34C_60g","B4",60,"Sample",15,"111dpf",NA,NA,"5887",""
"576",20260706,"NIFA_Resazurin_34_T4_06072026_1450_g60",2026-07-06 14:50:00,"T4","34C","T4_34C_60g","B5",60,"Sample",17,"111dpf",NA,NA,"10844",""
"577",20260706,"NIFA_Resazurin_34_T4_06072026_1450_g60",2026-07-06 14:50:00,"T4","34C","T4_34C_60g","B6",60,"Sample",18,"111dpf",NA,NA,"23376",""
"578",20260706,"NIFA_Resazurin_34_T4_06072026_1450_g60",2026-07-06 14:50:00,"T4","34C","T4_34C_60g","B7",60,"Sample",49,"111dpf",NA,NA,"8558",""
"579",20260706,"NIFA_Resazurin_34_T4_06072026_1450_g60",2026-07-06 14:50:00,"T4","34C","T4_34C_60g","B8",60,"Sample",53,"111dpf",NA,NA,"11138",""
"580",20260706,"NIFA_Resazurin_34_T4_06072026_1450_g60",2026-07-06 14:50:00,"T4","34C","T4_34C_60g","B9",60,"Sample",54,"111dpf",NA,NA,"11313",""
"581",20260706,"NIFA_Resazurin_34_T4_06072026_1450_g60",2026-07-06 14:50:00,"T4","34C","T4_34C_60g","B10",60,"Sample",55,"111dpf",NA,NA,"6088",""
"582",20260706,"NIFA_Resazurin_34_T4_06072026_1450_g60",2026-07-06 14:50:00,"T4","34C","T4_34C_60g","B11",60,"Sample",56,"111dpf",NA,NA,"11970",""
"583",20260706,"NIFA_Resazurin_34_T4_06072026_1450_g60",2026-07-06 14:50:00,"T4","34C","T4_34C_60g","B12",60,"Sample",58,"111dpf",NA,NA,"5640",""
"584",20260706,"NIFA_Resazurin_34_T4_06072026_1450_g60",2026-07-06 14:50:00,"T4","34C","T4_34C_60g","C1",60,"Sample",2,"111dpf",NA,NA,"14851",""
"585",20260706,"NIFA_Resazurin_34_T4_06072026_1450_g60",2026-07-06 14:50:00,"T4","34C","T4_34C_60g","C2",60,"Sample",5,"111dpf",NA,NA,"8224",""
"586",20260706,"NIFA_Resazurin_34_T4_06072026_1450_g60",2026-07-06 14:50:00,"T4","34C","T4_34C_60g","C3",60,"Sample",7,"111dpf",NA,NA,"13852",""
"587",20260706,"NIFA_Resazurin_34_T4_06072026_1450_g60",2026-07-06 14:50:00,"T4","34C","T4_34C_60g","C4",60,"Sample",15,"111dpf",NA,NA,"3365",""
"588",20260706,"NIFA_Resazurin_34_T4_06072026_1450_g60",2026-07-06 14:50:00,"T4","34C","T4_34C_60g","C5",60,"Sample",17,"111dpf",NA,NA,"19353",""
"589",20260706,"NIFA_Resazurin_34_T4_06072026_1450_g60",2026-07-06 14:50:00,"T4","34C","T4_34C_60g","C6",60,"Sample",18,"111dpf",NA,NA,"26706",""
"590",20260706,"NIFA_Resazurin_34_T4_06072026_1450_g60",2026-07-06 14:50:00,"T4","34C","T4_34C_60g","C7",60,"Sample",49,"111dpf",NA,NA,"9221",""
"591",20260706,"NIFA_Resazurin_34_T4_06072026_1450_g60",2026-07-06 14:50:00,"T4","34C","T4_34C_60g","C8",60,"Sample",53,"111dpf",NA,NA,"6115",""
"592",20260706,"NIFA_Resazurin_34_T4_06072026_1450_g60",2026-07-06 14:50:00,"T4","34C","T4_34C_60g","C9",60,"Sample",54,"111dpf",NA,NA,"3899",""
"593",20260706,"NIFA_Resazurin_34_T4_06072026_1450_g60",2026-07-06 14:50:00,"T4","34C","T4_34C_60g","C10",60,"Sample",55,"111dpf",NA,NA,"8038",""
"594",20260706,"NIFA_Resazurin_34_T4_06072026_1450_g60",2026-07-06 14:50:00,"T4","34C","T4_34C_60g","C11",60,"Sample",56,"111dpf",NA,NA,"4517",""
"595",20260706,"NIFA_Resazurin_34_T4_06072026_1450_g60",2026-07-06 14:50:00,"T4","34C","T4_34C_60g","C12",60,"Sample",58,"111dpf",NA,NA,"8714",""
"596",20260706,"NIFA_Resazurin_34_T4_06072026_1450_g60",2026-07-06 14:50:00,"T4","34C","T4_34C_60g","D2",60,"Sample",5,"111dpf",NA,NA,"8165",""
"597",20260706,"NIFA_Resazurin_34_T4_06072026_1450_g60",2026-07-06 14:50:00,"T4","34C","T4_34C_60g","D4",60,"Sample",15,"111dpf",NA,NA,"4481",""
"598",20260706,"NIFA_Resazurin_34_T4_06072026_1450_g60",2026-07-06 14:50:00,"T4","34C","T4_34C_60g","D5",60,"Sample",17,"111dpf",NA,NA,"4830",""
"599",20260706,"NIFA_Resazurin_34_T4_06072026_1450_g60",2026-07-06 14:50:00,"T4","34C","T4_34C_60g","D6",60,"Sample",18,"111dpf",NA,NA,"5862",""
"600",20260706,"NIFA_Resazurin_34_T4_06072026_1450_g60",2026-07-06 14:50:00,"T4","34C","T4_34C_60g","D7",60,"Sample",49,"111dpf",NA,NA,"3150",""
"601",20260706,"NIFA_Resazurin_34_T4_06072026_1450_g60",2026-07-06 14:50:00,"T4","34C","T4_34C_60g","D8",60,"Sample",53,"111dpf",NA,NA,"14749",""
"602",20260706,"NIFA_Resazurin_34_T4_06072026_1450_g60",2026-07-06 14:50:00,"T4","34C","T4_34C_60g","D9",60,"Sample",54,"111dpf",NA,NA,"22927",""
"603",20260706,"NIFA_Resazurin_34_T4_06072026_1450_g60",2026-07-06 14:50:00,"T4","34C","T4_34C_60g","D10",60,"Sample",55,"111dpf",NA,NA,"1754",""
"604",20260706,"NIFA_Resazurin_34_T4_06072026_1450_g60",2026-07-06 14:50:00,"T4","34C","T4_34C_60g","D11",60,"Sample",56,"111dpf",NA,NA,"4268",""
"605",20260706,"NIFA_Resazurin_34_T4_06072026_1450_g60",2026-07-06 14:50:00,"T4","34C","T4_34C_60g","E1",60,"Sample",2,"111dpf",NA,NA,"12606",""
"606",20260706,"NIFA_Resazurin_34_T4_06072026_1450_g60",2026-07-06 14:50:00,"T4","34C","T4_34C_60g","E2",60,"Sample",5,"111dpf",NA,NA,"21655",""
"607",20260706,"NIFA_Resazurin_34_T4_06072026_1450_g60",2026-07-06 14:50:00,"T4","34C","T4_34C_60g","E3",60,"Sample",7,"111dpf",NA,NA,"16611",""
"608",20260706,"NIFA_Resazurin_34_T4_06072026_1450_g60",2026-07-06 14:50:00,"T4","34C","T4_34C_60g","E4",60,"Sample",15,"111dpf",NA,NA,"3554",""
"609",20260706,"NIFA_Resazurin_34_T4_06072026_1450_g60",2026-07-06 14:50:00,"T4","34C","T4_34C_60g","E5",60,"Sample",17,"111dpf",NA,NA,"4963",""
"610",20260706,"NIFA_Resazurin_34_T4_06072026_1450_g60",2026-07-06 14:50:00,"T4","34C","T4_34C_60g","E6",60,"Sample",18,"111dpf",NA,NA,"22280",""
"611",20260706,"NIFA_Resazurin_34_T4_06072026_1450_g60",2026-07-06 14:50:00,"T4","34C","T4_34C_60g","E7",60,"Sample",49,"111dpf",NA,NA,"7009",""
"612",20260706,"NIFA_Resazurin_34_T4_06072026_1450_g60",2026-07-06 14:50:00,"T4","34C","T4_34C_60g","E8",60,"Sample",53,"111dpf",NA,NA,"5390",""
"613",20260706,"NIFA_Resazurin_34_T4_06072026_1450_g60",2026-07-06 14:50:00,"T4","34C","T4_34C_60g","E9",60,"Sample",54,"111dpf",NA,NA,"19187",""
"614",20260706,"NIFA_Resazurin_34_T4_06072026_1450_g60",2026-07-06 14:50:00,"T4","34C","T4_34C_60g","E10",60,"Sample",55,"111dpf",NA,NA,"4293",""
"615",20260706,"NIFA_Resazurin_34_T4_06072026_1450_g60",2026-07-06 14:50:00,"T4","34C","T4_34C_60g","E11",60,"Sample",56,"111dpf",NA,NA,"11696",""
"616",20260706,"NIFA_Resazurin_34_T4_06072026_1450_g60",2026-07-06 14:50:00,"T4","34C","T4_34C_60g","E12",60,"Sample",58,"111dpf",NA,NA,"1602",""
"617",20260706,"NIFA_Resazurin_34_T4_06072026_1450_g60",2026-07-06 14:50:00,"T4","34C","T4_34C_60g","F1",60,"Sample",2,"111dpf",NA,NA,"23882",""
"618",20260706,"NIFA_Resazurin_34_T4_06072026_1450_g60",2026-07-06 14:50:00,"T4","34C","T4_34C_60g","F2",60,"Sample",5,"111dpf",NA,NA,"5140",""
"619",20260706,"NIFA_Resazurin_34_T4_06072026_1450_g60",2026-07-06 14:50:00,"T4","34C","T4_34C_60g","F3",60,"Sample",7,"111dpf",NA,NA,"19540",""
"620",20260706,"NIFA_Resazurin_34_T4_06072026_1450_g60",2026-07-06 14:50:00,"T4","34C","T4_34C_60g","F4",60,"Sample",15,"111dpf",NA,NA,"5461",""
"621",20260706,"NIFA_Resazurin_34_T4_06072026_1450_g60",2026-07-06 14:50:00,"T4","34C","T4_34C_60g","F5",60,"Sample",17,"111dpf",NA,NA,"18179",""
"622",20260706,"NIFA_Resazurin_34_T4_06072026_1450_g60",2026-07-06 14:50:00,"T4","34C","T4_34C_60g","F6",60,"Sample",18,"111dpf",NA,NA,"24870",""
"623",20260706,"NIFA_Resazurin_34_T4_06072026_1450_g60",2026-07-06 14:50:00,"T4","34C","T4_34C_60g","F7",60,"Sample",49,"111dpf",NA,NA,"15349",""
"624",20260706,"NIFA_Resazurin_34_T4_06072026_1450_g60",2026-07-06 14:50:00,"T4","34C","T4_34C_60g","F8",60,"Sample",53,"111dpf",NA,NA,"8024",""
"625",20260706,"NIFA_Resazurin_34_T4_06072026_1450_g60",2026-07-06 14:50:00,"T4","34C","T4_34C_60g","F9",60,"Sample",54,"111dpf",NA,NA,"5298",""
"626",20260706,"NIFA_Resazurin_34_T4_06072026_1450_g60",2026-07-06 14:50:00,"T4","34C","T4_34C_60g","F10",60,"Sample",55,"111dpf",NA,NA,"1619",""
"627",20260706,"NIFA_Resazurin_34_T4_06072026_1450_g60",2026-07-06 14:50:00,"T4","34C","T4_34C_60g","F11",60,"Sample",56,"111dpf",NA,NA,"14764",""
"628",20260706,"NIFA_Resazurin_34_T4_06072026_1450_g60",2026-07-06 14:50:00,"T4","34C","T4_34C_60g","F12",60,"Sample",58,"111dpf",NA,NA,"9027",""
"629",20260706,"NIFA_Resazurin_34_T4_06072026_1450_g60",2026-07-06 14:50:00,"T4","34C","T4_34C_60g","G1",60,"blank",NA,"111dpf",NA,NA,"405",""
"630",20260706,"NIFA_Resazurin_34_T4_06072026_1450_g60",2026-07-06 14:50:00,"T4","34C","T4_34C_60g","G2",60,"shell",NA,"111dpf",NA,NA,"998",""
"631",20260706,"NIFA_Resazurin_34_T4_06072026_1450_g60",2026-07-06 14:50:00,"T4","34C","T4_34C_60g","G3",60,"blank",NA,"111dpf",NA,NA,"361",""
"632",20260706,"NIFA_Resazurin_34_T4_06072026_1450_g60",2026-07-06 14:50:00,"T4","34C","T4_34C_60g","G4",60,"shell",NA,"111dpf",NA,NA,"1197",""
"633",20260706,"NIFA_Resazurin_34_T4_06072026_1450_g60",2026-07-06 14:50:00,"T4","34C","T4_34C_60g","G5",60,"blank",NA,"111dpf",NA,NA,"349",""
"634",20260706,"NIFA_Resazurin_34_T4_06072026_1450_g60",2026-07-06 14:50:00,"T4","34C","T4_34C_60g","G6",60,"shell",NA,"111dpf",NA,NA,"1173",""
"635",20260706,"NIFA_Resazurin_34_T4_06072026_1450_g60",2026-07-06 14:50:00,"T4","34C","T4_34C_60g","G7",60,"blank",NA,"111dpf",NA,NA,"341",""
"636",20260706,"NIFA_Resazurin_34_T4_06072026_1450_g60",2026-07-06 14:50:00,"T4","34C","T4_34C_60g","G8",60,"shell",NA,"111dpf",NA,NA,"1471",""
"637",20260706,"NIFA_Resazurin_34_T4_06072026_1450_g60",2026-07-06 14:50:00,"T4","34C","T4_34C_60g","G9",60,"blank",NA,"111dpf",NA,NA,"349",""
"638",20260706,"NIFA_Resazurin_34_T4_06072026_1450_g60",2026-07-06 14:50:00,"T4","34C","T4_34C_60g","G10",60,"shell",NA,"111dpf",NA,NA,"1267",""
"639",20260706,"NIFA_Resazurin_34_T4_06072026_1450_g60",2026-07-06 14:50:00,"T4","34C","T4_34C_60g","G11",60,"blank",NA,"111dpf",NA,NA,"344",""
"640",20260706,"NIFA_Resazurin_34_T4_06072026_1450_g60",2026-07-06 14:50:00,"T4","34C","T4_34C_60g","G12",60,"shell",NA,"111dpf",NA,NA,"443",""
"641",20260706,"NIFA_Resazurin_34_T4_06072026_1450_g65",2026-07-06 14:50:00,"T4","34C","T4_34C_65g","A1",65,"Sample",2,"111dpf",NA,NA,"21074",""
"642",20260706,"NIFA_Resazurin_34_T4_06072026_1450_g65",2026-07-06 14:50:00,"T4","34C","T4_34C_65g","A2",65,"Sample",5,"111dpf",NA,NA,"12600",""
"643",20260706,"NIFA_Resazurin_34_T4_06072026_1450_g65",2026-07-06 14:50:00,"T4","34C","T4_34C_65g","A3",65,"Sample",7,"111dpf",NA,NA,"35927",""
"644",20260706,"NIFA_Resazurin_34_T4_06072026_1450_g65",2026-07-06 14:50:00,"T4","34C","T4_34C_65g","A4",65,"Sample",15,"111dpf",NA,NA,"16839",""
"645",20260706,"NIFA_Resazurin_34_T4_06072026_1450_g65",2026-07-06 14:50:00,"T4","34C","T4_34C_65g","A5",65,"Sample",17,"111dpf",NA,NA,"13986",""
"646",20260706,"NIFA_Resazurin_34_T4_06072026_1450_g65",2026-07-06 14:50:00,"T4","34C","T4_34C_65g","A6",65,"Sample",18,"111dpf",NA,NA,"8736",""
"647",20260706,"NIFA_Resazurin_34_T4_06072026_1450_g65",2026-07-06 14:50:00,"T4","34C","T4_34C_65g","A7",65,"Sample",49,"111dpf",NA,NA,"34994",""
"648",20260706,"NIFA_Resazurin_34_T4_06072026_1450_g65",2026-07-06 14:50:00,"T4","34C","T4_34C_65g","A8",65,"Sample",53,"111dpf",NA,NA,"24742",""
"649",20260706,"NIFA_Resazurin_34_T4_06072026_1450_g65",2026-07-06 14:50:00,"T4","34C","T4_34C_65g","A9",65,"Sample",54,"111dpf",NA,NA,"12486",""
"650",20260706,"NIFA_Resazurin_34_T4_06072026_1450_g65",2026-07-06 14:50:00,"T4","34C","T4_34C_65g","A10",65,"Sample",55,"111dpf",NA,NA,"5981",""
"651",20260706,"NIFA_Resazurin_34_T4_06072026_1450_g65",2026-07-06 14:50:00,"T4","34C","T4_34C_65g","A11",65,"Sample",56,"111dpf",NA,NA,"3876",""
"652",20260706,"NIFA_Resazurin_34_T4_06072026_1450_g65",2026-07-06 14:50:00,"T4","34C","T4_34C_65g","A12",65,"Sample",58,"111dpf",NA,NA,"16019",""
"653",20260706,"NIFA_Resazurin_34_T4_06072026_1450_g65",2026-07-06 14:50:00,"T4","34C","T4_34C_65g","B1",65,"Sample",2,"111dpf",NA,NA,"33480",""
"654",20260706,"NIFA_Resazurin_34_T4_06072026_1450_g65",2026-07-06 14:50:00,"T4","34C","T4_34C_65g","B2",65,"Sample",5,"111dpf",NA,NA,"17512",""
"655",20260706,"NIFA_Resazurin_34_T4_06072026_1450_g65",2026-07-06 14:50:00,"T4","34C","T4_34C_65g","B4",65,"Sample",15,"111dpf",NA,NA,"10375",""
"656",20260706,"NIFA_Resazurin_34_T4_06072026_1450_g65",2026-07-06 14:50:00,"T4","34C","T4_34C_65g","B5",65,"Sample",17,"111dpf",NA,NA,"18829",""
"657",20260706,"NIFA_Resazurin_34_T4_06072026_1450_g65",2026-07-06 14:50:00,"T4","34C","T4_34C_65g","B6",65,"Sample",18,"111dpf",NA,NA,"40092",""
"658",20260706,"NIFA_Resazurin_34_T4_06072026_1450_g65",2026-07-06 14:50:00,"T4","34C","T4_34C_65g","B7",65,"Sample",49,"111dpf",NA,NA,"15087",""
"659",20260706,"NIFA_Resazurin_34_T4_06072026_1450_g65",2026-07-06 14:50:00,"T4","34C","T4_34C_65g","B8",65,"Sample",53,"111dpf",NA,NA,"19360",""
"660",20260706,"NIFA_Resazurin_34_T4_06072026_1450_g65",2026-07-06 14:50:00,"T4","34C","T4_34C_65g","B9",65,"Sample",54,"111dpf",NA,NA,"19708",""
"661",20260706,"NIFA_Resazurin_34_T4_06072026_1450_g65",2026-07-06 14:50:00,"T4","34C","T4_34C_65g","B10",65,"Sample",55,"111dpf",NA,NA,"10688",""
"662",20260706,"NIFA_Resazurin_34_T4_06072026_1450_g65",2026-07-06 14:50:00,"T4","34C","T4_34C_65g","B11",65,"Sample",56,"111dpf",NA,NA,"20906",""
"663",20260706,"NIFA_Resazurin_34_T4_06072026_1450_g65",2026-07-06 14:50:00,"T4","34C","T4_34C_65g","B12",65,"Sample",58,"111dpf",NA,NA,"9828",""
"664",20260706,"NIFA_Resazurin_34_T4_06072026_1450_g65",2026-07-06 14:50:00,"T4","34C","T4_34C_65g","C1",65,"Sample",2,"111dpf",NA,NA,"26467",""
"665",20260706,"NIFA_Resazurin_34_T4_06072026_1450_g65",2026-07-06 14:50:00,"T4","34C","T4_34C_65g","C2",65,"Sample",5,"111dpf",NA,NA,"14665",""
"666",20260706,"NIFA_Resazurin_34_T4_06072026_1450_g65",2026-07-06 14:50:00,"T4","34C","T4_34C_65g","C3",65,"Sample",7,"111dpf",NA,NA,"24412",""
"667",20260706,"NIFA_Resazurin_34_T4_06072026_1450_g65",2026-07-06 14:50:00,"T4","34C","T4_34C_65g","C4",65,"Sample",15,"111dpf",NA,NA,"6067",""
"668",20260706,"NIFA_Resazurin_34_T4_06072026_1450_g65",2026-07-06 14:50:00,"T4","34C","T4_34C_65g","C5",65,"Sample",17,"111dpf",NA,NA,"33651",""
"669",20260706,"NIFA_Resazurin_34_T4_06072026_1450_g65",2026-07-06 14:50:00,"T4","34C","T4_34C_65g","C6",65,"Sample",18,"111dpf",NA,NA,"46100",""
"670",20260706,"NIFA_Resazurin_34_T4_06072026_1450_g65",2026-07-06 14:50:00,"T4","34C","T4_34C_65g","C7",65,"Sample",49,"111dpf",NA,NA,"16259",""
"671",20260706,"NIFA_Resazurin_34_T4_06072026_1450_g65",2026-07-06 14:50:00,"T4","34C","T4_34C_65g","C8",65,"Sample",53,"111dpf",NA,NA,"10766",""
"672",20260706,"NIFA_Resazurin_34_T4_06072026_1450_g65",2026-07-06 14:50:00,"T4","34C","T4_34C_65g","C9",65,"Sample",54,"111dpf",NA,NA,"6825",""
"673",20260706,"NIFA_Resazurin_34_T4_06072026_1450_g65",2026-07-06 14:50:00,"T4","34C","T4_34C_65g","C10",65,"Sample",55,"111dpf",NA,NA,"14539",""
"674",20260706,"NIFA_Resazurin_34_T4_06072026_1450_g65",2026-07-06 14:50:00,"T4","34C","T4_34C_65g","C11",65,"Sample",56,"111dpf",NA,NA,"8031",""
"675",20260706,"NIFA_Resazurin_34_T4_06072026_1450_g65",2026-07-06 14:50:00,"T4","34C","T4_34C_65g","C12",65,"Sample",58,"111dpf",NA,NA,"15423",""
"676",20260706,"NIFA_Resazurin_34_T4_06072026_1450_g65",2026-07-06 14:50:00,"T4","34C","T4_34C_65g","D2",65,"Sample",5,"111dpf",NA,NA,"14613",""
"677",20260706,"NIFA_Resazurin_34_T4_06072026_1450_g65",2026-07-06 14:50:00,"T4","34C","T4_34C_65g","D4",65,"Sample",15,"111dpf",NA,NA,"8074",""
"678",20260706,"NIFA_Resazurin_34_T4_06072026_1450_g65",2026-07-06 14:50:00,"T4","34C","T4_34C_65g","D5",65,"Sample",17,"111dpf",NA,NA,"8556",""
"679",20260706,"NIFA_Resazurin_34_T4_06072026_1450_g65",2026-07-06 14:50:00,"T4","34C","T4_34C_65g","D6",65,"Sample",18,"111dpf",NA,NA,"10285",""
"680",20260706,"NIFA_Resazurin_34_T4_06072026_1450_g65",2026-07-06 14:50:00,"T4","34C","T4_34C_65g","D7",65,"Sample",49,"111dpf",NA,NA,"5571",""
"681",20260706,"NIFA_Resazurin_34_T4_06072026_1450_g65",2026-07-06 14:50:00,"T4","34C","T4_34C_65g","D8",65,"Sample",53,"111dpf",NA,NA,"25773",""
"682",20260706,"NIFA_Resazurin_34_T4_06072026_1450_g65",2026-07-06 14:50:00,"T4","34C","T4_34C_65g","D9",65,"Sample",54,"111dpf",NA,NA,"40359",""
"683",20260706,"NIFA_Resazurin_34_T4_06072026_1450_g65",2026-07-06 14:50:00,"T4","34C","T4_34C_65g","D10",65,"Sample",55,"111dpf",NA,NA,"3133",""
"684",20260706,"NIFA_Resazurin_34_T4_06072026_1450_g65",2026-07-06 14:50:00,"T4","34C","T4_34C_65g","D11",65,"Sample",56,"111dpf",NA,NA,"7597",""
"685",20260706,"NIFA_Resazurin_34_T4_06072026_1450_g65",2026-07-06 14:50:00,"T4","34C","T4_34C_65g","E1",65,"Sample",2,"111dpf",NA,NA,"22266",""
"686",20260706,"NIFA_Resazurin_34_T4_06072026_1450_g65",2026-07-06 14:50:00,"T4","34C","T4_34C_65g","E2",65,"Sample",5,"111dpf",NA,NA,"38189",""
"687",20260706,"NIFA_Resazurin_34_T4_06072026_1450_g65",2026-07-06 14:50:00,"T4","34C","T4_34C_65g","E3",65,"Sample",7,"111dpf",NA,NA,"29169",""
"688",20260706,"NIFA_Resazurin_34_T4_06072026_1450_g65",2026-07-06 14:50:00,"T4","34C","T4_34C_65g","E4",65,"Sample",15,"111dpf",NA,NA,"6287",""
"689",20260706,"NIFA_Resazurin_34_T4_06072026_1450_g65",2026-07-06 14:50:00,"T4","34C","T4_34C_65g","E5",65,"Sample",17,"111dpf",NA,NA,"8710",""
"690",20260706,"NIFA_Resazurin_34_T4_06072026_1450_g65",2026-07-06 14:50:00,"T4","34C","T4_34C_65g","E6",65,"Sample",18,"111dpf",NA,NA,"38676",""
"691",20260706,"NIFA_Resazurin_34_T4_06072026_1450_g65",2026-07-06 14:50:00,"T4","34C","T4_34C_65g","E7",65,"Sample",49,"111dpf",NA,NA,"12486",""
"692",20260706,"NIFA_Resazurin_34_T4_06072026_1450_g65",2026-07-06 14:50:00,"T4","34C","T4_34C_65g","E8",65,"Sample",53,"111dpf",NA,NA,"9909",""
"693",20260706,"NIFA_Resazurin_34_T4_06072026_1450_g65",2026-07-06 14:50:00,"T4","34C","T4_34C_65g","E9",65,"Sample",54,"111dpf",NA,NA,"33560",""
"694",20260706,"NIFA_Resazurin_34_T4_06072026_1450_g65",2026-07-06 14:50:00,"T4","34C","T4_34C_65g","E10",65,"Sample",55,"111dpf",NA,NA,"7661",""
"695",20260706,"NIFA_Resazurin_34_T4_06072026_1450_g65",2026-07-06 14:50:00,"T4","34C","T4_34C_65g","E11",65,"Sample",56,"111dpf",NA,NA,"20809",""
"696",20260706,"NIFA_Resazurin_34_T4_06072026_1450_g65",2026-07-06 14:50:00,"T4","34C","T4_34C_65g","E12",65,"Sample",58,"111dpf",NA,NA,"2861",""
"697",20260706,"NIFA_Resazurin_34_T4_06072026_1450_g65",2026-07-06 14:50:00,"T4","34C","T4_34C_65g","F1",65,"Sample",2,"111dpf",NA,NA,"41457",""
"698",20260706,"NIFA_Resazurin_34_T4_06072026_1450_g65",2026-07-06 14:50:00,"T4","34C","T4_34C_65g","F2",65,"Sample",5,"111dpf",NA,NA,"9135",""
"699",20260706,"NIFA_Resazurin_34_T4_06072026_1450_g65",2026-07-06 14:50:00,"T4","34C","T4_34C_65g","F3",65,"Sample",7,"111dpf",NA,NA,"34781",""
"700",20260706,"NIFA_Resazurin_34_T4_06072026_1450_g65",2026-07-06 14:50:00,"T4","34C","T4_34C_65g","F4",65,"Sample",15,"111dpf",NA,NA,"9809",""
"701",20260706,"NIFA_Resazurin_34_T4_06072026_1450_g65",2026-07-06 14:50:00,"T4","34C","T4_34C_65g","F5",65,"Sample",17,"111dpf",NA,NA,"32153",""
"702",20260706,"NIFA_Resazurin_34_T4_06072026_1450_g65",2026-07-06 14:50:00,"T4","34C","T4_34C_65g","F6",65,"Sample",18,"111dpf",NA,NA,"43364",""
"703",20260706,"NIFA_Resazurin_34_T4_06072026_1450_g65",2026-07-06 14:50:00,"T4","34C","T4_34C_65g","F7",65,"Sample",49,"111dpf",NA,NA,"27405",""
"704",20260706,"NIFA_Resazurin_34_T4_06072026_1450_g65",2026-07-06 14:50:00,"T4","34C","T4_34C_65g","F8",65,"Sample",53,"111dpf",NA,NA,"14136",""
"705",20260706,"NIFA_Resazurin_34_T4_06072026_1450_g65",2026-07-06 14:50:00,"T4","34C","T4_34C_65g","F9",65,"Sample",54,"111dpf",NA,NA,"9467",""
"706",20260706,"NIFA_Resazurin_34_T4_06072026_1450_g65",2026-07-06 14:50:00,"T4","34C","T4_34C_65g","F10",65,"Sample",55,"111dpf",NA,NA,"2901",""
"707",20260706,"NIFA_Resazurin_34_T4_06072026_1450_g65",2026-07-06 14:50:00,"T4","34C","T4_34C_65g","F11",65,"Sample",56,"111dpf",NA,NA,"26098",""
"708",20260706,"NIFA_Resazurin_34_T4_06072026_1450_g65",2026-07-06 14:50:00,"T4","34C","T4_34C_65g","F12",65,"Sample",58,"111dpf",NA,NA,"16135",""
"709",20260706,"NIFA_Resazurin_34_T4_06072026_1450_g65",2026-07-06 14:50:00,"T4","34C","T4_34C_65g","G1",65,"blank",NA,"111dpf",NA,NA,"726",""
"710",20260706,"NIFA_Resazurin_34_T4_06072026_1450_g65",2026-07-06 14:50:00,"T4","34C","T4_34C_65g","G2",65,"shell",NA,"111dpf",NA,NA,"1800",""
"711",20260706,"NIFA_Resazurin_34_T4_06072026_1450_g65",2026-07-06 14:50:00,"T4","34C","T4_34C_65g","G3",65,"blank",NA,"111dpf",NA,NA,"641",""
"712",20260706,"NIFA_Resazurin_34_T4_06072026_1450_g65",2026-07-06 14:50:00,"T4","34C","T4_34C_65g","G4",65,"shell",NA,"111dpf",NA,NA,"2132",""
"713",20260706,"NIFA_Resazurin_34_T4_06072026_1450_g65",2026-07-06 14:50:00,"T4","34C","T4_34C_65g","G5",65,"blank",NA,"111dpf",NA,NA,"622",""
"714",20260706,"NIFA_Resazurin_34_T4_06072026_1450_g65",2026-07-06 14:50:00,"T4","34C","T4_34C_65g","G6",65,"shell",NA,"111dpf",NA,NA,"2102",""
"715",20260706,"NIFA_Resazurin_34_T4_06072026_1450_g65",2026-07-06 14:50:00,"T4","34C","T4_34C_65g","G7",65,"blank",NA,"111dpf",NA,NA,"606",""
"716",20260706,"NIFA_Resazurin_34_T4_06072026_1450_g65",2026-07-06 14:50:00,"T4","34C","T4_34C_65g","G8",65,"shell",NA,"111dpf",NA,NA,"2654",""
"717",20260706,"NIFA_Resazurin_34_T4_06072026_1450_g65",2026-07-06 14:50:00,"T4","34C","T4_34C_65g","G9",65,"blank",NA,"111dpf",NA,NA,"627",""
"718",20260706,"NIFA_Resazurin_34_T4_06072026_1450_g65",2026-07-06 14:50:00,"T4","34C","T4_34C_65g","G10",65,"shell",NA,"111dpf",NA,NA,"2296",""
"719",20260706,"NIFA_Resazurin_34_T4_06072026_1450_g65",2026-07-06 14:50:00,"T4","34C","T4_34C_65g","G11",65,"blank",NA,"111dpf",NA,NA,"619",""
"720",20260706,"NIFA_Resazurin_34_T4_06072026_1450_g65",2026-07-06 14:50:00,"T4","34C","T4_34C_65g","G12",65,"shell",NA,"111dpf",NA,NA,"790",""
"721",20260706,"NIFA_Resazurin_34_T5_06072026_1556_g60",2026-07-06 15:56:00,"T5","34C","T5_34C_60g","A1",60,"Sample",2,"111dpf",NA,NA,"18073",""
"722",20260706,"NIFA_Resazurin_34_T5_06072026_1556_g60",2026-07-06 15:56:00,"T5","34C","T5_34C_60g","A2",60,"Sample",5,"111dpf",NA,NA,"12152",""
"723",20260706,"NIFA_Resazurin_34_T5_06072026_1556_g60",2026-07-06 15:56:00,"T5","34C","T5_34C_60g","A3",60,"Sample",7,"111dpf",NA,NA,"30720",""
"724",20260706,"NIFA_Resazurin_34_T5_06072026_1556_g60",2026-07-06 15:56:00,"T5","34C","T5_34C_60g","A4",60,"Sample",15,"111dpf",NA,NA,"14228",""
"725",20260706,"NIFA_Resazurin_34_T5_06072026_1556_g60",2026-07-06 15:56:00,"T5","34C","T5_34C_60g","A5",60,"Sample",17,"111dpf",NA,NA,"11218",""
"726",20260706,"NIFA_Resazurin_34_T5_06072026_1556_g60",2026-07-06 15:56:00,"T5","34C","T5_34C_60g","A6",60,"Sample",18,"111dpf",NA,NA,"5725",""
"727",20260706,"NIFA_Resazurin_34_T5_06072026_1556_g60",2026-07-06 15:56:00,"T5","34C","T5_34C_60g","A7",60,"Sample",49,"111dpf",NA,NA,"28883",""
"728",20260706,"NIFA_Resazurin_34_T5_06072026_1556_g60",2026-07-06 15:56:00,"T5","34C","T5_34C_60g","A8",60,"Sample",53,"111dpf",NA,NA,"21827",""
"729",20260706,"NIFA_Resazurin_34_T5_06072026_1556_g60",2026-07-06 15:56:00,"T5","34C","T5_34C_60g","A9",60,"Sample",54,"111dpf",NA,NA,"9780",""
"730",20260706,"NIFA_Resazurin_34_T5_06072026_1556_g60",2026-07-06 15:56:00,"T5","34C","T5_34C_60g","A10",60,"Sample",55,"111dpf",NA,NA,"4008",""
"731",20260706,"NIFA_Resazurin_34_T5_06072026_1556_g60",2026-07-06 15:56:00,"T5","34C","T5_34C_60g","A11",60,"Sample",56,"111dpf",NA,NA,"4993",""
"732",20260706,"NIFA_Resazurin_34_T5_06072026_1556_g60",2026-07-06 15:56:00,"T5","34C","T5_34C_60g","A12",60,"Sample",58,"111dpf",NA,NA,"11478",""
"733",20260706,"NIFA_Resazurin_34_T5_06072026_1556_g60",2026-07-06 15:56:00,"T5","34C","T5_34C_60g","B1",60,"Sample",2,"111dpf",NA,NA,"22953",""
"734",20260706,"NIFA_Resazurin_34_T5_06072026_1556_g60",2026-07-06 15:56:00,"T5","34C","T5_34C_60g","B2",60,"Sample",5,"111dpf",NA,NA,"11574",""
"735",20260706,"NIFA_Resazurin_34_T5_06072026_1556_g60",2026-07-06 15:56:00,"T5","34C","T5_34C_60g","B4",60,"Sample",15,"111dpf",NA,NA,"6505",""
"736",20260706,"NIFA_Resazurin_34_T5_06072026_1556_g60",2026-07-06 15:56:00,"T5","34C","T5_34C_60g","B5",60,"Sample",17,"111dpf",NA,NA,"14241",""
"737",20260706,"NIFA_Resazurin_34_T5_06072026_1556_g60",2026-07-06 15:56:00,"T5","34C","T5_34C_60g","B6",60,"Sample",18,"111dpf",NA,NA,"29630",""
"738",20260706,"NIFA_Resazurin_34_T5_06072026_1556_g60",2026-07-06 15:56:00,"T5","34C","T5_34C_60g","B7",60,"Sample",49,"111dpf",NA,NA,"17218",""
"739",20260706,"NIFA_Resazurin_34_T5_06072026_1556_g60",2026-07-06 15:56:00,"T5","34C","T5_34C_60g","B8",60,"Sample",53,"111dpf",NA,NA,"13940",""
"740",20260706,"NIFA_Resazurin_34_T5_06072026_1556_g60",2026-07-06 15:56:00,"T5","34C","T5_34C_60g","B9",60,"Sample",54,"111dpf",NA,NA,"15559",""
"741",20260706,"NIFA_Resazurin_34_T5_06072026_1556_g60",2026-07-06 15:56:00,"T5","34C","T5_34C_60g","B10",60,"Sample",55,"111dpf",NA,NA,"9094",""
"742",20260706,"NIFA_Resazurin_34_T5_06072026_1556_g60",2026-07-06 15:56:00,"T5","34C","T5_34C_60g","B11",60,"Sample",56,"111dpf",NA,NA,"20216",""
"743",20260706,"NIFA_Resazurin_34_T5_06072026_1556_g60",2026-07-06 15:56:00,"T5","34C","T5_34C_60g","B12",60,"Sample",58,"111dpf",NA,NA,"10053",""
"744",20260706,"NIFA_Resazurin_34_T5_06072026_1556_g60",2026-07-06 15:56:00,"T5","34C","T5_34C_60g","C1",60,"Sample",2,"111dpf",NA,NA,"27735",""
"745",20260706,"NIFA_Resazurin_34_T5_06072026_1556_g60",2026-07-06 15:56:00,"T5","34C","T5_34C_60g","C2",60,"Sample",5,"111dpf",NA,NA,"12168",""
"746",20260706,"NIFA_Resazurin_34_T5_06072026_1556_g60",2026-07-06 15:56:00,"T5","34C","T5_34C_60g","C3",60,"Sample",7,"111dpf",NA,NA,"17160",""
"747",20260706,"NIFA_Resazurin_34_T5_06072026_1556_g60",2026-07-06 15:56:00,"T5","34C","T5_34C_60g","C4",60,"Sample",15,"111dpf",NA,NA,"3970",""
"748",20260706,"NIFA_Resazurin_34_T5_06072026_1556_g60",2026-07-06 15:56:00,"T5","34C","T5_34C_60g","C5",60,"Sample",17,"111dpf",NA,NA,"24368",""
"749",20260706,"NIFA_Resazurin_34_T5_06072026_1556_g60",2026-07-06 15:56:00,"T5","34C","T5_34C_60g","C6",60,"Sample",18,"111dpf",NA,NA,"25718",""
"750",20260706,"NIFA_Resazurin_34_T5_06072026_1556_g60",2026-07-06 15:56:00,"T5","34C","T5_34C_60g","C7",60,"Sample",49,"111dpf",NA,NA,"13641",""
"751",20260706,"NIFA_Resazurin_34_T5_06072026_1556_g60",2026-07-06 15:56:00,"T5","34C","T5_34C_60g","C8",60,"Sample",53,"111dpf",NA,NA,"6674",""
"752",20260706,"NIFA_Resazurin_34_T5_06072026_1556_g60",2026-07-06 15:56:00,"T5","34C","T5_34C_60g","C9",60,"Sample",54,"111dpf",NA,NA,"9181",""
"753",20260706,"NIFA_Resazurin_34_T5_06072026_1556_g60",2026-07-06 15:56:00,"T5","34C","T5_34C_60g","C10",60,"Sample",55,"111dpf",NA,NA,"14853",""
"754",20260706,"NIFA_Resazurin_34_T5_06072026_1556_g60",2026-07-06 15:56:00,"T5","34C","T5_34C_60g","C11",60,"Sample",56,"111dpf",NA,NA,"5583",""
"755",20260706,"NIFA_Resazurin_34_T5_06072026_1556_g60",2026-07-06 15:56:00,"T5","34C","T5_34C_60g","C12",60,"Sample",58,"111dpf",NA,NA,"10943",""
"756",20260706,"NIFA_Resazurin_34_T5_06072026_1556_g60",2026-07-06 15:56:00,"T5","34C","T5_34C_60g","D2",60,"Sample",5,"111dpf",NA,NA,"8631",""
"757",20260706,"NIFA_Resazurin_34_T5_06072026_1556_g60",2026-07-06 15:56:00,"T5","34C","T5_34C_60g","D4",60,"Sample",15,"111dpf",NA,NA,"5265",""
"758",20260706,"NIFA_Resazurin_34_T5_06072026_1556_g60",2026-07-06 15:56:00,"T5","34C","T5_34C_60g","D5",60,"Sample",17,"111dpf",NA,NA,"6811",""
"759",20260706,"NIFA_Resazurin_34_T5_06072026_1556_g60",2026-07-06 15:56:00,"T5","34C","T5_34C_60g","D6",60,"Sample",18,"111dpf",NA,NA,"7440",""
"760",20260706,"NIFA_Resazurin_34_T5_06072026_1556_g60",2026-07-06 15:56:00,"T5","34C","T5_34C_60g","D7",60,"Sample",49,"111dpf",NA,NA,"7553",""
"761",20260706,"NIFA_Resazurin_34_T5_06072026_1556_g60",2026-07-06 15:56:00,"T5","34C","T5_34C_60g","D8",60,"Sample",53,"111dpf",NA,NA,"23154",""
"762",20260706,"NIFA_Resazurin_34_T5_06072026_1556_g60",2026-07-06 15:56:00,"T5","34C","T5_34C_60g","D9",60,"Sample",54,"111dpf",NA,NA,"23216",""
"763",20260706,"NIFA_Resazurin_34_T5_06072026_1556_g60",2026-07-06 15:56:00,"T5","34C","T5_34C_60g","D10",60,"Sample",55,"111dpf",NA,NA,"2922",""
"764",20260706,"NIFA_Resazurin_34_T5_06072026_1556_g60",2026-07-06 15:56:00,"T5","34C","T5_34C_60g","D11",60,"Sample",56,"111dpf",NA,NA,"5585",""
"765",20260706,"NIFA_Resazurin_34_T5_06072026_1556_g60",2026-07-06 15:56:00,"T5","34C","T5_34C_60g","E1",60,"Sample",2,"111dpf",NA,NA,"18650",""
"766",20260706,"NIFA_Resazurin_34_T5_06072026_1556_g60",2026-07-06 15:56:00,"T5","34C","T5_34C_60g","E2",60,"Sample",5,"111dpf",NA,NA,"27598",""
"767",20260706,"NIFA_Resazurin_34_T5_06072026_1556_g60",2026-07-06 15:56:00,"T5","34C","T5_34C_60g","E3",60,"Sample",7,"111dpf",NA,NA,"18399",""
"768",20260706,"NIFA_Resazurin_34_T5_06072026_1556_g60",2026-07-06 15:56:00,"T5","34C","T5_34C_60g","E4",60,"Sample",15,"111dpf",NA,NA,"4540",""
"769",20260706,"NIFA_Resazurin_34_T5_06072026_1556_g60",2026-07-06 15:56:00,"T5","34C","T5_34C_60g","E5",60,"Sample",17,"111dpf",NA,NA,"6379",""
"770",20260706,"NIFA_Resazurin_34_T5_06072026_1556_g60",2026-07-06 15:56:00,"T5","34C","T5_34C_60g","E6",60,"Sample",18,"111dpf",NA,NA,"25585",""
"771",20260706,"NIFA_Resazurin_34_T5_06072026_1556_g60",2026-07-06 15:56:00,"T5","34C","T5_34C_60g","E7",60,"Sample",49,"111dpf",NA,NA,"8513",""
"772",20260706,"NIFA_Resazurin_34_T5_06072026_1556_g60",2026-07-06 15:56:00,"T5","34C","T5_34C_60g","E8",60,"Sample",53,"111dpf",NA,NA,"6406",""
"773",20260706,"NIFA_Resazurin_34_T5_06072026_1556_g60",2026-07-06 15:56:00,"T5","34C","T5_34C_60g","E9",60,"Sample",54,"111dpf",NA,NA,"22420",""
"774",20260706,"NIFA_Resazurin_34_T5_06072026_1556_g60",2026-07-06 15:56:00,"T5","34C","T5_34C_60g","E10",60,"Sample",55,"111dpf",NA,NA,"4327",""
"775",20260706,"NIFA_Resazurin_34_T5_06072026_1556_g60",2026-07-06 15:56:00,"T5","34C","T5_34C_60g","E11",60,"Sample",56,"111dpf",NA,NA,"13722",""
"776",20260706,"NIFA_Resazurin_34_T5_06072026_1556_g60",2026-07-06 15:56:00,"T5","34C","T5_34C_60g","E12",60,"Sample",58,"111dpf",NA,NA,"2263",""
"777",20260706,"NIFA_Resazurin_34_T5_06072026_1556_g60",2026-07-06 15:56:00,"T5","34C","T5_34C_60g","F1",60,"Sample",2,"111dpf",NA,NA,"27716",""
"778",20260706,"NIFA_Resazurin_34_T5_06072026_1556_g60",2026-07-06 15:56:00,"T5","34C","T5_34C_60g","F2",60,"Sample",5,"111dpf",NA,NA,"5669",""
"779",20260706,"NIFA_Resazurin_34_T5_06072026_1556_g60",2026-07-06 15:56:00,"T5","34C","T5_34C_60g","F3",60,"Sample",7,"111dpf",NA,NA,"25089",""
"780",20260706,"NIFA_Resazurin_34_T5_06072026_1556_g60",2026-07-06 15:56:00,"T5","34C","T5_34C_60g","F4",60,"Sample",15,"111dpf",NA,NA,"6619",""
"781",20260706,"NIFA_Resazurin_34_T5_06072026_1556_g60",2026-07-06 15:56:00,"T5","34C","T5_34C_60g","F5",60,"Sample",17,"111dpf",NA,NA,"21242",""
"782",20260706,"NIFA_Resazurin_34_T5_06072026_1556_g60",2026-07-06 15:56:00,"T5","34C","T5_34C_60g","F6",60,"Sample",18,"111dpf",NA,NA,"26926",""
"783",20260706,"NIFA_Resazurin_34_T5_06072026_1556_g60",2026-07-06 15:56:00,"T5","34C","T5_34C_60g","F7",60,"Sample",49,"111dpf",NA,NA,"20163",""
"784",20260706,"NIFA_Resazurin_34_T5_06072026_1556_g60",2026-07-06 15:56:00,"T5","34C","T5_34C_60g","F8",60,"Sample",53,"111dpf",NA,NA,"9827",""
"785",20260706,"NIFA_Resazurin_34_T5_06072026_1556_g60",2026-07-06 15:56:00,"T5","34C","T5_34C_60g","F9",60,"Sample",54,"111dpf",NA,NA,"7302",""
"786",20260706,"NIFA_Resazurin_34_T5_06072026_1556_g60",2026-07-06 15:56:00,"T5","34C","T5_34C_60g","F10",60,"Sample",55,"111dpf",NA,NA,"1963",""
"787",20260706,"NIFA_Resazurin_34_T5_06072026_1556_g60",2026-07-06 15:56:00,"T5","34C","T5_34C_60g","F11",60,"Sample",56,"111dpf",NA,NA,"18534",""
"788",20260706,"NIFA_Resazurin_34_T5_06072026_1556_g60",2026-07-06 15:56:00,"T5","34C","T5_34C_60g","F12",60,"Sample",58,"111dpf",NA,NA,"11240",""
"789",20260706,"NIFA_Resazurin_34_T5_06072026_1556_g60",2026-07-06 15:56:00,"T5","34C","T5_34C_60g","G1",60,"blank",NA,"111dpf",NA,NA,"418",""
"790",20260706,"NIFA_Resazurin_34_T5_06072026_1556_g60",2026-07-06 15:56:00,"T5","34C","T5_34C_60g","G2",60,"shell",NA,"111dpf",NA,NA,"1202",""
"791",20260706,"NIFA_Resazurin_34_T5_06072026_1556_g60",2026-07-06 15:56:00,"T5","34C","T5_34C_60g","G3",60,"blank",NA,"111dpf",NA,NA,"356",""
"792",20260706,"NIFA_Resazurin_34_T5_06072026_1556_g60",2026-07-06 15:56:00,"T5","34C","T5_34C_60g","G4",60,"shell",NA,"111dpf",NA,NA,"1342",""
"793",20260706,"NIFA_Resazurin_34_T5_06072026_1556_g60",2026-07-06 15:56:00,"T5","34C","T5_34C_60g","G5",60,"blank",NA,"111dpf",NA,NA,"349",""
"794",20260706,"NIFA_Resazurin_34_T5_06072026_1556_g60",2026-07-06 15:56:00,"T5","34C","T5_34C_60g","G6",60,"shell",NA,"111dpf",NA,NA,"1370",""
"795",20260706,"NIFA_Resazurin_34_T5_06072026_1556_g60",2026-07-06 15:56:00,"T5","34C","T5_34C_60g","G7",60,"blank",NA,"111dpf",NA,NA,"355",""
"796",20260706,"NIFA_Resazurin_34_T5_06072026_1556_g60",2026-07-06 15:56:00,"T5","34C","T5_34C_60g","G8",60,"shell",NA,"111dpf",NA,NA,"1689",""
"797",20260706,"NIFA_Resazurin_34_T5_06072026_1556_g60",2026-07-06 15:56:00,"T5","34C","T5_34C_60g","G9",60,"blank",NA,"111dpf",NA,NA,"357",""
"798",20260706,"NIFA_Resazurin_34_T5_06072026_1556_g60",2026-07-06 15:56:00,"T5","34C","T5_34C_60g","G10",60,"shell",NA,"111dpf",NA,NA,"1445",""
"799",20260706,"NIFA_Resazurin_34_T5_06072026_1556_g60",2026-07-06 15:56:00,"T5","34C","T5_34C_60g","G11",60,"blank",NA,"111dpf",NA,NA,"352",""
"800",20260706,"NIFA_Resazurin_34_T5_06072026_1556_g60",2026-07-06 15:56:00,"T5","34C","T5_34C_60g","G12",60,"shell",NA,"111dpf",NA,NA,"490",""
"801",20260706,"NIFA_Resazurin_34_T5_06072026_1556_g65",2026-07-06 15:56:00,"T5","34C","T5_34C_65g","A1",65,"Sample",2,"111dpf",NA,NA,"31934",""
"802",20260706,"NIFA_Resazurin_34_T5_06072026_1556_g65",2026-07-06 15:56:00,"T5","34C","T5_34C_65g","A2",65,"Sample",5,"111dpf",NA,NA,"21506",""
"803",20260706,"NIFA_Resazurin_34_T5_06072026_1556_g65",2026-07-06 15:56:00,"T5","34C","T5_34C_65g","A3",65,"Sample",7,"111dpf",NA,NA,"53888",""
"804",20260706,"NIFA_Resazurin_34_T5_06072026_1556_g65",2026-07-06 15:56:00,"T5","34C","T5_34C_65g","A4",65,"Sample",15,"111dpf",NA,NA,"25211",""
"805",20260706,"NIFA_Resazurin_34_T5_06072026_1556_g65",2026-07-06 15:56:00,"T5","34C","T5_34C_65g","A5",65,"Sample",17,"111dpf",NA,NA,"19955",""
"806",20260706,"NIFA_Resazurin_34_T5_06072026_1556_g65",2026-07-06 15:56:00,"T5","34C","T5_34C_65g","A6",65,"Sample",18,"111dpf",NA,NA,"10209",""
"807",20260706,"NIFA_Resazurin_34_T5_06072026_1556_g65",2026-07-06 15:56:00,"T5","34C","T5_34C_65g","A7",65,"Sample",49,"111dpf",NA,NA,"50653",""
"808",20260706,"NIFA_Resazurin_34_T5_06072026_1556_g65",2026-07-06 15:56:00,"T5","34C","T5_34C_65g","A8",65,"Sample",53,"111dpf",NA,NA,"38537",""
"809",20260706,"NIFA_Resazurin_34_T5_06072026_1556_g65",2026-07-06 15:56:00,"T5","34C","T5_34C_65g","A9",65,"Sample",54,"111dpf",NA,NA,"17589",""
"810",20260706,"NIFA_Resazurin_34_T5_06072026_1556_g65",2026-07-06 15:56:00,"T5","34C","T5_34C_65g","A10",65,"Sample",55,"111dpf",NA,NA,"7210",""
"811",20260706,"NIFA_Resazurin_34_T5_06072026_1556_g65",2026-07-06 15:56:00,"T5","34C","T5_34C_65g","A11",65,"Sample",56,"111dpf",NA,NA,"8900",""
"812",20260706,"NIFA_Resazurin_34_T5_06072026_1556_g65",2026-07-06 15:56:00,"T5","34C","T5_34C_65g","A12",65,"Sample",58,"111dpf",NA,NA,"20205",""
"813",20260706,"NIFA_Resazurin_34_T5_06072026_1556_g65",2026-07-06 15:56:00,"T5","34C","T5_34C_65g","B1",65,"Sample",2,"111dpf",NA,NA,"40400",""
"814",20260706,"NIFA_Resazurin_34_T5_06072026_1556_g65",2026-07-06 15:56:00,"T5","34C","T5_34C_65g","B2",65,"Sample",5,"111dpf",NA,NA,"20707",""
"815",20260706,"NIFA_Resazurin_34_T5_06072026_1556_g65",2026-07-06 15:56:00,"T5","34C","T5_34C_65g","B4",65,"Sample",15,"111dpf",NA,NA,"11554",""
"816",20260706,"NIFA_Resazurin_34_T5_06072026_1556_g65",2026-07-06 15:56:00,"T5","34C","T5_34C_65g","B5",65,"Sample",17,"111dpf",NA,NA,"25336",""
"817",20260706,"NIFA_Resazurin_34_T5_06072026_1556_g65",2026-07-06 15:56:00,"T5","34C","T5_34C_65g","B6",65,"Sample",18,"111dpf",NA,NA,"52225",""
"818",20260706,"NIFA_Resazurin_34_T5_06072026_1556_g65",2026-07-06 15:56:00,"T5","34C","T5_34C_65g","B7",65,"Sample",49,"111dpf",NA,NA,"30698",""
"819",20260706,"NIFA_Resazurin_34_T5_06072026_1556_g65",2026-07-06 15:56:00,"T5","34C","T5_34C_65g","B8",65,"Sample",53,"111dpf",NA,NA,"24810",""
"820",20260706,"NIFA_Resazurin_34_T5_06072026_1556_g65",2026-07-06 15:56:00,"T5","34C","T5_34C_65g","B9",65,"Sample",54,"111dpf",NA,NA,"27779",""
"821",20260706,"NIFA_Resazurin_34_T5_06072026_1556_g65",2026-07-06 15:56:00,"T5","34C","T5_34C_65g","B10",65,"Sample",55,"111dpf",NA,NA,"16189",""
"822",20260706,"NIFA_Resazurin_34_T5_06072026_1556_g65",2026-07-06 15:56:00,"T5","34C","T5_34C_65g","B11",65,"Sample",56,"111dpf",NA,NA,"35603",""
"823",20260706,"NIFA_Resazurin_34_T5_06072026_1556_g65",2026-07-06 15:56:00,"T5","34C","T5_34C_65g","B12",65,"Sample",58,"111dpf",NA,NA,"17551",""
"824",20260706,"NIFA_Resazurin_34_T5_06072026_1556_g65",2026-07-06 15:56:00,"T5","34C","T5_34C_65g","C1",65,"Sample",2,"111dpf",NA,NA,"48473",""
"825",20260706,"NIFA_Resazurin_34_T5_06072026_1556_g65",2026-07-06 15:56:00,"T5","34C","T5_34C_65g","C2",65,"Sample",5,"111dpf",NA,NA,"21614",""
"826",20260706,"NIFA_Resazurin_34_T5_06072026_1556_g65",2026-07-06 15:56:00,"T5","34C","T5_34C_65g","C3",65,"Sample",7,"111dpf",NA,NA,"30477",""
"827",20260706,"NIFA_Resazurin_34_T5_06072026_1556_g65",2026-07-06 15:56:00,"T5","34C","T5_34C_65g","C4",65,"Sample",15,"111dpf",NA,NA,"7045",""
"828",20260706,"NIFA_Resazurin_34_T5_06072026_1556_g65",2026-07-06 15:56:00,"T5","34C","T5_34C_65g","C5",65,"Sample",17,"111dpf",NA,NA,"42775",""
"829",20260706,"NIFA_Resazurin_34_T5_06072026_1556_g65",2026-07-06 15:56:00,"T5","34C","T5_34C_65g","C6",65,"Sample",18,"111dpf",NA,NA,"45148",""
"830",20260706,"NIFA_Resazurin_34_T5_06072026_1556_g65",2026-07-06 15:56:00,"T5","34C","T5_34C_65g","C7",65,"Sample",49,"111dpf",NA,NA,"23996",""
"831",20260706,"NIFA_Resazurin_34_T5_06072026_1556_g65",2026-07-06 15:56:00,"T5","34C","T5_34C_65g","C8",65,"Sample",53,"111dpf",NA,NA,"11801",""
"832",20260706,"NIFA_Resazurin_34_T5_06072026_1556_g65",2026-07-06 15:56:00,"T5","34C","T5_34C_65g","C9",65,"Sample",54,"111dpf",NA,NA,"16265",""
"833",20260706,"NIFA_Resazurin_34_T5_06072026_1556_g65",2026-07-06 15:56:00,"T5","34C","T5_34C_65g","C10",65,"Sample",55,"111dpf",NA,NA,"26270",""
"834",20260706,"NIFA_Resazurin_34_T5_06072026_1556_g65",2026-07-06 15:56:00,"T5","34C","T5_34C_65g","C11",65,"Sample",56,"111dpf",NA,NA,"9925",""
"835",20260706,"NIFA_Resazurin_34_T5_06072026_1556_g65",2026-07-06 15:56:00,"T5","34C","T5_34C_65g","C12",65,"Sample",58,"111dpf",NA,NA,"19166",""
"836",20260706,"NIFA_Resazurin_34_T5_06072026_1556_g65",2026-07-06 15:56:00,"T5","34C","T5_34C_65g","D2",65,"Sample",5,"111dpf",NA,NA,"15414",""
"837",20260706,"NIFA_Resazurin_34_T5_06072026_1556_g65",2026-07-06 15:56:00,"T5","34C","T5_34C_65g","D4",65,"Sample",15,"111dpf",NA,NA,"9404",""
"838",20260706,"NIFA_Resazurin_34_T5_06072026_1556_g65",2026-07-06 15:56:00,"T5","34C","T5_34C_65g","D5",65,"Sample",17,"111dpf",NA,NA,"12204",""
"839",20260706,"NIFA_Resazurin_34_T5_06072026_1556_g65",2026-07-06 15:56:00,"T5","34C","T5_34C_65g","D6",65,"Sample",18,"111dpf",NA,NA,"13194",""
"840",20260706,"NIFA_Resazurin_34_T5_06072026_1556_g65",2026-07-06 15:56:00,"T5","34C","T5_34C_65g","D7",65,"Sample",49,"111dpf",NA,NA,"13288",""
"841",20260706,"NIFA_Resazurin_34_T5_06072026_1556_g65",2026-07-06 15:56:00,"T5","34C","T5_34C_65g","D8",65,"Sample",53,"111dpf",NA,NA,"40370",""
"842",20260706,"NIFA_Resazurin_34_T5_06072026_1556_g65",2026-07-06 15:56:00,"T5","34C","T5_34C_65g","D9",65,"Sample",54,"111dpf",NA,NA,"41114",""
"843",20260706,"NIFA_Resazurin_34_T5_06072026_1556_g65",2026-07-06 15:56:00,"T5","34C","T5_34C_65g","D10",65,"Sample",55,"111dpf",NA,NA,"5236",""
"844",20260706,"NIFA_Resazurin_34_T5_06072026_1556_g65",2026-07-06 15:56:00,"T5","34C","T5_34C_65g","D11",65,"Sample",56,"111dpf",NA,NA,"9729",""
"845",20260706,"NIFA_Resazurin_34_T5_06072026_1556_g65",2026-07-06 15:56:00,"T5","34C","T5_34C_65g","E1",65,"Sample",2,"111dpf",NA,NA,"32646",""
"846",20260706,"NIFA_Resazurin_34_T5_06072026_1556_g65",2026-07-06 15:56:00,"T5","34C","T5_34C_65g","E2",65,"Sample",5,"111dpf",NA,NA,"48614",""
"847",20260706,"NIFA_Resazurin_34_T5_06072026_1556_g65",2026-07-06 15:56:00,"T5","34C","T5_34C_65g","E3",65,"Sample",7,"111dpf",NA,NA,"32636",""
"848",20260706,"NIFA_Resazurin_34_T5_06072026_1556_g65",2026-07-06 15:56:00,"T5","34C","T5_34C_65g","E4",65,"Sample",15,"111dpf",NA,NA,"8083",""
"849",20260706,"NIFA_Resazurin_34_T5_06072026_1556_g65",2026-07-06 15:56:00,"T5","34C","T5_34C_65g","E5",65,"Sample",17,"111dpf",NA,NA,"11278",""
"850",20260706,"NIFA_Resazurin_34_T5_06072026_1556_g65",2026-07-06 15:56:00,"T5","34C","T5_34C_65g","E6",65,"Sample",18,"111dpf",NA,NA,"45088",""
"851",20260706,"NIFA_Resazurin_34_T5_06072026_1556_g65",2026-07-06 15:56:00,"T5","34C","T5_34C_65g","E7",65,"Sample",49,"111dpf",NA,NA,"15163",""
"852",20260706,"NIFA_Resazurin_34_T5_06072026_1556_g65",2026-07-06 15:56:00,"T5","34C","T5_34C_65g","E8",65,"Sample",53,"111dpf",NA,NA,"11281",""
"853",20260706,"NIFA_Resazurin_34_T5_06072026_1556_g65",2026-07-06 15:56:00,"T5","34C","T5_34C_65g","E9",65,"Sample",54,"111dpf",NA,NA,"39318",""
"854",20260706,"NIFA_Resazurin_34_T5_06072026_1556_g65",2026-07-06 15:56:00,"T5","34C","T5_34C_65g","E10",65,"Sample",55,"111dpf",NA,NA,"7713",""
"855",20260706,"NIFA_Resazurin_34_T5_06072026_1556_g65",2026-07-06 15:56:00,"T5","34C","T5_34C_65g","E11",65,"Sample",56,"111dpf",NA,NA,"24255",""
"856",20260706,"NIFA_Resazurin_34_T5_06072026_1556_g65",2026-07-06 15:56:00,"T5","34C","T5_34C_65g","E12",65,"Sample",58,"111dpf",NA,NA,"4001",""
"857",20260706,"NIFA_Resazurin_34_T5_06072026_1556_g65",2026-07-06 15:56:00,"T5","34C","T5_34C_65g","F1",65,"Sample",2,"111dpf",NA,NA,"48926",""
"858",20260706,"NIFA_Resazurin_34_T5_06072026_1556_g65",2026-07-06 15:56:00,"T5","34C","T5_34C_65g","F2",65,"Sample",5,"111dpf",NA,NA,"10058",""
"859",20260706,"NIFA_Resazurin_34_T5_06072026_1556_g65",2026-07-06 15:56:00,"T5","34C","T5_34C_65g","F3",65,"Sample",7,"111dpf",NA,NA,"44230",""
"860",20260706,"NIFA_Resazurin_34_T5_06072026_1556_g65",2026-07-06 15:56:00,"T5","34C","T5_34C_65g","F4",65,"Sample",15,"111dpf",NA,NA,"11820",""
"861",20260706,"NIFA_Resazurin_34_T5_06072026_1556_g65",2026-07-06 15:56:00,"T5","34C","T5_34C_65g","F5",65,"Sample",17,"111dpf",NA,NA,"37545",""
"862",20260706,"NIFA_Resazurin_34_T5_06072026_1556_g65",2026-07-06 15:56:00,"T5","34C","T5_34C_65g","F6",65,"Sample",18,"111dpf",NA,NA,"46942",""
"863",20260706,"NIFA_Resazurin_34_T5_06072026_1556_g65",2026-07-06 15:56:00,"T5","34C","T5_34C_65g","F7",65,"Sample",49,"111dpf",NA,NA,"35425",""
"864",20260706,"NIFA_Resazurin_34_T5_06072026_1556_g65",2026-07-06 15:56:00,"T5","34C","T5_34C_65g","F8",65,"Sample",53,"111dpf",NA,NA,"17433",""
"865",20260706,"NIFA_Resazurin_34_T5_06072026_1556_g65",2026-07-06 15:56:00,"T5","34C","T5_34C_65g","F9",65,"Sample",54,"111dpf",NA,NA,"12913",""
"866",20260706,"NIFA_Resazurin_34_T5_06072026_1556_g65",2026-07-06 15:56:00,"T5","34C","T5_34C_65g","F10",65,"Sample",55,"111dpf",NA,NA,"3517",""
"867",20260706,"NIFA_Resazurin_34_T5_06072026_1556_g65",2026-07-06 15:56:00,"T5","34C","T5_34C_65g","F11",65,"Sample",56,"111dpf",NA,NA,"32571",""
"868",20260706,"NIFA_Resazurin_34_T5_06072026_1556_g65",2026-07-06 15:56:00,"T5","34C","T5_34C_65g","F12",65,"Sample",58,"111dpf",NA,NA,"19836",""
"869",20260706,"NIFA_Resazurin_34_T5_06072026_1556_g65",2026-07-06 15:56:00,"T5","34C","T5_34C_65g","G1",65,"blank",NA,"111dpf",NA,NA,"745",""
"870",20260706,"NIFA_Resazurin_34_T5_06072026_1556_g65",2026-07-06 15:56:00,"T5","34C","T5_34C_65g","G2",65,"shell",NA,"111dpf",NA,NA,"2108",""
"871",20260706,"NIFA_Resazurin_34_T5_06072026_1556_g65",2026-07-06 15:56:00,"T5","34C","T5_34C_65g","G3",65,"blank",NA,"111dpf",NA,NA,"639",""
"872",20260706,"NIFA_Resazurin_34_T5_06072026_1556_g65",2026-07-06 15:56:00,"T5","34C","T5_34C_65g","G4",65,"shell",NA,"111dpf",NA,NA,"2404",""
"873",20260706,"NIFA_Resazurin_34_T5_06072026_1556_g65",2026-07-06 15:56:00,"T5","34C","T5_34C_65g","G5",65,"blank",NA,"111dpf",NA,NA,"620",""
"874",20260706,"NIFA_Resazurin_34_T5_06072026_1556_g65",2026-07-06 15:56:00,"T5","34C","T5_34C_65g","G6",65,"shell",NA,"111dpf",NA,NA,"2405",""
"875",20260706,"NIFA_Resazurin_34_T5_06072026_1556_g65",2026-07-06 15:56:00,"T5","34C","T5_34C_65g","G7",65,"blank",NA,"111dpf",NA,NA,"625",""
"876",20260706,"NIFA_Resazurin_34_T5_06072026_1556_g65",2026-07-06 15:56:00,"T5","34C","T5_34C_65g","G8",65,"shell",NA,"111dpf",NA,NA,"3013",""
"877",20260706,"NIFA_Resazurin_34_T5_06072026_1556_g65",2026-07-06 15:56:00,"T5","34C","T5_34C_65g","G9",65,"blank",NA,"111dpf",NA,NA,"630",""
"878",20260706,"NIFA_Resazurin_34_T5_06072026_1556_g65",2026-07-06 15:56:00,"T5","34C","T5_34C_65g","G10",65,"shell",NA,"111dpf",NA,NA,"2547",""
"879",20260706,"NIFA_Resazurin_34_T5_06072026_1556_g65",2026-07-06 15:56:00,"T5","34C","T5_34C_65g","G11",65,"blank",NA,"111dpf",NA,NA,"622",""
"880",20260706,"NIFA_Resazurin_34_T5_06072026_1556_g65",2026-07-06 15:56:00,"T5","34C","T5_34C_65g","G12",65,"shell",NA,"111dpf",NA,NA,"869",""
