"","Date","filename","time","timepoint","Treatment","PlateID","Well","Type","Family","Age","Area_ImageJ","Count","flourescence","Note"
"1",20260504,"Resaz_Assay_T0_26C_260504_1105",2026-09-02 11:05:00,"T0","26C","plate_1_26","A1","Sample",1,"48dpf",11.4389,1,426,""
"2",20260504,"Resaz_Assay_T0_26C_260504_1105",2026-09-02 11:05:00,"T0","26C","plate_1_26","A2","Sample",3,"48dpf",16.7192,1,808,""
"3",20260504,"Resaz_Assay_T0_26C_260504_1105",2026-09-02 11:05:00,"T0","26C","plate_1_26","A3","Sample",4,"48dpf",15.3351,1,342,""
"4",20260504,"Resaz_Assay_T0_26C_260504_1105",2026-09-02 11:05:00,"T0","26C","plate_1_26","A4","Sample",5,"48dpf",12.1926,1,346,""
"5",20260504,"Resaz_Assay_T0_26C_260504_1105",2026-09-02 11:05:00,"T0","26C","plate_1_26","A5","Sample",6,"48dpf",11.5207,1,374,""
"6",20260504,"Resaz_Assay_T0_26C_260504_1105",2026-09-02 11:05:00,"T0","26C","plate_1_26","A6","Sample",8,"48dpf",11.2095,1,329,""
"7",20260504,"Resaz_Assay_T0_26C_260504_1105",2026-09-02 11:05:00,"T0","26C","plate_1_26","A7","Sample",52,"48dpf",14.9161,1,538,""
"8",20260504,"Resaz_Assay_T0_26C_260504_1105",2026-09-02 11:05:00,"T0","26C","plate_1_26","A8","Sample",53,"48dpf",11.4953,1,357,""
"9",20260504,"Resaz_Assay_T0_26C_260504_1105",2026-09-02 11:05:00,"T0","26C","plate_1_26","A9","Sample",54,"48dpf",10.9641,1,336,""
"10",20260504,"Resaz_Assay_T0_26C_260504_1105",2026-09-02 11:05:00,"T0","26C","plate_1_26","A10","Sample",55,"48dpf",11.654,1,363,""
"11",20260504,"Resaz_Assay_T0_26C_260504_1105",2026-09-02 11:05:00,"T0","26C","plate_1_26","A11","Sample",56,"48dpf",14.6198,1,340,""
"12",20260504,"Resaz_Assay_T0_26C_260504_1105",2026-09-02 11:05:00,"T0","26C","plate_1_26","A12","Sample",57,"48dpf",12.1058,1,333,""
"13",20260504,"Resaz_Assay_T0_26C_260504_1105",2026-09-02 11:05:00,"T0","26C","plate_1_26","B1","Sample",1,"48dpf",15.4008,1,314,""
"14",20260504,"Resaz_Assay_T0_26C_260504_1105",2026-09-02 11:05:00,"T0","26C","plate_1_26","B2","Sample",3,"48dpf",14.4283,1,350,""
"15",20260504,"Resaz_Assay_T0_26C_260504_1105",2026-09-02 11:05:00,"T0","26C","plate_1_26","B3","Sample",4,"48dpf",15.6239,1,328,""
"16",20260504,"Resaz_Assay_T0_26C_260504_1105",2026-09-02 11:05:00,"T0","26C","plate_1_26","B4","Sample",5,"48dpf",14.3521,1,322,""
"17",20260504,"Resaz_Assay_T0_26C_260504_1105",2026-09-02 11:05:00,"T0","26C","plate_1_26","B5","Sample",6,"48dpf",15.0897,1,342,""
"18",20260504,"Resaz_Assay_T0_26C_260504_1105",2026-09-02 11:05:00,"T0","26C","plate_1_26","B6","Sample",8,"48dpf",16.8419,1,303,""
"19",20260504,"Resaz_Assay_T0_26C_260504_1105",2026-09-02 11:05:00,"T0","26C","plate_1_26","B7","Sample",52,"48dpf",12.0804,1,325,""
"20",20260504,"Resaz_Assay_T0_26C_260504_1105",2026-09-02 11:05:00,"T0","26C","plate_1_26","B8","Sample",53,"48dpf",10.4075,1,325,""
"21",20260504,"Resaz_Assay_T0_26C_260504_1105",2026-09-02 11:05:00,"T0","26C","plate_1_26","B9","Sample",54,"48dpf",6.6055,1,375,""
"22",20260504,"Resaz_Assay_T0_26C_260504_1105",2026-09-02 11:05:00,"T0","26C","plate_1_26","B10","Sample",55,"48dpf",8.3556,1,361,""
"23",20260504,"Resaz_Assay_T0_26C_260504_1105",2026-09-02 11:05:00,"T0","26C","plate_1_26","B11","Sample",56,"48dpf",10.9561,1,330,""
"24",20260504,"Resaz_Assay_T0_26C_260504_1105",2026-09-02 11:05:00,"T0","26C","plate_1_26","B12","Sample",57,"48dpf",9.3432,1,341,""
"25",20260504,"Resaz_Assay_T0_26C_260504_1105",2026-09-02 11:05:00,"T0","26C","plate_1_26","C1","Sample",1,"48dpf",14.9501,1,326,""
"26",20260504,"Resaz_Assay_T0_26C_260504_1105",2026-09-02 11:05:00,"T0","26C","plate_1_26","C2","Sample",3,"48dpf",15.2848,1,386,""
"27",20260504,"Resaz_Assay_T0_26C_260504_1105",2026-09-02 11:05:00,"T0","26C","plate_1_26","C3","Sample",4,"48dpf",18.0444,1,348,""
"28",20260504,"Resaz_Assay_T0_26C_260504_1105",2026-09-02 11:05:00,"T0","26C","plate_1_26","C4","Sample",5,"48dpf",17.5726,1,317,""
"29",20260504,"Resaz_Assay_T0_26C_260504_1105",2026-09-02 11:05:00,"T0","26C","plate_1_26","C5","Sample",6,"48dpf",17.7427,1,328,""
"30",20260504,"Resaz_Assay_T0_26C_260504_1105",2026-09-02 11:05:00,"T0","26C","plate_1_26","C6","Sample",8,"48dpf",10.3197,1,335,""
"31",20260504,"Resaz_Assay_T0_26C_260504_1105",2026-09-02 11:05:00,"T0","26C","plate_1_26","C7","Sample",52,"48dpf",10.9122,1,371,""
"32",20260504,"Resaz_Assay_T0_26C_260504_1105",2026-09-02 11:05:00,"T0","26C","plate_1_26","C8","Sample",53,"48dpf",12.1851,1,310,""
"33",20260504,"Resaz_Assay_T0_26C_260504_1105",2026-09-02 11:05:00,"T0","26C","plate_1_26","C9","Sample",54,"48dpf",10.5282,1,332,""
"34",20260504,"Resaz_Assay_T0_26C_260504_1105",2026-09-02 11:05:00,"T0","26C","plate_1_26","C10","Sample",55,"48dpf",10.5501,1,369,""
"35",20260504,"Resaz_Assay_T0_26C_260504_1105",2026-09-02 11:05:00,"T0","26C","plate_1_26","C11","Sample",56,"48dpf",14.6539,1,315,""
"36",20260504,"Resaz_Assay_T0_26C_260504_1105",2026-09-02 11:05:00,"T0","26C","plate_1_26","C12","Sample",57,"48dpf",11.9985,1,345,""
"37",20260504,"Resaz_Assay_T0_26C_260504_1105",2026-09-02 11:05:00,"T0","26C","plate_1_26","D1","Sample",1,"48dpf",13.0958,1,353,""
"38",20260504,"Resaz_Assay_T0_26C_260504_1105",2026-09-02 11:05:00,"T0","26C","plate_1_26","D2","Sample",3,"48dpf",12.7392,1,330,""
"39",20260504,"Resaz_Assay_T0_26C_260504_1105",2026-09-02 11:05:00,"T0","26C","plate_1_26","D3","Sample",4,"48dpf",10.0948,1,347,""
"40",20260504,"Resaz_Assay_T0_26C_260504_1105",2026-09-02 11:05:00,"T0","26C","plate_1_26","D4","Sample",5,"48dpf",8.4983,1,354,""
"41",20260504,"Resaz_Assay_T0_26C_260504_1105",2026-09-02 11:05:00,"T0","26C","plate_1_26","D5","Sample",6,"48dpf",8.7726,1,348,""
"42",20260504,"Resaz_Assay_T0_26C_260504_1105",2026-09-02 11:05:00,"T0","26C","plate_1_26","D6","Sample",8,"48dpf",14.407,1,346,""
"43",20260504,"Resaz_Assay_T0_26C_260504_1105",2026-09-02 11:05:00,"T0","26C","plate_1_26","D7","Sample",52,"48dpf",13.2549,1,308,""
"44",20260504,"Resaz_Assay_T0_26C_260504_1105",2026-09-02 11:05:00,"T0","26C","plate_1_26","D8","Sample",53,"48dpf",13.5511,1,317,""
"45",20260504,"Resaz_Assay_T0_26C_260504_1105",2026-09-02 11:05:00,"T0","26C","plate_1_26","D9","Sample",54,"48dpf",11.1811,1,361,""
"46",20260504,"Resaz_Assay_T0_26C_260504_1105",2026-09-02 11:05:00,"T0","26C","plate_1_26","D10","Sample",55,"48dpf",14.2918,1,363,""
"47",20260504,"Resaz_Assay_T0_26C_260504_1105",2026-09-02 11:05:00,"T0","26C","plate_1_26","D11","Sample",56,"48dpf",10.007,1,330,""
"48",20260504,"Resaz_Assay_T0_26C_260504_1105",2026-09-02 11:05:00,"T0","26C","plate_1_26","D12","Sample",57,"48dpf",11.7791,1,333,""
"49",20260504,"Resaz_Assay_T0_26C_260504_1105",2026-09-02 11:05:00,"T0","26C","plate_1_26","E1","Sample",1,"48dpf",12.3551,1,384,""
"50",20260504,"Resaz_Assay_T0_26C_260504_1105",2026-09-02 11:05:00,"T0","26C","plate_1_26","E2","Sample",3,"48dpf",20.2718,1,321,""
"51",20260504,"Resaz_Assay_T0_26C_260504_1105",2026-09-02 11:05:00,"T0","26C","plate_1_26","E3","Sample",4,"48dpf",14.7526,1,354,""
"52",20260504,"Resaz_Assay_T0_26C_260504_1105",2026-09-02 11:05:00,"T0","26C","plate_1_26","E4","Sample",5,"48dpf",11.4718,1,304,""
"53",20260504,"Resaz_Assay_T0_26C_260504_1105",2026-09-02 11:05:00,"T0","26C","plate_1_26","E5","Sample",6,"48dpf",8.3501,1,371,""
"54",20260504,"Resaz_Assay_T0_26C_260504_1105",2026-09-02 11:05:00,"T0","26C","plate_1_26","E6","Sample",8,"48dpf",14.2753,1,312,""
"55",20260504,"Resaz_Assay_T0_26C_260504_1105",2026-09-02 11:05:00,"T0","26C","plate_1_26","E7","Sample",52,"48dpf",10.8848,1,339,""
"56",20260504,"Resaz_Assay_T0_26C_260504_1105",2026-09-02 11:05:00,"T0","26C","plate_1_26","E8","Sample",53,"48dpf",14.7856,1,304,""
"57",20260504,"Resaz_Assay_T0_26C_260504_1105",2026-09-02 11:05:00,"T0","26C","plate_1_26","E9","Sample",54,"48dpf",11.1481,1,328,""
"58",20260504,"Resaz_Assay_T0_26C_260504_1105",2026-09-02 11:05:00,"T0","26C","plate_1_26","E10","Sample",55,"48dpf",15.2299,1,338,""
"59",20260504,"Resaz_Assay_T0_26C_260504_1105",2026-09-02 11:05:00,"T0","26C","plate_1_26","E11","Sample",56,"48dpf",14.8898,1,303,""
"60",20260504,"Resaz_Assay_T0_26C_260504_1105",2026-09-02 11:05:00,"T0","26C","plate_1_26","E12","Sample",57,"48dpf",12.9092,1,359,""
"61",20260504,"Resaz_Assay_T0_26C_260504_1105",2026-09-02 11:05:00,"T0","26C","plate_1_26","F1","Sample",1,"48dpf",11.2579,1,392,""
"62",20260504,"Resaz_Assay_T0_26C_260504_1105",2026-09-02 11:05:00,"T0","26C","plate_1_26","F2","Sample",3,"48dpf",14.0339,1,345,""
"63",20260504,"Resaz_Assay_T0_26C_260504_1105",2026-09-02 11:05:00,"T0","26C","plate_1_26","F3","Sample",4,"48dpf",8.6025,1,356,""
"64",20260504,"Resaz_Assay_T0_26C_260504_1105",2026-09-02 11:05:00,"T0","26C","plate_1_26","F4","Sample",5,"48dpf",14.7142,1,352,""
"65",20260504,"Resaz_Assay_T0_26C_260504_1105",2026-09-02 11:05:00,"T0","26C","plate_1_26","F5","Sample",6,"48dpf",10.424,1,372,""
"66",20260504,"Resaz_Assay_T0_26C_260504_1105",2026-09-02 11:05:00,"T0","26C","plate_1_26","F6","Sample",8,"48dpf",10.8025,1,326,""
"67",20260504,"Resaz_Assay_T0_26C_260504_1105",2026-09-02 11:05:00,"T0","26C","plate_1_26","F7","Sample",52,"48dpf",5.0693,1,411,""
"68",20260504,"Resaz_Assay_T0_26C_260504_1105",2026-09-02 11:05:00,"T0","26C","plate_1_26","F8","Sample",53,"48dpf",5.9636,1,335,""
"69",20260504,"Resaz_Assay_T0_26C_260504_1105",2026-09-02 11:05:00,"T0","26C","plate_1_26","F9","Sample",54,"48dpf",8.3446,1,362,""
"70",20260504,"Resaz_Assay_T0_26C_260504_1105",2026-09-02 11:05:00,"T0","26C","plate_1_26","F10","Sample",55,"48dpf",13.1561,1,359,""
"71",20260504,"Resaz_Assay_T0_26C_260504_1105",2026-09-02 11:05:00,"T0","26C","plate_1_26","F11","Sample",56,"48dpf",7.198,1,342,""
"72",20260504,"Resaz_Assay_T0_26C_260504_1105",2026-09-02 11:05:00,"T0","26C","plate_1_26","F12","Sample",57,"48dpf",12.004,1,272,""
"73",20260504,"Resaz_Assay_T0_26C_260504_1105",2026-09-02 11:05:00,"T0","26C","plate_1_26","G1","Sample",1,"48dpf",11.3511,1,445,""
"74",20260504,"Resaz_Assay_T0_26C_260504_1105",2026-09-02 11:05:00,"T0","26C","plate_1_26","G2","Sample",3,"48dpf",14.4673,1,345,""
"75",20260504,"Resaz_Assay_T0_26C_260504_1105",2026-09-02 11:05:00,"T0","26C","plate_1_26","G3","Sample",4,"48dpf",9.409,1,342,""
"76",20260504,"Resaz_Assay_T0_26C_260504_1105",2026-09-02 11:05:00,"T0","26C","plate_1_26","G4","Sample",5,"48dpf",10.9726,1,348,""
"77",20260504,"Resaz_Assay_T0_26C_260504_1105",2026-09-02 11:05:00,"T0","26C","plate_1_26","G5","Sample",6,"48dpf",14.9885,1,331,""
"78",20260504,"Resaz_Assay_T0_26C_260504_1105",2026-09-02 11:05:00,"T0","26C","plate_1_26","G6","Sample",8,"48dpf",16.991,1,323,""
"79",20260504,"Resaz_Assay_T0_26C_260504_1105",2026-09-02 11:05:00,"T0","26C","plate_1_26","G7","Sample",52,"48dpf",13.008,1,343,""
"80",20260504,"Resaz_Assay_T0_26C_260504_1105",2026-09-02 11:05:00,"T0","26C","plate_1_26","G8","Sample",53,"48dpf",9.1566,1,343,""
"81",20260504,"Resaz_Assay_T0_26C_260504_1105",2026-09-02 11:05:00,"T0","26C","plate_1_26","G9","Sample",54,"48dpf",12.4374,1,340,""
"82",20260504,"Resaz_Assay_T0_26C_260504_1105",2026-09-02 11:05:00,"T0","26C","plate_1_26","G10","Sample",55,"48dpf",12.015,1,344,""
"83",20260504,"Resaz_Assay_T0_26C_260504_1105",2026-09-02 11:05:00,"T0","26C","plate_1_26","G11","Sample",56,"48dpf",8.3831,1,352,""
"84",20260504,"Resaz_Assay_T0_26C_260504_1105",2026-09-02 11:05:00,"T0","26C","plate_1_26","G12","Sample",57,"48dpf",13.3866,1,332,""
"85",20260504,"Resaz_Assay_T0_26C_260504_1105",2026-09-02 11:05:00,"T0","26C","plate_1_26","H1","Blank",NA,"48dpf",NA,NA,424,""
"86",20260504,"Resaz_Assay_T0_26C_260504_1105",2026-09-02 11:05:00,"T0","26C","plate_1_26","H2","Blank",NA,"48dpf",16.2065,1,368,"empty shell"
"87",20260504,"Resaz_Assay_T0_26C_260504_1105",2026-09-02 11:05:00,"T0","26C","plate_1_26","H3","Blank",NA,"48dpf",NA,NA,373,""
"88",20260504,"Resaz_Assay_T0_26C_260504_1105",2026-09-02 11:05:00,"T0","26C","plate_1_26","H4","Blank",NA,"48dpf",15.5372,1,357,"empty shell"
"89",20260504,"Resaz_Assay_T0_26C_260504_1105",2026-09-02 11:05:00,"T0","26C","plate_1_26","H5","Blank",NA,"48dpf",NA,NA,392,""
"90",20260504,"Resaz_Assay_T0_26C_260504_1105",2026-09-02 11:05:00,"T0","26C","plate_1_26","H6","Blank",NA,"48dpf",21.3033,1,334,"empty shell"
"91",20260504,"Resaz_Assay_T0_26C_260504_1105",2026-09-02 11:05:00,"T0","26C","plate_1_26","H7","Blank",NA,"48dpf",NA,NA,347,""
"92",20260504,"Resaz_Assay_T0_26C_260504_1105",2026-09-02 11:05:00,"T0","26C","plate_1_26","H8","Blank",NA,"48dpf",24.2768,1,333,"empty shell"
"93",20260504,"Resaz_Assay_T0_26C_260504_1105",2026-09-02 11:05:00,"T0","26C","plate_1_26","H9","Blank",NA,"48dpf",NA,NA,363,""
"94",20260504,"Resaz_Assay_T0_26C_260504_1105",2026-09-02 11:05:00,"T0","26C","plate_1_26","H10","Blank",NA,"48dpf",15.8225,1,345,"empty shell"
"95",20260504,"Resaz_Assay_T0_26C_260504_1105",2026-09-02 11:05:00,"T0","26C","plate_1_26","H11","Blank",NA,"48dpf",NA,NA,394,""
"96",20260504,"Resaz_Assay_T0_26C_260504_1105",2026-09-02 11:05:00,"T0","26C","plate_1_26","H12","Blank",NA,"48dpf",16.6509,1,318,"empty shell"
"97",20260504,"Resaz_Assay_T0_30C_260504_1111",2026-09-02 11:11:00,"T0","30C","plate_2_30","A1","Sample",1,"48dpf",12.9599,1,338,""
"98",20260504,"Resaz_Assay_T0_30C_260504_1111",2026-09-02 11:11:00,"T0","30C","plate_2_30","A2","Sample",3,"48dpf",12.3686,1,406,""
"99",20260504,"Resaz_Assay_T0_30C_260504_1111",2026-09-02 11:11:00,"T0","30C","plate_2_30","A3","Sample",4,"48dpf",11.9415,1,325,""
"100",20260504,"Resaz_Assay_T0_30C_260504_1111",2026-09-02 11:11:00,"T0","30C","plate_2_30","A4","Sample",5,"48dpf",11.0874,1,388,""
"101",20260504,"Resaz_Assay_T0_30C_260504_1111",2026-09-02 11:11:00,"T0","30C","plate_2_30","A5","Sample",6,"48dpf",12.73,1,358,""
"102",20260504,"Resaz_Assay_T0_30C_260504_1111",2026-09-02 11:11:00,"T0","30C","plate_2_30","A6","Sample",8,"48dpf",13.0749,1,327,""
"103",20260504,"Resaz_Assay_T0_30C_260504_1111",2026-09-02 11:11:00,"T0","30C","plate_2_30","A7","Sample",52,"48dpf",10.841,1,1256,""
"104",20260504,"Resaz_Assay_T0_30C_260504_1111",2026-09-02 11:11:00,"T0","30C","plate_2_30","A8","Sample",53,"48dpf",13.2063,1,395,""
"105",20260504,"Resaz_Assay_T0_30C_260504_1111",2026-09-02 11:11:00,"T0","30C","plate_2_30","A9","Sample",54,"48dpf",13.4855,1,384,""
"106",20260504,"Resaz_Assay_T0_30C_260504_1111",2026-09-02 11:11:00,"T0","30C","plate_2_30","A10","Sample",55,"48dpf",21.8463,1,429,""
"107",20260504,"Resaz_Assay_T0_30C_260504_1111",2026-09-02 11:11:00,"T0","30C","plate_2_30","A11","Sample",56,"48dpf",8.7221,1,379,""
"108",20260504,"Resaz_Assay_T0_30C_260504_1111",2026-09-02 11:11:00,"T0","30C","plate_2_30","A12","Sample",57,"48dpf",9.7733,1,345,""
"109",20260504,"Resaz_Assay_T0_30C_260504_1111",2026-09-02 11:11:00,"T0","30C","plate_2_30","B1","Sample",1,"48dpf",10.7753,1,371,""
"110",20260504,"Resaz_Assay_T0_30C_260504_1111",2026-09-02 11:11:00,"T0","30C","plate_2_30","B2","Sample",3,"48dpf",20.6307,1,344,""
"111",20260504,"Resaz_Assay_T0_30C_260504_1111",2026-09-02 11:11:00,"T0","30C","plate_2_30","B3","Sample",4,"48dpf",15.0624,1,353,""
"112",20260504,"Resaz_Assay_T0_30C_260504_1111",2026-09-02 11:11:00,"T0","30C","plate_2_30","B4","Sample",5,"48dpf",13.7648,1,360,""
"113",20260504,"Resaz_Assay_T0_30C_260504_1111",2026-09-02 11:11:00,"T0","30C","plate_2_30","B5","Sample",6,"48dpf",17.8055,1,289,""
"114",20260504,"Resaz_Assay_T0_30C_260504_1111",2026-09-02 11:11:00,"T0","30C","plate_2_30","B6","Sample",8,"48dpf",10.2989,1,354,""
"115",20260504,"Resaz_Assay_T0_30C_260504_1111",2026-09-02 11:11:00,"T0","30C","plate_2_30","B7","Sample",52,"48dpf",14.159,1,343,""
"116",20260504,"Resaz_Assay_T0_30C_260504_1111",2026-09-02 11:11:00,"T0","30C","plate_2_30","B8","Sample",53,"48dpf",13.9126,1,353,""
"117",20260504,"Resaz_Assay_T0_30C_260504_1111",2026-09-02 11:11:00,"T0","30C","plate_2_30","B9","Sample",54,"48dpf",12.9763,1,340,""
"118",20260504,"Resaz_Assay_T0_30C_260504_1111",2026-09-02 11:11:00,"T0","30C","plate_2_30","B10","Sample",55,"48dpf",17.1321,1,334,""
"119",20260504,"Resaz_Assay_T0_30C_260504_1111",2026-09-02 11:11:00,"T0","30C","plate_2_30","B11","Sample",56,"48dpf",6.1761,1,361,""
"120",20260504,"Resaz_Assay_T0_30C_260504_1111",2026-09-02 11:11:00,"T0","30C","plate_2_30","B12","Sample",57,"48dpf",6.0118,1,389,""
"121",20260504,"Resaz_Assay_T0_30C_260504_1111",2026-09-02 11:11:00,"T0","30C","plate_2_30","C1","Sample",1,"48dpf",10.7753,1,368,""
"122",20260504,"Resaz_Assay_T0_30C_260504_1111",2026-09-02 11:11:00,"T0","30C","plate_2_30","C2","Sample",3,"48dpf",14.931,1,351,""
"123",20260504,"Resaz_Assay_T0_30C_260504_1111",2026-09-02 11:11:00,"T0","30C","plate_2_30","C3","Sample",4,"48dpf",14.892,1,358,""
"124",20260504,"Resaz_Assay_T0_30C_260504_1111",2026-09-02 11:11:00,"T0","30C","plate_2_30","C4","Sample",5,"48dpf",10.1183,1,346,""
"125",20260504,"Resaz_Assay_T0_30C_260504_1111",2026-09-02 11:11:00,"T0","30C","plate_2_30","C5","Sample",6,"48dpf",18.3804,1,315,""
"126",20260504,"Resaz_Assay_T0_30C_260504_1111",2026-09-02 11:11:00,"T0","30C","plate_2_30","C6","Sample",8,"48dpf",14.6682,1,360,""
"127",20260504,"Resaz_Assay_T0_30C_260504_1111",2026-09-02 11:11:00,"T0","30C","plate_2_30","C7","Sample",52,"48dpf",14.3397,1,333,""
"128",20260504,"Resaz_Assay_T0_30C_260504_1111",2026-09-02 11:11:00,"T0","30C","plate_2_30","C8","Sample",53,"48dpf",2.4474,1,415,""
"129",20260504,"Resaz_Assay_T0_30C_260504_1111",2026-09-02 11:11:00,"T0","30C","plate_2_30","C9","Sample",54,"48dpf",14.6518,1,354,""
"130",20260504,"Resaz_Assay_T0_30C_260504_1111",2026-09-02 11:11:00,"T0","30C","plate_2_30","C10","Sample",55,"48dpf",11.3502,1,490,""
"131",20260504,"Resaz_Assay_T0_30C_260504_1111",2026-09-02 11:11:00,"T0","30C","plate_2_30","C11","Sample",56,"48dpf",17.5427,1,334,""
"132",20260504,"Resaz_Assay_T0_30C_260504_1111",2026-09-02 11:11:00,"T0","30C","plate_2_30","C12","Sample",57,"48dpf",14.4875,1,375,""
"133",20260504,"Resaz_Assay_T0_30C_260504_1111",2026-09-02 11:11:00,"T0","30C","plate_2_30","D1","Sample",1,"48dpf",10.2989,1,367,""
"134",20260504,"Resaz_Assay_T0_30C_260504_1111",2026-09-02 11:11:00,"T0","30C","plate_2_30","D2","Sample",3,"48dpf",16.7707,1,347,""
"135",20260504,"Resaz_Assay_T0_30C_260504_1111",2026-09-02 11:11:00,"T0","30C","plate_2_30","D3","Sample",4,"48dpf",17.5756,1,325,""
"136",20260504,"Resaz_Assay_T0_30C_260504_1111",2026-09-02 11:11:00,"T0","30C","plate_2_30","D4","Sample",5,"48dpf",14.4711,1,370,""
"137",20260504,"Resaz_Assay_T0_30C_260504_1111",2026-09-02 11:11:00,"T0","30C","plate_2_30","D5","Sample",6,"48dpf",19.2838,1,296,""
"138",20260504,"Resaz_Assay_T0_30C_260504_1111",2026-09-02 11:11:00,"T0","30C","plate_2_30","D6","Sample",8,"48dpf",18.6432,1,334,""
"139",20260504,"Resaz_Assay_T0_30C_260504_1111",2026-09-02 11:11:00,"T0","30C","plate_2_30","D7","Sample",52,"48dpf",7.6216,1,364,""
"140",20260504,"Resaz_Assay_T0_30C_260504_1111",2026-09-02 11:11:00,"T0","30C","plate_2_30","D8","Sample",53,"48dpf",9.8555,1,360,""
"141",20260504,"Resaz_Assay_T0_30C_260504_1111",2026-09-02 11:11:00,"T0","30C","plate_2_30","D9","Sample",54,"48dpf",15.588,1,373,""
"142",20260504,"Resaz_Assay_T0_30C_260504_1111",2026-09-02 11:11:00,"T0","30C","plate_2_30","D10","Sample",55,"48dpf",11.1531,1,360,""
"143",20260504,"Resaz_Assay_T0_30C_260504_1111",2026-09-02 11:11:00,"T0","30C","plate_2_30","D11","Sample",56,"48dpf",10.7753,1,341,""
"144",20260504,"Resaz_Assay_T0_30C_260504_1111",2026-09-02 11:11:00,"T0","30C","plate_2_30","D12","Sample",57,"48dpf",10.3647,1,358,""
"145",20260504,"Resaz_Assay_T0_30C_260504_1111",2026-09-02 11:11:00,"T0","30C","plate_2_30","E1","Sample",1,"48dpf",10.7096,1,370,""
"146",20260504,"Resaz_Assay_T0_30C_260504_1111",2026-09-02 11:11:00,"T0","30C","plate_2_30","E2","Sample",3,"48dpf",22.8647,1,332,""
"147",20260504,"Resaz_Assay_T0_30C_260504_1111",2026-09-02 11:11:00,"T0","30C","plate_2_30","E3","Sample",4,"48dpf",14.8817,1,324,""
"148",20260504,"Resaz_Assay_T0_30C_260504_1111",2026-09-02 11:11:00,"T0","30C","plate_2_30","E4","Sample",5,"48dpf",11.9744,1,358,""
"149",20260504,"Resaz_Assay_T0_30C_260504_1111",2026-09-02 11:11:00,"T0","30C","plate_2_30","E5","Sample",6,"48dpf",11.3502,1,323,""
"150",20260504,"Resaz_Assay_T0_30C_260504_1111",2026-09-02 11:11:00,"T0","30C","plate_2_30","E6","Sample",8,"48dpf",11.4652,1,352,""
"151",20260504,"Resaz_Assay_T0_30C_260504_1111",2026-09-02 11:11:00,"T0","30C","plate_2_30","E7","Sample",52,"48dpf",11.5473,1,347,""
"152",20260504,"Resaz_Assay_T0_30C_260504_1111",2026-09-02 11:11:00,"T0","30C","plate_2_30","E8","Sample",53,"48dpf",18.0191,1,338,""
"153",20260504,"Resaz_Assay_T0_30C_260504_1111",2026-09-02 11:11:00,"T0","30C","plate_2_30","E9","Sample",54,"48dpf",9.3463,1,512,""
"154",20260504,"Resaz_Assay_T0_30C_260504_1111",2026-09-02 11:11:00,"T0","30C","plate_2_30","E10","Sample",55,"48dpf",17.6905,1,338,""
"155",20260504,"Resaz_Assay_T0_30C_260504_1111",2026-09-02 11:11:00,"T0","30C","plate_2_30","E11","Sample",56,"48dpf",19.364,1,324,""
"156",20260504,"Resaz_Assay_T0_30C_260504_1111",2026-09-02 11:11:00,"T0","30C","plate_2_30","E12","Sample",57,"48dpf",13.0913,1,341,""
"157",20260504,"Resaz_Assay_T0_30C_260504_1111",2026-09-02 11:11:00,"T0","30C","plate_2_30","F1","Sample",1,"48dpf",11.3995,1,358,""
"158",20260504,"Resaz_Assay_T0_30C_260504_1111",2026-09-02 11:11:00,"T0","30C","plate_2_30","F2","Sample",3,"48dpf",17.8219,1,327,""
"159",20260504,"Resaz_Assay_T0_30C_260504_1111",2026-09-02 11:11:00,"T0","30C","plate_2_30","F3","Sample",4,"48dpf",14.3068,1,307,""
"160",20260504,"Resaz_Assay_T0_30C_260504_1111",2026-09-02 11:11:00,"T0","30C","plate_2_30","F4","Sample",5,"48dpf",15.9166,1,355,""
"161",20260504,"Resaz_Assay_T0_30C_260504_1111",2026-09-02 11:11:00,"T0","30C","plate_2_30","F5","Sample",6,"48dpf",16.7871,1,279,""
"162",20260504,"Resaz_Assay_T0_30C_260504_1111",2026-09-02 11:11:00,"T0","30C","plate_2_30","F6","Sample",8,"48dpf",8.5414,1,326,""
"163",20260504,"Resaz_Assay_T0_30C_260504_1111",2026-09-02 11:11:00,"T0","30C","plate_2_30","F7","Sample",52,"48dpf",14.5861,1,343,""
"164",20260504,"Resaz_Assay_T0_30C_260504_1111",2026-09-02 11:11:00,"T0","30C","plate_2_30","F8","Sample",53,"48dpf",10.7917,1,360,""
"165",20260504,"Resaz_Assay_T0_30C_260504_1111",2026-09-02 11:11:00,"T0","30C","plate_2_30","F9","Sample",54,"48dpf",14.4711,1,613,""
"166",20260504,"Resaz_Assay_T0_30C_260504_1111",2026-09-02 11:11:00,"T0","30C","plate_2_30","F10","Sample",55,"48dpf",7.9172,1,298,""
"167",20260504,"Resaz_Assay_T0_30C_260504_1111",2026-09-02 11:11:00,"T0","30C","plate_2_30","F11","Sample",56,"48dpf",11.0217,1,355,""
"168",20260504,"Resaz_Assay_T0_30C_260504_1111",2026-09-02 11:11:00,"T0","30C","plate_2_30","F12","Sample",57,"48dpf",11.7116,1,362,""
"169",20260504,"Resaz_Assay_T0_30C_260504_1111",2026-09-02 11:11:00,"T0","30C","plate_2_30","G1","Sample",1,"48dpf",19.4317,1,332,""
"170",20260504,"Resaz_Assay_T0_30C_260504_1111",2026-09-02 11:11:00,"T0","30C","plate_2_30","G2","Sample",3,"48dpf",19.6452,1,356,""
"171",20260504,"Resaz_Assay_T0_30C_260504_1111",2026-09-02 11:11:00,"T0","30C","plate_2_30","G3","Sample",4,"48dpf",17.1321,1,336,""
"172",20260504,"Resaz_Assay_T0_30C_260504_1111",2026-09-02 11:11:00,"T0","30C","plate_2_30","G4","Sample",5,"48dpf",11.6787,1,337,""
"173",20260504,"Resaz_Assay_T0_30C_260504_1111",2026-09-02 11:11:00,"T0","30C","plate_2_30","G5","Sample",6,"48dpf",15.0953,1,321,""
"174",20260504,"Resaz_Assay_T0_30C_260504_1111",2026-09-02 11:11:00,"T0","30C","plate_2_30","G6","Sample",8,"48dpf",16.2779,1,337,""
"175",20260504,"Resaz_Assay_T0_30C_260504_1111",2026-09-02 11:11:00,"T0","30C","plate_2_30","G7","Sample",52,"48dpf",8.3607,1,354,""
"176",20260504,"Resaz_Assay_T0_30C_260504_1111",2026-09-02 11:11:00,"T0","30C","plate_2_30","G8","Sample",53,"48dpf",9.3791,1,472,""
"177",20260504,"Resaz_Assay_T0_30C_260504_1111",2026-09-02 11:11:00,"T0","30C","plate_2_30","G9","Sample",54,"48dpf",18.5283,1,352,""
"178",20260504,"Resaz_Assay_T0_30C_260504_1111",2026-09-02 11:11:00,"T0","30C","plate_2_30","G10","Sample",55,"48dpf",16.9514,1,360,""
"179",20260504,"Resaz_Assay_T0_30C_260504_1111",2026-09-02 11:11:00,"T0","30C","plate_2_30","G11","Sample",56,"48dpf",12.0072,1,360,""
"180",20260504,"Resaz_Assay_T0_30C_260504_1111",2026-09-02 11:11:00,"T0","30C","plate_2_30","G12","Sample",57,"48dpf",16.4586,1,358,""
"181",20260504,"Resaz_Assay_T0_30C_260504_1111",2026-09-02 11:11:00,"T0","30C","plate_2_30","H1","Blank",NA,"48dpf",NA,NA,396,""
"182",20260504,"Resaz_Assay_T0_30C_260504_1111",2026-09-02 11:11:00,"T0","30C","plate_2_30","H2","Blank",NA,"48dpf",14.7175,1,376,"empty shell"
"183",20260504,"Resaz_Assay_T0_30C_260504_1111",2026-09-02 11:11:00,"T0","30C","plate_2_30","H3","Blank",NA,"48dpf",NA,NA,378,""
"184",20260504,"Resaz_Assay_T0_30C_260504_1111",2026-09-02 11:11:00,"T0","30C","plate_2_30","H4","Blank",NA,"48dpf",19.4317,1,364,"empty shell"
"185",20260504,"Resaz_Assay_T0_30C_260504_1111",2026-09-02 11:11:00,"T0","30C","plate_2_30","H5","Blank",NA,"48dpf",NA,NA,368,""
"186",20260504,"Resaz_Assay_T0_30C_260504_1111",2026-09-02 11:11:00,"T0","30C","plate_2_30","H6","Blank",NA,"48dpf",19.6616,1,356,"empty shell"
"187",20260504,"Resaz_Assay_T0_30C_260504_1111",2026-09-02 11:11:00,"T0","30C","plate_2_30","H7","Blank",NA,"48dpf",NA,NA,358,""
"188",20260504,"Resaz_Assay_T0_30C_260504_1111",2026-09-02 11:11:00,"T0","30C","plate_2_30","H8","Blank",NA,"48dpf",23.8995,1,369,"empty shell"
"189",20260504,"Resaz_Assay_T0_30C_260504_1111",2026-09-02 11:11:00,"T0","30C","plate_2_30","H9","Blank",NA,"48dpf",NA,NA,380,""
"190",20260504,"Resaz_Assay_T0_30C_260504_1111",2026-09-02 11:11:00,"T0","30C","plate_2_30","H10","Blank",NA,"48dpf",10.2858,1,338,"empty shell"
"191",20260504,"Resaz_Assay_T0_30C_260504_1111",2026-09-02 11:11:00,"T0","30C","plate_2_30","H11","Blank",NA,"48dpf",NA,NA,397,""
"192",20260504,"Resaz_Assay_T0_30C_260504_1111",2026-09-02 11:11:00,"T0","30C","plate_2_30","H12","Blank",NA,"48dpf",15.8344,1,359,"empty shell"
"193",20260504,"Resaz_Assay_T0_34C_260504_1121",2026-09-02 11:21:00,"T0","34C","plate_3_34","A1","Sample",1,"48dpf",12.5209,1,372,""
"194",20260504,"Resaz_Assay_T0_34C_260504_1121",2026-09-02 11:21:00,"T0","34C","plate_3_34","A2","Sample",3,"48dpf",12.1401,1,344,""
"195",20260504,"Resaz_Assay_T0_34C_260504_1121",2026-09-02 11:21:00,"T0","34C","plate_3_34","A3","Sample",4,"48dpf",11.211,1,392,""
"196",20260504,"Resaz_Assay_T0_34C_260504_1121",2026-09-02 11:21:00,"T0","34C","plate_3_34","A4","Sample",5,"48dpf",10.8911,1,314,""
"197",20260504,"Resaz_Assay_T0_34C_260504_1121",2026-09-02 11:21:00,"T0","34C","plate_3_34","A5","Sample",6,"48dpf",12.1706,1,431,""
"198",20260504,"Resaz_Assay_T0_34C_260504_1121",2026-09-02 11:21:00,"T0","34C","plate_3_34","A6","Sample",8,"48dpf",12.6276,1,372,""
"199",20260504,"Resaz_Assay_T0_34C_260504_1121",2026-09-02 11:21:00,"T0","34C","plate_3_34","A7","Sample",52,"48dpf",10.3884,1,349,""
"200",20260504,"Resaz_Assay_T0_34C_260504_1121",2026-09-02 11:21:00,"T0","34C","plate_3_34","A8","Sample",53,"48dpf",11.5613,1,415,""
"201",20260504,"Resaz_Assay_T0_34C_260504_1121",2026-09-02 11:21:00,"T0","34C","plate_3_34","A9","Sample",54,"48dpf",12.9018,1,407,""
"202",20260504,"Resaz_Assay_T0_34C_260504_1121",2026-09-02 11:21:00,"T0","34C","plate_3_34","A10","Sample",55,"48dpf",21.0053,1,431,""
"203",20260504,"Resaz_Assay_T0_34C_260504_1121",2026-09-02 11:21:00,"T0","34C","plate_3_34","A11","Sample",56,"48dpf",8.2407,1,372,""
"204",20260504,"Resaz_Assay_T0_34C_260504_1121",2026-09-02 11:21:00,"T0","34C","plate_3_34","A12","Sample",57,"48dpf",9.2003,1,393,""
"205",20260504,"Resaz_Assay_T0_34C_260504_1121",2026-09-02 11:21:00,"T0","34C","plate_3_34","B1","Sample",1,"48dpf",10.5864,1,329,""
"206",20260504,"Resaz_Assay_T0_34C_260504_1121",2026-09-02 11:21:00,"T0","34C","plate_3_34","B2","Sample",3,"48dpf",20.3199,1,340,""
"207",20260504,"Resaz_Assay_T0_34C_260504_1121",2026-09-02 11:21:00,"T0","34C","plate_3_34","B3","Sample",4,"48dpf",14.7753,1,371,""
"208",20260504,"Resaz_Assay_T0_34C_260504_1121",2026-09-02 11:21:00,"T0","34C","plate_3_34","B4","Sample",5,"48dpf",13.2978,1,372,""
"209",20260504,"Resaz_Assay_T0_34C_260504_1121",2026-09-02 11:21:00,"T0","34C","plate_3_34","B5","Sample",6,"48dpf",16.6184,1,351,""
"210",20260504,"Resaz_Assay_T0_34C_260504_1121",2026-09-02 11:21:00,"T0","34C","plate_3_34","B6","Sample",8,"48dpf",10.099,1,365,""
"211",20260504,"Resaz_Assay_T0_34C_260504_1121",2026-09-02 11:21:00,"T0","34C","plate_3_34","B7","Sample",52,"48dpf",13.5567,1,483,""
"212",20260504,"Resaz_Assay_T0_34C_260504_1121",2026-09-02 11:21:00,"T0","34C","plate_3_34","B8","Sample",53,"48dpf",13.313,1,349,""
"213",20260504,"Resaz_Assay_T0_34C_260504_1121",2026-09-02 11:21:00,"T0","34C","plate_3_34","B9","Sample",54,"48dpf",12.6885,1,422,""
"214",20260504,"Resaz_Assay_T0_34C_260504_1121",2026-09-02 11:21:00,"T0","34C","plate_3_34","B10","Sample",55,"48dpf",16.3899,1,466,""
"215",20260504,"Resaz_Assay_T0_34C_260504_1121",2026-09-02 11:21:00,"T0","34C","plate_3_34","B11","Sample",56,"48dpf",6.032,1,388,""
"216",20260504,"Resaz_Assay_T0_34C_260504_1121",2026-09-02 11:21:00,"T0","34C","plate_3_34","B12","Sample",57,"48dpf",5.6359,1,376,""
"217",20260504,"Resaz_Assay_T0_34C_260504_1121",2026-09-02 11:21:00,"T0","34C","plate_3_34","C1","Sample",1,"48dpf",10.3123,1,325,""
"218",20260504,"Resaz_Assay_T0_34C_260504_1121",2026-09-02 11:21:00,"T0","34C","plate_3_34","C2","Sample",3,"48dpf",14.5773,1,310,""
"219",20260504,"Resaz_Assay_T0_34C_260504_1121",2026-09-02 11:21:00,"T0","34C","plate_3_34","C3","Sample",4,"48dpf",14.4859,1,383,""
"220",20260504,"Resaz_Assay_T0_34C_260504_1121",2026-09-02 11:21:00,"T0","34C","plate_3_34","C4","Sample",5,"48dpf",9.7182,1,345,""
"221",20260504,"Resaz_Assay_T0_34C_260504_1121",2026-09-02 11:21:00,"T0","34C","plate_3_34","C5","Sample",6,"48dpf",17.6238,1,351,""
"222",20260504,"Resaz_Assay_T0_34C_260504_1121",2026-09-02 11:21:00,"T0","34C","plate_3_34","C6","Sample",8,"48dpf",14.1356,1,350,""
"223",20260504,"Resaz_Assay_T0_34C_260504_1121",2026-09-02 11:21:00,"T0","34C","plate_3_34","C7","Sample",52,"48dpf",13.7395,1,700,""
"224",20260504,"Resaz_Assay_T0_34C_260504_1121",2026-09-02 11:21:00,"T0","34C","plate_3_34","C8","Sample",53,"48dpf",2.2239,1,315,""
"225",20260504,"Resaz_Assay_T0_34C_260504_1121",2026-09-02 11:21:00,"T0","34C","plate_3_34","C9","Sample",54,"48dpf",14.1203,1,418,""
"226",20260504,"Resaz_Assay_T0_34C_260504_1121",2026-09-02 11:21:00,"T0","34C","plate_3_34","C10","Sample",55,"48dpf",10.952,1,655,""
"227",20260504,"Resaz_Assay_T0_34C_260504_1121",2026-09-02 11:21:00,"T0","34C","plate_3_34","C11","Sample",56,"48dpf",16.786,1,495,""
"228",20260504,"Resaz_Assay_T0_34C_260504_1121",2026-09-02 11:21:00,"T0","34C","plate_3_34","C12","Sample",57,"48dpf",13.9832,1,393,""
"229",20260504,"Resaz_Assay_T0_34C_260504_1121",2026-09-02 11:21:00,"T0","34C","plate_3_34","D1","Sample",1,"48dpf",10.0228,1,366,""
"230",20260504,"Resaz_Assay_T0_34C_260504_1121",2026-09-02 11:21:00,"T0","34C","plate_3_34","D2","Sample",3,"48dpf",16.2224,1,359,""
"231",20260504,"Resaz_Assay_T0_34C_260504_1121",2026-09-02 11:21:00,"T0","34C","plate_3_34","D3","Sample",4,"48dpf",17.1973,1,378,""
"232",20260504,"Resaz_Assay_T0_34C_260504_1121",2026-09-02 11:21:00,"T0","34C","plate_3_34","D4","Sample",5,"48dpf",132.9071,1,321,""
"233",20260504,"Resaz_Assay_T0_34C_260504_1121",2026-09-02 11:21:00,"T0","34C","plate_3_34","D5","Sample",6,"48dpf",18.2331,1,323,""
"234",20260504,"Resaz_Assay_T0_34C_260504_1121",2026-09-02 11:21:00,"T0","34C","plate_3_34","D6","Sample",8,"48dpf",17.6999,1,360,""
"235",20260504,"Resaz_Assay_T0_34C_260504_1121",2026-09-02 11:21:00,"T0","34C","plate_3_34","D7","Sample",52,"48dpf",7.4181,1,361,""
"236",20260504,"Resaz_Assay_T0_34C_260504_1121",2026-09-02 11:21:00,"T0","34C","plate_3_34","D8","Sample",53,"48dpf",9.5659,1,340,""
"237",20260504,"Resaz_Assay_T0_34C_260504_1121",2026-09-02 11:21:00,"T0","34C","plate_3_34","D9","Sample",54,"48dpf",15.3846,1,426,""
"238",20260504,"Resaz_Assay_T0_34C_260504_1121",2026-09-02 11:21:00,"T0","34C","plate_3_34","D10","Sample",55,"48dpf",10.8606,1,870,""
"239",20260504,"Resaz_Assay_T0_34C_260504_1121",2026-09-02 11:21:00,"T0","34C","plate_3_34","D11","Sample",56,"48dpf",10.495,1,388,""
"240",20260504,"Resaz_Assay_T0_34C_260504_1121",2026-09-02 11:21:00,"T0","34C","plate_3_34","D12","Sample",57,"48dpf",9.8401,1,407,""
"241",20260504,"Resaz_Assay_T0_34C_260504_1121",2026-09-02 11:21:00,"T0","34C","plate_3_34","E1","Sample",1,"48dpf",10.3884,1,563,""
"242",20260504,"Resaz_Assay_T0_34C_260504_1121",2026-09-02 11:21:00,"T0","34C","plate_3_34","E2","Sample",3,"48dpf",22.4981,1,357,""
"243",20260504,"Resaz_Assay_T0_34C_260504_1121",2026-09-02 11:21:00,"T0","34C","plate_3_34","E3","Sample",4,"48dpf",14.3945,1,364,""
"244",20260504,"Resaz_Assay_T0_34C_260504_1121",2026-09-02 11:21:00,"T0","34C","plate_3_34","E4","Sample",5,"48dpf",11.3176,1,337,""
"245",20260504,"Resaz_Assay_T0_34C_260504_1121",2026-09-02 11:21:00,"T0","34C","plate_3_34","E5","Sample",6,"48dpf",10.9063,1,368,""
"246",20260504,"Resaz_Assay_T0_34C_260504_1121",2026-09-02 11:21:00,"T0","34C","plate_3_34","E6","Sample",8,"48dpf",10.8606,1,331,""
"247",20260504,"Resaz_Assay_T0_34C_260504_1121",2026-09-02 11:21:00,"T0","34C","plate_3_34","E7","Sample",52,"48dpf",10.8911,1,313,""
"248",20260504,"Resaz_Assay_T0_34C_260504_1121",2026-09-02 11:21:00,"T0","34C","plate_3_34","E8","Sample",53,"48dpf",17.1211,1,327,""
"249",20260504,"Resaz_Assay_T0_34C_260504_1121",2026-09-02 11:21:00,"T0","34C","plate_3_34","E9","Sample",54,"48dpf",8.9718,1,400,""
"250",20260504,"Resaz_Assay_T0_34C_260504_1121",2026-09-02 11:21:00,"T0","34C","plate_3_34","E10","Sample",55,"48dpf",16.7403,1,358,""
"251",20260504,"Resaz_Assay_T0_34C_260504_1121",2026-09-02 11:21:00,"T0","34C","plate_3_34","E11","Sample",56,"48dpf",17.3496,1,354,""
"252",20260504,"Resaz_Assay_T0_34C_260504_1121",2026-09-02 11:21:00,"T0","34C","plate_3_34","E12","Sample",57,"48dpf",12.6885,1,363,""
"253",20260504,"Resaz_Assay_T0_34C_260504_1121",2026-09-02 11:21:00,"T0","34C","plate_3_34","F1","Sample",1,"48dpf",11.0739,1,328,""
"254",20260504,"Resaz_Assay_T0_34C_260504_1121",2026-09-02 11:21:00,"T0","34C","plate_3_34","F2","Sample",3,"48dpf",17.4867,1,396,""
"255",20260504,"Resaz_Assay_T0_34C_260504_1121",2026-09-02 11:21:00,"T0","34C","plate_3_34","F3","Sample",4,"48dpf",13.8614,1,359,""
"256",20260504,"Resaz_Assay_T0_34C_260504_1121",2026-09-02 11:21:00,"T0","34C","plate_3_34","F4","Sample",5,"48dpf",15.476,1,325,""
"257",20260504,"Resaz_Assay_T0_34C_260504_1121",2026-09-02 11:21:00,"T0","34C","plate_3_34","F5","Sample",6,"48dpf",15.476,1,315,""
"258",20260504,"Resaz_Assay_T0_34C_260504_1121",2026-09-02 11:21:00,"T0","34C","plate_3_34","F6","Sample",8,"48dpf",8.1645,1,356,""
"259",20260504,"Resaz_Assay_T0_34C_260504_1121",2026-09-02 11:21:00,"T0","34C","plate_3_34","F7","Sample",52,"48dpf",12.1051,1,333,""
"260",20260504,"Resaz_Assay_T0_34C_260504_1121",2026-09-02 11:21:00,"T0","34C","plate_3_34","F8","Sample",53,"48dpf",10.3427,1,477,""
"261",20260504,"Resaz_Assay_T0_34C_260504_1121",2026-09-02 11:21:00,"T0","34C","plate_3_34","F9","Sample",54,"48dpf",13.9832,1,352,""
"262",20260504,"Resaz_Assay_T0_34C_260504_1121",2026-09-02 11:21:00,"T0","34C","plate_3_34","F10","Sample",55,"48dpf",7.6618,1,359,""
"263",20260504,"Resaz_Assay_T0_34C_260504_1121",2026-09-02 11:21:00,"T0","34C","plate_3_34","F11","Sample",56,"48dpf",10.5407,1,350,""
"264",20260504,"Resaz_Assay_T0_34C_260504_1121",2026-09-02 11:21:00,"T0","34C","plate_3_34","F12","Sample",57,"48dpf",10.7692,1,406,""
"265",20260504,"Resaz_Assay_T0_34C_260504_1121",2026-09-02 11:21:00,"T0","34C","plate_3_34","G1","Sample",1,"48dpf",18.888,1,347,""
"266",20260504,"Resaz_Assay_T0_34C_260504_1121",2026-09-02 11:21:00,"T0","34C","plate_3_34","G2","Sample",3,"48dpf",18.751,1,352,""
"267",20260504,"Resaz_Assay_T0_34C_260504_1121",2026-09-02 11:21:00,"T0","34C","plate_3_34","G3","Sample",4,"48dpf",16.7708,1,564,""
"268",20260504,"Resaz_Assay_T0_34C_260504_1121",2026-09-02 11:21:00,"T0","34C","plate_3_34","G4","Sample",5,"48dpf",11.4851,1,326,""
"269",20260504,"Resaz_Assay_T0_34C_260504_1121",2026-09-02 11:21:00,"T0","34C","plate_3_34","G5","Sample",6,"48dpf",14.6382,1,330,""
"270",20260504,"Resaz_Assay_T0_34C_260504_1121",2026-09-02 11:21:00,"T0","34C","plate_3_34","G6","Sample",8,"48dpf",15.6893,1,348,""
"271",20260504,"Resaz_Assay_T0_34C_260504_1121",2026-09-02 11:21:00,"T0","34C","plate_3_34","G7","Sample",52,"48dpf",7.9817,1,341,""
"272",20260504,"Resaz_Assay_T0_34C_260504_1121",2026-09-02 11:21:00,"T0","34C","plate_3_34","G8","Sample",53,"48dpf",8.7586,1,366,""
"273",20260504,"Resaz_Assay_T0_34C_260504_1121",2026-09-02 11:21:00,"T0","34C","plate_3_34","G9","Sample",54,"48dpf",18.1112,1,389,""
"274",20260504,"Resaz_Assay_T0_34C_260504_1121",2026-09-02 11:21:00,"T0","34C","plate_3_34","G10","Sample",55,"48dpf",16.6337,1,952,""
"275",20260504,"Resaz_Assay_T0_34C_260504_1121",2026-09-02 11:21:00,"T0","34C","plate_3_34","G11","Sample",56,"48dpf",11.4699,1,348,""
"276",20260504,"Resaz_Assay_T0_34C_260504_1121",2026-09-02 11:21:00,"T0","34C","plate_3_34","G12","Sample",57,"48dpf",15.7654,1,406,""
"277",20260504,"Resaz_Assay_T0_34C_260504_1121",2026-09-02 11:21:00,"T0","34C","plate_3_34","H1","Blank",NA,"48dpf",NA,NA,381,""
"278",20260504,"Resaz_Assay_T0_34C_260504_1121",2026-09-02 11:21:00,"T0","34C","plate_3_34","H2","Blank",NA,"48dpf",13.6786,1,329,"empty shell"
"279",20260504,"Resaz_Assay_T0_34C_260504_1121",2026-09-02 11:21:00,"T0","34C","plate_3_34","H3","Blank",NA,"48dpf",NA,NA,385,""
"280",20260504,"Resaz_Assay_T0_34C_260504_1121",2026-09-02 11:21:00,"T0","34C","plate_3_34","H4","Blank",NA,"48dpf",18.2026,1,256,"empty shell"
"281",20260504,"Resaz_Assay_T0_34C_260504_1121",2026-09-02 11:21:00,"T0","34C","plate_3_34","H5","Blank",NA,"48dpf",NA,NA,354,""
"282",20260504,"Resaz_Assay_T0_34C_260504_1121",2026-09-02 11:21:00,"T0","34C","plate_3_34","H6","Blank",NA,"48dpf",19.147,1,371,"empty shell"
"283",20260504,"Resaz_Assay_T0_34C_260504_1121",2026-09-02 11:21:00,"T0","34C","plate_3_34","H7","Blank",NA,"48dpf",NA,NA,347,""
"284",20260504,"Resaz_Assay_T0_34C_260504_1121",2026-09-02 11:21:00,"T0","34C","plate_3_34","H8","Blank",NA,"48dpf",23.3359,1,280,"empty shell"
"285",20260504,"Resaz_Assay_T0_34C_260504_1121",2026-09-02 11:21:00,"T0","34C","plate_3_34","H9","Blank",NA,"48dpf",NA,NA,409,""
"286",20260504,"Resaz_Assay_T0_34C_260504_1121",2026-09-02 11:21:00,"T0","34C","plate_3_34","H10","Blank",NA,"48dpf",19.6649,1,323,"empty shell"
"287",20260504,"Resaz_Assay_T0_34C_260504_1121",2026-09-02 11:21:00,"T0","34C","plate_3_34","H11","Blank",NA,"48dpf",NA,NA,374,""
"288",20260504,"Resaz_Assay_T0_34C_260504_1121",2026-09-02 11:21:00,"T0","34C","plate_3_34","H12","Blank",NA,"48dpf",NA,NA,388,"empty shell"
"289",20260504,"Resaz_Assay_T0_38C_260504_1125",2026-09-02 11:25:00,"T0","38C","plate_4_38","A1","Sample",1,"48dpf",15.1257,1,343,""
"290",20260504,"Resaz_Assay_T0_38C_260504_1125",2026-09-02 11:25:00,"T0","38C","plate_4_38","A2","Sample",3,"48dpf",15.3981,1,346,""
"291",20260504,"Resaz_Assay_T0_38C_260504_1125",2026-09-02 11:25:00,"T0","38C","plate_4_38","A3","Sample",4,"48dpf",17.4395,1,343,""
"292",20260504,"Resaz_Assay_T0_38C_260504_1125",2026-09-02 11:25:00,"T0","38C","plate_4_38","A4","Sample",5,"48dpf",12.8566,1,354,""
"293",20260504,"Resaz_Assay_T0_38C_260504_1125",2026-09-02 11:25:00,"T0","38C","plate_4_38","A5","Sample",6,"48dpf",9.4903,1,291,""
"294",20260504,"Resaz_Assay_T0_38C_260504_1125",2026-09-02 11:25:00,"T0","38C","plate_4_38","A6","Sample",8,"48dpf",14.614,1,310,""
"295",20260504,"Resaz_Assay_T0_38C_260504_1125",2026-09-02 11:25:00,"T0","38C","plate_4_38","A7","Sample",52,"48dpf",9.4633,1,345,""
"296",20260504,"Resaz_Assay_T0_38C_260504_1125",2026-09-02 11:25:00,"T0","38C","plate_4_38","A8","Sample",53,"48dpf",13.1675,1,316,""
"297",20260504,"Resaz_Assay_T0_38C_260504_1125",2026-09-02 11:25:00,"T0","38C","plate_4_38","A9","Sample",54,"48dpf",12.3699,1,358,""
"298",20260504,"Resaz_Assay_T0_38C_260504_1125",2026-09-02 11:25:00,"T0","38C","plate_4_38","A10","Sample",55,"48dpf",9.585,1,460,""
"299",20260504,"Resaz_Assay_T0_38C_260504_1125",2026-09-02 11:25:00,"T0","38C","plate_4_38","A11","Sample",56,"48dpf",9.0712,1,376,""
"300",20260504,"Resaz_Assay_T0_38C_260504_1125",2026-09-02 11:25:00,"T0","38C","plate_4_38","A12","Sample",57,"48dpf",6.1241,1,346,""
"301",20260504,"Resaz_Assay_T0_38C_260504_1125",2026-09-02 11:25:00,"T0","38C","plate_4_38","B1","Sample",1,"48dpf",12.9918,1,338,""
"302",20260504,"Resaz_Assay_T0_38C_260504_1125",2026-09-02 11:25:00,"T0","38C","plate_4_38","B2","Sample",3,"48dpf",13.8705,1,310,""
"303",20260504,"Resaz_Assay_T0_38C_260504_1125",2026-09-02 11:25:00,"T0","38C","plate_4_38","B3","Sample",4,"48dpf",13.7623,1,369,""
"304",20260504,"Resaz_Assay_T0_38C_260504_1125",2026-09-02 11:25:00,"T0","38C","plate_4_38","B4","Sample",5,"48dpf",8.9225,1,372,""
"305",20260504,"Resaz_Assay_T0_38C_260504_1125",2026-09-02 11:25:00,"T0","38C","plate_4_38","B5","Sample",6,"48dpf",12.3564,1,413,""
"306",20260504,"Resaz_Assay_T0_38C_260504_1125",2026-09-02 11:25:00,"T0","38C","plate_4_38","B6","Sample",8,"48dpf",12.7214,1,327,""
"307",20260504,"Resaz_Assay_T0_38C_260504_1125",2026-09-02 11:25:00,"T0","38C","plate_4_38","B7","Sample",52,"48dpf",13.519,1,311,""
"308",20260504,"Resaz_Assay_T0_38C_260504_1125",2026-09-02 11:25:00,"T0","38C","plate_4_38","B8","Sample",53,"48dpf",12.4916,1,314,""
"309",20260504,"Resaz_Assay_T0_38C_260504_1125",2026-09-02 11:25:00,"T0","38C","plate_4_38","B9","Sample",54,"48dpf",7.9762,1,372,""
"310",20260504,"Resaz_Assay_T0_38C_260504_1125",2026-09-02 11:25:00,"T0","38C","plate_4_38","B10","Sample",55,"48dpf",16.3985,1,384,""
"311",20260504,"Resaz_Assay_T0_38C_260504_1125",2026-09-02 11:25:00,"T0","38C","plate_4_38","B11","Sample",56,"48dpf",17.6964,1,323,""
"312",20260504,"Resaz_Assay_T0_38C_260504_1125",2026-09-02 11:25:00,"T0","38C","plate_4_38","B12","Sample",57,"48dpf",11.8832,1,332,""
"313",20260504,"Resaz_Assay_T0_38C_260504_1125",2026-09-02 11:25:00,"T0","38C","plate_4_38","C1","Sample",1,"48dpf",18.5481,1,315,""
"314",20260504,"Resaz_Assay_T0_38C_260504_1125",2026-09-02 11:25:00,"T0","38C","plate_4_38","C2","Sample",3,"48dpf",16.047,1,294,""
"315",20260504,"Resaz_Assay_T0_38C_260504_1125",2026-09-02 11:25:00,"T0","38C","plate_4_38","C3","Sample",4,"48dpf",6.381,1,380,""
"316",20260504,"Resaz_Assay_T0_38C_260504_1125",2026-09-02 11:25:00,"T0","38C","plate_4_38","C4","Sample",5,"48dpf",15.0196,1,334,""
"317",20260504,"Resaz_Assay_T0_38C_260504_1125",2026-09-02 11:25:00,"T0","38C","plate_4_38","C5","Sample",6,"48dpf",17.1826,1,323,""
"318",20260504,"Resaz_Assay_T0_38C_260504_1125",2026-09-02 11:25:00,"T0","38C","plate_4_38","C6","Sample",8,"48dpf",20.0892,1,292,""
"319",20260504,"Resaz_Assay_T0_38C_260504_1125",2026-09-02 11:25:00,"T0","38C","plate_4_38","C7","Sample",52,"48dpf",12.0049,1,312,""
"320",20260504,"Resaz_Assay_T0_38C_260504_1125",2026-09-02 11:25:00,"T0","38C","plate_4_38","C8","Sample",53,"48dpf",8.5034,1,412,""
"321",20260504,"Resaz_Assay_T0_38C_260504_1125",2026-09-02 11:25:00,"T0","38C","plate_4_38","C9","Sample",54,"48dpf",6.5297,1,392,""
"322",20260504,"Resaz_Assay_T0_38C_260504_1125",2026-09-02 11:25:00,"T0","38C","plate_4_38","C10","Sample",55,"48dpf",15.0466,1,303,""
"323",20260504,"Resaz_Assay_T0_38C_260504_1125",2026-09-02 11:25:00,"T0","38C","plate_4_38","C11","Sample",56,"48dpf",14.6951,1,325,""
"324",20260504,"Resaz_Assay_T0_38C_260504_1125",2026-09-02 11:25:00,"T0","38C","plate_4_38","C12","Sample",57,"48dpf",6.1647,1,385,""
"325",20260504,"Resaz_Assay_T0_38C_260504_1125",2026-09-02 11:25:00,"T0","38C","plate_4_38","D1","Sample",1,"48dpf",16.1417,1,374,""
"326",20260504,"Resaz_Assay_T0_38C_260504_1125",2026-09-02 11:25:00,"T0","38C","plate_4_38","D2","Sample",3,"48dpf",18.0208,1,299,""
"327",20260504,"Resaz_Assay_T0_38C_260504_1125",2026-09-02 11:25:00,"T0","38C","plate_4_38","D3","Sample",4,"48dpf",12.8701,1,335,""
"328",20260504,"Resaz_Assay_T0_38C_260504_1125",2026-09-02 11:25:00,"T0","38C","plate_4_38","D4","Sample",5,"48dpf",10.4637,1,431,""
"329",20260504,"Resaz_Assay_T0_38C_260504_1125",2026-09-02 11:25:00,"T0","38C","plate_4_38","D5","Sample",6,"48dpf",14.5194,1,318,""
"330",20260504,"Resaz_Assay_T0_38C_260504_1125",2026-09-02 11:25:00,"T0","38C","plate_4_38","D6","Sample",8,"48dpf",11.9102,1,336,""
"331",20260504,"Resaz_Assay_T0_38C_260504_1125",2026-09-02 11:25:00,"T0","38C","plate_4_38","D7","Sample",52,"48dpf",14.3977,1,338,""
"332",20260504,"Resaz_Assay_T0_38C_260504_1125",2026-09-02 11:25:00,"T0","38C","plate_4_38","D8","Sample",53,"48dpf",11.8562,1,311,""
"333",20260504,"Resaz_Assay_T0_38C_260504_1125",2026-09-02 11:25:00,"T0","38C","plate_4_38","D9","Sample",54,"48dpf",10.1933,1,359,""
"334",20260504,"Resaz_Assay_T0_38C_260504_1125",2026-09-02 11:25:00,"T0","38C","plate_4_38","D10","Sample",55,"48dpf",16.7906,1,421,""
"335",20260504,"Resaz_Assay_T0_38C_260504_1125",2026-09-02 11:25:00,"T0","38C","plate_4_38","D11","Sample",56,"48dpf",8.5034,1,339,""
"336",20260504,"Resaz_Assay_T0_38C_260504_1125",2026-09-02 11:25:00,"T0","38C","plate_4_38","D12","Sample",57,"48dpf",14.0462,1,367,""
"337",20260504,"Resaz_Assay_T0_38C_260504_1125",2026-09-02 11:25:00,"T0","38C","plate_4_38","E1","Sample",1,"48dpf",16.1417,1,634,""
"338",20260504,"Resaz_Assay_T0_38C_260504_1125",2026-09-02 11:25:00,"T0","38C","plate_4_38","E2","Sample",3,"48dpf",19.8594,1,313,""
"339",20260504,"Resaz_Assay_T0_38C_260504_1125",2026-09-02 11:25:00,"T0","38C","plate_4_38","E3","Sample",4,"48dpf",11.018,1,342,""
"340",20260504,"Resaz_Assay_T0_38C_260504_1125",2026-09-02 11:25:00,"T0","38C","plate_4_38","E4","Sample",5,"48dpf",14.8709,1,362,""
"341",20260504,"Resaz_Assay_T0_38C_260504_1125",2026-09-02 11:25:00,"T0","38C","plate_4_38","E5","Sample",6,"48dpf",11.6128,1,317,""
"342",20260504,"Resaz_Assay_T0_38C_260504_1125",2026-09-02 11:25:00,"T0","38C","plate_4_38","E6","Sample",8,"48dpf",17.4395,1,288,""
"343",20260504,"Resaz_Assay_T0_38C_260504_1125",2026-09-02 11:25:00,"T0","38C","plate_4_38","E7","Sample",52,"48dpf",10.7206,1,385,""
"344",20260504,"Resaz_Assay_T0_38C_260504_1125",2026-09-02 11:25:00,"T0","38C","plate_4_38","E8","Sample",53,"48dpf",10.8558,1,321,""
"345",20260504,"Resaz_Assay_T0_38C_260504_1125",2026-09-02 11:25:00,"T0","38C","plate_4_38","E9","Sample",54,"48dpf",9.8148,1,365,""
"346",20260504,"Resaz_Assay_T0_38C_260504_1125",2026-09-02 11:25:00,"T0","38C","plate_4_38","E10","Sample",55,"48dpf",18.832,1,353,""
"347",20260504,"Resaz_Assay_T0_38C_260504_1125",2026-09-02 11:25:00,"T0","38C","plate_4_38","E11","Sample",56,"48dpf",13.3838,1,545,""
"348",20260504,"Resaz_Assay_T0_38C_260504_1125",2026-09-02 11:25:00,"T0","38C","plate_4_38","E12","Sample",57,"48dpf",9.5444,1,377,""
"349",20260504,"Resaz_Assay_T0_38C_260504_1125",2026-09-02 11:25:00,"T0","38C","plate_4_38","F1","Sample",1,"48dpf",12.6132,1,581,""
"350",20260504,"Resaz_Assay_T0_38C_260504_1125",2026-09-02 11:25:00,"T0","38C","plate_4_38","F2","Sample",3,"48dpf",10.6124,1,340,""
"351",20260504,"Resaz_Assay_T0_38C_260504_1125",2026-09-02 11:25:00,"T0","38C","plate_4_38","F3","Sample",4,"48dpf",11.1261,1,347,""
"352",20260504,"Resaz_Assay_T0_38C_260504_1125",2026-09-02 11:25:00,"T0","38C","plate_4_38","F4","Sample",5,"48dpf",18.832,1,372,""
"353",20260504,"Resaz_Assay_T0_38C_260504_1125",2026-09-02 11:25:00,"T0","38C","plate_4_38","F5","Sample",6,"48dpf",8.4088,1,350,""
"354",20260504,"Resaz_Assay_T0_38C_260504_1125",2026-09-02 11:25:00,"T0","38C","plate_4_38","F6","Sample",8,"48dpf",13.0458,1,318,""
"355",20260504,"Resaz_Assay_T0_38C_260504_1125",2026-09-02 11:25:00,"T0","38C","plate_4_38","F7","Sample",52,"48dpf",12.6132,1,418,""
"356",20260504,"Resaz_Assay_T0_38C_260504_1125",2026-09-02 11:25:00,"T0","38C","plate_4_38","F8","Sample",53,"48dpf",10.9639,1,285,""
"357",20260504,"Resaz_Assay_T0_38C_260504_1125",2026-09-02 11:25:00,"T0","38C","plate_4_38","F9","Sample",54,"48dpf",12.0454,1,373,""
"358",20260504,"Resaz_Assay_T0_38C_260504_1125",2026-09-02 11:25:00,"T0","38C","plate_4_38","F10","Sample",55,"48dpf",8.3007,1,533,""
"359",20260504,"Resaz_Assay_T0_38C_260504_1125",2026-09-02 11:25:00,"T0","38C","plate_4_38","F11","Sample",56,"48dpf",13.3297,1,372,""
"360",20260504,"Resaz_Assay_T0_38C_260504_1125",2026-09-02 11:25:00,"T0","38C","plate_4_38","F12","Sample",57,"48dpf",15.1548,1,384,""
"361",20260504,"Resaz_Assay_T0_38C_260504_1125",2026-09-02 11:25:00,"T0","38C","plate_4_38","G1","Sample",1,"48dpf",12.5727,1,372,""
"362",20260504,"Resaz_Assay_T0_38C_260504_1125",2026-09-02 11:25:00,"T0","38C","plate_4_38","G2","Sample",3,"48dpf",13.6001,1,347,""
"363",20260504,"Resaz_Assay_T0_38C_260504_1125",2026-09-02 11:25:00,"T0","38C","plate_4_38","G3","Sample",4,"48dpf",13.2621,1,335,""
"364",20260504,"Resaz_Assay_T0_38C_260504_1125",2026-09-02 11:25:00,"T0","38C","plate_4_38","G4","Sample",5,"48dpf",11.9238,1,364,""
"365",20260504,"Resaz_Assay_T0_38C_260504_1125",2026-09-02 11:25:00,"T0","38C","plate_4_38","G5","Sample",6,"48dpf",9.4227,1,335,""
"366",20260504,"Resaz_Assay_T0_38C_260504_1125",2026-09-02 11:25:00,"T0","38C","plate_4_38","G6","Sample",8,"48dpf",12.789,1,346,""
"367",20260504,"Resaz_Assay_T0_38C_260504_1125",2026-09-02 11:25:00,"T0","38C","plate_4_38","G7","Sample",52,"48dpf",10.6935,1,355,""
"368",20260504,"Resaz_Assay_T0_38C_260504_1125",2026-09-02 11:25:00,"T0","38C","plate_4_38","G8","Sample",53,"48dpf",13.492,1,324,""
"369",20260504,"Resaz_Assay_T0_38C_260504_1125",2026-09-02 11:25:00,"T0","38C","plate_4_38","G9","Sample",54,"48dpf",14.4383,1,393,""
"370",20260504,"Resaz_Assay_T0_38C_260504_1125",2026-09-02 11:25:00,"T0","38C","plate_4_38","G10","Sample",55,"48dpf",10.4772,1,425,""
"371",20260504,"Resaz_Assay_T0_38C_260504_1125",2026-09-02 11:25:00,"T0","38C","plate_4_38","G11","Sample",56,"48dpf",8.0438,1,356,""
"372",20260504,"Resaz_Assay_T0_38C_260504_1125",2026-09-02 11:25:00,"T0","38C","plate_4_38","G12","Sample",57,"48dpf",10.8422,1,380,""
"373",20260504,"Resaz_Assay_T0_38C_260504_1125",2026-09-02 11:25:00,"T0","38C","plate_4_38","H1","Blank",NA,"48dpf",NA,NA,383,""
"374",20260504,"Resaz_Assay_T0_38C_260504_1125",2026-09-02 11:25:00,"T0","38C","plate_4_38","H2","Blank",NA,"48dpf",20.4948,1,355,"empty shell"
"375",20260504,"Resaz_Assay_T0_38C_260504_1125",2026-09-02 11:25:00,"T0","38C","plate_4_38","H3","Blank",NA,"48dpf",NA,NA,377,""
"376",20260504,"Resaz_Assay_T0_38C_260504_1125",2026-09-02 11:25:00,"T0","38C","plate_4_38","H4","Blank",NA,"48dpf",22.1847,1,373,"empty shell"
"377",20260504,"Resaz_Assay_T0_38C_260504_1125",2026-09-02 11:25:00,"T0","38C","plate_4_38","H5","Blank",NA,"48dpf",NA,NA,365,""
"378",20260504,"Resaz_Assay_T0_38C_260504_1125",2026-09-02 11:25:00,"T0","38C","plate_4_38","H6","Blank",NA,"48dpf",20.2109,1,335,"empty shell"
"379",20260504,"Resaz_Assay_T0_38C_260504_1125",2026-09-02 11:25:00,"T0","38C","plate_4_38","H7","Blank",NA,"48dpf",NA,NA,381,""
"380",20260504,"Resaz_Assay_T0_38C_260504_1125",2026-09-02 11:25:00,"T0","38C","plate_4_38","H8","Blank",NA,"48dpf",19.4403,1,347,"empty shell"
"381",20260504,"Resaz_Assay_T0_38C_260504_1125",2026-09-02 11:25:00,"T0","38C","plate_4_38","H9","Blank",NA,"48dpf",NA,NA,395,""
"382",20260504,"Resaz_Assay_T0_38C_260504_1125",2026-09-02 11:25:00,"T0","38C","plate_4_38","H10","Blank",NA,"48dpf",14.9385,1,338,"empty shell"
"383",20260504,"Resaz_Assay_T0_38C_260504_1125",2026-09-02 11:25:00,"T0","38C","plate_4_38","H11","Blank",NA,"48dpf",NA,NA,374,""
"384",20260504,"Resaz_Assay_T0_38C_260504_1125",2026-09-02 11:25:00,"T0","38C","plate_4_38","H12","Blank",NA,"48dpf",15.6144,1,381,"empty shell"
"385",20260504,"Resaz_Assay_T1_26C_260504_1211",2026-09-02 12:11:00,"T1","26C","plate_1_26","A1","Sample",1,"48dpf",11.4389,1,1504,""
"386",20260504,"Resaz_Assay_T1_26C_260504_1211",2026-09-02 12:11:00,"T1","26C","plate_1_26","A2","Sample",3,"48dpf",16.7192,1,7795,""
"387",20260504,"Resaz_Assay_T1_26C_260504_1211",2026-09-02 12:11:00,"T1","26C","plate_1_26","A3","Sample",4,"48dpf",15.3351,1,759,""
"388",20260504,"Resaz_Assay_T1_26C_260504_1211",2026-09-02 12:11:00,"T1","26C","plate_1_26","A4","Sample",5,"48dpf",12.1926,1,480,""
"389",20260504,"Resaz_Assay_T1_26C_260504_1211",2026-09-02 12:11:00,"T1","26C","plate_1_26","A5","Sample",6,"48dpf",11.5207,1,425,""
"390",20260504,"Resaz_Assay_T1_26C_260504_1211",2026-09-02 12:11:00,"T1","26C","plate_1_26","A6","Sample",8,"48dpf",11.2095,1,380,""
"391",20260504,"Resaz_Assay_T1_26C_260504_1211",2026-09-02 12:11:00,"T1","26C","plate_1_26","A7","Sample",52,"48dpf",14.9161,1,445,""
"392",20260504,"Resaz_Assay_T1_26C_260504_1211",2026-09-02 12:11:00,"T1","26C","plate_1_26","A8","Sample",53,"48dpf",11.4953,1,364,""
"393",20260504,"Resaz_Assay_T1_26C_260504_1211",2026-09-02 12:11:00,"T1","26C","plate_1_26","A9","Sample",54,"48dpf",10.9641,1,432,""
"394",20260504,"Resaz_Assay_T1_26C_260504_1211",2026-09-02 12:11:00,"T1","26C","plate_1_26","A10","Sample",55,"48dpf",11.654,1,1206,""
"395",20260504,"Resaz_Assay_T1_26C_260504_1211",2026-09-02 12:11:00,"T1","26C","plate_1_26","A11","Sample",56,"48dpf",14.6198,1,459,""
"396",20260504,"Resaz_Assay_T1_26C_260504_1211",2026-09-02 12:11:00,"T1","26C","plate_1_26","A12","Sample",57,"48dpf",12.1058,1,370,""
"397",20260504,"Resaz_Assay_T1_26C_260504_1211",2026-09-02 12:11:00,"T1","26C","plate_1_26","B1","Sample",1,"48dpf",15.4008,1,1133,""
"398",20260504,"Resaz_Assay_T1_26C_260504_1211",2026-09-02 12:11:00,"T1","26C","plate_1_26","B2","Sample",3,"48dpf",14.4283,1,640,""
"399",20260504,"Resaz_Assay_T1_26C_260504_1211",2026-09-02 12:11:00,"T1","26C","plate_1_26","B3","Sample",4,"48dpf",15.6239,1,641,""
"400",20260504,"Resaz_Assay_T1_26C_260504_1211",2026-09-02 12:11:00,"T1","26C","plate_1_26","B4","Sample",5,"48dpf",14.3521,1,454,""
"401",20260504,"Resaz_Assay_T1_26C_260504_1211",2026-09-02 12:11:00,"T1","26C","plate_1_26","B5","Sample",6,"48dpf",15.0897,1,375,""
"402",20260504,"Resaz_Assay_T1_26C_260504_1211",2026-09-02 12:11:00,"T1","26C","plate_1_26","B6","Sample",8,"48dpf",16.8419,1,353,""
"403",20260504,"Resaz_Assay_T1_26C_260504_1211",2026-09-02 12:11:00,"T1","26C","plate_1_26","B7","Sample",52,"48dpf",12.0804,1,437,""
"404",20260504,"Resaz_Assay_T1_26C_260504_1211",2026-09-02 12:11:00,"T1","26C","plate_1_26","B8","Sample",53,"48dpf",10.4075,1,329,""
"405",20260504,"Resaz_Assay_T1_26C_260504_1211",2026-09-02 12:11:00,"T1","26C","plate_1_26","B9","Sample",54,"48dpf",6.6055,1,405,""
"406",20260504,"Resaz_Assay_T1_26C_260504_1211",2026-09-02 12:11:00,"T1","26C","plate_1_26","B10","Sample",55,"48dpf",8.3556,1,427,""
"407",20260504,"Resaz_Assay_T1_26C_260504_1211",2026-09-02 12:11:00,"T1","26C","plate_1_26","B11","Sample",56,"48dpf",10.9561,1,408,""
"408",20260504,"Resaz_Assay_T1_26C_260504_1211",2026-09-02 12:11:00,"T1","26C","plate_1_26","B12","Sample",57,"48dpf",9.3432,1,382,""
"409",20260504,"Resaz_Assay_T1_26C_260504_1211",2026-09-02 12:11:00,"T1","26C","plate_1_26","C1","Sample",1,"48dpf",14.9501,1,1131,""
"410",20260504,"Resaz_Assay_T1_26C_260504_1211",2026-09-02 12:11:00,"T1","26C","plate_1_26","C2","Sample",3,"48dpf",15.2848,1,1228,""
"411",20260504,"Resaz_Assay_T1_26C_260504_1211",2026-09-02 12:11:00,"T1","26C","plate_1_26","C3","Sample",4,"48dpf",18.0444,1,552,""
"412",20260504,"Resaz_Assay_T1_26C_260504_1211",2026-09-02 12:11:00,"T1","26C","plate_1_26","C4","Sample",5,"48dpf",17.5726,1,1543,""
"413",20260504,"Resaz_Assay_T1_26C_260504_1211",2026-09-02 12:11:00,"T1","26C","plate_1_26","C5","Sample",6,"48dpf",17.7427,1,342,""
"414",20260504,"Resaz_Assay_T1_26C_260504_1211",2026-09-02 12:11:00,"T1","26C","plate_1_26","C6","Sample",8,"48dpf",10.3197,1,346,""
"415",20260504,"Resaz_Assay_T1_26C_260504_1211",2026-09-02 12:11:00,"T1","26C","plate_1_26","C7","Sample",52,"48dpf",10.9122,1,2592,""
"416",20260504,"Resaz_Assay_T1_26C_260504_1211",2026-09-02 12:11:00,"T1","26C","plate_1_26","C8","Sample",53,"48dpf",12.1851,1,324,""
"417",20260504,"Resaz_Assay_T1_26C_260504_1211",2026-09-02 12:11:00,"T1","26C","plate_1_26","C9","Sample",54,"48dpf",10.5282,1,440,""
"418",20260504,"Resaz_Assay_T1_26C_260504_1211",2026-09-02 12:11:00,"T1","26C","plate_1_26","C10","Sample",55,"48dpf",10.5501,1,1014,""
"419",20260504,"Resaz_Assay_T1_26C_260504_1211",2026-09-02 12:11:00,"T1","26C","plate_1_26","C11","Sample",56,"48dpf",14.6539,1,645,""
"420",20260504,"Resaz_Assay_T1_26C_260504_1211",2026-09-02 12:11:00,"T1","26C","plate_1_26","C12","Sample",57,"48dpf",11.9985,1,439,""
"421",20260504,"Resaz_Assay_T1_26C_260504_1211",2026-09-02 12:11:00,"T1","26C","plate_1_26","D1","Sample",1,"48dpf",13.0958,1,388,""
"422",20260504,"Resaz_Assay_T1_26C_260504_1211",2026-09-02 12:11:00,"T1","26C","plate_1_26","D2","Sample",3,"48dpf",12.7392,1,481,""
"423",20260504,"Resaz_Assay_T1_26C_260504_1211",2026-09-02 12:11:00,"T1","26C","plate_1_26","D3","Sample",4,"48dpf",10.0948,1,373,""
"424",20260504,"Resaz_Assay_T1_26C_260504_1211",2026-09-02 12:11:00,"T1","26C","plate_1_26","D4","Sample",5,"48dpf",8.4983,1,368,""
"425",20260504,"Resaz_Assay_T1_26C_260504_1211",2026-09-02 12:11:00,"T1","26C","plate_1_26","D5","Sample",6,"48dpf",8.7726,1,359,""
"426",20260504,"Resaz_Assay_T1_26C_260504_1211",2026-09-02 12:11:00,"T1","26C","plate_1_26","D6","Sample",8,"48dpf",14.407,1,365,""
"427",20260504,"Resaz_Assay_T1_26C_260504_1211",2026-09-02 12:11:00,"T1","26C","plate_1_26","D7","Sample",52,"48dpf",13.2549,1,389,""
"428",20260504,"Resaz_Assay_T1_26C_260504_1211",2026-09-02 12:11:00,"T1","26C","plate_1_26","D8","Sample",53,"48dpf",13.5511,1,349,""
"429",20260504,"Resaz_Assay_T1_26C_260504_1211",2026-09-02 12:11:00,"T1","26C","plate_1_26","D9","Sample",54,"48dpf",11.1811,1,456,""
"430",20260504,"Resaz_Assay_T1_26C_260504_1211",2026-09-02 12:11:00,"T1","26C","plate_1_26","D10","Sample",55,"48dpf",14.2918,1,547,""
"431",20260504,"Resaz_Assay_T1_26C_260504_1211",2026-09-02 12:11:00,"T1","26C","plate_1_26","D11","Sample",56,"48dpf",10.007,1,411,""
"432",20260504,"Resaz_Assay_T1_26C_260504_1211",2026-09-02 12:11:00,"T1","26C","plate_1_26","D12","Sample",57,"48dpf",11.7791,1,404,""
"433",20260504,"Resaz_Assay_T1_26C_260504_1211",2026-09-02 12:11:00,"T1","26C","plate_1_26","E1","Sample",1,"48dpf",12.3551,1,391,""
"434",20260504,"Resaz_Assay_T1_26C_260504_1211",2026-09-02 12:11:00,"T1","26C","plate_1_26","E2","Sample",3,"48dpf",20.2718,1,434,""
"435",20260504,"Resaz_Assay_T1_26C_260504_1211",2026-09-02 12:11:00,"T1","26C","plate_1_26","E3","Sample",4,"48dpf",14.7526,1,438,""
"436",20260504,"Resaz_Assay_T1_26C_260504_1211",2026-09-02 12:11:00,"T1","26C","plate_1_26","E4","Sample",5,"48dpf",11.4718,1,1831,""
"437",20260504,"Resaz_Assay_T1_26C_260504_1211",2026-09-02 12:11:00,"T1","26C","plate_1_26","E5","Sample",6,"48dpf",8.3501,1,384,""
"438",20260504,"Resaz_Assay_T1_26C_260504_1211",2026-09-02 12:11:00,"T1","26C","plate_1_26","E6","Sample",8,"48dpf",14.2753,1,325,""
"439",20260504,"Resaz_Assay_T1_26C_260504_1211",2026-09-02 12:11:00,"T1","26C","plate_1_26","E7","Sample",52,"48dpf",10.8848,1,433,""
"440",20260504,"Resaz_Assay_T1_26C_260504_1211",2026-09-02 12:11:00,"T1","26C","plate_1_26","E8","Sample",53,"48dpf",14.7856,1,960,""
"441",20260504,"Resaz_Assay_T1_26C_260504_1211",2026-09-02 12:11:00,"T1","26C","plate_1_26","E9","Sample",54,"48dpf",11.1481,1,339,""
"442",20260504,"Resaz_Assay_T1_26C_260504_1211",2026-09-02 12:11:00,"T1","26C","plate_1_26","E10","Sample",55,"48dpf",15.2299,1,420,""
"443",20260504,"Resaz_Assay_T1_26C_260504_1211",2026-09-02 12:11:00,"T1","26C","plate_1_26","E11","Sample",56,"48dpf",14.8898,1,326,""
"444",20260504,"Resaz_Assay_T1_26C_260504_1211",2026-09-02 12:11:00,"T1","26C","plate_1_26","E12","Sample",57,"48dpf",12.9092,1,415,""
"445",20260504,"Resaz_Assay_T1_26C_260504_1211",2026-09-02 12:11:00,"T1","26C","plate_1_26","F1","Sample",1,"48dpf",11.2579,1,394,""
"446",20260504,"Resaz_Assay_T1_26C_260504_1211",2026-09-02 12:11:00,"T1","26C","plate_1_26","F2","Sample",3,"48dpf",14.0339,1,372,""
"447",20260504,"Resaz_Assay_T1_26C_260504_1211",2026-09-02 12:11:00,"T1","26C","plate_1_26","F3","Sample",4,"48dpf",8.6025,1,415,""
"448",20260504,"Resaz_Assay_T1_26C_260504_1211",2026-09-02 12:11:00,"T1","26C","plate_1_26","F4","Sample",5,"48dpf",14.7142,1,403,""
"449",20260504,"Resaz_Assay_T1_26C_260504_1211",2026-09-02 12:11:00,"T1","26C","plate_1_26","F5","Sample",6,"48dpf",10.424,1,380,""
"450",20260504,"Resaz_Assay_T1_26C_260504_1211",2026-09-02 12:11:00,"T1","26C","plate_1_26","F6","Sample",8,"48dpf",10.8025,1,338,""
"451",20260504,"Resaz_Assay_T1_26C_260504_1211",2026-09-02 12:11:00,"T1","26C","plate_1_26","F7","Sample",52,"48dpf",5.0693,1,386,""
"452",20260504,"Resaz_Assay_T1_26C_260504_1211",2026-09-02 12:11:00,"T1","26C","plate_1_26","F8","Sample",53,"48dpf",5.9636,1,349,""
"453",20260504,"Resaz_Assay_T1_26C_260504_1211",2026-09-02 12:11:00,"T1","26C","plate_1_26","F9","Sample",54,"48dpf",8.3446,1,462,""
"454",20260504,"Resaz_Assay_T1_26C_260504_1211",2026-09-02 12:11:00,"T1","26C","plate_1_26","F10","Sample",55,"48dpf",13.1561,1,466,""
"455",20260504,"Resaz_Assay_T1_26C_260504_1211",2026-09-02 12:11:00,"T1","26C","plate_1_26","F11","Sample",56,"48dpf",7.198,1,424,""
"456",20260504,"Resaz_Assay_T1_26C_260504_1211",2026-09-02 12:11:00,"T1","26C","plate_1_26","F12","Sample",57,"48dpf",12.004,1,536,""
"457",20260504,"Resaz_Assay_T1_26C_260504_1211",2026-09-02 12:11:00,"T1","26C","plate_1_26","G1","Sample",1,"48dpf",11.3511,1,420,""
"458",20260504,"Resaz_Assay_T1_26C_260504_1211",2026-09-02 12:11:00,"T1","26C","plate_1_26","G2","Sample",3,"48dpf",14.4673,1,576,""
"459",20260504,"Resaz_Assay_T1_26C_260504_1211",2026-09-02 12:11:00,"T1","26C","plate_1_26","G3","Sample",4,"48dpf",9.409,1,357,""
"460",20260504,"Resaz_Assay_T1_26C_260504_1211",2026-09-02 12:11:00,"T1","26C","plate_1_26","G4","Sample",5,"48dpf",10.9726,1,403,""
"461",20260504,"Resaz_Assay_T1_26C_260504_1211",2026-09-02 12:11:00,"T1","26C","plate_1_26","G5","Sample",6,"48dpf",14.9885,1,352,""
"462",20260504,"Resaz_Assay_T1_26C_260504_1211",2026-09-02 12:11:00,"T1","26C","plate_1_26","G6","Sample",8,"48dpf",16.991,1,333,""
"463",20260504,"Resaz_Assay_T1_26C_260504_1211",2026-09-02 12:11:00,"T1","26C","plate_1_26","G7","Sample",52,"48dpf",13.008,1,389,""
"464",20260504,"Resaz_Assay_T1_26C_260504_1211",2026-09-02 12:11:00,"T1","26C","plate_1_26","G8","Sample",53,"48dpf",9.1566,1,363,""
"465",20260504,"Resaz_Assay_T1_26C_260504_1211",2026-09-02 12:11:00,"T1","26C","plate_1_26","G9","Sample",54,"48dpf",12.4374,1,360,""
"466",20260504,"Resaz_Assay_T1_26C_260504_1211",2026-09-02 12:11:00,"T1","26C","plate_1_26","G10","Sample",55,"48dpf",12.015,1,363,""
"467",20260504,"Resaz_Assay_T1_26C_260504_1211",2026-09-02 12:11:00,"T1","26C","plate_1_26","G11","Sample",56,"48dpf",8.3831,1,394,""
"468",20260504,"Resaz_Assay_T1_26C_260504_1211",2026-09-02 12:11:00,"T1","26C","plate_1_26","G12","Sample",57,"48dpf",13.3866,1,377,""
"469",20260504,"Resaz_Assay_T1_26C_260504_1211",2026-09-02 12:11:00,"T1","26C","plate_1_26","H1","Blank",NA,"48dpf",NA,NA,433,""
"470",20260504,"Resaz_Assay_T1_26C_260504_1211",2026-09-02 12:11:00,"T1","26C","plate_1_26","H2","Blank",NA,"48dpf",16.2065,1,401,"empty shell"
"471",20260504,"Resaz_Assay_T1_26C_260504_1211",2026-09-02 12:11:00,"T1","26C","plate_1_26","H3","Blank",NA,"48dpf",NA,NA,376,""
"472",20260504,"Resaz_Assay_T1_26C_260504_1211",2026-09-02 12:11:00,"T1","26C","plate_1_26","H4","Blank",NA,"48dpf",15.5372,1,383,"empty shell"
"473",20260504,"Resaz_Assay_T1_26C_260504_1211",2026-09-02 12:11:00,"T1","26C","plate_1_26","H5","Blank",NA,"48dpf",NA,NA,396,""
"474",20260504,"Resaz_Assay_T1_26C_260504_1211",2026-09-02 12:11:00,"T1","26C","plate_1_26","H6","Blank",NA,"48dpf",21.3033,1,360,"empty shell"
"475",20260504,"Resaz_Assay_T1_26C_260504_1211",2026-09-02 12:11:00,"T1","26C","plate_1_26","H7","Blank",NA,"48dpf",NA,NA,352,""
"476",20260504,"Resaz_Assay_T1_26C_260504_1211",2026-09-02 12:11:00,"T1","26C","plate_1_26","H8","Blank",NA,"48dpf",24.2768,1,347,"empty shell"
"477",20260504,"Resaz_Assay_T1_26C_260504_1211",2026-09-02 12:11:00,"T1","26C","plate_1_26","H9","Blank",NA,"48dpf",NA,NA,367,""
"478",20260504,"Resaz_Assay_T1_26C_260504_1211",2026-09-02 12:11:00,"T1","26C","plate_1_26","H10","Blank",NA,"48dpf",15.8225,1,370,"empty shell"
"479",20260504,"Resaz_Assay_T1_26C_260504_1211",2026-09-02 12:11:00,"T1","26C","plate_1_26","H11","Blank",NA,"48dpf",NA,NA,401,""
"480",20260504,"Resaz_Assay_T1_26C_260504_1211",2026-09-02 12:11:00,"T1","26C","plate_1_26","H12","Blank",NA,"48dpf",16.6509,1,352,"empty shell"
"481",20260504,"Resaz_Assay_T1_30C_260504_1217",2026-09-02 12:17:00,"T1","30C","plate_2_30","A1","Sample",1,"48dpf",12.9599,1,759,""
"482",20260504,"Resaz_Assay_T1_30C_260504_1217",2026-09-02 12:17:00,"T1","30C","plate_2_30","A2","Sample",3,"48dpf",12.3686,1,423,""
"483",20260504,"Resaz_Assay_T1_30C_260504_1217",2026-09-02 12:17:00,"T1","30C","plate_2_30","A3","Sample",4,"48dpf",11.9415,1,399,""
"484",20260504,"Resaz_Assay_T1_30C_260504_1217",2026-09-02 12:17:00,"T1","30C","plate_2_30","A4","Sample",5,"48dpf",11.0874,1,480,""
"485",20260504,"Resaz_Assay_T1_30C_260504_1217",2026-09-02 12:17:00,"T1","30C","plate_2_30","A5","Sample",6,"48dpf",12.73,1,1730,""
"486",20260504,"Resaz_Assay_T1_30C_260504_1217",2026-09-02 12:17:00,"T1","30C","plate_2_30","A6","Sample",8,"48dpf",13.0749,1,1045,""
"487",20260504,"Resaz_Assay_T1_30C_260504_1217",2026-09-02 12:17:00,"T1","30C","plate_2_30","A7","Sample",52,"48dpf",10.841,1,474,""
"488",20260504,"Resaz_Assay_T1_30C_260504_1217",2026-09-02 12:17:00,"T1","30C","plate_2_30","A8","Sample",53,"48dpf",13.2063,1,1875,""
"489",20260504,"Resaz_Assay_T1_30C_260504_1217",2026-09-02 12:17:00,"T1","30C","plate_2_30","A9","Sample",54,"48dpf",13.4855,1,537,""
"490",20260504,"Resaz_Assay_T1_30C_260504_1217",2026-09-02 12:17:00,"T1","30C","plate_2_30","A10","Sample",55,"48dpf",21.8463,1,3017,""
"491",20260504,"Resaz_Assay_T1_30C_260504_1217",2026-09-02 12:17:00,"T1","30C","plate_2_30","A11","Sample",56,"48dpf",8.7221,1,463,""
"492",20260504,"Resaz_Assay_T1_30C_260504_1217",2026-09-02 12:17:00,"T1","30C","plate_2_30","A12","Sample",57,"48dpf",9.7733,1,365,""
"493",20260504,"Resaz_Assay_T1_30C_260504_1217",2026-09-02 12:17:00,"T1","30C","plate_2_30","B1","Sample",1,"48dpf",10.7753,1,384,""
"494",20260504,"Resaz_Assay_T1_30C_260504_1217",2026-09-02 12:17:00,"T1","30C","plate_2_30","B2","Sample",3,"48dpf",20.6307,1,469,""
"495",20260504,"Resaz_Assay_T1_30C_260504_1217",2026-09-02 12:17:00,"T1","30C","plate_2_30","B3","Sample",4,"48dpf",15.0624,1,2299,""
"496",20260504,"Resaz_Assay_T1_30C_260504_1217",2026-09-02 12:17:00,"T1","30C","plate_2_30","B4","Sample",5,"48dpf",13.7648,1,552,""
"497",20260504,"Resaz_Assay_T1_30C_260504_1217",2026-09-02 12:17:00,"T1","30C","plate_2_30","B5","Sample",6,"48dpf",17.8055,1,329,""
"498",20260504,"Resaz_Assay_T1_30C_260504_1217",2026-09-02 12:17:00,"T1","30C","plate_2_30","B6","Sample",8,"48dpf",10.2989,1,363,""
"499",20260504,"Resaz_Assay_T1_30C_260504_1217",2026-09-02 12:17:00,"T1","30C","plate_2_30","B7","Sample",52,"48dpf",14.159,1,2087,""
"500",20260504,"Resaz_Assay_T1_30C_260504_1217",2026-09-02 12:17:00,"T1","30C","plate_2_30","B8","Sample",53,"48dpf",13.9126,1,609,""
"501",20260504,"Resaz_Assay_T1_30C_260504_1217",2026-09-02 12:17:00,"T1","30C","plate_2_30","B9","Sample",54,"48dpf",12.9763,1,894,""
"502",20260504,"Resaz_Assay_T1_30C_260504_1217",2026-09-02 12:17:00,"T1","30C","plate_2_30","B10","Sample",55,"48dpf",17.1321,1,566,""
"503",20260504,"Resaz_Assay_T1_30C_260504_1217",2026-09-02 12:17:00,"T1","30C","plate_2_30","B11","Sample",56,"48dpf",6.1761,1,436,""
"504",20260504,"Resaz_Assay_T1_30C_260504_1217",2026-09-02 12:17:00,"T1","30C","plate_2_30","B12","Sample",57,"48dpf",6.0118,1,400,""
"505",20260504,"Resaz_Assay_T1_30C_260504_1217",2026-09-02 12:17:00,"T1","30C","plate_2_30","C1","Sample",1,"48dpf",10.7753,1,376,""
"506",20260504,"Resaz_Assay_T1_30C_260504_1217",2026-09-02 12:17:00,"T1","30C","plate_2_30","C2","Sample",3,"48dpf",14.931,1,432,""
"507",20260504,"Resaz_Assay_T1_30C_260504_1217",2026-09-02 12:17:00,"T1","30C","plate_2_30","C3","Sample",4,"48dpf",14.892,1,704,""
"508",20260504,"Resaz_Assay_T1_30C_260504_1217",2026-09-02 12:17:00,"T1","30C","plate_2_30","C4","Sample",5,"48dpf",10.1183,1,1066,""
"509",20260504,"Resaz_Assay_T1_30C_260504_1217",2026-09-02 12:17:00,"T1","30C","plate_2_30","C5","Sample",6,"48dpf",18.3804,1,332,""
"510",20260504,"Resaz_Assay_T1_30C_260504_1217",2026-09-02 12:17:00,"T1","30C","plate_2_30","C6","Sample",8,"48dpf",14.6682,1,403,""
"511",20260504,"Resaz_Assay_T1_30C_260504_1217",2026-09-02 12:17:00,"T1","30C","plate_2_30","C7","Sample",52,"48dpf",14.3397,1,395,""
"512",20260504,"Resaz_Assay_T1_30C_260504_1217",2026-09-02 12:17:00,"T1","30C","plate_2_30","C8","Sample",53,"48dpf",2.4474,1,368,""
"513",20260504,"Resaz_Assay_T1_30C_260504_1217",2026-09-02 12:17:00,"T1","30C","plate_2_30","C9","Sample",54,"48dpf",14.6518,1,503,""
"514",20260504,"Resaz_Assay_T1_30C_260504_1217",2026-09-02 12:17:00,"T1","30C","plate_2_30","C10","Sample",55,"48dpf",11.3502,1,1326,""
"515",20260504,"Resaz_Assay_T1_30C_260504_1217",2026-09-02 12:17:00,"T1","30C","plate_2_30","C11","Sample",56,"48dpf",17.5427,1,448,""
"516",20260504,"Resaz_Assay_T1_30C_260504_1217",2026-09-02 12:17:00,"T1","30C","plate_2_30","C12","Sample",57,"48dpf",14.4875,1,529,""
"517",20260504,"Resaz_Assay_T1_30C_260504_1217",2026-09-02 12:17:00,"T1","30C","plate_2_30","D1","Sample",1,"48dpf",10.2989,1,404,""
"518",20260504,"Resaz_Assay_T1_30C_260504_1217",2026-09-02 12:17:00,"T1","30C","plate_2_30","D2","Sample",3,"48dpf",16.7707,1,580,""
"519",20260504,"Resaz_Assay_T1_30C_260504_1217",2026-09-02 12:17:00,"T1","30C","plate_2_30","D3","Sample",4,"48dpf",17.5756,1,2140,""
"520",20260504,"Resaz_Assay_T1_30C_260504_1217",2026-09-02 12:17:00,"T1","30C","plate_2_30","D4","Sample",5,"48dpf",14.4711,1,637,""
"521",20260504,"Resaz_Assay_T1_30C_260504_1217",2026-09-02 12:17:00,"T1","30C","plate_2_30","D5","Sample",6,"48dpf",19.2838,1,387,""
"522",20260504,"Resaz_Assay_T1_30C_260504_1217",2026-09-02 12:17:00,"T1","30C","plate_2_30","D6","Sample",8,"48dpf",18.6432,1,352,""
"523",20260504,"Resaz_Assay_T1_30C_260504_1217",2026-09-02 12:17:00,"T1","30C","plate_2_30","D7","Sample",52,"48dpf",7.6216,1,757,""
"524",20260504,"Resaz_Assay_T1_30C_260504_1217",2026-09-02 12:17:00,"T1","30C","plate_2_30","D8","Sample",53,"48dpf",9.8555,1,388,""
"525",20260504,"Resaz_Assay_T1_30C_260504_1217",2026-09-02 12:17:00,"T1","30C","plate_2_30","D9","Sample",54,"48dpf",15.588,1,1518,""
"526",20260504,"Resaz_Assay_T1_30C_260504_1217",2026-09-02 12:17:00,"T1","30C","plate_2_30","D10","Sample",55,"48dpf",11.1531,1,489,""
"527",20260504,"Resaz_Assay_T1_30C_260504_1217",2026-09-02 12:17:00,"T1","30C","plate_2_30","D11","Sample",56,"48dpf",10.7753,1,413,""
"528",20260504,"Resaz_Assay_T1_30C_260504_1217",2026-09-02 12:17:00,"T1","30C","plate_2_30","D12","Sample",57,"48dpf",10.3647,1,444,""
"529",20260504,"Resaz_Assay_T1_30C_260504_1217",2026-09-02 12:17:00,"T1","30C","plate_2_30","E1","Sample",1,"48dpf",10.7096,1,683,""
"530",20260504,"Resaz_Assay_T1_30C_260504_1217",2026-09-02 12:17:00,"T1","30C","plate_2_30","E2","Sample",3,"48dpf",22.8647,1,719,""
"531",20260504,"Resaz_Assay_T1_30C_260504_1217",2026-09-02 12:17:00,"T1","30C","plate_2_30","E3","Sample",4,"48dpf",14.8817,1,1066,""
"532",20260504,"Resaz_Assay_T1_30C_260504_1217",2026-09-02 12:17:00,"T1","30C","plate_2_30","E4","Sample",5,"48dpf",11.9744,1,502,""
"533",20260504,"Resaz_Assay_T1_30C_260504_1217",2026-09-02 12:17:00,"T1","30C","plate_2_30","E5","Sample",6,"48dpf",11.3502,1,336,""
"534",20260504,"Resaz_Assay_T1_30C_260504_1217",2026-09-02 12:17:00,"T1","30C","plate_2_30","E6","Sample",8,"48dpf",11.4652,1,749,""
"535",20260504,"Resaz_Assay_T1_30C_260504_1217",2026-09-02 12:17:00,"T1","30C","plate_2_30","E7","Sample",52,"48dpf",11.5473,1,428,""
"536",20260504,"Resaz_Assay_T1_30C_260504_1217",2026-09-02 12:17:00,"T1","30C","plate_2_30","E8","Sample",53,"48dpf",18.0191,1,464,""
"537",20260504,"Resaz_Assay_T1_30C_260504_1217",2026-09-02 12:17:00,"T1","30C","plate_2_30","E9","Sample",54,"48dpf",9.3463,1,1859,""
"538",20260504,"Resaz_Assay_T1_30C_260504_1217",2026-09-02 12:17:00,"T1","30C","plate_2_30","E10","Sample",55,"48dpf",17.6905,1,665,""
"539",20260504,"Resaz_Assay_T1_30C_260504_1217",2026-09-02 12:17:00,"T1","30C","plate_2_30","E11","Sample",56,"48dpf",19.364,1,421,""
"540",20260504,"Resaz_Assay_T1_30C_260504_1217",2026-09-02 12:17:00,"T1","30C","plate_2_30","E12","Sample",57,"48dpf",13.0913,1,376,""
"541",20260504,"Resaz_Assay_T1_30C_260504_1217",2026-09-02 12:17:00,"T1","30C","plate_2_30","F1","Sample",1,"48dpf",11.3995,1,544,""
"542",20260504,"Resaz_Assay_T1_30C_260504_1217",2026-09-02 12:17:00,"T1","30C","plate_2_30","F2","Sample",3,"48dpf",17.8219,1,724,""
"543",20260504,"Resaz_Assay_T1_30C_260504_1217",2026-09-02 12:17:00,"T1","30C","plate_2_30","F3","Sample",4,"48dpf",14.3068,1,960,""
"544",20260504,"Resaz_Assay_T1_30C_260504_1217",2026-09-02 12:17:00,"T1","30C","plate_2_30","F4","Sample",5,"48dpf",15.9166,1,578,""
"545",20260504,"Resaz_Assay_T1_30C_260504_1217",2026-09-02 12:17:00,"T1","30C","plate_2_30","F5","Sample",6,"48dpf",16.7871,1,340,""
"546",20260504,"Resaz_Assay_T1_30C_260504_1217",2026-09-02 12:17:00,"T1","30C","plate_2_30","F6","Sample",8,"48dpf",8.5414,1,362,""
"547",20260504,"Resaz_Assay_T1_30C_260504_1217",2026-09-02 12:17:00,"T1","30C","plate_2_30","F7","Sample",52,"48dpf",14.5861,1,472,""
"548",20260504,"Resaz_Assay_T1_30C_260504_1217",2026-09-02 12:17:00,"T1","30C","plate_2_30","F8","Sample",53,"48dpf",10.7917,1,450,""
"549",20260504,"Resaz_Assay_T1_30C_260504_1217",2026-09-02 12:17:00,"T1","30C","plate_2_30","F9","Sample",54,"48dpf",14.4711,1,2565,""
"550",20260504,"Resaz_Assay_T1_30C_260504_1217",2026-09-02 12:17:00,"T1","30C","plate_2_30","F10","Sample",55,"48dpf",7.9172,1,355,""
"551",20260504,"Resaz_Assay_T1_30C_260504_1217",2026-09-02 12:17:00,"T1","30C","plate_2_30","F11","Sample",56,"48dpf",11.0217,1,425,""
"552",20260504,"Resaz_Assay_T1_30C_260504_1217",2026-09-02 12:17:00,"T1","30C","plate_2_30","F12","Sample",57,"48dpf",11.7116,1,437,""
"553",20260504,"Resaz_Assay_T1_30C_260504_1217",2026-09-02 12:17:00,"T1","30C","plate_2_30","G1","Sample",1,"48dpf",19.4317,1,601,""
"554",20260504,"Resaz_Assay_T1_30C_260504_1217",2026-09-02 12:17:00,"T1","30C","plate_2_30","G2","Sample",3,"48dpf",19.6452,1,369,""
"555",20260504,"Resaz_Assay_T1_30C_260504_1217",2026-09-02 12:17:00,"T1","30C","plate_2_30","G3","Sample",4,"48dpf",17.1321,1,1635,""
"556",20260504,"Resaz_Assay_T1_30C_260504_1217",2026-09-02 12:17:00,"T1","30C","plate_2_30","G4","Sample",5,"48dpf",11.6787,1,456,""
"557",20260504,"Resaz_Assay_T1_30C_260504_1217",2026-09-02 12:17:00,"T1","30C","plate_2_30","G5","Sample",6,"48dpf",15.0953,1,500,""
"558",20260504,"Resaz_Assay_T1_30C_260504_1217",2026-09-02 12:17:00,"T1","30C","plate_2_30","G6","Sample",8,"48dpf",16.2779,1,349,""
"559",20260504,"Resaz_Assay_T1_30C_260504_1217",2026-09-02 12:17:00,"T1","30C","plate_2_30","G7","Sample",52,"48dpf",8.3607,1,398,""
"560",20260504,"Resaz_Assay_T1_30C_260504_1217",2026-09-02 12:17:00,"T1","30C","plate_2_30","G8","Sample",53,"48dpf",9.3791,1,1483,""
"561",20260504,"Resaz_Assay_T1_30C_260504_1217",2026-09-02 12:17:00,"T1","30C","plate_2_30","G9","Sample",54,"48dpf",18.5283,1,527,""
"562",20260504,"Resaz_Assay_T1_30C_260504_1217",2026-09-02 12:17:00,"T1","30C","plate_2_30","G10","Sample",55,"48dpf",16.9514,1,523,""
"563",20260504,"Resaz_Assay_T1_30C_260504_1217",2026-09-02 12:17:00,"T1","30C","plate_2_30","G11","Sample",56,"48dpf",12.0072,1,1319,""
"564",20260504,"Resaz_Assay_T1_30C_260504_1217",2026-09-02 12:17:00,"T1","30C","plate_2_30","G12","Sample",57,"48dpf",16.4586,1,408,""
"565",20260504,"Resaz_Assay_T1_30C_260504_1217",2026-09-02 12:17:00,"T1","30C","plate_2_30","H1","Blank",NA,"48dpf",NA,NA,405,""
"566",20260504,"Resaz_Assay_T1_30C_260504_1217",2026-09-02 12:17:00,"T1","30C","plate_2_30","H2","Blank",NA,"48dpf",14.7175,1,401,"empty shell"
"567",20260504,"Resaz_Assay_T1_30C_260504_1217",2026-09-02 12:17:00,"T1","30C","plate_2_30","H3","Blank",NA,"48dpf",NA,NA,382,""
"568",20260504,"Resaz_Assay_T1_30C_260504_1217",2026-09-02 12:17:00,"T1","30C","plate_2_30","H4","Blank",NA,"48dpf",19.4317,1,402,"empty shell"
"569",20260504,"Resaz_Assay_T1_30C_260504_1217",2026-09-02 12:17:00,"T1","30C","plate_2_30","H5","Blank",NA,"48dpf",NA,NA,374,""
"570",20260504,"Resaz_Assay_T1_30C_260504_1217",2026-09-02 12:17:00,"T1","30C","plate_2_30","H6","Blank",NA,"48dpf",19.6616,1,411,"empty shell"
"571",20260504,"Resaz_Assay_T1_30C_260504_1217",2026-09-02 12:17:00,"T1","30C","plate_2_30","H7","Blank",NA,"48dpf",NA,NA,362,""
"572",20260504,"Resaz_Assay_T1_30C_260504_1217",2026-09-02 12:17:00,"T1","30C","plate_2_30","H8","Blank",NA,"48dpf",23.8995,1,500,"empty shell"
"573",20260504,"Resaz_Assay_T1_30C_260504_1217",2026-09-02 12:17:00,"T1","30C","plate_2_30","H9","Blank",NA,"48dpf",NA,NA,384,""
"574",20260504,"Resaz_Assay_T1_30C_260504_1217",2026-09-02 12:17:00,"T1","30C","plate_2_30","H10","Blank",NA,"48dpf",10.2858,1,395,"empty shell"
"575",20260504,"Resaz_Assay_T1_30C_260504_1217",2026-09-02 12:17:00,"T1","30C","plate_2_30","H11","Blank",NA,"48dpf",NA,NA,395,""
"576",20260504,"Resaz_Assay_T1_30C_260504_1217",2026-09-02 12:17:00,"T1","30C","plate_2_30","H12","Blank",NA,"48dpf",15.8344,1,461,"empty shell"
"577",20260504,"Resaz_Assay_T1_34C_260504_1224",2026-09-02 12:24:00,"T1","34C","plate_3_34","A1","Sample",1,"48dpf",12.5209,1,694,""
"578",20260504,"Resaz_Assay_T1_34C_260504_1224",2026-09-02 12:24:00,"T1","34C","plate_3_34","A2","Sample",3,"48dpf",12.1401,1,1596,""
"579",20260504,"Resaz_Assay_T1_34C_260504_1224",2026-09-02 12:24:00,"T1","34C","plate_3_34","A3","Sample",4,"48dpf",11.211,1,934,""
"580",20260504,"Resaz_Assay_T1_34C_260504_1224",2026-09-02 12:24:00,"T1","34C","plate_3_34","A4","Sample",5,"48dpf",10.8911,1,3245,""
"581",20260504,"Resaz_Assay_T1_34C_260504_1224",2026-09-02 12:24:00,"T1","34C","plate_3_34","A5","Sample",6,"48dpf",12.1706,1,1549,""
"582",20260504,"Resaz_Assay_T1_34C_260504_1224",2026-09-02 12:24:00,"T1","34C","plate_3_34","A6","Sample",8,"48dpf",12.6276,1,1067,""
"583",20260504,"Resaz_Assay_T1_34C_260504_1224",2026-09-02 12:24:00,"T1","34C","plate_3_34","A7","Sample",52,"48dpf",10.3884,1,529,""
"584",20260504,"Resaz_Assay_T1_34C_260504_1224",2026-09-02 12:24:00,"T1","34C","plate_3_34","A8","Sample",53,"48dpf",11.5613,1,981,""
"585",20260504,"Resaz_Assay_T1_34C_260504_1224",2026-09-02 12:24:00,"T1","34C","plate_3_34","A9","Sample",54,"48dpf",12.9018,1,600,""
"586",20260504,"Resaz_Assay_T1_34C_260504_1224",2026-09-02 12:24:00,"T1","34C","plate_3_34","A10","Sample",55,"48dpf",21.0053,1,1093,""
"587",20260504,"Resaz_Assay_T1_34C_260504_1224",2026-09-02 12:24:00,"T1","34C","plate_3_34","A11","Sample",56,"48dpf",8.2407,1,531,""
"588",20260504,"Resaz_Assay_T1_34C_260504_1224",2026-09-02 12:24:00,"T1","34C","plate_3_34","A12","Sample",57,"48dpf",9.2003,1,586,""
"589",20260504,"Resaz_Assay_T1_34C_260504_1224",2026-09-02 12:24:00,"T1","34C","plate_3_34","B1","Sample",1,"48dpf",10.5864,1,506,""
"590",20260504,"Resaz_Assay_T1_34C_260504_1224",2026-09-02 12:24:00,"T1","34C","plate_3_34","B2","Sample",3,"48dpf",20.3199,1,843,""
"591",20260504,"Resaz_Assay_T1_34C_260504_1224",2026-09-02 12:24:00,"T1","34C","plate_3_34","B3","Sample",4,"48dpf",14.7753,1,1115,""
"592",20260504,"Resaz_Assay_T1_34C_260504_1224",2026-09-02 12:24:00,"T1","34C","plate_3_34","B4","Sample",5,"48dpf",13.2978,1,1853,""
"593",20260504,"Resaz_Assay_T1_34C_260504_1224",2026-09-02 12:24:00,"T1","34C","plate_3_34","B5","Sample",6,"48dpf",16.6184,1,653,""
"594",20260504,"Resaz_Assay_T1_34C_260504_1224",2026-09-02 12:24:00,"T1","34C","plate_3_34","B6","Sample",8,"48dpf",10.099,1,818,""
"595",20260504,"Resaz_Assay_T1_34C_260504_1224",2026-09-02 12:24:00,"T1","34C","plate_3_34","B7","Sample",52,"48dpf",13.5567,1,526,""
"596",20260504,"Resaz_Assay_T1_34C_260504_1224",2026-09-02 12:24:00,"T1","34C","plate_3_34","B8","Sample",53,"48dpf",13.313,1,792,""
"597",20260504,"Resaz_Assay_T1_34C_260504_1224",2026-09-02 12:24:00,"T1","34C","plate_3_34","B9","Sample",54,"48dpf",12.6885,1,572,""
"598",20260504,"Resaz_Assay_T1_34C_260504_1224",2026-09-02 12:24:00,"T1","34C","plate_3_34","B10","Sample",55,"48dpf",16.3899,1,538,""
"599",20260504,"Resaz_Assay_T1_34C_260504_1224",2026-09-02 12:24:00,"T1","34C","plate_3_34","B11","Sample",56,"48dpf",6.032,1,523,""
"600",20260504,"Resaz_Assay_T1_34C_260504_1224",2026-09-02 12:24:00,"T1","34C","plate_3_34","B12","Sample",57,"48dpf",5.6359,1,981,""
"601",20260504,"Resaz_Assay_T1_34C_260504_1224",2026-09-02 12:24:00,"T1","34C","plate_3_34","C1","Sample",1,"48dpf",10.3123,1,397,""
"602",20260504,"Resaz_Assay_T1_34C_260504_1224",2026-09-02 12:24:00,"T1","34C","plate_3_34","C2","Sample",3,"48dpf",14.5773,1,1303,""
"603",20260504,"Resaz_Assay_T1_34C_260504_1224",2026-09-02 12:24:00,"T1","34C","plate_3_34","C3","Sample",4,"48dpf",14.4859,1,1890,""
"604",20260504,"Resaz_Assay_T1_34C_260504_1224",2026-09-02 12:24:00,"T1","34C","plate_3_34","C4","Sample",5,"48dpf",9.7182,1,869,""
"605",20260504,"Resaz_Assay_T1_34C_260504_1224",2026-09-02 12:24:00,"T1","34C","plate_3_34","C5","Sample",6,"48dpf",17.6238,1,587,""
"606",20260504,"Resaz_Assay_T1_34C_260504_1224",2026-09-02 12:24:00,"T1","34C","plate_3_34","C6","Sample",8,"48dpf",14.1356,1,1193,""
"607",20260504,"Resaz_Assay_T1_34C_260504_1224",2026-09-02 12:24:00,"T1","34C","plate_3_34","C7","Sample",52,"48dpf",13.7395,1,1904,""
"608",20260504,"Resaz_Assay_T1_34C_260504_1224",2026-09-02 12:24:00,"T1","34C","plate_3_34","C8","Sample",53,"48dpf",2.2239,1,1474,""
"609",20260504,"Resaz_Assay_T1_34C_260504_1224",2026-09-02 12:24:00,"T1","34C","plate_3_34","C9","Sample",54,"48dpf",14.1203,1,484,""
"610",20260504,"Resaz_Assay_T1_34C_260504_1224",2026-09-02 12:24:00,"T1","34C","plate_3_34","C10","Sample",55,"48dpf",10.952,1,2515,""
"611",20260504,"Resaz_Assay_T1_34C_260504_1224",2026-09-02 12:24:00,"T1","34C","plate_3_34","C11","Sample",56,"48dpf",16.786,1,568,""
"612",20260504,"Resaz_Assay_T1_34C_260504_1224",2026-09-02 12:24:00,"T1","34C","plate_3_34","C12","Sample",57,"48dpf",13.9832,1,524,""
"613",20260504,"Resaz_Assay_T1_34C_260504_1224",2026-09-02 12:24:00,"T1","34C","plate_3_34","D1","Sample",1,"48dpf",10.0228,1,500,""
"614",20260504,"Resaz_Assay_T1_34C_260504_1224",2026-09-02 12:24:00,"T1","34C","plate_3_34","D2","Sample",3,"48dpf",16.2224,1,578,""
"615",20260504,"Resaz_Assay_T1_34C_260504_1224",2026-09-02 12:24:00,"T1","34C","plate_3_34","D3","Sample",4,"48dpf",17.1973,1,1341,""
"616",20260504,"Resaz_Assay_T1_34C_260504_1224",2026-09-02 12:24:00,"T1","34C","plate_3_34","D4","Sample",5,"48dpf",132.9071,1,1221,""
"617",20260504,"Resaz_Assay_T1_34C_260504_1224",2026-09-02 12:24:00,"T1","34C","plate_3_34","D5","Sample",6,"48dpf",18.2331,1,1597,""
"618",20260504,"Resaz_Assay_T1_34C_260504_1224",2026-09-02 12:24:00,"T1","34C","plate_3_34","D6","Sample",8,"48dpf",17.6999,1,1083,""
"619",20260504,"Resaz_Assay_T1_34C_260504_1224",2026-09-02 12:24:00,"T1","34C","plate_3_34","D7","Sample",52,"48dpf",7.4181,1,511,""
"620",20260504,"Resaz_Assay_T1_34C_260504_1224",2026-09-02 12:24:00,"T1","34C","plate_3_34","D8","Sample",53,"48dpf",9.5659,1,1020,""
"621",20260504,"Resaz_Assay_T1_34C_260504_1224",2026-09-02 12:24:00,"T1","34C","plate_3_34","D9","Sample",54,"48dpf",15.3846,1,504,""
"622",20260504,"Resaz_Assay_T1_34C_260504_1224",2026-09-02 12:24:00,"T1","34C","plate_3_34","D10","Sample",55,"48dpf",10.8606,1,1888,""
"623",20260504,"Resaz_Assay_T1_34C_260504_1224",2026-09-02 12:24:00,"T1","34C","plate_3_34","D11","Sample",56,"48dpf",10.495,1,536,""
"624",20260504,"Resaz_Assay_T1_34C_260504_1224",2026-09-02 12:24:00,"T1","34C","plate_3_34","D12","Sample",57,"48dpf",9.8401,1,540,""
"625",20260504,"Resaz_Assay_T1_34C_260504_1224",2026-09-02 12:24:00,"T1","34C","plate_3_34","E1","Sample",1,"48dpf",10.3884,1,1005,""
"626",20260504,"Resaz_Assay_T1_34C_260504_1224",2026-09-02 12:24:00,"T1","34C","plate_3_34","E2","Sample",3,"48dpf",22.4981,1,1394,""
"627",20260504,"Resaz_Assay_T1_34C_260504_1224",2026-09-02 12:24:00,"T1","34C","plate_3_34","E3","Sample",4,"48dpf",14.3945,1,1936,""
"628",20260504,"Resaz_Assay_T1_34C_260504_1224",2026-09-02 12:24:00,"T1","34C","plate_3_34","E4","Sample",5,"48dpf",11.3176,1,1685,""
"629",20260504,"Resaz_Assay_T1_34C_260504_1224",2026-09-02 12:24:00,"T1","34C","plate_3_34","E5","Sample",6,"48dpf",10.9063,1,445,""
"630",20260504,"Resaz_Assay_T1_34C_260504_1224",2026-09-02 12:24:00,"T1","34C","plate_3_34","E6","Sample",8,"48dpf",10.8606,1,1442,""
"631",20260504,"Resaz_Assay_T1_34C_260504_1224",2026-09-02 12:24:00,"T1","34C","plate_3_34","E7","Sample",52,"48dpf",10.8911,1,400,""
"632",20260504,"Resaz_Assay_T1_34C_260504_1224",2026-09-02 12:24:00,"T1","34C","plate_3_34","E8","Sample",53,"48dpf",17.1211,1,401,""
"633",20260504,"Resaz_Assay_T1_34C_260504_1224",2026-09-02 12:24:00,"T1","34C","plate_3_34","E9","Sample",54,"48dpf",8.9718,1,554,""
"634",20260504,"Resaz_Assay_T1_34C_260504_1224",2026-09-02 12:24:00,"T1","34C","plate_3_34","E10","Sample",55,"48dpf",16.7403,1,510,""
"635",20260504,"Resaz_Assay_T1_34C_260504_1224",2026-09-02 12:24:00,"T1","34C","plate_3_34","E11","Sample",56,"48dpf",17.3496,1,473,""
"636",20260504,"Resaz_Assay_T1_34C_260504_1224",2026-09-02 12:24:00,"T1","34C","plate_3_34","E12","Sample",57,"48dpf",12.6885,1,465,""
"637",20260504,"Resaz_Assay_T1_34C_260504_1224",2026-09-02 12:24:00,"T1","34C","plate_3_34","F1","Sample",1,"48dpf",11.0739,1,798,""
"638",20260504,"Resaz_Assay_T1_34C_260504_1224",2026-09-02 12:24:00,"T1","34C","plate_3_34","F2","Sample",3,"48dpf",17.4867,1,1421,""
"639",20260504,"Resaz_Assay_T1_34C_260504_1224",2026-09-02 12:24:00,"T1","34C","plate_3_34","F3","Sample",4,"48dpf",13.8614,1,844,""
"640",20260504,"Resaz_Assay_T1_34C_260504_1224",2026-09-02 12:24:00,"T1","34C","plate_3_34","F4","Sample",5,"48dpf",15.476,1,754,""
"641",20260504,"Resaz_Assay_T1_34C_260504_1224",2026-09-02 12:24:00,"T1","34C","plate_3_34","F5","Sample",6,"48dpf",15.476,1,347,""
"642",20260504,"Resaz_Assay_T1_34C_260504_1224",2026-09-02 12:24:00,"T1","34C","plate_3_34","F6","Sample",8,"48dpf",8.1645,1,636,""
"643",20260504,"Resaz_Assay_T1_34C_260504_1224",2026-09-02 12:24:00,"T1","34C","plate_3_34","F7","Sample",52,"48dpf",12.1051,1,499,""
"644",20260504,"Resaz_Assay_T1_34C_260504_1224",2026-09-02 12:24:00,"T1","34C","plate_3_34","F8","Sample",53,"48dpf",10.3427,1,771,""
"645",20260504,"Resaz_Assay_T1_34C_260504_1224",2026-09-02 12:24:00,"T1","34C","plate_3_34","F9","Sample",54,"48dpf",13.9832,1,461,""
"646",20260504,"Resaz_Assay_T1_34C_260504_1224",2026-09-02 12:24:00,"T1","34C","plate_3_34","F10","Sample",55,"48dpf",7.6618,1,416,""
"647",20260504,"Resaz_Assay_T1_34C_260504_1224",2026-09-02 12:24:00,"T1","34C","plate_3_34","F11","Sample",56,"48dpf",10.5407,1,486,""
"648",20260504,"Resaz_Assay_T1_34C_260504_1224",2026-09-02 12:24:00,"T1","34C","plate_3_34","F12","Sample",57,"48dpf",10.7692,1,579,""
"649",20260504,"Resaz_Assay_T1_34C_260504_1224",2026-09-02 12:24:00,"T1","34C","plate_3_34","G1","Sample",1,"48dpf",18.888,1,414,""
"650",20260504,"Resaz_Assay_T1_34C_260504_1224",2026-09-02 12:24:00,"T1","34C","plate_3_34","G2","Sample",3,"48dpf",18.751,1,1462,""
"651",20260504,"Resaz_Assay_T1_34C_260504_1224",2026-09-02 12:24:00,"T1","34C","plate_3_34","G3","Sample",4,"48dpf",16.7708,1,2645,""
"652",20260504,"Resaz_Assay_T1_34C_260504_1224",2026-09-02 12:24:00,"T1","34C","plate_3_34","G4","Sample",5,"48dpf",11.4851,1,845,""
"653",20260504,"Resaz_Assay_T1_34C_260504_1224",2026-09-02 12:24:00,"T1","34C","plate_3_34","G5","Sample",6,"48dpf",14.6382,1,954,""
"654",20260504,"Resaz_Assay_T1_34C_260504_1224",2026-09-02 12:24:00,"T1","34C","plate_3_34","G6","Sample",8,"48dpf",15.6893,1,485,""
"655",20260504,"Resaz_Assay_T1_34C_260504_1224",2026-09-02 12:24:00,"T1","34C","plate_3_34","G7","Sample",52,"48dpf",7.9817,1,446,""
"656",20260504,"Resaz_Assay_T1_34C_260504_1224",2026-09-02 12:24:00,"T1","34C","plate_3_34","G8","Sample",53,"48dpf",8.7586,1,934,""
"657",20260504,"Resaz_Assay_T1_34C_260504_1224",2026-09-02 12:24:00,"T1","34C","plate_3_34","G9","Sample",54,"48dpf",18.1112,1,548,""
"658",20260504,"Resaz_Assay_T1_34C_260504_1224",2026-09-02 12:24:00,"T1","34C","plate_3_34","G10","Sample",55,"48dpf",16.6337,1,965,""
"659",20260504,"Resaz_Assay_T1_34C_260504_1224",2026-09-02 12:24:00,"T1","34C","plate_3_34","G11","Sample",56,"48dpf",11.4699,1,533,""
"660",20260504,"Resaz_Assay_T1_34C_260504_1224",2026-09-02 12:24:00,"T1","34C","plate_3_34","G12","Sample",57,"48dpf",15.7654,1,590,""
"661",20260504,"Resaz_Assay_T1_34C_260504_1224",2026-09-02 12:24:00,"T1","34C","plate_3_34","H1","Blank",NA,"48dpf",NA,NA,397,""
"662",20260504,"Resaz_Assay_T1_34C_260504_1224",2026-09-02 12:24:00,"T1","34C","plate_3_34","H2","Blank",NA,"48dpf",13.6786,1,432,"empty shell"
"663",20260504,"Resaz_Assay_T1_34C_260504_1224",2026-09-02 12:24:00,"T1","34C","plate_3_34","H3","Blank",NA,"48dpf",NA,NA,395,""
"664",20260504,"Resaz_Assay_T1_34C_260504_1224",2026-09-02 12:24:00,"T1","34C","plate_3_34","H4","Blank",NA,"48dpf",18.2026,1,356,"empty shell"
"665",20260504,"Resaz_Assay_T1_34C_260504_1224",2026-09-02 12:24:00,"T1","34C","plate_3_34","H5","Blank",NA,"48dpf",NA,NA,364,""
"666",20260504,"Resaz_Assay_T1_34C_260504_1224",2026-09-02 12:24:00,"T1","34C","plate_3_34","H6","Blank",NA,"48dpf",19.147,1,424,"empty shell"
"667",20260504,"Resaz_Assay_T1_34C_260504_1224",2026-09-02 12:24:00,"T1","34C","plate_3_34","H7","Blank",NA,"48dpf",NA,NA,354,""
"668",20260504,"Resaz_Assay_T1_34C_260504_1224",2026-09-02 12:24:00,"T1","34C","plate_3_34","H8","Blank",NA,"48dpf",23.3359,1,355,"empty shell"
"669",20260504,"Resaz_Assay_T1_34C_260504_1224",2026-09-02 12:24:00,"T1","34C","plate_3_34","H9","Blank",NA,"48dpf",NA,NA,416,""
"670",20260504,"Resaz_Assay_T1_34C_260504_1224",2026-09-02 12:24:00,"T1","34C","plate_3_34","H10","Blank",NA,"48dpf",19.6649,1,402,"empty shell"
"671",20260504,"Resaz_Assay_T1_34C_260504_1224",2026-09-02 12:24:00,"T1","34C","plate_3_34","H11","Blank",NA,"48dpf",NA,NA,380,""
"672",20260504,"Resaz_Assay_T1_34C_260504_1224",2026-09-02 12:24:00,"T1","34C","plate_3_34","H12","Blank",NA,"48dpf",NA,NA,445,"empty shell"
"673",20260504,"Resaz_Assay_T1_38C_260504_1229",2026-09-02 12:29:00,"T1","38C","plate_4_38","A1","Sample",1,"48dpf",15.1257,1,964,""
"674",20260504,"Resaz_Assay_T1_38C_260504_1229",2026-09-02 12:29:00,"T1","38C","plate_4_38","A2","Sample",3,"48dpf",15.3981,1,2232,""
"675",20260504,"Resaz_Assay_T1_38C_260504_1229",2026-09-02 12:29:00,"T1","38C","plate_4_38","A3","Sample",4,"48dpf",17.4395,1,938,""
"676",20260504,"Resaz_Assay_T1_38C_260504_1229",2026-09-02 12:29:00,"T1","38C","plate_4_38","A4","Sample",5,"48dpf",12.8566,1,1035,""
"677",20260504,"Resaz_Assay_T1_38C_260504_1229",2026-09-02 12:29:00,"T1","38C","plate_4_38","A5","Sample",6,"48dpf",9.4903,1,400,""
"678",20260504,"Resaz_Assay_T1_38C_260504_1229",2026-09-02 12:29:00,"T1","38C","plate_4_38","A6","Sample",8,"48dpf",14.614,1,576,""
"679",20260504,"Resaz_Assay_T1_38C_260504_1229",2026-09-02 12:29:00,"T1","38C","plate_4_38","A7","Sample",52,"48dpf",9.4633,1,408,""
"680",20260504,"Resaz_Assay_T1_38C_260504_1229",2026-09-02 12:29:00,"T1","38C","plate_4_38","A8","Sample",53,"48dpf",13.1675,1,510,""
"681",20260504,"Resaz_Assay_T1_38C_260504_1229",2026-09-02 12:29:00,"T1","38C","plate_4_38","A9","Sample",54,"48dpf",12.3699,1,526,""
"682",20260504,"Resaz_Assay_T1_38C_260504_1229",2026-09-02 12:29:00,"T1","38C","plate_4_38","A10","Sample",55,"48dpf",9.585,1,1133,""
"683",20260504,"Resaz_Assay_T1_38C_260504_1229",2026-09-02 12:29:00,"T1","38C","plate_4_38","A11","Sample",56,"48dpf",9.0712,1,480,""
"684",20260504,"Resaz_Assay_T1_38C_260504_1229",2026-09-02 12:29:00,"T1","38C","plate_4_38","A12","Sample",57,"48dpf",6.1241,1,523,""
"685",20260504,"Resaz_Assay_T1_38C_260504_1229",2026-09-02 12:29:00,"T1","38C","plate_4_38","B1","Sample",1,"48dpf",12.9918,1,521,""
"686",20260504,"Resaz_Assay_T1_38C_260504_1229",2026-09-02 12:29:00,"T1","38C","plate_4_38","B2","Sample",3,"48dpf",13.8705,1,897,""
"687",20260504,"Resaz_Assay_T1_38C_260504_1229",2026-09-02 12:29:00,"T1","38C","plate_4_38","B3","Sample",4,"48dpf",13.7623,1,428,""
"688",20260504,"Resaz_Assay_T1_38C_260504_1229",2026-09-02 12:29:00,"T1","38C","plate_4_38","B4","Sample",5,"48dpf",8.9225,1,941,""
"689",20260504,"Resaz_Assay_T1_38C_260504_1229",2026-09-02 12:29:00,"T1","38C","plate_4_38","B5","Sample",6,"48dpf",12.3564,1,807,""
"690",20260504,"Resaz_Assay_T1_38C_260504_1229",2026-09-02 12:29:00,"T1","38C","plate_4_38","B6","Sample",8,"48dpf",12.7214,1,552,""
"691",20260504,"Resaz_Assay_T1_38C_260504_1229",2026-09-02 12:29:00,"T1","38C","plate_4_38","B7","Sample",52,"48dpf",13.519,1,406,""
"692",20260504,"Resaz_Assay_T1_38C_260504_1229",2026-09-02 12:29:00,"T1","38C","plate_4_38","B8","Sample",53,"48dpf",12.4916,1,479,""
"693",20260504,"Resaz_Assay_T1_38C_260504_1229",2026-09-02 12:29:00,"T1","38C","plate_4_38","B9","Sample",54,"48dpf",7.9762,1,532,""
"694",20260504,"Resaz_Assay_T1_38C_260504_1229",2026-09-02 12:29:00,"T1","38C","plate_4_38","B10","Sample",55,"48dpf",16.3985,1,531,""
"695",20260504,"Resaz_Assay_T1_38C_260504_1229",2026-09-02 12:29:00,"T1","38C","plate_4_38","B11","Sample",56,"48dpf",17.6964,1,605,""
"696",20260504,"Resaz_Assay_T1_38C_260504_1229",2026-09-02 12:29:00,"T1","38C","plate_4_38","B12","Sample",57,"48dpf",11.8832,1,495,""
"697",20260504,"Resaz_Assay_T1_38C_260504_1229",2026-09-02 12:29:00,"T1","38C","plate_4_38","C1","Sample",1,"48dpf",18.5481,1,473,""
"698",20260504,"Resaz_Assay_T1_38C_260504_1229",2026-09-02 12:29:00,"T1","38C","plate_4_38","C2","Sample",3,"48dpf",16.047,1,410,""
"699",20260504,"Resaz_Assay_T1_38C_260504_1229",2026-09-02 12:29:00,"T1","38C","plate_4_38","C3","Sample",4,"48dpf",6.381,1,377,""
"700",20260504,"Resaz_Assay_T1_38C_260504_1229",2026-09-02 12:29:00,"T1","38C","plate_4_38","C4","Sample",5,"48dpf",15.0196,1,848,""
"701",20260504,"Resaz_Assay_T1_38C_260504_1229",2026-09-02 12:29:00,"T1","38C","plate_4_38","C5","Sample",6,"48dpf",17.1826,1,460,""
"702",20260504,"Resaz_Assay_T1_38C_260504_1229",2026-09-02 12:29:00,"T1","38C","plate_4_38","C6","Sample",8,"48dpf",20.0892,1,1189,""
"703",20260504,"Resaz_Assay_T1_38C_260504_1229",2026-09-02 12:29:00,"T1","38C","plate_4_38","C7","Sample",52,"48dpf",12.0049,1,383,""
"704",20260504,"Resaz_Assay_T1_38C_260504_1229",2026-09-02 12:29:00,"T1","38C","plate_4_38","C8","Sample",53,"48dpf",8.5034,1,1016,""
"705",20260504,"Resaz_Assay_T1_38C_260504_1229",2026-09-02 12:29:00,"T1","38C","plate_4_38","C9","Sample",54,"48dpf",6.5297,1,465,""
"706",20260504,"Resaz_Assay_T1_38C_260504_1229",2026-09-02 12:29:00,"T1","38C","plate_4_38","C10","Sample",55,"48dpf",15.0466,1,481,""
"707",20260504,"Resaz_Assay_T1_38C_260504_1229",2026-09-02 12:29:00,"T1","38C","plate_4_38","C11","Sample",56,"48dpf",14.6951,1,542,""
"708",20260504,"Resaz_Assay_T1_38C_260504_1229",2026-09-02 12:29:00,"T1","38C","plate_4_38","C12","Sample",57,"48dpf",6.1647,1,506,""
"709",20260504,"Resaz_Assay_T1_38C_260504_1229",2026-09-02 12:29:00,"T1","38C","plate_4_38","D1","Sample",1,"48dpf",16.1417,1,574,""
"710",20260504,"Resaz_Assay_T1_38C_260504_1229",2026-09-02 12:29:00,"T1","38C","plate_4_38","D2","Sample",3,"48dpf",18.0208,1,700,""
"711",20260504,"Resaz_Assay_T1_38C_260504_1229",2026-09-02 12:29:00,"T1","38C","plate_4_38","D3","Sample",4,"48dpf",12.8701,1,710,""
"712",20260504,"Resaz_Assay_T1_38C_260504_1229",2026-09-02 12:29:00,"T1","38C","plate_4_38","D4","Sample",5,"48dpf",10.4637,1,1131,""
"713",20260504,"Resaz_Assay_T1_38C_260504_1229",2026-09-02 12:29:00,"T1","38C","plate_4_38","D5","Sample",6,"48dpf",14.5194,1,340,""
"714",20260504,"Resaz_Assay_T1_38C_260504_1229",2026-09-02 12:29:00,"T1","38C","plate_4_38","D6","Sample",8,"48dpf",11.9102,1,1058,""
"715",20260504,"Resaz_Assay_T1_38C_260504_1229",2026-09-02 12:29:00,"T1","38C","plate_4_38","D7","Sample",52,"48dpf",14.3977,1,609,""
"716",20260504,"Resaz_Assay_T1_38C_260504_1229",2026-09-02 12:29:00,"T1","38C","plate_4_38","D8","Sample",53,"48dpf",11.8562,1,355,""
"717",20260504,"Resaz_Assay_T1_38C_260504_1229",2026-09-02 12:29:00,"T1","38C","plate_4_38","D9","Sample",54,"48dpf",10.1933,1,477,""
"718",20260504,"Resaz_Assay_T1_38C_260504_1229",2026-09-02 12:29:00,"T1","38C","plate_4_38","D10","Sample",55,"48dpf",16.7906,1,1634,""
"719",20260504,"Resaz_Assay_T1_38C_260504_1229",2026-09-02 12:29:00,"T1","38C","plate_4_38","D11","Sample",56,"48dpf",8.5034,1,518,""
"720",20260504,"Resaz_Assay_T1_38C_260504_1229",2026-09-02 12:29:00,"T1","38C","plate_4_38","D12","Sample",57,"48dpf",14.0462,1,629,""
"721",20260504,"Resaz_Assay_T1_38C_260504_1229",2026-09-02 12:29:00,"T1","38C","plate_4_38","E1","Sample",1,"48dpf",16.1417,1,1198,""
"722",20260504,"Resaz_Assay_T1_38C_260504_1229",2026-09-02 12:29:00,"T1","38C","plate_4_38","E2","Sample",3,"48dpf",19.8594,1,2060,""
"723",20260504,"Resaz_Assay_T1_38C_260504_1229",2026-09-02 12:29:00,"T1","38C","plate_4_38","E3","Sample",4,"48dpf",11.018,1,436,""
"724",20260504,"Resaz_Assay_T1_38C_260504_1229",2026-09-02 12:29:00,"T1","38C","plate_4_38","E4","Sample",5,"48dpf",14.8709,1,730,""
"725",20260504,"Resaz_Assay_T1_38C_260504_1229",2026-09-02 12:29:00,"T1","38C","plate_4_38","E5","Sample",6,"48dpf",11.6128,1,535,""
"726",20260504,"Resaz_Assay_T1_38C_260504_1229",2026-09-02 12:29:00,"T1","38C","plate_4_38","E6","Sample",8,"48dpf",17.4395,1,501,""
"727",20260504,"Resaz_Assay_T1_38C_260504_1229",2026-09-02 12:29:00,"T1","38C","plate_4_38","E7","Sample",52,"48dpf",10.7206,1,467,""
"728",20260504,"Resaz_Assay_T1_38C_260504_1229",2026-09-02 12:29:00,"T1","38C","plate_4_38","E8","Sample",53,"48dpf",10.8558,1,378,""
"729",20260504,"Resaz_Assay_T1_38C_260504_1229",2026-09-02 12:29:00,"T1","38C","plate_4_38","E9","Sample",54,"48dpf",9.8148,1,529,""
"730",20260504,"Resaz_Assay_T1_38C_260504_1229",2026-09-02 12:29:00,"T1","38C","plate_4_38","E10","Sample",55,"48dpf",18.832,1,518,""
"731",20260504,"Resaz_Assay_T1_38C_260504_1229",2026-09-02 12:29:00,"T1","38C","plate_4_38","E11","Sample",56,"48dpf",13.3838,1,1778,""
"732",20260504,"Resaz_Assay_T1_38C_260504_1229",2026-09-02 12:29:00,"T1","38C","plate_4_38","E12","Sample",57,"48dpf",9.5444,1,584,""
"733",20260504,"Resaz_Assay_T1_38C_260504_1229",2026-09-02 12:29:00,"T1","38C","plate_4_38","F1","Sample",1,"48dpf",12.6132,1,1477,""
"734",20260504,"Resaz_Assay_T1_38C_260504_1229",2026-09-02 12:29:00,"T1","38C","plate_4_38","F2","Sample",3,"48dpf",10.6124,1,421,""
"735",20260504,"Resaz_Assay_T1_38C_260504_1229",2026-09-02 12:29:00,"T1","38C","plate_4_38","F3","Sample",4,"48dpf",11.1261,1,441,""
"736",20260504,"Resaz_Assay_T1_38C_260504_1229",2026-09-02 12:29:00,"T1","38C","plate_4_38","F4","Sample",5,"48dpf",18.832,1,1321,""
"737",20260504,"Resaz_Assay_T1_38C_260504_1229",2026-09-02 12:29:00,"T1","38C","plate_4_38","F5","Sample",6,"48dpf",8.4088,1,1759,""
"738",20260504,"Resaz_Assay_T1_38C_260504_1229",2026-09-02 12:29:00,"T1","38C","plate_4_38","F6","Sample",8,"48dpf",13.0458,1,755,""
"739",20260504,"Resaz_Assay_T1_38C_260504_1229",2026-09-02 12:29:00,"T1","38C","plate_4_38","F7","Sample",52,"48dpf",12.6132,1,535,""
"740",20260504,"Resaz_Assay_T1_38C_260504_1229",2026-09-02 12:29:00,"T1","38C","plate_4_38","F8","Sample",53,"48dpf",10.9639,1,766,""
"741",20260504,"Resaz_Assay_T1_38C_260504_1229",2026-09-02 12:29:00,"T1","38C","plate_4_38","F9","Sample",54,"48dpf",12.0454,1,514,""
"742",20260504,"Resaz_Assay_T1_38C_260504_1229",2026-09-02 12:29:00,"T1","38C","plate_4_38","F10","Sample",55,"48dpf",8.3007,1,984,""
"743",20260504,"Resaz_Assay_T1_38C_260504_1229",2026-09-02 12:29:00,"T1","38C","plate_4_38","F11","Sample",56,"48dpf",13.3297,1,558,""
"744",20260504,"Resaz_Assay_T1_38C_260504_1229",2026-09-02 12:29:00,"T1","38C","plate_4_38","F12","Sample",57,"48dpf",15.1548,1,654,""
"745",20260504,"Resaz_Assay_T1_38C_260504_1229",2026-09-02 12:29:00,"T1","38C","plate_4_38","G1","Sample",1,"48dpf",12.5727,1,1343,""
"746",20260504,"Resaz_Assay_T1_38C_260504_1229",2026-09-02 12:29:00,"T1","38C","plate_4_38","G2","Sample",3,"48dpf",13.6001,1,492,""
"747",20260504,"Resaz_Assay_T1_38C_260504_1229",2026-09-02 12:29:00,"T1","38C","plate_4_38","G3","Sample",4,"48dpf",13.2621,1,1943,""
"748",20260504,"Resaz_Assay_T1_38C_260504_1229",2026-09-02 12:29:00,"T1","38C","plate_4_38","G4","Sample",5,"48dpf",11.9238,1,1576,""
"749",20260504,"Resaz_Assay_T1_38C_260504_1229",2026-09-02 12:29:00,"T1","38C","plate_4_38","G5","Sample",6,"48dpf",9.4227,1,1173,""
"750",20260504,"Resaz_Assay_T1_38C_260504_1229",2026-09-02 12:29:00,"T1","38C","plate_4_38","G6","Sample",8,"48dpf",12.789,1,1055,""
"751",20260504,"Resaz_Assay_T1_38C_260504_1229",2026-09-02 12:29:00,"T1","38C","plate_4_38","G7","Sample",52,"48dpf",10.6935,1,536,""
"752",20260504,"Resaz_Assay_T1_38C_260504_1229",2026-09-02 12:29:00,"T1","38C","plate_4_38","G8","Sample",53,"48dpf",13.492,1,624,""
"753",20260504,"Resaz_Assay_T1_38C_260504_1229",2026-09-02 12:29:00,"T1","38C","plate_4_38","G9","Sample",54,"48dpf",14.4383,1,559,""
"754",20260504,"Resaz_Assay_T1_38C_260504_1229",2026-09-02 12:29:00,"T1","38C","plate_4_38","G10","Sample",55,"48dpf",10.4772,1,1279,""
"755",20260504,"Resaz_Assay_T1_38C_260504_1229",2026-09-02 12:29:00,"T1","38C","plate_4_38","G11","Sample",56,"48dpf",8.0438,1,497,""
"756",20260504,"Resaz_Assay_T1_38C_260504_1229",2026-09-02 12:29:00,"T1","38C","plate_4_38","G12","Sample",57,"48dpf",10.8422,1,663,""
"757",20260504,"Resaz_Assay_T1_38C_260504_1229",2026-09-02 12:29:00,"T1","38C","plate_4_38","H1","Blank",NA,"48dpf",NA,NA,393,""
"758",20260504,"Resaz_Assay_T1_38C_260504_1229",2026-09-02 12:29:00,"T1","38C","plate_4_38","H2","Blank",NA,"48dpf",20.4948,1,439,"empty shell"
"759",20260504,"Resaz_Assay_T1_38C_260504_1229",2026-09-02 12:29:00,"T1","38C","plate_4_38","H3","Blank",NA,"48dpf",NA,NA,386,""
"760",20260504,"Resaz_Assay_T1_38C_260504_1229",2026-09-02 12:29:00,"T1","38C","plate_4_38","H4","Blank",NA,"48dpf",22.1847,1,453,"empty shell"
"761",20260504,"Resaz_Assay_T1_38C_260504_1229",2026-09-02 12:29:00,"T1","38C","plate_4_38","H5","Blank",NA,"48dpf",NA,NA,370,""
"762",20260504,"Resaz_Assay_T1_38C_260504_1229",2026-09-02 12:29:00,"T1","38C","plate_4_38","H6","Blank",NA,"48dpf",20.2109,1,407,"empty shell"
"763",20260504,"Resaz_Assay_T1_38C_260504_1229",2026-09-02 12:29:00,"T1","38C","plate_4_38","H7","Blank",NA,"48dpf",NA,NA,381,""
"764",20260504,"Resaz_Assay_T1_38C_260504_1229",2026-09-02 12:29:00,"T1","38C","plate_4_38","H8","Blank",NA,"48dpf",19.4403,1,380,"empty shell"
"765",20260504,"Resaz_Assay_T1_38C_260504_1229",2026-09-02 12:29:00,"T1","38C","plate_4_38","H9","Blank",NA,"48dpf",NA,NA,399,""
"766",20260504,"Resaz_Assay_T1_38C_260504_1229",2026-09-02 12:29:00,"T1","38C","plate_4_38","H10","Blank",NA,"48dpf",14.9385,1,370,"empty shell"
"767",20260504,"Resaz_Assay_T1_38C_260504_1229",2026-09-02 12:29:00,"T1","38C","plate_4_38","H11","Blank",NA,"48dpf",NA,NA,395,""
"768",20260504,"Resaz_Assay_T1_38C_260504_1229",2026-09-02 12:29:00,"T1","38C","plate_4_38","H12","Blank",NA,"48dpf",15.6144,1,585,"empty shell"
"769",20260504,"Resaz_Assay_T2_26C_260504_1316",2026-09-02 13:16:00,"T2","26C","plate_1_26","A1","Sample",1,"48dpf",11.4389,1,1722,""
"770",20260504,"Resaz_Assay_T2_26C_260504_1316",2026-09-02 13:16:00,"T2","26C","plate_1_26","A2","Sample",3,"48dpf",16.7192,1,8860,""
"771",20260504,"Resaz_Assay_T2_26C_260504_1316",2026-09-02 13:16:00,"T2","26C","plate_1_26","A3","Sample",4,"48dpf",15.3351,1,5557,""
"772",20260504,"Resaz_Assay_T2_26C_260504_1316",2026-09-02 13:16:00,"T2","26C","plate_1_26","A4","Sample",5,"48dpf",12.1926,1,3549,""
"773",20260504,"Resaz_Assay_T2_26C_260504_1316",2026-09-02 13:16:00,"T2","26C","plate_1_26","A5","Sample",6,"48dpf",11.5207,1,727,""
"774",20260504,"Resaz_Assay_T2_26C_260504_1316",2026-09-02 13:16:00,"T2","26C","plate_1_26","A6","Sample",8,"48dpf",11.2095,1,1099,""
"775",20260504,"Resaz_Assay_T2_26C_260504_1316",2026-09-02 13:16:00,"T2","26C","plate_1_26","A7","Sample",52,"48dpf",14.9161,1,728,""
"776",20260504,"Resaz_Assay_T2_26C_260504_1316",2026-09-02 13:16:00,"T2","26C","plate_1_26","A8","Sample",53,"48dpf",11.4953,1,580,""
"777",20260504,"Resaz_Assay_T2_26C_260504_1316",2026-09-02 13:16:00,"T2","26C","plate_1_26","A9","Sample",54,"48dpf",10.9641,1,525,""
"778",20260504,"Resaz_Assay_T2_26C_260504_1316",2026-09-02 13:16:00,"T2","26C","plate_1_26","A10","Sample",55,"48dpf",11.654,1,1530,""
"779",20260504,"Resaz_Assay_T2_26C_260504_1316",2026-09-02 13:16:00,"T2","26C","plate_1_26","A11","Sample",56,"48dpf",14.6198,1,529,""
"780",20260504,"Resaz_Assay_T2_26C_260504_1316",2026-09-02 13:16:00,"T2","26C","plate_1_26","A12","Sample",57,"48dpf",12.1058,1,417,""
"781",20260504,"Resaz_Assay_T2_26C_260504_1316",2026-09-02 13:16:00,"T2","26C","plate_1_26","B1","Sample",1,"48dpf",15.4008,1,1320,""
"782",20260504,"Resaz_Assay_T2_26C_260504_1316",2026-09-02 13:16:00,"T2","26C","plate_1_26","B2","Sample",3,"48dpf",14.4283,1,1846,""
"783",20260504,"Resaz_Assay_T2_26C_260504_1316",2026-09-02 13:16:00,"T2","26C","plate_1_26","B3","Sample",4,"48dpf",15.6239,1,1318,""
"784",20260504,"Resaz_Assay_T2_26C_260504_1316",2026-09-02 13:16:00,"T2","26C","plate_1_26","B4","Sample",5,"48dpf",14.3521,1,1185,""
"785",20260504,"Resaz_Assay_T2_26C_260504_1316",2026-09-02 13:16:00,"T2","26C","plate_1_26","B5","Sample",6,"48dpf",15.0897,1,420,""
"786",20260504,"Resaz_Assay_T2_26C_260504_1316",2026-09-02 13:16:00,"T2","26C","plate_1_26","B6","Sample",8,"48dpf",16.8419,1,1105,""
"787",20260504,"Resaz_Assay_T2_26C_260504_1316",2026-09-02 13:16:00,"T2","26C","plate_1_26","B7","Sample",52,"48dpf",12.0804,1,630,""
"788",20260504,"Resaz_Assay_T2_26C_260504_1316",2026-09-02 13:16:00,"T2","26C","plate_1_26","B8","Sample",53,"48dpf",10.4075,1,387,""
"789",20260504,"Resaz_Assay_T2_26C_260504_1316",2026-09-02 13:16:00,"T2","26C","plate_1_26","B9","Sample",54,"48dpf",6.6055,1,485,""
"790",20260504,"Resaz_Assay_T2_26C_260504_1316",2026-09-02 13:16:00,"T2","26C","plate_1_26","B10","Sample",55,"48dpf",8.3556,1,450,""
"791",20260504,"Resaz_Assay_T2_26C_260504_1316",2026-09-02 13:16:00,"T2","26C","plate_1_26","B11","Sample",56,"48dpf",10.9561,1,489,""
"792",20260504,"Resaz_Assay_T2_26C_260504_1316",2026-09-02 13:16:00,"T2","26C","plate_1_26","B12","Sample",57,"48dpf",9.3432,1,431,""
"793",20260504,"Resaz_Assay_T2_26C_260504_1316",2026-09-02 13:16:00,"T2","26C","plate_1_26","C1","Sample",1,"48dpf",14.9501,1,1366,""
"794",20260504,"Resaz_Assay_T2_26C_260504_1316",2026-09-02 13:16:00,"T2","26C","plate_1_26","C2","Sample",3,"48dpf",15.2848,1,2473,""
"795",20260504,"Resaz_Assay_T2_26C_260504_1316",2026-09-02 13:16:00,"T2","26C","plate_1_26","C3","Sample",4,"48dpf",18.0444,1,1412,""
"796",20260504,"Resaz_Assay_T2_26C_260504_1316",2026-09-02 13:16:00,"T2","26C","plate_1_26","C4","Sample",5,"48dpf",17.5726,1,3147,""
"797",20260504,"Resaz_Assay_T2_26C_260504_1316",2026-09-02 13:16:00,"T2","26C","plate_1_26","C5","Sample",6,"48dpf",17.7427,1,396,""
"798",20260504,"Resaz_Assay_T2_26C_260504_1316",2026-09-02 13:16:00,"T2","26C","plate_1_26","C6","Sample",8,"48dpf",10.3197,1,469,""
"799",20260504,"Resaz_Assay_T2_26C_260504_1316",2026-09-02 13:16:00,"T2","26C","plate_1_26","C7","Sample",52,"48dpf",10.9122,1,2662,""
"800",20260504,"Resaz_Assay_T2_26C_260504_1316",2026-09-02 13:16:00,"T2","26C","plate_1_26","C8","Sample",53,"48dpf",12.1851,1,370,""
"801",20260504,"Resaz_Assay_T2_26C_260504_1316",2026-09-02 13:16:00,"T2","26C","plate_1_26","C9","Sample",54,"48dpf",10.5282,1,587,""
"802",20260504,"Resaz_Assay_T2_26C_260504_1316",2026-09-02 13:16:00,"T2","26C","plate_1_26","C10","Sample",55,"48dpf",10.5501,1,2030,""
"803",20260504,"Resaz_Assay_T2_26C_260504_1316",2026-09-02 13:16:00,"T2","26C","plate_1_26","C11","Sample",56,"48dpf",14.6539,1,1267,""
"804",20260504,"Resaz_Assay_T2_26C_260504_1316",2026-09-02 13:16:00,"T2","26C","plate_1_26","C12","Sample",57,"48dpf",11.9985,1,540,""
"805",20260504,"Resaz_Assay_T2_26C_260504_1316",2026-09-02 13:16:00,"T2","26C","plate_1_26","D1","Sample",1,"48dpf",13.0958,1,1168,""
"806",20260504,"Resaz_Assay_T2_26C_260504_1316",2026-09-02 13:16:00,"T2","26C","plate_1_26","D2","Sample",3,"48dpf",12.7392,1,1145,""
"807",20260504,"Resaz_Assay_T2_26C_260504_1316",2026-09-02 13:16:00,"T2","26C","plate_1_26","D3","Sample",4,"48dpf",10.0948,1,553,""
"808",20260504,"Resaz_Assay_T2_26C_260504_1316",2026-09-02 13:16:00,"T2","26C","plate_1_26","D4","Sample",5,"48dpf",8.4983,1,499,""
"809",20260504,"Resaz_Assay_T2_26C_260504_1316",2026-09-02 13:16:00,"T2","26C","plate_1_26","D5","Sample",6,"48dpf",8.7726,1,392,""
"810",20260504,"Resaz_Assay_T2_26C_260504_1316",2026-09-02 13:16:00,"T2","26C","plate_1_26","D6","Sample",8,"48dpf",14.407,1,436,""
"811",20260504,"Resaz_Assay_T2_26C_260504_1316",2026-09-02 13:16:00,"T2","26C","plate_1_26","D7","Sample",52,"48dpf",13.2549,1,590,""
"812",20260504,"Resaz_Assay_T2_26C_260504_1316",2026-09-02 13:16:00,"T2","26C","plate_1_26","D8","Sample",53,"48dpf",13.5511,1,634,""
"813",20260504,"Resaz_Assay_T2_26C_260504_1316",2026-09-02 13:16:00,"T2","26C","plate_1_26","D9","Sample",54,"48dpf",11.1811,1,677,""
"814",20260504,"Resaz_Assay_T2_26C_260504_1316",2026-09-02 13:16:00,"T2","26C","plate_1_26","D10","Sample",55,"48dpf",14.2918,1,956,""
"815",20260504,"Resaz_Assay_T2_26C_260504_1316",2026-09-02 13:16:00,"T2","26C","plate_1_26","D11","Sample",56,"48dpf",10.007,1,522,""
"816",20260504,"Resaz_Assay_T2_26C_260504_1316",2026-09-02 13:16:00,"T2","26C","plate_1_26","D12","Sample",57,"48dpf",11.7791,1,536,""
"817",20260504,"Resaz_Assay_T2_26C_260504_1316",2026-09-02 13:16:00,"T2","26C","plate_1_26","E1","Sample",1,"48dpf",12.3551,1,521,""
"818",20260504,"Resaz_Assay_T2_26C_260504_1316",2026-09-02 13:16:00,"T2","26C","plate_1_26","E2","Sample",3,"48dpf",20.2718,1,1634,""
"819",20260504,"Resaz_Assay_T2_26C_260504_1316",2026-09-02 13:16:00,"T2","26C","plate_1_26","E3","Sample",4,"48dpf",14.7526,1,1526,""
"820",20260504,"Resaz_Assay_T2_26C_260504_1316",2026-09-02 13:16:00,"T2","26C","plate_1_26","E4","Sample",5,"48dpf",11.4718,1,2144,""
"821",20260504,"Resaz_Assay_T2_26C_260504_1316",2026-09-02 13:16:00,"T2","26C","plate_1_26","E5","Sample",6,"48dpf",8.3501,1,449,""
"822",20260504,"Resaz_Assay_T2_26C_260504_1316",2026-09-02 13:16:00,"T2","26C","plate_1_26","E6","Sample",8,"48dpf",14.2753,1,444,""
"823",20260504,"Resaz_Assay_T2_26C_260504_1316",2026-09-02 13:16:00,"T2","26C","plate_1_26","E7","Sample",52,"48dpf",10.8848,1,486,""
"824",20260504,"Resaz_Assay_T2_26C_260504_1316",2026-09-02 13:16:00,"T2","26C","plate_1_26","E8","Sample",53,"48dpf",14.7856,1,1401,""
"825",20260504,"Resaz_Assay_T2_26C_260504_1316",2026-09-02 13:16:00,"T2","26C","plate_1_26","E9","Sample",54,"48dpf",11.1481,1,366,""
"826",20260504,"Resaz_Assay_T2_26C_260504_1316",2026-09-02 13:16:00,"T2","26C","plate_1_26","E10","Sample",55,"48dpf",15.2299,1,631,""
"827",20260504,"Resaz_Assay_T2_26C_260504_1316",2026-09-02 13:16:00,"T2","26C","plate_1_26","E11","Sample",56,"48dpf",14.8898,1,446,""
"828",20260504,"Resaz_Assay_T2_26C_260504_1316",2026-09-02 13:16:00,"T2","26C","plate_1_26","E12","Sample",57,"48dpf",12.9092,1,515,""
"829",20260504,"Resaz_Assay_T2_26C_260504_1316",2026-09-02 13:16:00,"T2","26C","plate_1_26","F1","Sample",1,"48dpf",11.2579,1,542,""
"830",20260504,"Resaz_Assay_T2_26C_260504_1316",2026-09-02 13:16:00,"T2","26C","plate_1_26","F2","Sample",3,"48dpf",14.0339,1,600,""
"831",20260504,"Resaz_Assay_T2_26C_260504_1316",2026-09-02 13:16:00,"T2","26C","plate_1_26","F3","Sample",4,"48dpf",8.6025,1,778,""
"832",20260504,"Resaz_Assay_T2_26C_260504_1316",2026-09-02 13:16:00,"T2","26C","plate_1_26","F4","Sample",5,"48dpf",14.7142,1,1492,""
"833",20260504,"Resaz_Assay_T2_26C_260504_1316",2026-09-02 13:16:00,"T2","26C","plate_1_26","F5","Sample",6,"48dpf",10.424,1,506,""
"834",20260504,"Resaz_Assay_T2_26C_260504_1316",2026-09-02 13:16:00,"T2","26C","plate_1_26","F6","Sample",8,"48dpf",10.8025,1,390,""
"835",20260504,"Resaz_Assay_T2_26C_260504_1316",2026-09-02 13:16:00,"T2","26C","plate_1_26","F7","Sample",52,"48dpf",5.0693,1,428,""
"836",20260504,"Resaz_Assay_T2_26C_260504_1316",2026-09-02 13:16:00,"T2","26C","plate_1_26","F8","Sample",53,"48dpf",5.9636,1,371,""
"837",20260504,"Resaz_Assay_T2_26C_260504_1316",2026-09-02 13:16:00,"T2","26C","plate_1_26","F9","Sample",54,"48dpf",8.3446,1,544,""
"838",20260504,"Resaz_Assay_T2_26C_260504_1316",2026-09-02 13:16:00,"T2","26C","plate_1_26","F10","Sample",55,"48dpf",13.1561,1,617,""
"839",20260504,"Resaz_Assay_T2_26C_260504_1316",2026-09-02 13:16:00,"T2","26C","plate_1_26","F11","Sample",56,"48dpf",7.198,1,495,""
"840",20260504,"Resaz_Assay_T2_26C_260504_1316",2026-09-02 13:16:00,"T2","26C","plate_1_26","F12","Sample",57,"48dpf",12.004,1,631,""
"841",20260504,"Resaz_Assay_T2_26C_260504_1316",2026-09-02 13:16:00,"T2","26C","plate_1_26","G1","Sample",1,"48dpf",11.3511,1,493,""
"842",20260504,"Resaz_Assay_T2_26C_260504_1316",2026-09-02 13:16:00,"T2","26C","plate_1_26","G2","Sample",3,"48dpf",14.4673,1,1786,""
"843",20260504,"Resaz_Assay_T2_26C_260504_1316",2026-09-02 13:16:00,"T2","26C","plate_1_26","G3","Sample",4,"48dpf",9.409,1,513,""
"844",20260504,"Resaz_Assay_T2_26C_260504_1316",2026-09-02 13:16:00,"T2","26C","plate_1_26","G4","Sample",5,"48dpf",10.9726,1,886,""
"845",20260504,"Resaz_Assay_T2_26C_260504_1316",2026-09-02 13:16:00,"T2","26C","plate_1_26","G5","Sample",6,"48dpf",14.9885,1,511,""
"846",20260504,"Resaz_Assay_T2_26C_260504_1316",2026-09-02 13:16:00,"T2","26C","plate_1_26","G6","Sample",8,"48dpf",16.991,1,435,""
"847",20260504,"Resaz_Assay_T2_26C_260504_1316",2026-09-02 13:16:00,"T2","26C","plate_1_26","G7","Sample",52,"48dpf",13.008,1,481,""
"848",20260504,"Resaz_Assay_T2_26C_260504_1316",2026-09-02 13:16:00,"T2","26C","plate_1_26","G8","Sample",53,"48dpf",9.1566,1,409,""
"849",20260504,"Resaz_Assay_T2_26C_260504_1316",2026-09-02 13:16:00,"T2","26C","plate_1_26","G9","Sample",54,"48dpf",12.4374,1,547,""
"850",20260504,"Resaz_Assay_T2_26C_260504_1316",2026-09-02 13:16:00,"T2","26C","plate_1_26","G10","Sample",55,"48dpf",12.015,1,563,""
"851",20260504,"Resaz_Assay_T2_26C_260504_1316",2026-09-02 13:16:00,"T2","26C","plate_1_26","G11","Sample",56,"48dpf",8.3831,1,525,""
"852",20260504,"Resaz_Assay_T2_26C_260504_1316",2026-09-02 13:16:00,"T2","26C","plate_1_26","G12","Sample",57,"48dpf",13.3866,1,433,""
"853",20260504,"Resaz_Assay_T2_26C_260504_1316",2026-09-02 13:16:00,"T2","26C","plate_1_26","H1","Blank",NA,"48dpf",NA,NA,445,""
"854",20260504,"Resaz_Assay_T2_26C_260504_1316",2026-09-02 13:16:00,"T2","26C","plate_1_26","H2","Blank",NA,"48dpf",16.2065,1,531,"empty shell"
"855",20260504,"Resaz_Assay_T2_26C_260504_1316",2026-09-02 13:16:00,"T2","26C","plate_1_26","H3","Blank",NA,"48dpf",NA,NA,384,""
"856",20260504,"Resaz_Assay_T2_26C_260504_1316",2026-09-02 13:16:00,"T2","26C","plate_1_26","H4","Blank",NA,"48dpf",15.5372,1,437,"empty shell"
"857",20260504,"Resaz_Assay_T2_26C_260504_1316",2026-09-02 13:16:00,"T2","26C","plate_1_26","H5","Blank",NA,"48dpf",NA,NA,406,""
"858",20260504,"Resaz_Assay_T2_26C_260504_1316",2026-09-02 13:16:00,"T2","26C","plate_1_26","H6","Blank",NA,"48dpf",21.3033,1,502,"empty shell"
"859",20260504,"Resaz_Assay_T2_26C_260504_1316",2026-09-02 13:16:00,"T2","26C","plate_1_26","H7","Blank",NA,"48dpf",NA,NA,358,""
"860",20260504,"Resaz_Assay_T2_26C_260504_1316",2026-09-02 13:16:00,"T2","26C","plate_1_26","H8","Blank",NA,"48dpf",24.2768,1,541,"empty shell"
"861",20260504,"Resaz_Assay_T2_26C_260504_1316",2026-09-02 13:16:00,"T2","26C","plate_1_26","H9","Blank",NA,"48dpf",NA,NA,376,""
"862",20260504,"Resaz_Assay_T2_26C_260504_1316",2026-09-02 13:16:00,"T2","26C","plate_1_26","H10","Blank",NA,"48dpf",15.8225,1,510,"empty shell"
"863",20260504,"Resaz_Assay_T2_26C_260504_1316",2026-09-02 13:16:00,"T2","26C","plate_1_26","H11","Blank",NA,"48dpf",NA,NA,411,""
"864",20260504,"Resaz_Assay_T2_26C_260504_1316",2026-09-02 13:16:00,"T2","26C","plate_1_26","H12","Blank",NA,"48dpf",16.6509,1,411,"empty shell"
"865",20260504,"Resaz_Assay_T2_30C_260504_1319",2026-09-02 13:19:00,"T2","30C","plate_2_30","A1","Sample",1,"48dpf",12.9599,1,2221,""
"866",20260504,"Resaz_Assay_T2_30C_260504_1319",2026-09-02 13:19:00,"T2","30C","plate_2_30","A2","Sample",3,"48dpf",12.3686,1,996,""
"867",20260504,"Resaz_Assay_T2_30C_260504_1319",2026-09-02 13:19:00,"T2","30C","plate_2_30","A3","Sample",4,"48dpf",11.9415,1,1340,""
"868",20260504,"Resaz_Assay_T2_30C_260504_1319",2026-09-02 13:19:00,"T2","30C","plate_2_30","A4","Sample",5,"48dpf",11.0874,1,1489,""
"869",20260504,"Resaz_Assay_T2_30C_260504_1319",2026-09-02 13:19:00,"T2","30C","plate_2_30","A5","Sample",6,"48dpf",12.73,1,1856,""
"870",20260504,"Resaz_Assay_T2_30C_260504_1319",2026-09-02 13:19:00,"T2","30C","plate_2_30","A6","Sample",8,"48dpf",13.0749,1,2753,""
"871",20260504,"Resaz_Assay_T2_30C_260504_1319",2026-09-02 13:19:00,"T2","30C","plate_2_30","A7","Sample",52,"48dpf",10.841,1,2113,""
"872",20260504,"Resaz_Assay_T2_30C_260504_1319",2026-09-02 13:19:00,"T2","30C","plate_2_30","A8","Sample",53,"48dpf",13.2063,1,2086,""
"873",20260504,"Resaz_Assay_T2_30C_260504_1319",2026-09-02 13:19:00,"T2","30C","plate_2_30","A9","Sample",54,"48dpf",13.4855,1,732,""
"874",20260504,"Resaz_Assay_T2_30C_260504_1319",2026-09-02 13:19:00,"T2","30C","plate_2_30","A10","Sample",55,"48dpf",21.8463,1,3242,""
"875",20260504,"Resaz_Assay_T2_30C_260504_1319",2026-09-02 13:19:00,"T2","30C","plate_2_30","A11","Sample",56,"48dpf",8.7221,1,639,""
"876",20260504,"Resaz_Assay_T2_30C_260504_1319",2026-09-02 13:19:00,"T2","30C","plate_2_30","A12","Sample",57,"48dpf",9.7733,1,414,""
"877",20260504,"Resaz_Assay_T2_30C_260504_1319",2026-09-02 13:19:00,"T2","30C","plate_2_30","B1","Sample",1,"48dpf",10.7753,1,561,""
"878",20260504,"Resaz_Assay_T2_30C_260504_1319",2026-09-02 13:19:00,"T2","30C","plate_2_30","B2","Sample",3,"48dpf",20.6307,1,792,""
"879",20260504,"Resaz_Assay_T2_30C_260504_1319",2026-09-02 13:19:00,"T2","30C","plate_2_30","B3","Sample",4,"48dpf",15.0624,1,2378,""
"880",20260504,"Resaz_Assay_T2_30C_260504_1319",2026-09-02 13:19:00,"T2","30C","plate_2_30","B4","Sample",5,"48dpf",13.7648,1,2135,""
"881",20260504,"Resaz_Assay_T2_30C_260504_1319",2026-09-02 13:19:00,"T2","30C","plate_2_30","B5","Sample",6,"48dpf",17.8055,1,510,""
"882",20260504,"Resaz_Assay_T2_30C_260504_1319",2026-09-02 13:19:00,"T2","30C","plate_2_30","B6","Sample",8,"48dpf",10.2989,1,417,""
"883",20260504,"Resaz_Assay_T2_30C_260504_1319",2026-09-02 13:19:00,"T2","30C","plate_2_30","B7","Sample",52,"48dpf",14.159,1,2135,""
"884",20260504,"Resaz_Assay_T2_30C_260504_1319",2026-09-02 13:19:00,"T2","30C","plate_2_30","B8","Sample",53,"48dpf",13.9126,1,680,""
"885",20260504,"Resaz_Assay_T2_30C_260504_1319",2026-09-02 13:19:00,"T2","30C","plate_2_30","B9","Sample",54,"48dpf",12.9763,1,2869,""
"886",20260504,"Resaz_Assay_T2_30C_260504_1319",2026-09-02 13:19:00,"T2","30C","plate_2_30","B10","Sample",55,"48dpf",17.1321,1,1330,""
"887",20260504,"Resaz_Assay_T2_30C_260504_1319",2026-09-02 13:19:00,"T2","30C","plate_2_30","B11","Sample",56,"48dpf",6.1761,1,469,""
"888",20260504,"Resaz_Assay_T2_30C_260504_1319",2026-09-02 13:19:00,"T2","30C","plate_2_30","B12","Sample",57,"48dpf",6.0118,1,1338,""
"889",20260504,"Resaz_Assay_T2_30C_260504_1319",2026-09-02 13:19:00,"T2","30C","plate_2_30","C1","Sample",1,"48dpf",10.7753,1,511,""
"890",20260504,"Resaz_Assay_T2_30C_260504_1319",2026-09-02 13:19:00,"T2","30C","plate_2_30","C2","Sample",3,"48dpf",14.931,1,1353,""
"891",20260504,"Resaz_Assay_T2_30C_260504_1319",2026-09-02 13:19:00,"T2","30C","plate_2_30","C3","Sample",4,"48dpf",14.892,1,3112,""
"892",20260504,"Resaz_Assay_T2_30C_260504_1319",2026-09-02 13:19:00,"T2","30C","plate_2_30","C4","Sample",5,"48dpf",10.1183,1,1487,""
"893",20260504,"Resaz_Assay_T2_30C_260504_1319",2026-09-02 13:19:00,"T2","30C","plate_2_30","C5","Sample",6,"48dpf",18.3804,1,476,""
"894",20260504,"Resaz_Assay_T2_30C_260504_1319",2026-09-02 13:19:00,"T2","30C","plate_2_30","C6","Sample",8,"48dpf",14.6682,1,956,""
"895",20260504,"Resaz_Assay_T2_30C_260504_1319",2026-09-02 13:19:00,"T2","30C","plate_2_30","C7","Sample",52,"48dpf",14.3397,1,676,""
"896",20260504,"Resaz_Assay_T2_30C_260504_1319",2026-09-02 13:19:00,"T2","30C","plate_2_30","C8","Sample",53,"48dpf",2.4474,1,404,""
"897",20260504,"Resaz_Assay_T2_30C_260504_1319",2026-09-02 13:19:00,"T2","30C","plate_2_30","C9","Sample",54,"48dpf",14.6518,1,704,""
"898",20260504,"Resaz_Assay_T2_30C_260504_1319",2026-09-02 13:19:00,"T2","30C","plate_2_30","C10","Sample",55,"48dpf",11.3502,1,1324,""
"899",20260504,"Resaz_Assay_T2_30C_260504_1319",2026-09-02 13:19:00,"T2","30C","plate_2_30","C11","Sample",56,"48dpf",17.5427,1,2079,""
"900",20260504,"Resaz_Assay_T2_30C_260504_1319",2026-09-02 13:19:00,"T2","30C","plate_2_30","C12","Sample",57,"48dpf",14.4875,1,2265,""
"901",20260504,"Resaz_Assay_T2_30C_260504_1319",2026-09-02 13:19:00,"T2","30C","plate_2_30","D1","Sample",1,"48dpf",10.2989,1,833,""
"902",20260504,"Resaz_Assay_T2_30C_260504_1319",2026-09-02 13:19:00,"T2","30C","plate_2_30","D2","Sample",3,"48dpf",16.7707,1,1677,""
"903",20260504,"Resaz_Assay_T2_30C_260504_1319",2026-09-02 13:19:00,"T2","30C","plate_2_30","D3","Sample",4,"48dpf",17.5756,1,2263,""
"904",20260504,"Resaz_Assay_T2_30C_260504_1319",2026-09-02 13:19:00,"T2","30C","plate_2_30","D4","Sample",5,"48dpf",14.4711,1,1947,""
"905",20260504,"Resaz_Assay_T2_30C_260504_1319",2026-09-02 13:19:00,"T2","30C","plate_2_30","D5","Sample",6,"48dpf",19.2838,1,600,""
"906",20260504,"Resaz_Assay_T2_30C_260504_1319",2026-09-02 13:19:00,"T2","30C","plate_2_30","D6","Sample",8,"48dpf",18.6432,1,419,""
"907",20260504,"Resaz_Assay_T2_30C_260504_1319",2026-09-02 13:19:00,"T2","30C","plate_2_30","D7","Sample",52,"48dpf",7.6216,1,1213,""
"908",20260504,"Resaz_Assay_T2_30C_260504_1319",2026-09-02 13:19:00,"T2","30C","plate_2_30","D8","Sample",53,"48dpf",9.8555,1,2191,""
"909",20260504,"Resaz_Assay_T2_30C_260504_1319",2026-09-02 13:19:00,"T2","30C","plate_2_30","D9","Sample",54,"48dpf",15.588,1,3263,""
"910",20260504,"Resaz_Assay_T2_30C_260504_1319",2026-09-02 13:19:00,"T2","30C","plate_2_30","D10","Sample",55,"48dpf",11.1531,1,830,""
"911",20260504,"Resaz_Assay_T2_30C_260504_1319",2026-09-02 13:19:00,"T2","30C","plate_2_30","D11","Sample",56,"48dpf",10.7753,1,521,""
"912",20260504,"Resaz_Assay_T2_30C_260504_1319",2026-09-02 13:19:00,"T2","30C","plate_2_30","D12","Sample",57,"48dpf",10.3647,1,673,""
"913",20260504,"Resaz_Assay_T2_30C_260504_1319",2026-09-02 13:19:00,"T2","30C","plate_2_30","E1","Sample",1,"48dpf",10.7096,1,1443,""
"914",20260504,"Resaz_Assay_T2_30C_260504_1319",2026-09-02 13:19:00,"T2","30C","plate_2_30","E2","Sample",3,"48dpf",22.8647,1,1942,""
"915",20260504,"Resaz_Assay_T2_30C_260504_1319",2026-09-02 13:19:00,"T2","30C","plate_2_30","E3","Sample",4,"48dpf",14.8817,1,1684,""
"916",20260504,"Resaz_Assay_T2_30C_260504_1319",2026-09-02 13:19:00,"T2","30C","plate_2_30","E4","Sample",5,"48dpf",11.9744,1,1279,""
"917",20260504,"Resaz_Assay_T2_30C_260504_1319",2026-09-02 13:19:00,"T2","30C","plate_2_30","E5","Sample",6,"48dpf",11.3502,1,445,""
"918",20260504,"Resaz_Assay_T2_30C_260504_1319",2026-09-02 13:19:00,"T2","30C","plate_2_30","E6","Sample",8,"48dpf",11.4652,1,1666,""
"919",20260504,"Resaz_Assay_T2_30C_260504_1319",2026-09-02 13:19:00,"T2","30C","plate_2_30","E7","Sample",52,"48dpf",11.5473,1,492,""
"920",20260504,"Resaz_Assay_T2_30C_260504_1319",2026-09-02 13:19:00,"T2","30C","plate_2_30","E8","Sample",53,"48dpf",18.0191,1,563,""
"921",20260504,"Resaz_Assay_T2_30C_260504_1319",2026-09-02 13:19:00,"T2","30C","plate_2_30","E9","Sample",54,"48dpf",9.3463,1,2927,""
"922",20260504,"Resaz_Assay_T2_30C_260504_1319",2026-09-02 13:19:00,"T2","30C","plate_2_30","E10","Sample",55,"48dpf",17.6905,1,636,""
"923",20260504,"Resaz_Assay_T2_30C_260504_1319",2026-09-02 13:19:00,"T2","30C","plate_2_30","E11","Sample",56,"48dpf",19.364,1,535,""
"924",20260504,"Resaz_Assay_T2_30C_260504_1319",2026-09-02 13:19:00,"T2","30C","plate_2_30","E12","Sample",57,"48dpf",13.0913,1,411,""
"925",20260504,"Resaz_Assay_T2_30C_260504_1319",2026-09-02 13:19:00,"T2","30C","plate_2_30","F1","Sample",1,"48dpf",11.3995,1,1488,""
"926",20260504,"Resaz_Assay_T2_30C_260504_1319",2026-09-02 13:19:00,"T2","30C","plate_2_30","F2","Sample",3,"48dpf",17.8219,1,2151,""
"927",20260504,"Resaz_Assay_T2_30C_260504_1319",2026-09-02 13:19:00,"T2","30C","plate_2_30","F3","Sample",4,"48dpf",14.3068,1,1505,""
"928",20260504,"Resaz_Assay_T2_30C_260504_1319",2026-09-02 13:19:00,"T2","30C","plate_2_30","F4","Sample",5,"48dpf",15.9166,1,2506,""
"929",20260504,"Resaz_Assay_T2_30C_260504_1319",2026-09-02 13:19:00,"T2","30C","plate_2_30","F5","Sample",6,"48dpf",16.7871,1,485,""
"930",20260504,"Resaz_Assay_T2_30C_260504_1319",2026-09-02 13:19:00,"T2","30C","plate_2_30","F6","Sample",8,"48dpf",8.5414,1,555,""
"931",20260504,"Resaz_Assay_T2_30C_260504_1319",2026-09-02 13:19:00,"T2","30C","plate_2_30","F7","Sample",52,"48dpf",14.5861,1,644,""
"932",20260504,"Resaz_Assay_T2_30C_260504_1319",2026-09-02 13:19:00,"T2","30C","plate_2_30","F8","Sample",53,"48dpf",10.7917,1,1697,""
"933",20260504,"Resaz_Assay_T2_30C_260504_1319",2026-09-02 13:19:00,"T2","30C","plate_2_30","F9","Sample",54,"48dpf",14.4711,1,3556,""
"934",20260504,"Resaz_Assay_T2_30C_260504_1319",2026-09-02 13:19:00,"T2","30C","plate_2_30","F10","Sample",55,"48dpf",7.9172,1,493,""
"935",20260504,"Resaz_Assay_T2_30C_260504_1319",2026-09-02 13:19:00,"T2","30C","plate_2_30","F11","Sample",56,"48dpf",11.0217,1,548,""
"936",20260504,"Resaz_Assay_T2_30C_260504_1319",2026-09-02 13:19:00,"T2","30C","plate_2_30","F12","Sample",57,"48dpf",11.7116,1,1352,""
"937",20260504,"Resaz_Assay_T2_30C_260504_1319",2026-09-02 13:19:00,"T2","30C","plate_2_30","G1","Sample",1,"48dpf",19.4317,1,1001,""
"938",20260504,"Resaz_Assay_T2_30C_260504_1319",2026-09-02 13:19:00,"T2","30C","plate_2_30","G2","Sample",3,"48dpf",19.6452,1,513,""
"939",20260504,"Resaz_Assay_T2_30C_260504_1319",2026-09-02 13:19:00,"T2","30C","plate_2_30","G3","Sample",4,"48dpf",17.1321,1,1964,""
"940",20260504,"Resaz_Assay_T2_30C_260504_1319",2026-09-02 13:19:00,"T2","30C","plate_2_30","G4","Sample",5,"48dpf",11.6787,1,1448,""
"941",20260504,"Resaz_Assay_T2_30C_260504_1319",2026-09-02 13:19:00,"T2","30C","plate_2_30","G5","Sample",6,"48dpf",15.0953,1,999,""
"942",20260504,"Resaz_Assay_T2_30C_260504_1319",2026-09-02 13:19:00,"T2","30C","plate_2_30","G6","Sample",8,"48dpf",16.2779,1,398,""
"943",20260504,"Resaz_Assay_T2_30C_260504_1319",2026-09-02 13:19:00,"T2","30C","plate_2_30","G7","Sample",52,"48dpf",8.3607,1,460,""
"944",20260504,"Resaz_Assay_T2_30C_260504_1319",2026-09-02 13:19:00,"T2","30C","plate_2_30","G8","Sample",53,"48dpf",9.3791,1,2093,""
"945",20260504,"Resaz_Assay_T2_30C_260504_1319",2026-09-02 13:19:00,"T2","30C","plate_2_30","G9","Sample",54,"48dpf",18.5283,1,3980,""
"946",20260504,"Resaz_Assay_T2_30C_260504_1319",2026-09-02 13:19:00,"T2","30C","plate_2_30","G10","Sample",55,"48dpf",16.9514,1,614,""
"947",20260504,"Resaz_Assay_T2_30C_260504_1319",2026-09-02 13:19:00,"T2","30C","plate_2_30","G11","Sample",56,"48dpf",12.0072,1,2329,""
"948",20260504,"Resaz_Assay_T2_30C_260504_1319",2026-09-02 13:19:00,"T2","30C","plate_2_30","G12","Sample",57,"48dpf",16.4586,1,504,""
"949",20260504,"Resaz_Assay_T2_30C_260504_1319",2026-09-02 13:19:00,"T2","30C","plate_2_30","H1","Blank",NA,"48dpf",NA,NA,420,""
"950",20260504,"Resaz_Assay_T2_30C_260504_1319",2026-09-02 13:19:00,"T2","30C","plate_2_30","H2","Blank",NA,"48dpf",14.7175,1,455,"empty shell"
"951",20260504,"Resaz_Assay_T2_30C_260504_1319",2026-09-02 13:19:00,"T2","30C","plate_2_30","H3","Blank",NA,"48dpf",NA,NA,393,""
"952",20260504,"Resaz_Assay_T2_30C_260504_1319",2026-09-02 13:19:00,"T2","30C","plate_2_30","H4","Blank",NA,"48dpf",19.4317,1,494,"empty shell"
"953",20260504,"Resaz_Assay_T2_30C_260504_1319",2026-09-02 13:19:00,"T2","30C","plate_2_30","H5","Blank",NA,"48dpf",NA,NA,384,""
"954",20260504,"Resaz_Assay_T2_30C_260504_1319",2026-09-02 13:19:00,"T2","30C","plate_2_30","H6","Blank",NA,"48dpf",19.6616,1,496,"empty shell"
"955",20260504,"Resaz_Assay_T2_30C_260504_1319",2026-09-02 13:19:00,"T2","30C","plate_2_30","H7","Blank",NA,"48dpf",NA,NA,372,""
"956",20260504,"Resaz_Assay_T2_30C_260504_1319",2026-09-02 13:19:00,"T2","30C","plate_2_30","H8","Blank",NA,"48dpf",23.8995,1,695,"empty shell"
"957",20260504,"Resaz_Assay_T2_30C_260504_1319",2026-09-02 13:19:00,"T2","30C","plate_2_30","H9","Blank",NA,"48dpf",NA,NA,394,""
"958",20260504,"Resaz_Assay_T2_30C_260504_1319",2026-09-02 13:19:00,"T2","30C","plate_2_30","H10","Blank",NA,"48dpf",10.2858,1,565,"empty shell"
"959",20260504,"Resaz_Assay_T2_30C_260504_1319",2026-09-02 13:19:00,"T2","30C","plate_2_30","H11","Blank",NA,"48dpf",NA,NA,406,""
"960",20260504,"Resaz_Assay_T2_30C_260504_1319",2026-09-02 13:19:00,"T2","30C","plate_2_30","H12","Blank",NA,"48dpf",15.8344,1,626,"empty shell"
"961",20260504,"Resaz_Assay_T2_34C_260504_1328",2026-09-02 13:28:00,"T2","34C","plate_3_34","A1","Sample",1,"48dpf",12.5209,1,1009,""
"962",20260504,"Resaz_Assay_T2_34C_260504_1328",2026-09-02 13:28:00,"T2","34C","plate_3_34","A2","Sample",3,"48dpf",12.1401,1,2834,""
"963",20260504,"Resaz_Assay_T2_34C_260504_1328",2026-09-02 13:28:00,"T2","34C","plate_3_34","A3","Sample",4,"48dpf",11.211,1,1389,""
"964",20260504,"Resaz_Assay_T2_34C_260504_1328",2026-09-02 13:28:00,"T2","34C","plate_3_34","A4","Sample",5,"48dpf",10.8911,1,5621,""
"965",20260504,"Resaz_Assay_T2_34C_260504_1328",2026-09-02 13:28:00,"T2","34C","plate_3_34","A5","Sample",6,"48dpf",12.1706,1,2057,""
"966",20260504,"Resaz_Assay_T2_34C_260504_1328",2026-09-02 13:28:00,"T2","34C","plate_3_34","A6","Sample",8,"48dpf",12.6276,1,1390,""
"967",20260504,"Resaz_Assay_T2_34C_260504_1328",2026-09-02 13:28:00,"T2","34C","plate_3_34","A7","Sample",52,"48dpf",10.3884,1,793,""
"968",20260504,"Resaz_Assay_T2_34C_260504_1328",2026-09-02 13:28:00,"T2","34C","plate_3_34","A8","Sample",53,"48dpf",11.5613,1,1368,""
"969",20260504,"Resaz_Assay_T2_34C_260504_1328",2026-09-02 13:28:00,"T2","34C","plate_3_34","A9","Sample",54,"48dpf",12.9018,1,980,""
"970",20260504,"Resaz_Assay_T2_34C_260504_1328",2026-09-02 13:28:00,"T2","34C","plate_3_34","A10","Sample",55,"48dpf",21.0053,1,1476,""
"971",20260504,"Resaz_Assay_T2_34C_260504_1328",2026-09-02 13:28:00,"T2","34C","plate_3_34","A11","Sample",56,"48dpf",8.2407,1,753,""
"972",20260504,"Resaz_Assay_T2_34C_260504_1328",2026-09-02 13:28:00,"T2","34C","plate_3_34","A12","Sample",57,"48dpf",9.2003,1,1145,""
"973",20260504,"Resaz_Assay_T2_34C_260504_1328",2026-09-02 13:28:00,"T2","34C","plate_3_34","B1","Sample",1,"48dpf",10.5864,1,810,""
"974",20260504,"Resaz_Assay_T2_34C_260504_1328",2026-09-02 13:28:00,"T2","34C","plate_3_34","B2","Sample",3,"48dpf",20.3199,1,1715,""
"975",20260504,"Resaz_Assay_T2_34C_260504_1328",2026-09-02 13:28:00,"T2","34C","plate_3_34","B3","Sample",4,"48dpf",14.7753,1,1559,""
"976",20260504,"Resaz_Assay_T2_34C_260504_1328",2026-09-02 13:28:00,"T2","34C","plate_3_34","B4","Sample",5,"48dpf",13.2978,1,2712,""
"977",20260504,"Resaz_Assay_T2_34C_260504_1328",2026-09-02 13:28:00,"T2","34C","plate_3_34","B5","Sample",6,"48dpf",16.6184,1,1008,""
"978",20260504,"Resaz_Assay_T2_34C_260504_1328",2026-09-02 13:28:00,"T2","34C","plate_3_34","B6","Sample",8,"48dpf",10.099,1,1261,""
"979",20260504,"Resaz_Assay_T2_34C_260504_1328",2026-09-02 13:28:00,"T2","34C","plate_3_34","B7","Sample",52,"48dpf",13.5567,1,861,""
"980",20260504,"Resaz_Assay_T2_34C_260504_1328",2026-09-02 13:28:00,"T2","34C","plate_3_34","B8","Sample",53,"48dpf",13.313,1,1083,""
"981",20260504,"Resaz_Assay_T2_34C_260504_1328",2026-09-02 13:28:00,"T2","34C","plate_3_34","B9","Sample",54,"48dpf",12.6885,1,951,""
"982",20260504,"Resaz_Assay_T2_34C_260504_1328",2026-09-02 13:28:00,"T2","34C","plate_3_34","B10","Sample",55,"48dpf",16.3899,1,824,""
"983",20260504,"Resaz_Assay_T2_34C_260504_1328",2026-09-02 13:28:00,"T2","34C","plate_3_34","B11","Sample",56,"48dpf",6.032,1,721,""
"984",20260504,"Resaz_Assay_T2_34C_260504_1328",2026-09-02 13:28:00,"T2","34C","plate_3_34","B12","Sample",57,"48dpf",5.6359,1,1867,""
"985",20260504,"Resaz_Assay_T2_34C_260504_1328",2026-09-02 13:28:00,"T2","34C","plate_3_34","C1","Sample",1,"48dpf",10.3123,1,560,""
"986",20260504,"Resaz_Assay_T2_34C_260504_1328",2026-09-02 13:28:00,"T2","34C","plate_3_34","C2","Sample",3,"48dpf",14.5773,1,3743,""
"987",20260504,"Resaz_Assay_T2_34C_260504_1328",2026-09-02 13:28:00,"T2","34C","plate_3_34","C3","Sample",4,"48dpf",14.4859,1,2298,""
"988",20260504,"Resaz_Assay_T2_34C_260504_1328",2026-09-02 13:28:00,"T2","34C","plate_3_34","C4","Sample",5,"48dpf",9.7182,1,1271,""
"989",20260504,"Resaz_Assay_T2_34C_260504_1328",2026-09-02 13:28:00,"T2","34C","plate_3_34","C5","Sample",6,"48dpf",17.6238,1,1353,""
"990",20260504,"Resaz_Assay_T2_34C_260504_1328",2026-09-02 13:28:00,"T2","34C","plate_3_34","C6","Sample",8,"48dpf",14.1356,1,1599,""
"991",20260504,"Resaz_Assay_T2_34C_260504_1328",2026-09-02 13:28:00,"T2","34C","plate_3_34","C7","Sample",52,"48dpf",13.7395,1,2236,""
"992",20260504,"Resaz_Assay_T2_34C_260504_1328",2026-09-02 13:28:00,"T2","34C","plate_3_34","C8","Sample",53,"48dpf",2.2239,1,1491,""
"993",20260504,"Resaz_Assay_T2_34C_260504_1328",2026-09-02 13:28:00,"T2","34C","plate_3_34","C9","Sample",54,"48dpf",14.1203,1,631,""
"994",20260504,"Resaz_Assay_T2_34C_260504_1328",2026-09-02 13:28:00,"T2","34C","plate_3_34","C10","Sample",55,"48dpf",10.952,1,3176,""
"995",20260504,"Resaz_Assay_T2_34C_260504_1328",2026-09-02 13:28:00,"T2","34C","plate_3_34","C11","Sample",56,"48dpf",16.786,1,880,""
"996",20260504,"Resaz_Assay_T2_34C_260504_1328",2026-09-02 13:28:00,"T2","34C","plate_3_34","C12","Sample",57,"48dpf",13.9832,1,776,""
"997",20260504,"Resaz_Assay_T2_34C_260504_1328",2026-09-02 13:28:00,"T2","34C","plate_3_34","D1","Sample",1,"48dpf",10.0228,1,620,""
"998",20260504,"Resaz_Assay_T2_34C_260504_1328",2026-09-02 13:28:00,"T2","34C","plate_3_34","D2","Sample",3,"48dpf",16.2224,1,890,""
"999",20260504,"Resaz_Assay_T2_34C_260504_1328",2026-09-02 13:28:00,"T2","34C","plate_3_34","D3","Sample",4,"48dpf",17.1973,1,1450,""
"1000",20260504,"Resaz_Assay_T2_34C_260504_1328",2026-09-02 13:28:00,"T2","34C","plate_3_34","D4","Sample",5,"48dpf",132.9071,1,1342,""
"1001",20260504,"Resaz_Assay_T2_34C_260504_1328",2026-09-02 13:28:00,"T2","34C","plate_3_34","D5","Sample",6,"48dpf",18.2331,1,1567,""
"1002",20260504,"Resaz_Assay_T2_34C_260504_1328",2026-09-02 13:28:00,"T2","34C","plate_3_34","D6","Sample",8,"48dpf",17.6999,1,1803,""
"1003",20260504,"Resaz_Assay_T2_34C_260504_1328",2026-09-02 13:28:00,"T2","34C","plate_3_34","D7","Sample",52,"48dpf",7.4181,1,727,""
"1004",20260504,"Resaz_Assay_T2_34C_260504_1328",2026-09-02 13:28:00,"T2","34C","plate_3_34","D8","Sample",53,"48dpf",9.5659,1,1097,""
"1005",20260504,"Resaz_Assay_T2_34C_260504_1328",2026-09-02 13:28:00,"T2","34C","plate_3_34","D9","Sample",54,"48dpf",15.3846,1,595,""
"1006",20260504,"Resaz_Assay_T2_34C_260504_1328",2026-09-02 13:28:00,"T2","34C","plate_3_34","D10","Sample",55,"48dpf",10.8606,1,2165,""
"1007",20260504,"Resaz_Assay_T2_34C_260504_1328",2026-09-02 13:28:00,"T2","34C","plate_3_34","D11","Sample",56,"48dpf",10.495,1,928,""
"1008",20260504,"Resaz_Assay_T2_34C_260504_1328",2026-09-02 13:28:00,"T2","34C","plate_3_34","D12","Sample",57,"48dpf",9.8401,1,852,""
"1009",20260504,"Resaz_Assay_T2_34C_260504_1328",2026-09-02 13:28:00,"T2","34C","plate_3_34","E1","Sample",1,"48dpf",10.3884,1,1290,""
"1010",20260504,"Resaz_Assay_T2_34C_260504_1328",2026-09-02 13:28:00,"T2","34C","plate_3_34","E2","Sample",3,"48dpf",22.4981,1,2031,""
"1011",20260504,"Resaz_Assay_T2_34C_260504_1328",2026-09-02 13:28:00,"T2","34C","plate_3_34","E3","Sample",4,"48dpf",14.3945,1,1852,""
"1012",20260504,"Resaz_Assay_T2_34C_260504_1328",2026-09-02 13:28:00,"T2","34C","plate_3_34","E4","Sample",5,"48dpf",11.3176,1,2516,""
"1013",20260504,"Resaz_Assay_T2_34C_260504_1328",2026-09-02 13:28:00,"T2","34C","plate_3_34","E5","Sample",6,"48dpf",10.9063,1,567,""
"1014",20260504,"Resaz_Assay_T2_34C_260504_1328",2026-09-02 13:28:00,"T2","34C","plate_3_34","E6","Sample",8,"48dpf",10.8606,1,1786,""
"1015",20260504,"Resaz_Assay_T2_34C_260504_1328",2026-09-02 13:28:00,"T2","34C","plate_3_34","E7","Sample",52,"48dpf",10.8911,1,591,""
"1016",20260504,"Resaz_Assay_T2_34C_260504_1328",2026-09-02 13:28:00,"T2","34C","plate_3_34","E8","Sample",53,"48dpf",17.1211,1,577,""
"1017",20260504,"Resaz_Assay_T2_34C_260504_1328",2026-09-02 13:28:00,"T2","34C","plate_3_34","E9","Sample",54,"48dpf",8.9718,1,762,""
"1018",20260504,"Resaz_Assay_T2_34C_260504_1328",2026-09-02 13:28:00,"T2","34C","plate_3_34","E10","Sample",55,"48dpf",16.7403,1,803,""
"1019",20260504,"Resaz_Assay_T2_34C_260504_1328",2026-09-02 13:28:00,"T2","34C","plate_3_34","E11","Sample",56,"48dpf",17.3496,1,666,""
"1020",20260504,"Resaz_Assay_T2_34C_260504_1328",2026-09-02 13:28:00,"T2","34C","plate_3_34","E12","Sample",57,"48dpf",12.6885,1,692,""
"1021",20260504,"Resaz_Assay_T2_34C_260504_1328",2026-09-02 13:28:00,"T2","34C","plate_3_34","F1","Sample",1,"48dpf",11.0739,1,1675,""
"1022",20260504,"Resaz_Assay_T2_34C_260504_1328",2026-09-02 13:28:00,"T2","34C","plate_3_34","F2","Sample",3,"48dpf",17.4867,1,3795,""
"1023",20260504,"Resaz_Assay_T2_34C_260504_1328",2026-09-02 13:28:00,"T2","34C","plate_3_34","F3","Sample",4,"48dpf",13.8614,1,1318,""
"1024",20260504,"Resaz_Assay_T2_34C_260504_1328",2026-09-02 13:28:00,"T2","34C","plate_3_34","F4","Sample",5,"48dpf",15.476,1,1703,""
"1025",20260504,"Resaz_Assay_T2_34C_260504_1328",2026-09-02 13:28:00,"T2","34C","plate_3_34","F5","Sample",6,"48dpf",15.476,1,479,""
"1026",20260504,"Resaz_Assay_T2_34C_260504_1328",2026-09-02 13:28:00,"T2","34C","plate_3_34","F6","Sample",8,"48dpf",8.1645,1,817,""
"1027",20260504,"Resaz_Assay_T2_34C_260504_1328",2026-09-02 13:28:00,"T2","34C","plate_3_34","F7","Sample",52,"48dpf",12.1051,1,678,""
"1028",20260504,"Resaz_Assay_T2_34C_260504_1328",2026-09-02 13:28:00,"T2","34C","plate_3_34","F8","Sample",53,"48dpf",10.3427,1,939,""
"1029",20260504,"Resaz_Assay_T2_34C_260504_1328",2026-09-02 13:28:00,"T2","34C","plate_3_34","F9","Sample",54,"48dpf",13.9832,1,613,""
"1030",20260504,"Resaz_Assay_T2_34C_260504_1328",2026-09-02 13:28:00,"T2","34C","plate_3_34","F10","Sample",55,"48dpf",7.6618,1,497,""
"1031",20260504,"Resaz_Assay_T2_34C_260504_1328",2026-09-02 13:28:00,"T2","34C","plate_3_34","F11","Sample",56,"48dpf",10.5407,1,602,""
"1032",20260504,"Resaz_Assay_T2_34C_260504_1328",2026-09-02 13:28:00,"T2","34C","plate_3_34","F12","Sample",57,"48dpf",10.7692,1,1182,""
"1033",20260504,"Resaz_Assay_T2_34C_260504_1328",2026-09-02 13:28:00,"T2","34C","plate_3_34","G1","Sample",1,"48dpf",18.888,1,698,""
"1034",20260504,"Resaz_Assay_T2_34C_260504_1328",2026-09-02 13:28:00,"T2","34C","plate_3_34","G2","Sample",3,"48dpf",18.751,1,2396,""
"1035",20260504,"Resaz_Assay_T2_34C_260504_1328",2026-09-02 13:28:00,"T2","34C","plate_3_34","G3","Sample",4,"48dpf",16.7708,1,2980,""
"1036",20260504,"Resaz_Assay_T2_34C_260504_1328",2026-09-02 13:28:00,"T2","34C","plate_3_34","G4","Sample",5,"48dpf",11.4851,1,1891,""
"1037",20260504,"Resaz_Assay_T2_34C_260504_1328",2026-09-02 13:28:00,"T2","34C","plate_3_34","G5","Sample",6,"48dpf",14.6382,1,1075,""
"1038",20260504,"Resaz_Assay_T2_34C_260504_1328",2026-09-02 13:28:00,"T2","34C","plate_3_34","G6","Sample",8,"48dpf",15.6893,1,728,""
"1039",20260504,"Resaz_Assay_T2_34C_260504_1328",2026-09-02 13:28:00,"T2","34C","plate_3_34","G7","Sample",52,"48dpf",7.9817,1,641,""
"1040",20260504,"Resaz_Assay_T2_34C_260504_1328",2026-09-02 13:28:00,"T2","34C","plate_3_34","G8","Sample",53,"48dpf",8.7586,1,1068,""
"1041",20260504,"Resaz_Assay_T2_34C_260504_1328",2026-09-02 13:28:00,"T2","34C","plate_3_34","G9","Sample",54,"48dpf",18.1112,1,733,""
"1042",20260504,"Resaz_Assay_T2_34C_260504_1328",2026-09-02 13:28:00,"T2","34C","plate_3_34","G10","Sample",55,"48dpf",16.6337,1,1222,""
"1043",20260504,"Resaz_Assay_T2_34C_260504_1328",2026-09-02 13:28:00,"T2","34C","plate_3_34","G11","Sample",56,"48dpf",11.4699,1,626,""
"1044",20260504,"Resaz_Assay_T2_34C_260504_1328",2026-09-02 13:28:00,"T2","34C","plate_3_34","G12","Sample",57,"48dpf",15.7654,1,812,""
"1045",20260504,"Resaz_Assay_T2_34C_260504_1328",2026-09-02 13:28:00,"T2","34C","plate_3_34","H1","Blank",NA,"48dpf",NA,NA,421,""
"1046",20260504,"Resaz_Assay_T2_34C_260504_1328",2026-09-02 13:28:00,"T2","34C","plate_3_34","H2","Blank",NA,"48dpf",13.6786,1,678,"empty shell"
"1047",20260504,"Resaz_Assay_T2_34C_260504_1328",2026-09-02 13:28:00,"T2","34C","plate_3_34","H3","Blank",NA,"48dpf",NA,NA,411,""
"1048",20260504,"Resaz_Assay_T2_34C_260504_1328",2026-09-02 13:28:00,"T2","34C","plate_3_34","H4","Blank",NA,"48dpf",18.2026,1,490,"empty shell"
"1049",20260504,"Resaz_Assay_T2_34C_260504_1328",2026-09-02 13:28:00,"T2","34C","plate_3_34","H5","Blank",NA,"48dpf",NA,NA,378,""
"1050",20260504,"Resaz_Assay_T2_34C_260504_1328",2026-09-02 13:28:00,"T2","34C","plate_3_34","H6","Blank",NA,"48dpf",19.147,1,574,"empty shell"
"1051",20260504,"Resaz_Assay_T2_34C_260504_1328",2026-09-02 13:28:00,"T2","34C","plate_3_34","H7","Blank",NA,"48dpf",NA,NA,366,""
"1052",20260504,"Resaz_Assay_T2_34C_260504_1328",2026-09-02 13:28:00,"T2","34C","plate_3_34","H8","Blank",NA,"48dpf",23.3359,1,430,"empty shell"
"1053",20260504,"Resaz_Assay_T2_34C_260504_1328",2026-09-02 13:28:00,"T2","34C","plate_3_34","H9","Blank",NA,"48dpf",NA,NA,432,""
"1054",20260504,"Resaz_Assay_T2_34C_260504_1328",2026-09-02 13:28:00,"T2","34C","plate_3_34","H10","Blank",NA,"48dpf",19.6649,1,655,"empty shell"
"1055",20260504,"Resaz_Assay_T2_34C_260504_1328",2026-09-02 13:28:00,"T2","34C","plate_3_34","H11","Blank",NA,"48dpf",NA,NA,393,""
"1056",20260504,"Resaz_Assay_T2_34C_260504_1328",2026-09-02 13:28:00,"T2","34C","plate_3_34","H12","Blank",NA,"48dpf",NA,NA,574,"empty shell"
"1057",20260504,"Resaz_Assay_T2_38C_260504_1334",2026-09-02 13:34:00,"T2","38C","plate_4_38","A1","Sample",1,"48dpf",15.1257,1,1514,""
"1058",20260504,"Resaz_Assay_T2_38C_260504_1334",2026-09-02 13:34:00,"T2","38C","plate_4_38","A2","Sample",3,"48dpf",15.3981,1,2960,""
"1059",20260504,"Resaz_Assay_T2_38C_260504_1334",2026-09-02 13:34:00,"T2","38C","plate_4_38","A3","Sample",4,"48dpf",17.4395,1,1339,""
"1060",20260504,"Resaz_Assay_T2_38C_260504_1334",2026-09-02 13:34:00,"T2","38C","plate_4_38","A4","Sample",5,"48dpf",12.8566,1,1387,""
"1061",20260504,"Resaz_Assay_T2_38C_260504_1334",2026-09-02 13:34:00,"T2","38C","plate_4_38","A5","Sample",6,"48dpf",9.4903,1,755,""
"1062",20260504,"Resaz_Assay_T2_38C_260504_1334",2026-09-02 13:34:00,"T2","38C","plate_4_38","A6","Sample",8,"48dpf",14.614,1,807,""
"1063",20260504,"Resaz_Assay_T2_38C_260504_1334",2026-09-02 13:34:00,"T2","38C","plate_4_38","A7","Sample",52,"48dpf",9.4633,1,611,""
"1064",20260504,"Resaz_Assay_T2_38C_260504_1334",2026-09-02 13:34:00,"T2","38C","plate_4_38","A8","Sample",53,"48dpf",13.1675,1,821,""
"1065",20260504,"Resaz_Assay_T2_38C_260504_1334",2026-09-02 13:34:00,"T2","38C","plate_4_38","A9","Sample",54,"48dpf",12.3699,1,913,""
"1066",20260504,"Resaz_Assay_T2_38C_260504_1334",2026-09-02 13:34:00,"T2","38C","plate_4_38","A10","Sample",55,"48dpf",9.585,1,1659,""
"1067",20260504,"Resaz_Assay_T2_38C_260504_1334",2026-09-02 13:34:00,"T2","38C","plate_4_38","A11","Sample",56,"48dpf",9.0712,1,658,""
"1068",20260504,"Resaz_Assay_T2_38C_260504_1334",2026-09-02 13:34:00,"T2","38C","plate_4_38","A12","Sample",57,"48dpf",6.1241,1,616,""
"1069",20260504,"Resaz_Assay_T2_38C_260504_1334",2026-09-02 13:34:00,"T2","38C","plate_4_38","B1","Sample",1,"48dpf",12.9918,1,820,""
"1070",20260504,"Resaz_Assay_T2_38C_260504_1334",2026-09-02 13:34:00,"T2","38C","plate_4_38","B2","Sample",3,"48dpf",13.8705,1,1119,""
"1071",20260504,"Resaz_Assay_T2_38C_260504_1334",2026-09-02 13:34:00,"T2","38C","plate_4_38","B3","Sample",4,"48dpf",13.7623,1,787,""
"1072",20260504,"Resaz_Assay_T2_38C_260504_1334",2026-09-02 13:34:00,"T2","38C","plate_4_38","B4","Sample",5,"48dpf",8.9225,1,1602,""
"1073",20260504,"Resaz_Assay_T2_38C_260504_1334",2026-09-02 13:34:00,"T2","38C","plate_4_38","B5","Sample",6,"48dpf",12.3564,1,1076,""
"1074",20260504,"Resaz_Assay_T2_38C_260504_1334",2026-09-02 13:34:00,"T2","38C","plate_4_38","B6","Sample",8,"48dpf",12.7214,1,841,""
"1075",20260504,"Resaz_Assay_T2_38C_260504_1334",2026-09-02 13:34:00,"T2","38C","plate_4_38","B7","Sample",52,"48dpf",13.519,1,524,""
"1076",20260504,"Resaz_Assay_T2_38C_260504_1334",2026-09-02 13:34:00,"T2","38C","plate_4_38","B8","Sample",53,"48dpf",12.4916,1,718,""
"1077",20260504,"Resaz_Assay_T2_38C_260504_1334",2026-09-02 13:34:00,"T2","38C","plate_4_38","B9","Sample",54,"48dpf",7.9762,1,721,""
"1078",20260504,"Resaz_Assay_T2_38C_260504_1334",2026-09-02 13:34:00,"T2","38C","plate_4_38","B10","Sample",55,"48dpf",16.3985,1,755,""
"1079",20260504,"Resaz_Assay_T2_38C_260504_1334",2026-09-02 13:34:00,"T2","38C","plate_4_38","B11","Sample",56,"48dpf",17.6964,1,804,""
"1080",20260504,"Resaz_Assay_T2_38C_260504_1334",2026-09-02 13:34:00,"T2","38C","plate_4_38","B12","Sample",57,"48dpf",11.8832,1,1684,""
"1081",20260504,"Resaz_Assay_T2_38C_260504_1334",2026-09-02 13:34:00,"T2","38C","plate_4_38","C1","Sample",1,"48dpf",18.5481,1,796,""
"1082",20260504,"Resaz_Assay_T2_38C_260504_1334",2026-09-02 13:34:00,"T2","38C","plate_4_38","C2","Sample",3,"48dpf",16.047,1,764,""
"1083",20260504,"Resaz_Assay_T2_38C_260504_1334",2026-09-02 13:34:00,"T2","38C","plate_4_38","C3","Sample",4,"48dpf",6.381,1,456,""
"1084",20260504,"Resaz_Assay_T2_38C_260504_1334",2026-09-02 13:34:00,"T2","38C","plate_4_38","C4","Sample",5,"48dpf",15.0196,1,1515,""
"1085",20260504,"Resaz_Assay_T2_38C_260504_1334",2026-09-02 13:34:00,"T2","38C","plate_4_38","C5","Sample",6,"48dpf",17.1826,1,780,""
"1086",20260504,"Resaz_Assay_T2_38C_260504_1334",2026-09-02 13:34:00,"T2","38C","plate_4_38","C6","Sample",8,"48dpf",20.0892,1,1363,""
"1087",20260504,"Resaz_Assay_T2_38C_260504_1334",2026-09-02 13:34:00,"T2","38C","plate_4_38","C7","Sample",52,"48dpf",12.0049,1,560,""
"1088",20260504,"Resaz_Assay_T2_38C_260504_1334",2026-09-02 13:34:00,"T2","38C","plate_4_38","C8","Sample",53,"48dpf",8.5034,1,1116,""
"1089",20260504,"Resaz_Assay_T2_38C_260504_1334",2026-09-02 13:34:00,"T2","38C","plate_4_38","C9","Sample",54,"48dpf",6.5297,1,653,""
"1090",20260504,"Resaz_Assay_T2_38C_260504_1334",2026-09-02 13:34:00,"T2","38C","plate_4_38","C10","Sample",55,"48dpf",15.0466,1,706,""
"1091",20260504,"Resaz_Assay_T2_38C_260504_1334",2026-09-02 13:34:00,"T2","38C","plate_4_38","C11","Sample",56,"48dpf",14.6951,1,741,""
"1092",20260504,"Resaz_Assay_T2_38C_260504_1334",2026-09-02 13:34:00,"T2","38C","plate_4_38","C12","Sample",57,"48dpf",6.1647,1,544,""
"1093",20260504,"Resaz_Assay_T2_38C_260504_1334",2026-09-02 13:34:00,"T2","38C","plate_4_38","D1","Sample",1,"48dpf",16.1417,1,865,""
"1094",20260504,"Resaz_Assay_T2_38C_260504_1334",2026-09-02 13:34:00,"T2","38C","plate_4_38","D2","Sample",3,"48dpf",18.0208,1,956,""
"1095",20260504,"Resaz_Assay_T2_38C_260504_1334",2026-09-02 13:34:00,"T2","38C","plate_4_38","D3","Sample",4,"48dpf",12.8701,1,1406,""
"1096",20260504,"Resaz_Assay_T2_38C_260504_1334",2026-09-02 13:34:00,"T2","38C","plate_4_38","D4","Sample",5,"48dpf",10.4637,1,1419,""
"1097",20260504,"Resaz_Assay_T2_38C_260504_1334",2026-09-02 13:34:00,"T2","38C","plate_4_38","D5","Sample",6,"48dpf",14.5194,1,595,""
"1098",20260504,"Resaz_Assay_T2_38C_260504_1334",2026-09-02 13:34:00,"T2","38C","plate_4_38","D6","Sample",8,"48dpf",11.9102,1,1254,""
"1099",20260504,"Resaz_Assay_T2_38C_260504_1334",2026-09-02 13:34:00,"T2","38C","plate_4_38","D7","Sample",52,"48dpf",14.3977,1,783,""
"1100",20260504,"Resaz_Assay_T2_38C_260504_1334",2026-09-02 13:34:00,"T2","38C","plate_4_38","D8","Sample",53,"48dpf",11.8562,1,413,""
"1101",20260504,"Resaz_Assay_T2_38C_260504_1334",2026-09-02 13:34:00,"T2","38C","plate_4_38","D9","Sample",54,"48dpf",10.1933,1,730,""
"1102",20260504,"Resaz_Assay_T2_38C_260504_1334",2026-09-02 13:34:00,"T2","38C","plate_4_38","D10","Sample",55,"48dpf",16.7906,1,1808,""
"1103",20260504,"Resaz_Assay_T2_38C_260504_1334",2026-09-02 13:34:00,"T2","38C","plate_4_38","D11","Sample",56,"48dpf",8.5034,1,685,""
"1104",20260504,"Resaz_Assay_T2_38C_260504_1334",2026-09-02 13:34:00,"T2","38C","plate_4_38","D12","Sample",57,"48dpf",14.0462,1,840,""
"1105",20260504,"Resaz_Assay_T2_38C_260504_1334",2026-09-02 13:34:00,"T2","38C","plate_4_38","E1","Sample",1,"48dpf",16.1417,1,1661,""
"1106",20260504,"Resaz_Assay_T2_38C_260504_1334",2026-09-02 13:34:00,"T2","38C","plate_4_38","E2","Sample",3,"48dpf",19.8594,1,2404,""
"1107",20260504,"Resaz_Assay_T2_38C_260504_1334",2026-09-02 13:34:00,"T2","38C","plate_4_38","E3","Sample",4,"48dpf",11.018,1,1135,""
"1108",20260504,"Resaz_Assay_T2_38C_260504_1334",2026-09-02 13:34:00,"T2","38C","plate_4_38","E4","Sample",5,"48dpf",14.8709,1,1449,""
"1109",20260504,"Resaz_Assay_T2_38C_260504_1334",2026-09-02 13:34:00,"T2","38C","plate_4_38","E5","Sample",6,"48dpf",11.6128,1,848,""
"1110",20260504,"Resaz_Assay_T2_38C_260504_1334",2026-09-02 13:34:00,"T2","38C","plate_4_38","E6","Sample",8,"48dpf",17.4395,1,731,""
"1111",20260504,"Resaz_Assay_T2_38C_260504_1334",2026-09-02 13:34:00,"T2","38C","plate_4_38","E7","Sample",52,"48dpf",10.7206,1,528,""
"1112",20260504,"Resaz_Assay_T2_38C_260504_1334",2026-09-02 13:34:00,"T2","38C","plate_4_38","E8","Sample",53,"48dpf",10.8558,1,659,""
"1113",20260504,"Resaz_Assay_T2_38C_260504_1334",2026-09-02 13:34:00,"T2","38C","plate_4_38","E9","Sample",54,"48dpf",9.8148,1,691,""
"1114",20260504,"Resaz_Assay_T2_38C_260504_1334",2026-09-02 13:34:00,"T2","38C","plate_4_38","E10","Sample",55,"48dpf",18.832,1,706,""
"1115",20260504,"Resaz_Assay_T2_38C_260504_1334",2026-09-02 13:34:00,"T2","38C","plate_4_38","E11","Sample",56,"48dpf",13.3838,1,2018,""
"1116",20260504,"Resaz_Assay_T2_38C_260504_1334",2026-09-02 13:34:00,"T2","38C","plate_4_38","E12","Sample",57,"48dpf",9.5444,1,730,""
"1117",20260504,"Resaz_Assay_T2_38C_260504_1334",2026-09-02 13:34:00,"T2","38C","plate_4_38","F1","Sample",1,"48dpf",12.6132,1,2044,""
"1118",20260504,"Resaz_Assay_T2_38C_260504_1334",2026-09-02 13:34:00,"T2","38C","plate_4_38","F2","Sample",3,"48dpf",10.6124,1,694,""
"1119",20260504,"Resaz_Assay_T2_38C_260504_1334",2026-09-02 13:34:00,"T2","38C","plate_4_38","F3","Sample",4,"48dpf",11.1261,1,716,""
"1120",20260504,"Resaz_Assay_T2_38C_260504_1334",2026-09-02 13:34:00,"T2","38C","plate_4_38","F4","Sample",5,"48dpf",18.832,1,2179,""
"1121",20260504,"Resaz_Assay_T2_38C_260504_1334",2026-09-02 13:34:00,"T2","38C","plate_4_38","F5","Sample",6,"48dpf",8.4088,1,1724,""
"1122",20260504,"Resaz_Assay_T2_38C_260504_1334",2026-09-02 13:34:00,"T2","38C","plate_4_38","F6","Sample",8,"48dpf",13.0458,1,779,""
"1123",20260504,"Resaz_Assay_T2_38C_260504_1334",2026-09-02 13:34:00,"T2","38C","plate_4_38","F7","Sample",52,"48dpf",12.6132,1,799,""
"1124",20260504,"Resaz_Assay_T2_38C_260504_1334",2026-09-02 13:34:00,"T2","38C","plate_4_38","F8","Sample",53,"48dpf",10.9639,1,886,""
"1125",20260504,"Resaz_Assay_T2_38C_260504_1334",2026-09-02 13:34:00,"T2","38C","plate_4_38","F9","Sample",54,"48dpf",12.0454,1,699,""
"1126",20260504,"Resaz_Assay_T2_38C_260504_1334",2026-09-02 13:34:00,"T2","38C","plate_4_38","F10","Sample",55,"48dpf",8.3007,1,1191,""
"1127",20260504,"Resaz_Assay_T2_38C_260504_1334",2026-09-02 13:34:00,"T2","38C","plate_4_38","F11","Sample",56,"48dpf",13.3297,1,716,""
"1128",20260504,"Resaz_Assay_T2_38C_260504_1334",2026-09-02 13:34:00,"T2","38C","plate_4_38","F12","Sample",57,"48dpf",15.1548,1,908,""
"1129",20260504,"Resaz_Assay_T2_38C_260504_1334",2026-09-02 13:34:00,"T2","38C","plate_4_38","G1","Sample",1,"48dpf",12.5727,1,1665,""
"1130",20260504,"Resaz_Assay_T2_38C_260504_1334",2026-09-02 13:34:00,"T2","38C","plate_4_38","G2","Sample",3,"48dpf",13.6001,1,868,""
"1131",20260504,"Resaz_Assay_T2_38C_260504_1334",2026-09-02 13:34:00,"T2","38C","plate_4_38","G3","Sample",4,"48dpf",13.2621,1,2348,""
"1132",20260504,"Resaz_Assay_T2_38C_260504_1334",2026-09-02 13:34:00,"T2","38C","plate_4_38","G4","Sample",5,"48dpf",11.9238,1,1969,""
"1133",20260504,"Resaz_Assay_T2_38C_260504_1334",2026-09-02 13:34:00,"T2","38C","plate_4_38","G5","Sample",6,"48dpf",9.4227,1,1500,""
"1134",20260504,"Resaz_Assay_T2_38C_260504_1334",2026-09-02 13:34:00,"T2","38C","plate_4_38","G6","Sample",8,"48dpf",12.789,1,1360,""
"1135",20260504,"Resaz_Assay_T2_38C_260504_1334",2026-09-02 13:34:00,"T2","38C","plate_4_38","G7","Sample",52,"48dpf",10.6935,1,659,""
"1136",20260504,"Resaz_Assay_T2_38C_260504_1334",2026-09-02 13:34:00,"T2","38C","plate_4_38","G8","Sample",53,"48dpf",13.492,1,816,""
"1137",20260504,"Resaz_Assay_T2_38C_260504_1334",2026-09-02 13:34:00,"T2","38C","plate_4_38","G9","Sample",54,"48dpf",14.4383,1,933,""
"1138",20260504,"Resaz_Assay_T2_38C_260504_1334",2026-09-02 13:34:00,"T2","38C","plate_4_38","G10","Sample",55,"48dpf",10.4772,1,1418,""
"1139",20260504,"Resaz_Assay_T2_38C_260504_1334",2026-09-02 13:34:00,"T2","38C","plate_4_38","G11","Sample",56,"48dpf",8.0438,1,580,""
"1140",20260504,"Resaz_Assay_T2_38C_260504_1334",2026-09-02 13:34:00,"T2","38C","plate_4_38","G12","Sample",57,"48dpf",10.8422,1,837,""
"1141",20260504,"Resaz_Assay_T2_38C_260504_1334",2026-09-02 13:34:00,"T2","38C","plate_4_38","H1","Blank",NA,"48dpf",NA,NA,410,""
"1142",20260504,"Resaz_Assay_T2_38C_260504_1334",2026-09-02 13:34:00,"T2","38C","plate_4_38","H2","Blank",NA,"48dpf",20.4948,1,506,"empty shell"
"1143",20260504,"Resaz_Assay_T2_38C_260504_1334",2026-09-02 13:34:00,"T2","38C","plate_4_38","H3","Blank",NA,"48dpf",NA,NA,394,""
"1144",20260504,"Resaz_Assay_T2_38C_260504_1334",2026-09-02 13:34:00,"T2","38C","plate_4_38","H4","Blank",NA,"48dpf",22.1847,1,612,"empty shell"
"1145",20260504,"Resaz_Assay_T2_38C_260504_1334",2026-09-02 13:34:00,"T2","38C","plate_4_38","H5","Blank",NA,"48dpf",NA,NA,378,""
"1146",20260504,"Resaz_Assay_T2_38C_260504_1334",2026-09-02 13:34:00,"T2","38C","plate_4_38","H6","Blank",NA,"48dpf",20.2109,1,461,"empty shell"
"1147",20260504,"Resaz_Assay_T2_38C_260504_1334",2026-09-02 13:34:00,"T2","38C","plate_4_38","H7","Blank",NA,"48dpf",NA,NA,390,""
"1148",20260504,"Resaz_Assay_T2_38C_260504_1334",2026-09-02 13:34:00,"T2","38C","plate_4_38","H8","Blank",NA,"48dpf",19.4403,1,421,"empty shell"
"1149",20260504,"Resaz_Assay_T2_38C_260504_1334",2026-09-02 13:34:00,"T2","38C","plate_4_38","H9","Blank",NA,"48dpf",NA,NA,410,""
"1150",20260504,"Resaz_Assay_T2_38C_260504_1334",2026-09-02 13:34:00,"T2","38C","plate_4_38","H10","Blank",NA,"48dpf",14.9385,1,402,"empty shell"
"1151",20260504,"Resaz_Assay_T2_38C_260504_1334",2026-09-02 13:34:00,"T2","38C","plate_4_38","H11","Blank",NA,"48dpf",NA,NA,409,""
"1152",20260504,"Resaz_Assay_T2_38C_260504_1334",2026-09-02 13:34:00,"T2","38C","plate_4_38","H12","Blank",NA,"48dpf",15.6144,1,689,"empty shell"
"1153",20260504,"Resaz_Assay_T3_26C_260504_1421",2026-09-02 14:21:00,"T3","26C","plate_1_26","A1","Sample",1,"48dpf",11.4389,1,1988,""
"1154",20260504,"Resaz_Assay_T3_26C_260504_1421",2026-09-02 14:21:00,"T3","26C","plate_1_26","A2","Sample",3,"48dpf",16.7192,1,9640,""
"1155",20260504,"Resaz_Assay_T3_26C_260504_1421",2026-09-02 14:21:00,"T3","26C","plate_1_26","A3","Sample",4,"48dpf",15.3351,1,6729,""
"1156",20260504,"Resaz_Assay_T3_26C_260504_1421",2026-09-02 14:21:00,"T3","26C","plate_1_26","A4","Sample",5,"48dpf",12.1926,1,4845,""
"1157",20260504,"Resaz_Assay_T3_26C_260504_1421",2026-09-02 14:21:00,"T3","26C","plate_1_26","A5","Sample",6,"48dpf",11.5207,1,908,""
"1158",20260504,"Resaz_Assay_T3_26C_260504_1421",2026-09-02 14:21:00,"T3","26C","plate_1_26","A6","Sample",8,"48dpf",11.2095,1,2873,""
"1159",20260504,"Resaz_Assay_T3_26C_260504_1421",2026-09-02 14:21:00,"T3","26C","plate_1_26","A7","Sample",52,"48dpf",14.9161,1,2761,""
"1160",20260504,"Resaz_Assay_T3_26C_260504_1421",2026-09-02 14:21:00,"T3","26C","plate_1_26","A8","Sample",53,"48dpf",11.4953,1,768,""
"1161",20260504,"Resaz_Assay_T3_26C_260504_1421",2026-09-02 14:21:00,"T3","26C","plate_1_26","A9","Sample",54,"48dpf",10.9641,1,594,""
"1162",20260504,"Resaz_Assay_T3_26C_260504_1421",2026-09-02 14:21:00,"T3","26C","plate_1_26","A10","Sample",55,"48dpf",11.654,1,1823,""
"1163",20260504,"Resaz_Assay_T3_26C_260504_1421",2026-09-02 14:21:00,"T3","26C","plate_1_26","A11","Sample",56,"48dpf",14.6198,1,681,""
"1164",20260504,"Resaz_Assay_T3_26C_260504_1421",2026-09-02 14:21:00,"T3","26C","plate_1_26","A12","Sample",57,"48dpf",12.1058,1,502,""
"1165",20260504,"Resaz_Assay_T3_26C_260504_1421",2026-09-02 14:21:00,"T3","26C","plate_1_26","B1","Sample",1,"48dpf",15.4008,1,1595,""
"1166",20260504,"Resaz_Assay_T3_26C_260504_1421",2026-09-02 14:21:00,"T3","26C","plate_1_26","B2","Sample",3,"48dpf",14.4283,1,2357,""
"1167",20260504,"Resaz_Assay_T3_26C_260504_1421",2026-09-02 14:21:00,"T3","26C","plate_1_26","B3","Sample",4,"48dpf",15.6239,1,4227,""
"1168",20260504,"Resaz_Assay_T3_26C_260504_1421",2026-09-02 14:21:00,"T3","26C","plate_1_26","B4","Sample",5,"48dpf",14.3521,1,3528,""
"1169",20260504,"Resaz_Assay_T3_26C_260504_1421",2026-09-02 14:21:00,"T3","26C","plate_1_26","B5","Sample",6,"48dpf",15.0897,1,655,""
"1170",20260504,"Resaz_Assay_T3_26C_260504_1421",2026-09-02 14:21:00,"T3","26C","plate_1_26","B6","Sample",8,"48dpf",16.8419,1,1639,""
"1171",20260504,"Resaz_Assay_T3_26C_260504_1421",2026-09-02 14:21:00,"T3","26C","plate_1_26","B7","Sample",52,"48dpf",12.0804,1,815,""
"1172",20260504,"Resaz_Assay_T3_26C_260504_1421",2026-09-02 14:21:00,"T3","26C","plate_1_26","B8","Sample",53,"48dpf",10.4075,1,744,""
"1173",20260504,"Resaz_Assay_T3_26C_260504_1421",2026-09-02 14:21:00,"T3","26C","plate_1_26","B9","Sample",54,"48dpf",6.6055,1,614,""
"1174",20260504,"Resaz_Assay_T3_26C_260504_1421",2026-09-02 14:21:00,"T3","26C","plate_1_26","B10","Sample",55,"48dpf",8.3556,1,521,""
"1175",20260504,"Resaz_Assay_T3_26C_260504_1421",2026-09-02 14:21:00,"T3","26C","plate_1_26","B11","Sample",56,"48dpf",10.9561,1,690,""
"1176",20260504,"Resaz_Assay_T3_26C_260504_1421",2026-09-02 14:21:00,"T3","26C","plate_1_26","B12","Sample",57,"48dpf",9.3432,1,517,""
"1177",20260504,"Resaz_Assay_T3_26C_260504_1421",2026-09-02 14:21:00,"T3","26C","plate_1_26","C1","Sample",1,"48dpf",14.9501,1,1534,""
"1178",20260504,"Resaz_Assay_T3_26C_260504_1421",2026-09-02 14:21:00,"T3","26C","plate_1_26","C2","Sample",3,"48dpf",15.2848,1,2813,""
"1179",20260504,"Resaz_Assay_T3_26C_260504_1421",2026-09-02 14:21:00,"T3","26C","plate_1_26","C3","Sample",4,"48dpf",18.0444,1,2338,""
"1180",20260504,"Resaz_Assay_T3_26C_260504_1421",2026-09-02 14:21:00,"T3","26C","plate_1_26","C4","Sample",5,"48dpf",17.5726,1,3809,""
"1181",20260504,"Resaz_Assay_T3_26C_260504_1421",2026-09-02 14:21:00,"T3","26C","plate_1_26","C5","Sample",6,"48dpf",17.7427,1,693,""
"1182",20260504,"Resaz_Assay_T3_26C_260504_1421",2026-09-02 14:21:00,"T3","26C","plate_1_26","C6","Sample",8,"48dpf",10.3197,1,1460,""
"1183",20260504,"Resaz_Assay_T3_26C_260504_1421",2026-09-02 14:21:00,"T3","26C","plate_1_26","C7","Sample",52,"48dpf",10.9122,1,2947,""
"1184",20260504,"Resaz_Assay_T3_26C_260504_1421",2026-09-02 14:21:00,"T3","26C","plate_1_26","C8","Sample",53,"48dpf",12.1851,1,839,""
"1185",20260504,"Resaz_Assay_T3_26C_260504_1421",2026-09-02 14:21:00,"T3","26C","plate_1_26","C9","Sample",54,"48dpf",10.5282,1,835,""
"1186",20260504,"Resaz_Assay_T3_26C_260504_1421",2026-09-02 14:21:00,"T3","26C","plate_1_26","C10","Sample",55,"48dpf",10.5501,1,2322,""
"1187",20260504,"Resaz_Assay_T3_26C_260504_1421",2026-09-02 14:21:00,"T3","26C","plate_1_26","C11","Sample",56,"48dpf",14.6539,1,1502,""
"1188",20260504,"Resaz_Assay_T3_26C_260504_1421",2026-09-02 14:21:00,"T3","26C","plate_1_26","C12","Sample",57,"48dpf",11.9985,1,656,""
"1189",20260504,"Resaz_Assay_T3_26C_260504_1421",2026-09-02 14:21:00,"T3","26C","plate_1_26","D1","Sample",1,"48dpf",13.0958,1,1946,""
"1190",20260504,"Resaz_Assay_T3_26C_260504_1421",2026-09-02 14:21:00,"T3","26C","plate_1_26","D2","Sample",3,"48dpf",12.7392,1,3598,""
"1191",20260504,"Resaz_Assay_T3_26C_260504_1421",2026-09-02 14:21:00,"T3","26C","plate_1_26","D3","Sample",4,"48dpf",10.0948,1,1103,""
"1192",20260504,"Resaz_Assay_T3_26C_260504_1421",2026-09-02 14:21:00,"T3","26C","plate_1_26","D4","Sample",5,"48dpf",8.4983,1,977,""
"1193",20260504,"Resaz_Assay_T3_26C_260504_1421",2026-09-02 14:21:00,"T3","26C","plate_1_26","D5","Sample",6,"48dpf",8.7726,1,569,""
"1194",20260504,"Resaz_Assay_T3_26C_260504_1421",2026-09-02 14:21:00,"T3","26C","plate_1_26","D6","Sample",8,"48dpf",14.407,1,2130,""
"1195",20260504,"Resaz_Assay_T3_26C_260504_1421",2026-09-02 14:21:00,"T3","26C","plate_1_26","D7","Sample",52,"48dpf",13.2549,1,782,""
"1196",20260504,"Resaz_Assay_T3_26C_260504_1421",2026-09-02 14:21:00,"T3","26C","plate_1_26","D8","Sample",53,"48dpf",13.5511,1,1389,""
"1197",20260504,"Resaz_Assay_T3_26C_260504_1421",2026-09-02 14:21:00,"T3","26C","plate_1_26","D9","Sample",54,"48dpf",11.1811,1,859,""
"1198",20260504,"Resaz_Assay_T3_26C_260504_1421",2026-09-02 14:21:00,"T3","26C","plate_1_26","D10","Sample",55,"48dpf",14.2918,1,2712,""
"1199",20260504,"Resaz_Assay_T3_26C_260504_1421",2026-09-02 14:21:00,"T3","26C","plate_1_26","D11","Sample",56,"48dpf",10.007,1,657,""
"1200",20260504,"Resaz_Assay_T3_26C_260504_1421",2026-09-02 14:21:00,"T3","26C","plate_1_26","D12","Sample",57,"48dpf",11.7791,1,693,""
"1201",20260504,"Resaz_Assay_T3_26C_260504_1421",2026-09-02 14:21:00,"T3","26C","plate_1_26","E1","Sample",1,"48dpf",12.3551,1,933,""
"1202",20260504,"Resaz_Assay_T3_26C_260504_1421",2026-09-02 14:21:00,"T3","26C","plate_1_26","E2","Sample",3,"48dpf",20.2718,1,5677,""
"1203",20260504,"Resaz_Assay_T3_26C_260504_1421",2026-09-02 14:21:00,"T3","26C","plate_1_26","E3","Sample",4,"48dpf",14.7526,1,3691,""
"1204",20260504,"Resaz_Assay_T3_26C_260504_1421",2026-09-02 14:21:00,"T3","26C","plate_1_26","E4","Sample",5,"48dpf",11.4718,1,2735,""
"1205",20260504,"Resaz_Assay_T3_26C_260504_1421",2026-09-02 14:21:00,"T3","26C","plate_1_26","E5","Sample",6,"48dpf",8.3501,1,768,""
"1206",20260504,"Resaz_Assay_T3_26C_260504_1421",2026-09-02 14:21:00,"T3","26C","plate_1_26","E6","Sample",8,"48dpf",14.2753,1,795,""
"1207",20260504,"Resaz_Assay_T3_26C_260504_1421",2026-09-02 14:21:00,"T3","26C","plate_1_26","E7","Sample",52,"48dpf",10.8848,1,678,""
"1208",20260504,"Resaz_Assay_T3_26C_260504_1421",2026-09-02 14:21:00,"T3","26C","plate_1_26","E8","Sample",53,"48dpf",14.7856,1,2198,""
"1209",20260504,"Resaz_Assay_T3_26C_260504_1421",2026-09-02 14:21:00,"T3","26C","plate_1_26","E9","Sample",54,"48dpf",11.1481,1,899,""
"1210",20260504,"Resaz_Assay_T3_26C_260504_1421",2026-09-02 14:21:00,"T3","26C","plate_1_26","E10","Sample",55,"48dpf",15.2299,1,821,""
"1211",20260504,"Resaz_Assay_T3_26C_260504_1421",2026-09-02 14:21:00,"T3","26C","plate_1_26","E11","Sample",56,"48dpf",14.8898,1,726,""
"1212",20260504,"Resaz_Assay_T3_26C_260504_1421",2026-09-02 14:21:00,"T3","26C","plate_1_26","E12","Sample",57,"48dpf",12.9092,1,647,""
"1213",20260504,"Resaz_Assay_T3_26C_260504_1421",2026-09-02 14:21:00,"T3","26C","plate_1_26","F1","Sample",1,"48dpf",11.2579,1,938,""
"1214",20260504,"Resaz_Assay_T3_26C_260504_1421",2026-09-02 14:21:00,"T3","26C","plate_1_26","F2","Sample",3,"48dpf",14.0339,1,4314,""
"1215",20260504,"Resaz_Assay_T3_26C_260504_1421",2026-09-02 14:21:00,"T3","26C","plate_1_26","F3","Sample",4,"48dpf",8.6025,1,1568,""
"1216",20260504,"Resaz_Assay_T3_26C_260504_1421",2026-09-02 14:21:00,"T3","26C","plate_1_26","F4","Sample",5,"48dpf",14.7142,1,3877,""
"1217",20260504,"Resaz_Assay_T3_26C_260504_1421",2026-09-02 14:21:00,"T3","26C","plate_1_26","F5","Sample",6,"48dpf",10.424,1,717,""
"1218",20260504,"Resaz_Assay_T3_26C_260504_1421",2026-09-02 14:21:00,"T3","26C","plate_1_26","F6","Sample",8,"48dpf",10.8025,1,603,""
"1219",20260504,"Resaz_Assay_T3_26C_260504_1421",2026-09-02 14:21:00,"T3","26C","plate_1_26","F7","Sample",52,"48dpf",5.0693,1,520,""
"1220",20260504,"Resaz_Assay_T3_26C_260504_1421",2026-09-02 14:21:00,"T3","26C","plate_1_26","F8","Sample",53,"48dpf",5.9636,1,592,""
"1221",20260504,"Resaz_Assay_T3_26C_260504_1421",2026-09-02 14:21:00,"T3","26C","plate_1_26","F9","Sample",54,"48dpf",8.3446,1,768,""
"1222",20260504,"Resaz_Assay_T3_26C_260504_1421",2026-09-02 14:21:00,"T3","26C","plate_1_26","F10","Sample",55,"48dpf",13.1561,1,807,""
"1223",20260504,"Resaz_Assay_T3_26C_260504_1421",2026-09-02 14:21:00,"T3","26C","plate_1_26","F11","Sample",56,"48dpf",7.198,1,618,""
"1224",20260504,"Resaz_Assay_T3_26C_260504_1421",2026-09-02 14:21:00,"T3","26C","plate_1_26","F12","Sample",57,"48dpf",12.004,1,668,""
"1225",20260504,"Resaz_Assay_T3_26C_260504_1421",2026-09-02 14:21:00,"T3","26C","plate_1_26","G1","Sample",1,"48dpf",11.3511,1,878,""
"1226",20260504,"Resaz_Assay_T3_26C_260504_1421",2026-09-02 14:21:00,"T3","26C","plate_1_26","G2","Sample",3,"48dpf",14.4673,1,3393,""
"1227",20260504,"Resaz_Assay_T3_26C_260504_1421",2026-09-02 14:21:00,"T3","26C","plate_1_26","G3","Sample",4,"48dpf",9.409,1,1115,""
"1228",20260504,"Resaz_Assay_T3_26C_260504_1421",2026-09-02 14:21:00,"T3","26C","plate_1_26","G4","Sample",5,"48dpf",10.9726,1,2744,""
"1229",20260504,"Resaz_Assay_T3_26C_260504_1421",2026-09-02 14:21:00,"T3","26C","plate_1_26","G5","Sample",6,"48dpf",14.9885,1,1120,""
"1230",20260504,"Resaz_Assay_T3_26C_260504_1421",2026-09-02 14:21:00,"T3","26C","plate_1_26","G6","Sample",8,"48dpf",16.991,1,1026,""
"1231",20260504,"Resaz_Assay_T3_26C_260504_1421",2026-09-02 14:21:00,"T3","26C","plate_1_26","G7","Sample",52,"48dpf",13.008,1,657,""
"1232",20260504,"Resaz_Assay_T3_26C_260504_1421",2026-09-02 14:21:00,"T3","26C","plate_1_26","G8","Sample",53,"48dpf",9.1566,1,1022,""
"1233",20260504,"Resaz_Assay_T3_26C_260504_1421",2026-09-02 14:21:00,"T3","26C","plate_1_26","G9","Sample",54,"48dpf",12.4374,1,807,""
"1234",20260504,"Resaz_Assay_T3_26C_260504_1421",2026-09-02 14:21:00,"T3","26C","plate_1_26","G10","Sample",55,"48dpf",12.015,1,823,""
"1235",20260504,"Resaz_Assay_T3_26C_260504_1421",2026-09-02 14:21:00,"T3","26C","plate_1_26","G11","Sample",56,"48dpf",8.3831,1,611,""
"1236",20260504,"Resaz_Assay_T3_26C_260504_1421",2026-09-02 14:21:00,"T3","26C","plate_1_26","G12","Sample",57,"48dpf",13.3866,1,510,""
"1237",20260504,"Resaz_Assay_T3_26C_260504_1421",2026-09-02 14:21:00,"T3","26C","plate_1_26","H1","Blank",NA,"48dpf",NA,NA,464,""
"1238",20260504,"Resaz_Assay_T3_26C_260504_1421",2026-09-02 14:21:00,"T3","26C","plate_1_26","H2","Blank",NA,"48dpf",16.2065,1,644,"empty shell"
"1239",20260504,"Resaz_Assay_T3_26C_260504_1421",2026-09-02 14:21:00,"T3","26C","plate_1_26","H3","Blank",NA,"48dpf",NA,NA,396,""
"1240",20260504,"Resaz_Assay_T3_26C_260504_1421",2026-09-02 14:21:00,"T3","26C","plate_1_26","H4","Blank",NA,"48dpf",15.5372,1,472,"empty shell"
"1241",20260504,"Resaz_Assay_T3_26C_260504_1421",2026-09-02 14:21:00,"T3","26C","plate_1_26","H5","Blank",NA,"48dpf",NA,NA,417,""
"1242",20260504,"Resaz_Assay_T3_26C_260504_1421",2026-09-02 14:21:00,"T3","26C","plate_1_26","H6","Blank",NA,"48dpf",21.3033,1,635,"empty shell"
"1243",20260504,"Resaz_Assay_T3_26C_260504_1421",2026-09-02 14:21:00,"T3","26C","plate_1_26","H7","Blank",NA,"48dpf",NA,NA,366,""
"1244",20260504,"Resaz_Assay_T3_26C_260504_1421",2026-09-02 14:21:00,"T3","26C","plate_1_26","H8","Blank",NA,"48dpf",24.2768,1,705,"empty shell"
"1245",20260504,"Resaz_Assay_T3_26C_260504_1421",2026-09-02 14:21:00,"T3","26C","plate_1_26","H9","Blank",NA,"48dpf",NA,NA,383,""
"1246",20260504,"Resaz_Assay_T3_26C_260504_1421",2026-09-02 14:21:00,"T3","26C","plate_1_26","H10","Blank",NA,"48dpf",15.8225,1,703,"empty shell"
"1247",20260504,"Resaz_Assay_T3_26C_260504_1421",2026-09-02 14:21:00,"T3","26C","plate_1_26","H11","Blank",NA,"48dpf",NA,NA,421,""
"1248",20260504,"Resaz_Assay_T3_26C_260504_1421",2026-09-02 14:21:00,"T3","26C","plate_1_26","H12","Blank",NA,"48dpf",16.6509,1,494,"empty shell"
"1249",20260504,"Resaz_Assay_T3_30C_260504_1423",2026-09-02 14:23:00,"T3","30C","plate_2_30","A1","Sample",1,"48dpf",12.9599,1,3626,""
"1250",20260504,"Resaz_Assay_T3_30C_260504_1423",2026-09-02 14:23:00,"T3","30C","plate_2_30","A2","Sample",3,"48dpf",12.3686,1,4198,""
"1251",20260504,"Resaz_Assay_T3_30C_260504_1423",2026-09-02 14:23:00,"T3","30C","plate_2_30","A3","Sample",4,"48dpf",11.9415,1,3284,""
"1252",20260504,"Resaz_Assay_T3_30C_260504_1423",2026-09-02 14:23:00,"T3","30C","plate_2_30","A4","Sample",5,"48dpf",11.0874,1,3514,""
"1253",20260504,"Resaz_Assay_T3_30C_260504_1423",2026-09-02 14:23:00,"T3","30C","plate_2_30","A5","Sample",6,"48dpf",12.73,1,2064,""
"1254",20260504,"Resaz_Assay_T3_30C_260504_1423",2026-09-02 14:23:00,"T3","30C","plate_2_30","A6","Sample",8,"48dpf",13.0749,1,3392,""
"1255",20260504,"Resaz_Assay_T3_30C_260504_1423",2026-09-02 14:23:00,"T3","30C","plate_2_30","A7","Sample",52,"48dpf",10.841,1,2149,""
"1256",20260504,"Resaz_Assay_T3_30C_260504_1423",2026-09-02 14:23:00,"T3","30C","plate_2_30","A8","Sample",53,"48dpf",13.2063,1,3504,""
"1257",20260504,"Resaz_Assay_T3_30C_260504_1423",2026-09-02 14:23:00,"T3","30C","plate_2_30","A9","Sample",54,"48dpf",13.4855,1,923,""
"1258",20260504,"Resaz_Assay_T3_30C_260504_1423",2026-09-02 14:23:00,"T3","30C","plate_2_30","A10","Sample",55,"48dpf",21.8463,1,4981,""
"1259",20260504,"Resaz_Assay_T3_30C_260504_1423",2026-09-02 14:23:00,"T3","30C","plate_2_30","A11","Sample",56,"48dpf",8.7221,1,806,""
"1260",20260504,"Resaz_Assay_T3_30C_260504_1423",2026-09-02 14:23:00,"T3","30C","plate_2_30","A12","Sample",57,"48dpf",9.7733,1,467,""
"1261",20260504,"Resaz_Assay_T3_30C_260504_1423",2026-09-02 14:23:00,"T3","30C","plate_2_30","B1","Sample",1,"48dpf",10.7753,1,735,""
"1262",20260504,"Resaz_Assay_T3_30C_260504_1423",2026-09-02 14:23:00,"T3","30C","plate_2_30","B2","Sample",3,"48dpf",20.6307,1,1278,""
"1263",20260504,"Resaz_Assay_T3_30C_260504_1423",2026-09-02 14:23:00,"T3","30C","plate_2_30","B3","Sample",4,"48dpf",15.0624,1,3872,""
"1264",20260504,"Resaz_Assay_T3_30C_260504_1423",2026-09-02 14:23:00,"T3","30C","plate_2_30","B4","Sample",5,"48dpf",13.7648,1,2954,""
"1265",20260504,"Resaz_Assay_T3_30C_260504_1423",2026-09-02 14:23:00,"T3","30C","plate_2_30","B5","Sample",6,"48dpf",17.8055,1,749,""
"1266",20260504,"Resaz_Assay_T3_30C_260504_1423",2026-09-02 14:23:00,"T3","30C","plate_2_30","B6","Sample",8,"48dpf",10.2989,1,657,""
"1267",20260504,"Resaz_Assay_T3_30C_260504_1423",2026-09-02 14:23:00,"T3","30C","plate_2_30","B7","Sample",52,"48dpf",14.159,1,3140,""
"1268",20260504,"Resaz_Assay_T3_30C_260504_1423",2026-09-02 14:23:00,"T3","30C","plate_2_30","B8","Sample",53,"48dpf",13.9126,1,871,""
"1269",20260504,"Resaz_Assay_T3_30C_260504_1423",2026-09-02 14:23:00,"T3","30C","plate_2_30","B9","Sample",54,"48dpf",12.9763,1,3459,""
"1270",20260504,"Resaz_Assay_T3_30C_260504_1423",2026-09-02 14:23:00,"T3","30C","plate_2_30","B10","Sample",55,"48dpf",17.1321,1,1533,""
"1271",20260504,"Resaz_Assay_T3_30C_260504_1423",2026-09-02 14:23:00,"T3","30C","plate_2_30","B11","Sample",56,"48dpf",6.1761,1,563,""
"1272",20260504,"Resaz_Assay_T3_30C_260504_1423",2026-09-02 14:23:00,"T3","30C","plate_2_30","B12","Sample",57,"48dpf",6.0118,1,2330,""
"1273",20260504,"Resaz_Assay_T3_30C_260504_1423",2026-09-02 14:23:00,"T3","30C","plate_2_30","C1","Sample",1,"48dpf",10.7753,1,1908,""
"1274",20260504,"Resaz_Assay_T3_30C_260504_1423",2026-09-02 14:23:00,"T3","30C","plate_2_30","C2","Sample",3,"48dpf",14.931,1,1803,""
"1275",20260504,"Resaz_Assay_T3_30C_260504_1423",2026-09-02 14:23:00,"T3","30C","plate_2_30","C3","Sample",4,"48dpf",14.892,1,4093,""
"1276",20260504,"Resaz_Assay_T3_30C_260504_1423",2026-09-02 14:23:00,"T3","30C","plate_2_30","C4","Sample",5,"48dpf",10.1183,1,1728,""
"1277",20260504,"Resaz_Assay_T3_30C_260504_1423",2026-09-02 14:23:00,"T3","30C","plate_2_30","C5","Sample",6,"48dpf",18.3804,1,693,""
"1278",20260504,"Resaz_Assay_T3_30C_260504_1423",2026-09-02 14:23:00,"T3","30C","plate_2_30","C6","Sample",8,"48dpf",14.6682,1,1969,""
"1279",20260504,"Resaz_Assay_T3_30C_260504_1423",2026-09-02 14:23:00,"T3","30C","plate_2_30","C7","Sample",52,"48dpf",14.3397,1,803,""
"1280",20260504,"Resaz_Assay_T3_30C_260504_1423",2026-09-02 14:23:00,"T3","30C","plate_2_30","C8","Sample",53,"48dpf",2.4474,1,762,""
"1281",20260504,"Resaz_Assay_T3_30C_260504_1423",2026-09-02 14:23:00,"T3","30C","plate_2_30","C9","Sample",54,"48dpf",14.6518,1,1173,""
"1282",20260504,"Resaz_Assay_T3_30C_260504_1423",2026-09-02 14:23:00,"T3","30C","plate_2_30","C10","Sample",55,"48dpf",11.3502,1,1488,""
"1283",20260504,"Resaz_Assay_T3_30C_260504_1423",2026-09-02 14:23:00,"T3","30C","plate_2_30","C11","Sample",56,"48dpf",17.5427,1,3275,""
"1284",20260504,"Resaz_Assay_T3_30C_260504_1423",2026-09-02 14:23:00,"T3","30C","plate_2_30","C12","Sample",57,"48dpf",14.4875,1,4090,""
"1285",20260504,"Resaz_Assay_T3_30C_260504_1423",2026-09-02 14:23:00,"T3","30C","plate_2_30","D1","Sample",1,"48dpf",10.2989,1,1006,""
"1286",20260504,"Resaz_Assay_T3_30C_260504_1423",2026-09-02 14:23:00,"T3","30C","plate_2_30","D2","Sample",3,"48dpf",16.7707,1,3463,""
"1287",20260504,"Resaz_Assay_T3_30C_260504_1423",2026-09-02 14:23:00,"T3","30C","plate_2_30","D3","Sample",4,"48dpf",17.5756,1,2528,""
"1288",20260504,"Resaz_Assay_T3_30C_260504_1423",2026-09-02 14:23:00,"T3","30C","plate_2_30","D4","Sample",5,"48dpf",14.4711,1,2392,""
"1289",20260504,"Resaz_Assay_T3_30C_260504_1423",2026-09-02 14:23:00,"T3","30C","plate_2_30","D5","Sample",6,"48dpf",19.2838,1,882,""
"1290",20260504,"Resaz_Assay_T3_30C_260504_1423",2026-09-02 14:23:00,"T3","30C","plate_2_30","D6","Sample",8,"48dpf",18.6432,1,626,""
"1291",20260504,"Resaz_Assay_T3_30C_260504_1423",2026-09-02 14:23:00,"T3","30C","plate_2_30","D7","Sample",52,"48dpf",7.6216,1,2113,""
"1292",20260504,"Resaz_Assay_T3_30C_260504_1423",2026-09-02 14:23:00,"T3","30C","plate_2_30","D8","Sample",53,"48dpf",9.8555,1,2174,""
"1293",20260504,"Resaz_Assay_T3_30C_260504_1423",2026-09-02 14:23:00,"T3","30C","plate_2_30","D9","Sample",54,"48dpf",15.588,1,3818,""
"1294",20260504,"Resaz_Assay_T3_30C_260504_1423",2026-09-02 14:23:00,"T3","30C","plate_2_30","D10","Sample",55,"48dpf",11.1531,1,1304,""
"1295",20260504,"Resaz_Assay_T3_30C_260504_1423",2026-09-02 14:23:00,"T3","30C","plate_2_30","D11","Sample",56,"48dpf",10.7753,1,666,""
"1296",20260504,"Resaz_Assay_T3_30C_260504_1423",2026-09-02 14:23:00,"T3","30C","plate_2_30","D12","Sample",57,"48dpf",10.3647,1,889,""
"1297",20260504,"Resaz_Assay_T3_30C_260504_1423",2026-09-02 14:23:00,"T3","30C","plate_2_30","E1","Sample",1,"48dpf",10.7096,1,1890,""
"1298",20260504,"Resaz_Assay_T3_30C_260504_1423",2026-09-02 14:23:00,"T3","30C","plate_2_30","E2","Sample",3,"48dpf",22.8647,1,2800,""
"1299",20260504,"Resaz_Assay_T3_30C_260504_1423",2026-09-02 14:23:00,"T3","30C","plate_2_30","E3","Sample",4,"48dpf",14.8817,1,3216,""
"1300",20260504,"Resaz_Assay_T3_30C_260504_1423",2026-09-02 14:23:00,"T3","30C","plate_2_30","E4","Sample",5,"48dpf",11.9744,1,1901,""
"1301",20260504,"Resaz_Assay_T3_30C_260504_1423",2026-09-02 14:23:00,"T3","30C","plate_2_30","E5","Sample",6,"48dpf",11.3502,1,603,""
"1302",20260504,"Resaz_Assay_T3_30C_260504_1423",2026-09-02 14:23:00,"T3","30C","plate_2_30","E6","Sample",8,"48dpf",11.4652,1,2302,""
"1303",20260504,"Resaz_Assay_T3_30C_260504_1423",2026-09-02 14:23:00,"T3","30C","plate_2_30","E7","Sample",52,"48dpf",11.5473,1,852,""
"1304",20260504,"Resaz_Assay_T3_30C_260504_1423",2026-09-02 14:23:00,"T3","30C","plate_2_30","E8","Sample",53,"48dpf",18.0191,1,1913,""
"1305",20260504,"Resaz_Assay_T3_30C_260504_1423",2026-09-02 14:23:00,"T3","30C","plate_2_30","E9","Sample",54,"48dpf",9.3463,1,3085,""
"1306",20260504,"Resaz_Assay_T3_30C_260504_1423",2026-09-02 14:23:00,"T3","30C","plate_2_30","E10","Sample",55,"48dpf",17.6905,1,891,""
"1307",20260504,"Resaz_Assay_T3_30C_260504_1423",2026-09-02 14:23:00,"T3","30C","plate_2_30","E11","Sample",56,"48dpf",19.364,1,1792,""
"1308",20260504,"Resaz_Assay_T3_30C_260504_1423",2026-09-02 14:23:00,"T3","30C","plate_2_30","E12","Sample",57,"48dpf",13.0913,1,467,""
"1309",20260504,"Resaz_Assay_T3_30C_260504_1423",2026-09-02 14:23:00,"T3","30C","plate_2_30","F1","Sample",1,"48dpf",11.3995,1,4466,""
"1310",20260504,"Resaz_Assay_T3_30C_260504_1423",2026-09-02 14:23:00,"T3","30C","plate_2_30","F2","Sample",3,"48dpf",17.8219,1,2334,""
"1311",20260504,"Resaz_Assay_T3_30C_260504_1423",2026-09-02 14:23:00,"T3","30C","plate_2_30","F3","Sample",4,"48dpf",14.3068,1,1863,""
"1312",20260504,"Resaz_Assay_T3_30C_260504_1423",2026-09-02 14:23:00,"T3","30C","plate_2_30","F4","Sample",5,"48dpf",15.9166,1,2918,""
"1313",20260504,"Resaz_Assay_T3_30C_260504_1423",2026-09-02 14:23:00,"T3","30C","plate_2_30","F5","Sample",6,"48dpf",16.7871,1,694,""
"1314",20260504,"Resaz_Assay_T3_30C_260504_1423",2026-09-02 14:23:00,"T3","30C","plate_2_30","F6","Sample",8,"48dpf",8.5414,1,690,""
"1315",20260504,"Resaz_Assay_T3_30C_260504_1423",2026-09-02 14:23:00,"T3","30C","plate_2_30","F7","Sample",52,"48dpf",14.5861,1,810,""
"1316",20260504,"Resaz_Assay_T3_30C_260504_1423",2026-09-02 14:23:00,"T3","30C","plate_2_30","F8","Sample",53,"48dpf",10.7917,1,2482,""
"1317",20260504,"Resaz_Assay_T3_30C_260504_1423",2026-09-02 14:23:00,"T3","30C","plate_2_30","F9","Sample",54,"48dpf",14.4711,1,4709,""
"1318",20260504,"Resaz_Assay_T3_30C_260504_1423",2026-09-02 14:23:00,"T3","30C","plate_2_30","F10","Sample",55,"48dpf",7.9172,1,1251,""
"1319",20260504,"Resaz_Assay_T3_30C_260504_1423",2026-09-02 14:23:00,"T3","30C","plate_2_30","F11","Sample",56,"48dpf",11.0217,1,648,""
"1320",20260504,"Resaz_Assay_T3_30C_260504_1423",2026-09-02 14:23:00,"T3","30C","plate_2_30","F12","Sample",57,"48dpf",11.7116,1,3715,""
"1321",20260504,"Resaz_Assay_T3_30C_260504_1423",2026-09-02 14:23:00,"T3","30C","plate_2_30","G1","Sample",1,"48dpf",19.4317,1,1373,""
"1322",20260504,"Resaz_Assay_T3_30C_260504_1423",2026-09-02 14:23:00,"T3","30C","plate_2_30","G2","Sample",3,"48dpf",19.6452,1,800,""
"1323",20260504,"Resaz_Assay_T3_30C_260504_1423",2026-09-02 14:23:00,"T3","30C","plate_2_30","G3","Sample",4,"48dpf",17.1321,1,2216,""
"1324",20260504,"Resaz_Assay_T3_30C_260504_1423",2026-09-02 14:23:00,"T3","30C","plate_2_30","G4","Sample",5,"48dpf",11.6787,1,2181,""
"1325",20260504,"Resaz_Assay_T3_30C_260504_1423",2026-09-02 14:23:00,"T3","30C","plate_2_30","G5","Sample",6,"48dpf",15.0953,1,1198,""
"1326",20260504,"Resaz_Assay_T3_30C_260504_1423",2026-09-02 14:23:00,"T3","30C","plate_2_30","G6","Sample",8,"48dpf",16.2779,1,564,""
"1327",20260504,"Resaz_Assay_T3_30C_260504_1423",2026-09-02 14:23:00,"T3","30C","plate_2_30","G7","Sample",52,"48dpf",8.3607,1,617,""
"1328",20260504,"Resaz_Assay_T3_30C_260504_1423",2026-09-02 14:23:00,"T3","30C","plate_2_30","G8","Sample",53,"48dpf",9.3791,1,2444,""
"1329",20260504,"Resaz_Assay_T3_30C_260504_1423",2026-09-02 14:23:00,"T3","30C","plate_2_30","G9","Sample",54,"48dpf",18.5283,1,3770,""
"1330",20260504,"Resaz_Assay_T3_30C_260504_1423",2026-09-02 14:23:00,"T3","30C","plate_2_30","G10","Sample",55,"48dpf",16.9514,1,2040,""
"1331",20260504,"Resaz_Assay_T3_30C_260504_1423",2026-09-02 14:23:00,"T3","30C","plate_2_30","G11","Sample",56,"48dpf",12.0072,1,3137,""
"1332",20260504,"Resaz_Assay_T3_30C_260504_1423",2026-09-02 14:23:00,"T3","30C","plate_2_30","G12","Sample",57,"48dpf",16.4586,1,593,""
"1333",20260504,"Resaz_Assay_T3_30C_260504_1423",2026-09-02 14:23:00,"T3","30C","plate_2_30","H1","Blank",NA,"48dpf",NA,NA,434,""
"1334",20260504,"Resaz_Assay_T3_30C_260504_1423",2026-09-02 14:23:00,"T3","30C","plate_2_30","H2","Blank",NA,"48dpf",14.7175,1,507,"empty shell"
"1335",20260504,"Resaz_Assay_T3_30C_260504_1423",2026-09-02 14:23:00,"T3","30C","plate_2_30","H3","Blank",NA,"48dpf",NA,NA,402,""
"1336",20260504,"Resaz_Assay_T3_30C_260504_1423",2026-09-02 14:23:00,"T3","30C","plate_2_30","H4","Blank",NA,"48dpf",19.4317,1,600,"empty shell"
"1337",20260504,"Resaz_Assay_T3_30C_260504_1423",2026-09-02 14:23:00,"T3","30C","plate_2_30","H5","Blank",NA,"48dpf",NA,NA,392,""
"1338",20260504,"Resaz_Assay_T3_30C_260504_1423",2026-09-02 14:23:00,"T3","30C","plate_2_30","H6","Blank",NA,"48dpf",19.6616,1,584,"empty shell"
"1339",20260504,"Resaz_Assay_T3_30C_260504_1423",2026-09-02 14:23:00,"T3","30C","plate_2_30","H7","Blank",NA,"48dpf",NA,NA,381,""
"1340",20260504,"Resaz_Assay_T3_30C_260504_1423",2026-09-02 14:23:00,"T3","30C","plate_2_30","H8","Blank",NA,"48dpf",23.8995,1,913,"empty shell"
"1341",20260504,"Resaz_Assay_T3_30C_260504_1423",2026-09-02 14:23:00,"T3","30C","plate_2_30","H9","Blank",NA,"48dpf",NA,NA,403,""
"1342",20260504,"Resaz_Assay_T3_30C_260504_1423",2026-09-02 14:23:00,"T3","30C","plate_2_30","H10","Blank",NA,"48dpf",10.2858,1,808,"empty shell"
"1343",20260504,"Resaz_Assay_T3_30C_260504_1423",2026-09-02 14:23:00,"T3","30C","plate_2_30","H11","Blank",NA,"48dpf",NA,NA,416,""
"1344",20260504,"Resaz_Assay_T3_30C_260504_1423",2026-09-02 14:23:00,"T3","30C","plate_2_30","H12","Blank",NA,"48dpf",15.8344,1,812,"empty shell"
"1345",20260504,"Resaz_Assay_T3_34C_260504_1431",2026-09-02 14:31:00,"T3","34C","plate_3_34","A1","Sample",1,"48dpf",12.5209,1,1349,""
"1346",20260504,"Resaz_Assay_T3_34C_260504_1431",2026-09-02 14:31:00,"T3","34C","plate_3_34","A2","Sample",3,"48dpf",12.1401,1,6260,""
"1347",20260504,"Resaz_Assay_T3_34C_260504_1431",2026-09-02 14:31:00,"T3","34C","plate_3_34","A3","Sample",4,"48dpf",11.211,1,2530,""
"1348",20260504,"Resaz_Assay_T3_34C_260504_1431",2026-09-02 14:31:00,"T3","34C","plate_3_34","A4","Sample",5,"48dpf",10.8911,1,9671,""
"1349",20260504,"Resaz_Assay_T3_34C_260504_1431",2026-09-02 14:31:00,"T3","34C","plate_3_34","A5","Sample",6,"48dpf",12.1706,1,2794,""
"1350",20260504,"Resaz_Assay_T3_34C_260504_1431",2026-09-02 14:31:00,"T3","34C","plate_3_34","A6","Sample",8,"48dpf",12.6276,1,1741,""
"1351",20260504,"Resaz_Assay_T3_34C_260504_1431",2026-09-02 14:31:00,"T3","34C","plate_3_34","A7","Sample",52,"48dpf",10.3884,1,1108,""
"1352",20260504,"Resaz_Assay_T3_34C_260504_1431",2026-09-02 14:31:00,"T3","34C","plate_3_34","A8","Sample",53,"48dpf",11.5613,1,1679,""
"1353",20260504,"Resaz_Assay_T3_34C_260504_1431",2026-09-02 14:31:00,"T3","34C","plate_3_34","A9","Sample",54,"48dpf",12.9018,1,1280,""
"1354",20260504,"Resaz_Assay_T3_34C_260504_1431",2026-09-02 14:31:00,"T3","34C","plate_3_34","A10","Sample",55,"48dpf",21.0053,1,1658,""
"1355",20260504,"Resaz_Assay_T3_34C_260504_1431",2026-09-02 14:31:00,"T3","34C","plate_3_34","A11","Sample",56,"48dpf",8.2407,1,1097,""
"1356",20260504,"Resaz_Assay_T3_34C_260504_1431",2026-09-02 14:31:00,"T3","34C","plate_3_34","A12","Sample",57,"48dpf",9.2003,1,1915,""
"1357",20260504,"Resaz_Assay_T3_34C_260504_1431",2026-09-02 14:31:00,"T3","34C","plate_3_34","B1","Sample",1,"48dpf",10.5864,1,1616,""
"1358",20260504,"Resaz_Assay_T3_34C_260504_1431",2026-09-02 14:31:00,"T3","34C","plate_3_34","B2","Sample",3,"48dpf",20.3199,1,2604,""
"1359",20260504,"Resaz_Assay_T3_34C_260504_1431",2026-09-02 14:31:00,"T3","34C","plate_3_34","B3","Sample",4,"48dpf",14.7753,1,1984,""
"1360",20260504,"Resaz_Assay_T3_34C_260504_1431",2026-09-02 14:31:00,"T3","34C","plate_3_34","B4","Sample",5,"48dpf",13.2978,1,3027,""
"1361",20260504,"Resaz_Assay_T3_34C_260504_1431",2026-09-02 14:31:00,"T3","34C","plate_3_34","B5","Sample",6,"48dpf",16.6184,1,1245,""
"1362",20260504,"Resaz_Assay_T3_34C_260504_1431",2026-09-02 14:31:00,"T3","34C","plate_3_34","B6","Sample",8,"48dpf",10.099,1,3545,""
"1363",20260504,"Resaz_Assay_T3_34C_260504_1431",2026-09-02 14:31:00,"T3","34C","plate_3_34","B7","Sample",52,"48dpf",13.5567,1,1053,""
"1364",20260504,"Resaz_Assay_T3_34C_260504_1431",2026-09-02 14:31:00,"T3","34C","plate_3_34","B8","Sample",53,"48dpf",13.313,1,1188,""
"1365",20260504,"Resaz_Assay_T3_34C_260504_1431",2026-09-02 14:31:00,"T3","34C","plate_3_34","B9","Sample",54,"48dpf",12.6885,1,1310,""
"1366",20260504,"Resaz_Assay_T3_34C_260504_1431",2026-09-02 14:31:00,"T3","34C","plate_3_34","B10","Sample",55,"48dpf",16.3899,1,903,""
"1367",20260504,"Resaz_Assay_T3_34C_260504_1431",2026-09-02 14:31:00,"T3","34C","plate_3_34","B11","Sample",56,"48dpf",6.032,1,798,""
"1368",20260504,"Resaz_Assay_T3_34C_260504_1431",2026-09-02 14:31:00,"T3","34C","plate_3_34","B12","Sample",57,"48dpf",5.6359,1,3330,""
"1369",20260504,"Resaz_Assay_T3_34C_260504_1431",2026-09-02 14:31:00,"T3","34C","plate_3_34","C1","Sample",1,"48dpf",10.3123,1,913,""
"1370",20260504,"Resaz_Assay_T3_34C_260504_1431",2026-09-02 14:31:00,"T3","34C","plate_3_34","C2","Sample",3,"48dpf",14.5773,1,3743,""
"1371",20260504,"Resaz_Assay_T3_34C_260504_1431",2026-09-02 14:31:00,"T3","34C","plate_3_34","C3","Sample",4,"48dpf",14.4859,1,2775,""
"1372",20260504,"Resaz_Assay_T3_34C_260504_1431",2026-09-02 14:31:00,"T3","34C","plate_3_34","C4","Sample",5,"48dpf",9.7182,1,1429,""
"1373",20260504,"Resaz_Assay_T3_34C_260504_1431",2026-09-02 14:31:00,"T3","34C","plate_3_34","C5","Sample",6,"48dpf",17.6238,1,2618,""
"1374",20260504,"Resaz_Assay_T3_34C_260504_1431",2026-09-02 14:31:00,"T3","34C","plate_3_34","C6","Sample",8,"48dpf",14.1356,1,2323,""
"1375",20260504,"Resaz_Assay_T3_34C_260504_1431",2026-09-02 14:31:00,"T3","34C","plate_3_34","C7","Sample",52,"48dpf",13.7395,1,2445,""
"1376",20260504,"Resaz_Assay_T3_34C_260504_1431",2026-09-02 14:31:00,"T3","34C","plate_3_34","C8","Sample",53,"48dpf",2.2239,1,1727,""
"1377",20260504,"Resaz_Assay_T3_34C_260504_1431",2026-09-02 14:31:00,"T3","34C","plate_3_34","C9","Sample",54,"48dpf",14.1203,1,710,""
"1378",20260504,"Resaz_Assay_T3_34C_260504_1431",2026-09-02 14:31:00,"T3","34C","plate_3_34","C10","Sample",55,"48dpf",10.952,1,3763,""
"1379",20260504,"Resaz_Assay_T3_34C_260504_1431",2026-09-02 14:31:00,"T3","34C","plate_3_34","C11","Sample",56,"48dpf",16.786,1,1162,""
"1380",20260504,"Resaz_Assay_T3_34C_260504_1431",2026-09-02 14:31:00,"T3","34C","plate_3_34","C12","Sample",57,"48dpf",13.9832,1,1077,""
"1381",20260504,"Resaz_Assay_T3_34C_260504_1431",2026-09-02 14:31:00,"T3","34C","plate_3_34","D1","Sample",1,"48dpf",10.0228,1,789,""
"1382",20260504,"Resaz_Assay_T3_34C_260504_1431",2026-09-02 14:31:00,"T3","34C","plate_3_34","D2","Sample",3,"48dpf",16.2224,1,1285,""
"1383",20260504,"Resaz_Assay_T3_34C_260504_1431",2026-09-02 14:31:00,"T3","34C","plate_3_34","D3","Sample",4,"48dpf",17.1973,1,2065,""
"1384",20260504,"Resaz_Assay_T3_34C_260504_1431",2026-09-02 14:31:00,"T3","34C","plate_3_34","D4","Sample",5,"48dpf",132.9071,1,1717,""
"1385",20260504,"Resaz_Assay_T3_34C_260504_1431",2026-09-02 14:31:00,"T3","34C","plate_3_34","D5","Sample",6,"48dpf",18.2331,1,1802,""
"1386",20260504,"Resaz_Assay_T3_34C_260504_1431",2026-09-02 14:31:00,"T3","34C","plate_3_34","D6","Sample",8,"48dpf",17.6999,1,2966,""
"1387",20260504,"Resaz_Assay_T3_34C_260504_1431",2026-09-02 14:31:00,"T3","34C","plate_3_34","D7","Sample",52,"48dpf",7.4181,1,811,""
"1388",20260504,"Resaz_Assay_T3_34C_260504_1431",2026-09-02 14:31:00,"T3","34C","plate_3_34","D8","Sample",53,"48dpf",9.5659,1,1888,""
"1389",20260504,"Resaz_Assay_T3_34C_260504_1431",2026-09-02 14:31:00,"T3","34C","plate_3_34","D9","Sample",54,"48dpf",15.3846,1,711,""
"1390",20260504,"Resaz_Assay_T3_34C_260504_1431",2026-09-02 14:31:00,"T3","34C","plate_3_34","D10","Sample",55,"48dpf",10.8606,1,2423,""
"1391",20260504,"Resaz_Assay_T3_34C_260504_1431",2026-09-02 14:31:00,"T3","34C","plate_3_34","D11","Sample",56,"48dpf",10.495,1,1325,""
"1392",20260504,"Resaz_Assay_T3_34C_260504_1431",2026-09-02 14:31:00,"T3","34C","plate_3_34","D12","Sample",57,"48dpf",9.8401,1,1130,""
"1393",20260504,"Resaz_Assay_T3_34C_260504_1431",2026-09-02 14:31:00,"T3","34C","plate_3_34","E1","Sample",1,"48dpf",10.3884,1,1599,""
"1394",20260504,"Resaz_Assay_T3_34C_260504_1431",2026-09-02 14:31:00,"T3","34C","plate_3_34","E2","Sample",3,"48dpf",22.4981,1,2456,""
"1395",20260504,"Resaz_Assay_T3_34C_260504_1431",2026-09-02 14:31:00,"T3","34C","plate_3_34","E3","Sample",4,"48dpf",14.3945,1,2026,""
"1396",20260504,"Resaz_Assay_T3_34C_260504_1431",2026-09-02 14:31:00,"T3","34C","plate_3_34","E4","Sample",5,"48dpf",11.3176,1,2861,""
"1397",20260504,"Resaz_Assay_T3_34C_260504_1431",2026-09-02 14:31:00,"T3","34C","plate_3_34","E5","Sample",6,"48dpf",10.9063,1,760,""
"1398",20260504,"Resaz_Assay_T3_34C_260504_1431",2026-09-02 14:31:00,"T3","34C","plate_3_34","E6","Sample",8,"48dpf",10.8606,1,2835,""
"1399",20260504,"Resaz_Assay_T3_34C_260504_1431",2026-09-02 14:31:00,"T3","34C","plate_3_34","E7","Sample",52,"48dpf",10.8911,1,767,""
"1400",20260504,"Resaz_Assay_T3_34C_260504_1431",2026-09-02 14:31:00,"T3","34C","plate_3_34","E8","Sample",53,"48dpf",17.1211,1,789,""
"1401",20260504,"Resaz_Assay_T3_34C_260504_1431",2026-09-02 14:31:00,"T3","34C","plate_3_34","E9","Sample",54,"48dpf",8.9718,1,966,""
"1402",20260504,"Resaz_Assay_T3_34C_260504_1431",2026-09-02 14:31:00,"T3","34C","plate_3_34","E10","Sample",55,"48dpf",16.7403,1,920,""
"1403",20260504,"Resaz_Assay_T3_34C_260504_1431",2026-09-02 14:31:00,"T3","34C","plate_3_34","E11","Sample",56,"48dpf",17.3496,1,772,""
"1404",20260504,"Resaz_Assay_T3_34C_260504_1431",2026-09-02 14:31:00,"T3","34C","plate_3_34","E12","Sample",57,"48dpf",12.6885,1,936,""
"1405",20260504,"Resaz_Assay_T3_34C_260504_1431",2026-09-02 14:31:00,"T3","34C","plate_3_34","F1","Sample",1,"48dpf",11.0739,1,2091,""
"1406",20260504,"Resaz_Assay_T3_34C_260504_1431",2026-09-02 14:31:00,"T3","34C","plate_3_34","F2","Sample",3,"48dpf",17.4867,1,4624,""
"1407",20260504,"Resaz_Assay_T3_34C_260504_1431",2026-09-02 14:31:00,"T3","34C","plate_3_34","F3","Sample",4,"48dpf",13.8614,1,2391,""
"1408",20260504,"Resaz_Assay_T3_34C_260504_1431",2026-09-02 14:31:00,"T3","34C","plate_3_34","F4","Sample",5,"48dpf",15.476,1,2607,""
"1409",20260504,"Resaz_Assay_T3_34C_260504_1431",2026-09-02 14:31:00,"T3","34C","plate_3_34","F5","Sample",6,"48dpf",15.476,1,717,""
"1410",20260504,"Resaz_Assay_T3_34C_260504_1431",2026-09-02 14:31:00,"T3","34C","plate_3_34","F6","Sample",8,"48dpf",8.1645,1,1034,""
"1411",20260504,"Resaz_Assay_T3_34C_260504_1431",2026-09-02 14:31:00,"T3","34C","plate_3_34","F7","Sample",52,"48dpf",12.1051,1,875,""
"1412",20260504,"Resaz_Assay_T3_34C_260504_1431",2026-09-02 14:31:00,"T3","34C","plate_3_34","F8","Sample",53,"48dpf",10.3427,1,1130,""
"1413",20260504,"Resaz_Assay_T3_34C_260504_1431",2026-09-02 14:31:00,"T3","34C","plate_3_34","F9","Sample",54,"48dpf",13.9832,1,733,""
"1414",20260504,"Resaz_Assay_T3_34C_260504_1431",2026-09-02 14:31:00,"T3","34C","plate_3_34","F10","Sample",55,"48dpf",7.6618,1,601,""
"1415",20260504,"Resaz_Assay_T3_34C_260504_1431",2026-09-02 14:31:00,"T3","34C","plate_3_34","F11","Sample",56,"48dpf",10.5407,1,707,""
"1416",20260504,"Resaz_Assay_T3_34C_260504_1431",2026-09-02 14:31:00,"T3","34C","plate_3_34","F12","Sample",57,"48dpf",10.7692,1,3424,""
"1417",20260504,"Resaz_Assay_T3_34C_260504_1431",2026-09-02 14:31:00,"T3","34C","plate_3_34","G1","Sample",1,"48dpf",18.888,1,830,""
"1418",20260504,"Resaz_Assay_T3_34C_260504_1431",2026-09-02 14:31:00,"T3","34C","plate_3_34","G2","Sample",3,"48dpf",18.751,1,3649,""
"1419",20260504,"Resaz_Assay_T3_34C_260504_1431",2026-09-02 14:31:00,"T3","34C","plate_3_34","G3","Sample",4,"48dpf",16.7708,1,5310,""
"1420",20260504,"Resaz_Assay_T3_34C_260504_1431",2026-09-02 14:31:00,"T3","34C","plate_3_34","G4","Sample",5,"48dpf",11.4851,1,2729,""
"1421",20260504,"Resaz_Assay_T3_34C_260504_1431",2026-09-02 14:31:00,"T3","34C","plate_3_34","G5","Sample",6,"48dpf",14.6382,1,1216,""
"1422",20260504,"Resaz_Assay_T3_34C_260504_1431",2026-09-02 14:31:00,"T3","34C","plate_3_34","G6","Sample",8,"48dpf",15.6893,1,1176,""
"1423",20260504,"Resaz_Assay_T3_34C_260504_1431",2026-09-02 14:31:00,"T3","34C","plate_3_34","G7","Sample",52,"48dpf",7.9817,1,849,""
"1424",20260504,"Resaz_Assay_T3_34C_260504_1431",2026-09-02 14:31:00,"T3","34C","plate_3_34","G8","Sample",53,"48dpf",8.7586,1,1242,""
"1425",20260504,"Resaz_Assay_T3_34C_260504_1431",2026-09-02 14:31:00,"T3","34C","plate_3_34","G9","Sample",54,"48dpf",18.1112,1,1015,""
"1426",20260504,"Resaz_Assay_T3_34C_260504_1431",2026-09-02 14:31:00,"T3","34C","plate_3_34","G10","Sample",55,"48dpf",16.6337,1,1808,""
"1427",20260504,"Resaz_Assay_T3_34C_260504_1431",2026-09-02 14:31:00,"T3","34C","plate_3_34","G11","Sample",56,"48dpf",11.4699,1,822,""
"1428",20260504,"Resaz_Assay_T3_34C_260504_1431",2026-09-02 14:31:00,"T3","34C","plate_3_34","G12","Sample",57,"48dpf",15.7654,1,1043,""
"1429",20260504,"Resaz_Assay_T3_34C_260504_1431",2026-09-02 14:31:00,"T3","34C","plate_3_34","H1","Blank",NA,"48dpf",NA,NA,428,""
"1430",20260504,"Resaz_Assay_T3_34C_260504_1431",2026-09-02 14:31:00,"T3","34C","plate_3_34","H2","Blank",NA,"48dpf",13.6786,1,992,"empty shell"
"1431",20260504,"Resaz_Assay_T3_34C_260504_1431",2026-09-02 14:31:00,"T3","34C","plate_3_34","H3","Blank",NA,"48dpf",NA,NA,416,""
"1432",20260504,"Resaz_Assay_T3_34C_260504_1431",2026-09-02 14:31:00,"T3","34C","plate_3_34","H4","Blank",NA,"48dpf",18.2026,1,599,"empty shell"
"1433",20260504,"Resaz_Assay_T3_34C_260504_1431",2026-09-02 14:31:00,"T3","34C","plate_3_34","H5","Blank",NA,"48dpf",NA,NA,383,""
"1434",20260504,"Resaz_Assay_T3_34C_260504_1431",2026-09-02 14:31:00,"T3","34C","plate_3_34","H6","Blank",NA,"48dpf",19.147,1,696,"empty shell"
"1435",20260504,"Resaz_Assay_T3_34C_260504_1431",2026-09-02 14:31:00,"T3","34C","plate_3_34","H7","Blank",NA,"48dpf",NA,NA,372,""
"1436",20260504,"Resaz_Assay_T3_34C_260504_1431",2026-09-02 14:31:00,"T3","34C","plate_3_34","H8","Blank",NA,"48dpf",23.3359,1,488,"empty shell"
"1437",20260504,"Resaz_Assay_T3_34C_260504_1431",2026-09-02 14:31:00,"T3","34C","plate_3_34","H9","Blank",NA,"48dpf",NA,NA,440,""
"1438",20260504,"Resaz_Assay_T3_34C_260504_1431",2026-09-02 14:31:00,"T3","34C","plate_3_34","H10","Blank",NA,"48dpf",19.6649,1,823,"empty shell"
"1439",20260504,"Resaz_Assay_T3_34C_260504_1431",2026-09-02 14:31:00,"T3","34C","plate_3_34","H11","Blank",NA,"48dpf",NA,NA,401,""
"1440",20260504,"Resaz_Assay_T3_34C_260504_1431",2026-09-02 14:31:00,"T3","34C","plate_3_34","H12","Blank",NA,"48dpf",NA,NA,670,"empty shell"
"1441",20260504,"Resaz_Assay_T3_38C_260504_1437",2026-09-02 14:37:00,"T3","38C","plate_4_38","A1","Sample",1,"48dpf",15.1257,1,1823,""
"1442",20260504,"Resaz_Assay_T3_38C_260504_1437",2026-09-02 14:37:00,"T3","38C","plate_4_38","A2","Sample",3,"48dpf",15.3981,1,3249,""
"1443",20260504,"Resaz_Assay_T3_38C_260504_1437",2026-09-02 14:37:00,"T3","38C","plate_4_38","A3","Sample",4,"48dpf",17.4395,1,1496,""
"1444",20260504,"Resaz_Assay_T3_38C_260504_1437",2026-09-02 14:37:00,"T3","38C","plate_4_38","A4","Sample",5,"48dpf",12.8566,1,1556,""
"1445",20260504,"Resaz_Assay_T3_38C_260504_1437",2026-09-02 14:37:00,"T3","38C","plate_4_38","A5","Sample",6,"48dpf",9.4903,1,838,""
"1446",20260504,"Resaz_Assay_T3_38C_260504_1437",2026-09-02 14:37:00,"T3","38C","plate_4_38","A6","Sample",8,"48dpf",14.614,1,952,""
"1447",20260504,"Resaz_Assay_T3_38C_260504_1437",2026-09-02 14:37:00,"T3","38C","plate_4_38","A7","Sample",52,"48dpf",9.4633,1,650,""
"1448",20260504,"Resaz_Assay_T3_38C_260504_1437",2026-09-02 14:37:00,"T3","38C","plate_4_38","A8","Sample",53,"48dpf",13.1675,1,918,""
"1449",20260504,"Resaz_Assay_T3_38C_260504_1437",2026-09-02 14:37:00,"T3","38C","plate_4_38","A9","Sample",54,"48dpf",12.3699,1,1068,""
"1450",20260504,"Resaz_Assay_T3_38C_260504_1437",2026-09-02 14:37:00,"T3","38C","plate_4_38","A10","Sample",55,"48dpf",9.585,1,1806,""
"1451",20260504,"Resaz_Assay_T3_38C_260504_1437",2026-09-02 14:37:00,"T3","38C","plate_4_38","A11","Sample",56,"48dpf",9.0712,1,748,""
"1452",20260504,"Resaz_Assay_T3_38C_260504_1437",2026-09-02 14:37:00,"T3","38C","plate_4_38","A12","Sample",57,"48dpf",6.1241,1,762,""
"1453",20260504,"Resaz_Assay_T3_38C_260504_1437",2026-09-02 14:37:00,"T3","38C","plate_4_38","B1","Sample",1,"48dpf",12.9918,1,929,""
"1454",20260504,"Resaz_Assay_T3_38C_260504_1437",2026-09-02 14:37:00,"T3","38C","plate_4_38","B2","Sample",3,"48dpf",13.8705,1,1177,""
"1455",20260504,"Resaz_Assay_T3_38C_260504_1437",2026-09-02 14:37:00,"T3","38C","plate_4_38","B3","Sample",4,"48dpf",13.7623,1,894,""
"1456",20260504,"Resaz_Assay_T3_38C_260504_1437",2026-09-02 14:37:00,"T3","38C","plate_4_38","B4","Sample",5,"48dpf",8.9225,1,1635,""
"1457",20260504,"Resaz_Assay_T3_38C_260504_1437",2026-09-02 14:37:00,"T3","38C","plate_4_38","B5","Sample",6,"48dpf",12.3564,1,1131,""
"1458",20260504,"Resaz_Assay_T3_38C_260504_1437",2026-09-02 14:37:00,"T3","38C","plate_4_38","B6","Sample",8,"48dpf",12.7214,1,1116,""
"1459",20260504,"Resaz_Assay_T3_38C_260504_1437",2026-09-02 14:37:00,"T3","38C","plate_4_38","B7","Sample",52,"48dpf",13.519,1,562,""
"1460",20260504,"Resaz_Assay_T3_38C_260504_1437",2026-09-02 14:37:00,"T3","38C","plate_4_38","B8","Sample",53,"48dpf",12.4916,1,757,""
"1461",20260504,"Resaz_Assay_T3_38C_260504_1437",2026-09-02 14:37:00,"T3","38C","plate_4_38","B9","Sample",54,"48dpf",7.9762,1,1395,""
"1462",20260504,"Resaz_Assay_T3_38C_260504_1437",2026-09-02 14:37:00,"T3","38C","plate_4_38","B10","Sample",55,"48dpf",16.3985,1,965,""
"1463",20260504,"Resaz_Assay_T3_38C_260504_1437",2026-09-02 14:37:00,"T3","38C","plate_4_38","B11","Sample",56,"48dpf",17.6964,1,1090,""
"1464",20260504,"Resaz_Assay_T3_38C_260504_1437",2026-09-02 14:37:00,"T3","38C","plate_4_38","B12","Sample",57,"48dpf",11.8832,1,5690,""
"1465",20260504,"Resaz_Assay_T3_38C_260504_1437",2026-09-02 14:37:00,"T3","38C","plate_4_38","C1","Sample",1,"48dpf",18.5481,1,915,""
"1466",20260504,"Resaz_Assay_T3_38C_260504_1437",2026-09-02 14:37:00,"T3","38C","plate_4_38","C2","Sample",3,"48dpf",16.047,1,1394,""
"1467",20260504,"Resaz_Assay_T3_38C_260504_1437",2026-09-02 14:37:00,"T3","38C","plate_4_38","C3","Sample",4,"48dpf",6.381,1,889,""
"1468",20260504,"Resaz_Assay_T3_38C_260504_1437",2026-09-02 14:37:00,"T3","38C","plate_4_38","C4","Sample",5,"48dpf",15.0196,1,1716,""
"1469",20260504,"Resaz_Assay_T3_38C_260504_1437",2026-09-02 14:37:00,"T3","38C","plate_4_38","C5","Sample",6,"48dpf",17.1826,1,992,""
"1470",20260504,"Resaz_Assay_T3_38C_260504_1437",2026-09-02 14:37:00,"T3","38C","plate_4_38","C6","Sample",8,"48dpf",20.0892,1,1609,""
"1471",20260504,"Resaz_Assay_T3_38C_260504_1437",2026-09-02 14:37:00,"T3","38C","plate_4_38","C7","Sample",52,"48dpf",12.0049,1,642,""
"1472",20260504,"Resaz_Assay_T3_38C_260504_1437",2026-09-02 14:37:00,"T3","38C","plate_4_38","C8","Sample",53,"48dpf",8.5034,1,1203,""
"1473",20260504,"Resaz_Assay_T3_38C_260504_1437",2026-09-02 14:37:00,"T3","38C","plate_4_38","C9","Sample",54,"48dpf",6.5297,1,1101,""
"1474",20260504,"Resaz_Assay_T3_38C_260504_1437",2026-09-02 14:37:00,"T3","38C","plate_4_38","C10","Sample",55,"48dpf",15.0466,1,870,""
"1475",20260504,"Resaz_Assay_T3_38C_260504_1437",2026-09-02 14:37:00,"T3","38C","plate_4_38","C11","Sample",56,"48dpf",14.6951,1,968,""
"1476",20260504,"Resaz_Assay_T3_38C_260504_1437",2026-09-02 14:37:00,"T3","38C","plate_4_38","C12","Sample",57,"48dpf",6.1647,1,1380,""
"1477",20260504,"Resaz_Assay_T3_38C_260504_1437",2026-09-02 14:37:00,"T3","38C","plate_4_38","D1","Sample",1,"48dpf",16.1417,1,993,""
"1478",20260504,"Resaz_Assay_T3_38C_260504_1437",2026-09-02 14:37:00,"T3","38C","plate_4_38","D2","Sample",3,"48dpf",18.0208,1,1206,""
"1479",20260504,"Resaz_Assay_T3_38C_260504_1437",2026-09-02 14:37:00,"T3","38C","plate_4_38","D3","Sample",4,"48dpf",12.8701,1,2660,""
"1480",20260504,"Resaz_Assay_T3_38C_260504_1437",2026-09-02 14:37:00,"T3","38C","plate_4_38","D4","Sample",5,"48dpf",10.4637,1,1586,""
"1481",20260504,"Resaz_Assay_T3_38C_260504_1437",2026-09-02 14:37:00,"T3","38C","plate_4_38","D5","Sample",6,"48dpf",14.5194,1,731,""
"1482",20260504,"Resaz_Assay_T3_38C_260504_1437",2026-09-02 14:37:00,"T3","38C","plate_4_38","D6","Sample",8,"48dpf",11.9102,1,1341,""
"1483",20260504,"Resaz_Assay_T3_38C_260504_1437",2026-09-02 14:37:00,"T3","38C","plate_4_38","D7","Sample",52,"48dpf",14.3977,1,865,""
"1484",20260504,"Resaz_Assay_T3_38C_260504_1437",2026-09-02 14:37:00,"T3","38C","plate_4_38","D8","Sample",53,"48dpf",11.8562,1,498,""
"1485",20260504,"Resaz_Assay_T3_38C_260504_1437",2026-09-02 14:37:00,"T3","38C","plate_4_38","D9","Sample",54,"48dpf",10.1933,1,824,""
"1486",20260504,"Resaz_Assay_T3_38C_260504_1437",2026-09-02 14:37:00,"T3","38C","plate_4_38","D10","Sample",55,"48dpf",16.7906,1,1995,""
"1487",20260504,"Resaz_Assay_T3_38C_260504_1437",2026-09-02 14:37:00,"T3","38C","plate_4_38","D11","Sample",56,"48dpf",8.5034,1,861,""
"1488",20260504,"Resaz_Assay_T3_38C_260504_1437",2026-09-02 14:37:00,"T3","38C","plate_4_38","D12","Sample",57,"48dpf",14.0462,1,1271,""
"1489",20260504,"Resaz_Assay_T3_38C_260504_1437",2026-09-02 14:37:00,"T3","38C","plate_4_38","E1","Sample",1,"48dpf",16.1417,1,1870,""
"1490",20260504,"Resaz_Assay_T3_38C_260504_1437",2026-09-02 14:37:00,"T3","38C","plate_4_38","E2","Sample",3,"48dpf",19.8594,1,2610,""
"1491",20260504,"Resaz_Assay_T3_38C_260504_1437",2026-09-02 14:37:00,"T3","38C","plate_4_38","E3","Sample",4,"48dpf",11.018,1,1546,""
"1492",20260504,"Resaz_Assay_T3_38C_260504_1437",2026-09-02 14:37:00,"T3","38C","plate_4_38","E4","Sample",5,"48dpf",14.8709,1,1819,""
"1493",20260504,"Resaz_Assay_T3_38C_260504_1437",2026-09-02 14:37:00,"T3","38C","plate_4_38","E5","Sample",6,"48dpf",11.6128,1,997,""
"1494",20260504,"Resaz_Assay_T3_38C_260504_1437",2026-09-02 14:37:00,"T3","38C","plate_4_38","E6","Sample",8,"48dpf",17.4395,1,909,""
"1495",20260504,"Resaz_Assay_T3_38C_260504_1437",2026-09-02 14:37:00,"T3","38C","plate_4_38","E7","Sample",52,"48dpf",10.7206,1,592,""
"1496",20260504,"Resaz_Assay_T3_38C_260504_1437",2026-09-02 14:37:00,"T3","38C","plate_4_38","E8","Sample",53,"48dpf",10.8558,1,817,""
"1497",20260504,"Resaz_Assay_T3_38C_260504_1437",2026-09-02 14:37:00,"T3","38C","plate_4_38","E9","Sample",54,"48dpf",9.8148,1,816,""
"1498",20260504,"Resaz_Assay_T3_38C_260504_1437",2026-09-02 14:37:00,"T3","38C","plate_4_38","E10","Sample",55,"48dpf",18.832,1,893,""
"1499",20260504,"Resaz_Assay_T3_38C_260504_1437",2026-09-02 14:37:00,"T3","38C","plate_4_38","E11","Sample",56,"48dpf",13.3838,1,4905,""
"1500",20260504,"Resaz_Assay_T3_38C_260504_1437",2026-09-02 14:37:00,"T3","38C","plate_4_38","E12","Sample",57,"48dpf",9.5444,1,1071,""
"1501",20260504,"Resaz_Assay_T3_38C_260504_1437",2026-09-02 14:37:00,"T3","38C","plate_4_38","F1","Sample",1,"48dpf",12.6132,1,2475,""
"1502",20260504,"Resaz_Assay_T3_38C_260504_1437",2026-09-02 14:37:00,"T3","38C","plate_4_38","F2","Sample",3,"48dpf",10.6124,1,847,""
"1503",20260504,"Resaz_Assay_T3_38C_260504_1437",2026-09-02 14:37:00,"T3","38C","plate_4_38","F3","Sample",4,"48dpf",11.1261,1,855,""
"1504",20260504,"Resaz_Assay_T3_38C_260504_1437",2026-09-02 14:37:00,"T3","38C","plate_4_38","F4","Sample",5,"48dpf",18.832,1,2536,""
"1505",20260504,"Resaz_Assay_T3_38C_260504_1437",2026-09-02 14:37:00,"T3","38C","plate_4_38","F5","Sample",6,"48dpf",8.4088,1,3440,""
"1506",20260504,"Resaz_Assay_T3_38C_260504_1437",2026-09-02 14:37:00,"T3","38C","plate_4_38","F6","Sample",8,"48dpf",13.0458,1,868,""
"1507",20260504,"Resaz_Assay_T3_38C_260504_1437",2026-09-02 14:37:00,"T3","38C","plate_4_38","F7","Sample",52,"48dpf",12.6132,1,878,""
"1508",20260504,"Resaz_Assay_T3_38C_260504_1437",2026-09-02 14:37:00,"T3","38C","plate_4_38","F8","Sample",53,"48dpf",10.9639,1,1123,""
"1509",20260504,"Resaz_Assay_T3_38C_260504_1437",2026-09-02 14:37:00,"T3","38C","plate_4_38","F9","Sample",54,"48dpf",12.0454,1,839,""
"1510",20260504,"Resaz_Assay_T3_38C_260504_1437",2026-09-02 14:37:00,"T3","38C","plate_4_38","F10","Sample",55,"48dpf",8.3007,1,2128,""
"1511",20260504,"Resaz_Assay_T3_38C_260504_1437",2026-09-02 14:37:00,"T3","38C","plate_4_38","F11","Sample",56,"48dpf",13.3297,1,954,""
"1512",20260504,"Resaz_Assay_T3_38C_260504_1437",2026-09-02 14:37:00,"T3","38C","plate_4_38","F12","Sample",57,"48dpf",15.1548,1,1592,""
"1513",20260504,"Resaz_Assay_T3_38C_260504_1437",2026-09-02 14:37:00,"T3","38C","plate_4_38","G1","Sample",1,"48dpf",12.5727,1,2572,""
"1514",20260504,"Resaz_Assay_T3_38C_260504_1437",2026-09-02 14:37:00,"T3","38C","plate_4_38","G2","Sample",3,"48dpf",13.6001,1,897,""
"1515",20260504,"Resaz_Assay_T3_38C_260504_1437",2026-09-02 14:37:00,"T3","38C","plate_4_38","G3","Sample",4,"48dpf",13.2621,1,2452,""
"1516",20260504,"Resaz_Assay_T3_38C_260504_1437",2026-09-02 14:37:00,"T3","38C","plate_4_38","G4","Sample",5,"48dpf",11.9238,1,2115,""
"1517",20260504,"Resaz_Assay_T3_38C_260504_1437",2026-09-02 14:37:00,"T3","38C","plate_4_38","G5","Sample",6,"48dpf",9.4227,1,1669,""
"1518",20260504,"Resaz_Assay_T3_38C_260504_1437",2026-09-02 14:37:00,"T3","38C","plate_4_38","G6","Sample",8,"48dpf",12.789,1,2185,""
"1519",20260504,"Resaz_Assay_T3_38C_260504_1437",2026-09-02 14:37:00,"T3","38C","plate_4_38","G7","Sample",52,"48dpf",10.6935,1,745,""
"1520",20260504,"Resaz_Assay_T3_38C_260504_1437",2026-09-02 14:37:00,"T3","38C","plate_4_38","G8","Sample",53,"48dpf",13.492,1,1250,""
"1521",20260504,"Resaz_Assay_T3_38C_260504_1437",2026-09-02 14:37:00,"T3","38C","plate_4_38","G9","Sample",54,"48dpf",14.4383,1,991,""
"1522",20260504,"Resaz_Assay_T3_38C_260504_1437",2026-09-02 14:37:00,"T3","38C","plate_4_38","G10","Sample",55,"48dpf",10.4772,1,1822,""
"1523",20260504,"Resaz_Assay_T3_38C_260504_1437",2026-09-02 14:37:00,"T3","38C","plate_4_38","G11","Sample",56,"48dpf",8.0438,1,832,""
"1524",20260504,"Resaz_Assay_T3_38C_260504_1437",2026-09-02 14:37:00,"T3","38C","plate_4_38","G12","Sample",57,"48dpf",10.8422,1,1334,""
"1525",20260504,"Resaz_Assay_T3_38C_260504_1437",2026-09-02 14:37:00,"T3","38C","plate_4_38","H1","Blank",NA,"48dpf",NA,NA,426,""
"1526",20260504,"Resaz_Assay_T3_38C_260504_1437",2026-09-02 14:37:00,"T3","38C","plate_4_38","H2","Blank",NA,"48dpf",20.4948,1,622,"empty shell"
"1527",20260504,"Resaz_Assay_T3_38C_260504_1437",2026-09-02 14:37:00,"T3","38C","plate_4_38","H3","Blank",NA,"48dpf",NA,NA,408,""
"1528",20260504,"Resaz_Assay_T3_38C_260504_1437",2026-09-02 14:37:00,"T3","38C","plate_4_38","H4","Blank",NA,"48dpf",22.1847,1,797,"empty shell"
"1529",20260504,"Resaz_Assay_T3_38C_260504_1437",2026-09-02 14:37:00,"T3","38C","plate_4_38","H5","Blank",NA,"48dpf",NA,NA,389,""
"1530",20260504,"Resaz_Assay_T3_38C_260504_1437",2026-09-02 14:37:00,"T3","38C","plate_4_38","H6","Blank",NA,"48dpf",20.2109,1,520,"empty shell"
"1531",20260504,"Resaz_Assay_T3_38C_260504_1437",2026-09-02 14:37:00,"T3","38C","plate_4_38","H7","Blank",NA,"48dpf",NA,NA,402,""
"1532",20260504,"Resaz_Assay_T3_38C_260504_1437",2026-09-02 14:37:00,"T3","38C","plate_4_38","H8","Blank",NA,"48dpf",19.4403,1,474,"empty shell"
"1533",20260504,"Resaz_Assay_T3_38C_260504_1437",2026-09-02 14:37:00,"T3","38C","plate_4_38","H9","Blank",NA,"48dpf",NA,NA,429,""
"1534",20260504,"Resaz_Assay_T3_38C_260504_1437",2026-09-02 14:37:00,"T3","38C","plate_4_38","H10","Blank",NA,"48dpf",14.9385,1,451,"empty shell"
"1535",20260504,"Resaz_Assay_T3_38C_260504_1437",2026-09-02 14:37:00,"T3","38C","plate_4_38","H11","Blank",NA,"48dpf",NA,NA,465,""
"1536",20260504,"Resaz_Assay_T3_38C_260504_1437",2026-09-02 14:37:00,"T3","38C","plate_4_38","H12","Blank",NA,"48dpf",15.6144,1,980,"empty shell"
"1537",20260504,"Resaz_Assay_T4_26C_260504_1526",2026-09-02 15:26:00,"T4","26C","plate_1_26","A1","Sample",1,"48dpf",11.4389,1,5893,""
"1538",20260504,"Resaz_Assay_T4_26C_260504_1526",2026-09-02 15:26:00,"T4","26C","plate_1_26","A2","Sample",3,"48dpf",16.7192,1,10355,""
"1539",20260504,"Resaz_Assay_T4_26C_260504_1526",2026-09-02 15:26:00,"T4","26C","plate_1_26","A3","Sample",4,"48dpf",15.3351,1,8583,""
"1540",20260504,"Resaz_Assay_T4_26C_260504_1526",2026-09-02 15:26:00,"T4","26C","plate_1_26","A4","Sample",5,"48dpf",12.1926,1,5829,""
"1541",20260504,"Resaz_Assay_T4_26C_260504_1526",2026-09-02 15:26:00,"T4","26C","plate_1_26","A5","Sample",6,"48dpf",11.5207,1,2632,""
"1542",20260504,"Resaz_Assay_T4_26C_260504_1526",2026-09-02 15:26:00,"T4","26C","plate_1_26","A6","Sample",8,"48dpf",11.2095,1,4041,""
"1543",20260504,"Resaz_Assay_T4_26C_260504_1526",2026-09-02 15:26:00,"T4","26C","plate_1_26","A7","Sample",52,"48dpf",14.9161,1,2905,""
"1544",20260504,"Resaz_Assay_T4_26C_260504_1526",2026-09-02 15:26:00,"T4","26C","plate_1_26","A8","Sample",53,"48dpf",11.4953,1,889,""
"1545",20260504,"Resaz_Assay_T4_26C_260504_1526",2026-09-02 15:26:00,"T4","26C","plate_1_26","A9","Sample",54,"48dpf",10.9641,1,716,""
"1546",20260504,"Resaz_Assay_T4_26C_260504_1526",2026-09-02 15:26:00,"T4","26C","plate_1_26","A10","Sample",55,"48dpf",11.654,1,4055,""
"1547",20260504,"Resaz_Assay_T4_26C_260504_1526",2026-09-02 15:26:00,"T4","26C","plate_1_26","A11","Sample",56,"48dpf",14.6198,1,1470,""
"1548",20260504,"Resaz_Assay_T4_26C_260504_1526",2026-09-02 15:26:00,"T4","26C","plate_1_26","A12","Sample",57,"48dpf",12.1058,1,534,""
"1549",20260504,"Resaz_Assay_T4_26C_260504_1526",2026-09-02 15:26:00,"T4","26C","plate_1_26","B1","Sample",1,"48dpf",15.4008,1,1787,""
"1550",20260504,"Resaz_Assay_T4_26C_260504_1526",2026-09-02 15:26:00,"T4","26C","plate_1_26","B2","Sample",3,"48dpf",14.4283,1,3651,""
"1551",20260504,"Resaz_Assay_T4_26C_260504_1526",2026-09-02 15:26:00,"T4","26C","plate_1_26","B3","Sample",4,"48dpf",15.6239,1,4841,""
"1552",20260504,"Resaz_Assay_T4_26C_260504_1526",2026-09-02 15:26:00,"T4","26C","plate_1_26","B4","Sample",5,"48dpf",14.3521,1,4372,""
"1553",20260504,"Resaz_Assay_T4_26C_260504_1526",2026-09-02 15:26:00,"T4","26C","plate_1_26","B5","Sample",6,"48dpf",15.0897,1,824,""
"1554",20260504,"Resaz_Assay_T4_26C_260504_1526",2026-09-02 15:26:00,"T4","26C","plate_1_26","B6","Sample",8,"48dpf",16.8419,1,1892,""
"1555",20260504,"Resaz_Assay_T4_26C_260504_1526",2026-09-02 15:26:00,"T4","26C","plate_1_26","B7","Sample",52,"48dpf",12.0804,1,902,""
"1556",20260504,"Resaz_Assay_T4_26C_260504_1526",2026-09-02 15:26:00,"T4","26C","plate_1_26","B8","Sample",53,"48dpf",10.4075,1,885,""
"1557",20260504,"Resaz_Assay_T4_26C_260504_1526",2026-09-02 15:26:00,"T4","26C","plate_1_26","B9","Sample",54,"48dpf",6.6055,1,657,""
"1558",20260504,"Resaz_Assay_T4_26C_260504_1526",2026-09-02 15:26:00,"T4","26C","plate_1_26","B10","Sample",55,"48dpf",8.3556,1,576,""
"1559",20260504,"Resaz_Assay_T4_26C_260504_1526",2026-09-02 15:26:00,"T4","26C","plate_1_26","B11","Sample",56,"48dpf",10.9561,1,1642,""
"1560",20260504,"Resaz_Assay_T4_26C_260504_1526",2026-09-02 15:26:00,"T4","26C","plate_1_26","B12","Sample",57,"48dpf",9.3432,1,1805,""
"1561",20260504,"Resaz_Assay_T4_26C_260504_1526",2026-09-02 15:26:00,"T4","26C","plate_1_26","C1","Sample",1,"48dpf",14.9501,1,2986,""
"1562",20260504,"Resaz_Assay_T4_26C_260504_1526",2026-09-02 15:26:00,"T4","26C","plate_1_26","C2","Sample",3,"48dpf",15.2848,1,3799,""
"1563",20260504,"Resaz_Assay_T4_26C_260504_1526",2026-09-02 15:26:00,"T4","26C","plate_1_26","C3","Sample",4,"48dpf",18.0444,1,2615,""
"1564",20260504,"Resaz_Assay_T4_26C_260504_1526",2026-09-02 15:26:00,"T4","26C","plate_1_26","C4","Sample",5,"48dpf",17.5726,1,4753,""
"1565",20260504,"Resaz_Assay_T4_26C_260504_1526",2026-09-02 15:26:00,"T4","26C","plate_1_26","C5","Sample",6,"48dpf",17.7427,1,848,""
"1566",20260504,"Resaz_Assay_T4_26C_260504_1526",2026-09-02 15:26:00,"T4","26C","plate_1_26","C6","Sample",8,"48dpf",10.3197,1,3229,""
"1567",20260504,"Resaz_Assay_T4_26C_260504_1526",2026-09-02 15:26:00,"T4","26C","plate_1_26","C7","Sample",52,"48dpf",10.9122,1,3629,""
"1568",20260504,"Resaz_Assay_T4_26C_260504_1526",2026-09-02 15:26:00,"T4","26C","plate_1_26","C8","Sample",53,"48dpf",12.1851,1,983,""
"1569",20260504,"Resaz_Assay_T4_26C_260504_1526",2026-09-02 15:26:00,"T4","26C","plate_1_26","C9","Sample",54,"48dpf",10.5282,1,1070,""
"1570",20260504,"Resaz_Assay_T4_26C_260504_1526",2026-09-02 15:26:00,"T4","26C","plate_1_26","C10","Sample",55,"48dpf",10.5501,1,2518,""
"1571",20260504,"Resaz_Assay_T4_26C_260504_1526",2026-09-02 15:26:00,"T4","26C","plate_1_26","C11","Sample",56,"48dpf",14.6539,1,3429,""
"1572",20260504,"Resaz_Assay_T4_26C_260504_1526",2026-09-02 15:26:00,"T4","26C","plate_1_26","C12","Sample",57,"48dpf",11.9985,1,818,""
"1573",20260504,"Resaz_Assay_T4_26C_260504_1526",2026-09-02 15:26:00,"T4","26C","plate_1_26","D1","Sample",1,"48dpf",13.0958,1,3977,""
"1574",20260504,"Resaz_Assay_T4_26C_260504_1526",2026-09-02 15:26:00,"T4","26C","plate_1_26","D2","Sample",3,"48dpf",12.7392,1,4136,""
"1575",20260504,"Resaz_Assay_T4_26C_260504_1526",2026-09-02 15:26:00,"T4","26C","plate_1_26","D3","Sample",4,"48dpf",10.0948,1,1355,""
"1576",20260504,"Resaz_Assay_T4_26C_260504_1526",2026-09-02 15:26:00,"T4","26C","plate_1_26","D4","Sample",5,"48dpf",8.4983,1,2231,""
"1577",20260504,"Resaz_Assay_T4_26C_260504_1526",2026-09-02 15:26:00,"T4","26C","plate_1_26","D5","Sample",6,"48dpf",8.7726,1,825,""
"1578",20260504,"Resaz_Assay_T4_26C_260504_1526",2026-09-02 15:26:00,"T4","26C","plate_1_26","D6","Sample",8,"48dpf",14.407,1,2102,""
"1579",20260504,"Resaz_Assay_T4_26C_260504_1526",2026-09-02 15:26:00,"T4","26C","plate_1_26","D7","Sample",52,"48dpf",13.2549,1,1043,""
"1580",20260504,"Resaz_Assay_T4_26C_260504_1526",2026-09-02 15:26:00,"T4","26C","plate_1_26","D8","Sample",53,"48dpf",13.5511,1,1769,""
"1581",20260504,"Resaz_Assay_T4_26C_260504_1526",2026-09-02 15:26:00,"T4","26C","plate_1_26","D9","Sample",54,"48dpf",11.1811,1,1012,""
"1582",20260504,"Resaz_Assay_T4_26C_260504_1526",2026-09-02 15:26:00,"T4","26C","plate_1_26","D10","Sample",55,"48dpf",14.2918,1,4512,""
"1583",20260504,"Resaz_Assay_T4_26C_260504_1526",2026-09-02 15:26:00,"T4","26C","plate_1_26","D11","Sample",56,"48dpf",10.007,1,724,""
"1584",20260504,"Resaz_Assay_T4_26C_260504_1526",2026-09-02 15:26:00,"T4","26C","plate_1_26","D12","Sample",57,"48dpf",11.7791,1,850,""
"1585",20260504,"Resaz_Assay_T4_26C_260504_1526",2026-09-02 15:26:00,"T4","26C","plate_1_26","E1","Sample",1,"48dpf",12.3551,1,980,""
"1586",20260504,"Resaz_Assay_T4_26C_260504_1526",2026-09-02 15:26:00,"T4","26C","plate_1_26","E2","Sample",3,"48dpf",20.2718,1,6731,""
"1587",20260504,"Resaz_Assay_T4_26C_260504_1526",2026-09-02 15:26:00,"T4","26C","plate_1_26","E3","Sample",4,"48dpf",14.7526,1,4644,""
"1588",20260504,"Resaz_Assay_T4_26C_260504_1526",2026-09-02 15:26:00,"T4","26C","plate_1_26","E4","Sample",5,"48dpf",11.4718,1,3411,""
"1589",20260504,"Resaz_Assay_T4_26C_260504_1526",2026-09-02 15:26:00,"T4","26C","plate_1_26","E5","Sample",6,"48dpf",8.3501,1,937,""
"1590",20260504,"Resaz_Assay_T4_26C_260504_1526",2026-09-02 15:26:00,"T4","26C","plate_1_26","E6","Sample",8,"48dpf",14.2753,1,922,""
"1591",20260504,"Resaz_Assay_T4_26C_260504_1526",2026-09-02 15:26:00,"T4","26C","plate_1_26","E7","Sample",52,"48dpf",10.8848,1,734,""
"1592",20260504,"Resaz_Assay_T4_26C_260504_1526",2026-09-02 15:26:00,"T4","26C","plate_1_26","E8","Sample",53,"48dpf",14.7856,1,2116,""
"1593",20260504,"Resaz_Assay_T4_26C_260504_1526",2026-09-02 15:26:00,"T4","26C","plate_1_26","E9","Sample",54,"48dpf",11.1481,1,1707,""
"1594",20260504,"Resaz_Assay_T4_26C_260504_1526",2026-09-02 15:26:00,"T4","26C","plate_1_26","E10","Sample",55,"48dpf",15.2299,1,972,""
"1595",20260504,"Resaz_Assay_T4_26C_260504_1526",2026-09-02 15:26:00,"T4","26C","plate_1_26","E11","Sample",56,"48dpf",14.8898,1,810,""
"1596",20260504,"Resaz_Assay_T4_26C_260504_1526",2026-09-02 15:26:00,"T4","26C","plate_1_26","E12","Sample",57,"48dpf",12.9092,1,767,""
"1597",20260504,"Resaz_Assay_T4_26C_260504_1526",2026-09-02 15:26:00,"T4","26C","plate_1_26","F1","Sample",1,"48dpf",11.2579,1,2548,""
"1598",20260504,"Resaz_Assay_T4_26C_260504_1526",2026-09-02 15:26:00,"T4","26C","plate_1_26","F2","Sample",3,"48dpf",14.0339,1,3910,""
"1599",20260504,"Resaz_Assay_T4_26C_260504_1526",2026-09-02 15:26:00,"T4","26C","plate_1_26","F3","Sample",4,"48dpf",8.6025,1,1491,""
"1600",20260504,"Resaz_Assay_T4_26C_260504_1526",2026-09-02 15:26:00,"T4","26C","plate_1_26","F4","Sample",5,"48dpf",14.7142,1,5044,""
"1601",20260504,"Resaz_Assay_T4_26C_260504_1526",2026-09-02 15:26:00,"T4","26C","plate_1_26","F5","Sample",6,"48dpf",10.424,1,823,""
"1602",20260504,"Resaz_Assay_T4_26C_260504_1526",2026-09-02 15:26:00,"T4","26C","plate_1_26","F6","Sample",8,"48dpf",10.8025,1,688,""
"1603",20260504,"Resaz_Assay_T4_26C_260504_1526",2026-09-02 15:26:00,"T4","26C","plate_1_26","F7","Sample",52,"48dpf",5.0693,1,582,""
"1604",20260504,"Resaz_Assay_T4_26C_260504_1526",2026-09-02 15:26:00,"T4","26C","plate_1_26","F8","Sample",53,"48dpf",5.9636,1,648,""
"1605",20260504,"Resaz_Assay_T4_26C_260504_1526",2026-09-02 15:26:00,"T4","26C","plate_1_26","F9","Sample",54,"48dpf",8.3446,1,1056,""
"1606",20260504,"Resaz_Assay_T4_26C_260504_1526",2026-09-02 15:26:00,"T4","26C","plate_1_26","F10","Sample",55,"48dpf",13.1561,1,992,""
"1607",20260504,"Resaz_Assay_T4_26C_260504_1526",2026-09-02 15:26:00,"T4","26C","plate_1_26","F11","Sample",56,"48dpf",7.198,1,726,""
"1608",20260504,"Resaz_Assay_T4_26C_260504_1526",2026-09-02 15:26:00,"T4","26C","plate_1_26","F12","Sample",57,"48dpf",12.004,1,822,""
"1609",20260504,"Resaz_Assay_T4_26C_260504_1526",2026-09-02 15:26:00,"T4","26C","plate_1_26","G1","Sample",1,"48dpf",11.3511,1,2945,""
"1610",20260504,"Resaz_Assay_T4_26C_260504_1526",2026-09-02 15:26:00,"T4","26C","plate_1_26","G2","Sample",3,"48dpf",14.4673,1,4365,""
"1611",20260504,"Resaz_Assay_T4_26C_260504_1526",2026-09-02 15:26:00,"T4","26C","plate_1_26","G3","Sample",4,"48dpf",9.409,1,1493,""
"1612",20260504,"Resaz_Assay_T4_26C_260504_1526",2026-09-02 15:26:00,"T4","26C","plate_1_26","G4","Sample",5,"48dpf",10.9726,1,2654,""
"1613",20260504,"Resaz_Assay_T4_26C_260504_1526",2026-09-02 15:26:00,"T4","26C","plate_1_26","G5","Sample",6,"48dpf",14.9885,1,1304,""
"1614",20260504,"Resaz_Assay_T4_26C_260504_1526",2026-09-02 15:26:00,"T4","26C","plate_1_26","G6","Sample",8,"48dpf",16.991,1,1066,""
"1615",20260504,"Resaz_Assay_T4_26C_260504_1526",2026-09-02 15:26:00,"T4","26C","plate_1_26","G7","Sample",52,"48dpf",13.008,1,687,""
"1616",20260504,"Resaz_Assay_T4_26C_260504_1526",2026-09-02 15:26:00,"T4","26C","plate_1_26","G8","Sample",53,"48dpf",9.1566,1,901,""
"1617",20260504,"Resaz_Assay_T4_26C_260504_1526",2026-09-02 15:26:00,"T4","26C","plate_1_26","G9","Sample",54,"48dpf",12.4374,1,859,""
"1618",20260504,"Resaz_Assay_T4_26C_260504_1526",2026-09-02 15:26:00,"T4","26C","plate_1_26","G10","Sample",55,"48dpf",12.015,1,854,""
"1619",20260504,"Resaz_Assay_T4_26C_260504_1526",2026-09-02 15:26:00,"T4","26C","plate_1_26","G11","Sample",56,"48dpf",8.3831,1,761,""
"1620",20260504,"Resaz_Assay_T4_26C_260504_1526",2026-09-02 15:26:00,"T4","26C","plate_1_26","G12","Sample",57,"48dpf",13.3866,1,580,""
"1621",20260504,"Resaz_Assay_T4_26C_260504_1526",2026-09-02 15:26:00,"T4","26C","plate_1_26","H1","Blank",NA,"48dpf",NA,NA,472,""
"1622",20260504,"Resaz_Assay_T4_26C_260504_1526",2026-09-02 15:26:00,"T4","26C","plate_1_26","H2","Blank",NA,"48dpf",16.2065,1,794,"empty shell"
"1623",20260504,"Resaz_Assay_T4_26C_260504_1526",2026-09-02 15:26:00,"T4","26C","plate_1_26","H3","Blank",NA,"48dpf",NA,NA,399,""
"1624",20260504,"Resaz_Assay_T4_26C_260504_1526",2026-09-02 15:26:00,"T4","26C","plate_1_26","H4","Blank",NA,"48dpf",15.5372,1,542,"empty shell"
"1625",20260504,"Resaz_Assay_T4_26C_260504_1526",2026-09-02 15:26:00,"T4","26C","plate_1_26","H5","Blank",NA,"48dpf",NA,NA,423,""
"1626",20260504,"Resaz_Assay_T4_26C_260504_1526",2026-09-02 15:26:00,"T4","26C","plate_1_26","H6","Blank",NA,"48dpf",21.3033,1,872,"empty shell"
"1627",20260504,"Resaz_Assay_T4_26C_260504_1526",2026-09-02 15:26:00,"T4","26C","plate_1_26","H7","Blank",NA,"48dpf",NA,NA,369,""
"1628",20260504,"Resaz_Assay_T4_26C_260504_1526",2026-09-02 15:26:00,"T4","26C","plate_1_26","H8","Blank",NA,"48dpf",24.2768,1,898,"empty shell"
"1629",20260504,"Resaz_Assay_T4_26C_260504_1526",2026-09-02 15:26:00,"T4","26C","plate_1_26","H9","Blank",NA,"48dpf",NA,NA,387,""
"1630",20260504,"Resaz_Assay_T4_26C_260504_1526",2026-09-02 15:26:00,"T4","26C","plate_1_26","H10","Blank",NA,"48dpf",15.8225,1,800,"empty shell"
"1631",20260504,"Resaz_Assay_T4_26C_260504_1526",2026-09-02 15:26:00,"T4","26C","plate_1_26","H11","Blank",NA,"48dpf",NA,NA,426,""
"1632",20260504,"Resaz_Assay_T4_26C_260504_1526",2026-09-02 15:26:00,"T4","26C","plate_1_26","H12","Blank",NA,"48dpf",16.6509,1,589,"empty shell"
"1633",20260504,"Resaz_Assay_T4_30C_260504_1528",2026-09-02 15:28:00,"T4","30C","plate_2_30","A1","Sample",1,"48dpf",12.9599,1,4509,""
"1634",20260504,"Resaz_Assay_T4_30C_260504_1528",2026-09-02 15:28:00,"T4","30C","plate_2_30","A2","Sample",3,"48dpf",12.3686,1,5311,""
"1635",20260504,"Resaz_Assay_T4_30C_260504_1528",2026-09-02 15:28:00,"T4","30C","plate_2_30","A3","Sample",4,"48dpf",11.9415,1,4291,""
"1636",20260504,"Resaz_Assay_T4_30C_260504_1528",2026-09-02 15:28:00,"T4","30C","plate_2_30","A4","Sample",5,"48dpf",11.0874,1,4315,""
"1637",20260504,"Resaz_Assay_T4_30C_260504_1528",2026-09-02 15:28:00,"T4","30C","plate_2_30","A5","Sample",6,"48dpf",12.73,1,2304,""
"1638",20260504,"Resaz_Assay_T4_30C_260504_1528",2026-09-02 15:28:00,"T4","30C","plate_2_30","A6","Sample",8,"48dpf",13.0749,1,4658,""
"1639",20260504,"Resaz_Assay_T4_30C_260504_1528",2026-09-02 15:28:00,"T4","30C","plate_2_30","A7","Sample",52,"48dpf",10.841,1,2358,""
"1640",20260504,"Resaz_Assay_T4_30C_260504_1528",2026-09-02 15:28:00,"T4","30C","plate_2_30","A8","Sample",53,"48dpf",13.2063,1,4628,""
"1641",20260504,"Resaz_Assay_T4_30C_260504_1528",2026-09-02 15:28:00,"T4","30C","plate_2_30","A9","Sample",54,"48dpf",13.4855,1,1147,""
"1642",20260504,"Resaz_Assay_T4_30C_260504_1528",2026-09-02 15:28:00,"T4","30C","plate_2_30","A10","Sample",55,"48dpf",21.8463,1,6277,""
"1643",20260504,"Resaz_Assay_T4_30C_260504_1528",2026-09-02 15:28:00,"T4","30C","plate_2_30","A11","Sample",56,"48dpf",8.7221,1,1344,""
"1644",20260504,"Resaz_Assay_T4_30C_260504_1528",2026-09-02 15:28:00,"T4","30C","plate_2_30","A12","Sample",57,"48dpf",9.7733,1,568,""
"1645",20260504,"Resaz_Assay_T4_30C_260504_1528",2026-09-02 15:28:00,"T4","30C","plate_2_30","B1","Sample",1,"48dpf",10.7753,1,889,""
"1646",20260504,"Resaz_Assay_T4_30C_260504_1528",2026-09-02 15:28:00,"T4","30C","plate_2_30","B2","Sample",3,"48dpf",20.6307,1,3177,""
"1647",20260504,"Resaz_Assay_T4_30C_260504_1528",2026-09-02 15:28:00,"T4","30C","plate_2_30","B3","Sample",4,"48dpf",15.0624,1,4406,""
"1648",20260504,"Resaz_Assay_T4_30C_260504_1528",2026-09-02 15:28:00,"T4","30C","plate_2_30","B4","Sample",5,"48dpf",13.7648,1,3322,""
"1649",20260504,"Resaz_Assay_T4_30C_260504_1528",2026-09-02 15:28:00,"T4","30C","plate_2_30","B5","Sample",6,"48dpf",17.8055,1,1291,""
"1650",20260504,"Resaz_Assay_T4_30C_260504_1528",2026-09-02 15:28:00,"T4","30C","plate_2_30","B6","Sample",8,"48dpf",10.2989,1,808,""
"1651",20260504,"Resaz_Assay_T4_30C_260504_1528",2026-09-02 15:28:00,"T4","30C","plate_2_30","B7","Sample",52,"48dpf",14.159,1,4286,""
"1652",20260504,"Resaz_Assay_T4_30C_260504_1528",2026-09-02 15:28:00,"T4","30C","plate_2_30","B8","Sample",53,"48dpf",13.9126,1,1055,""
"1653",20260504,"Resaz_Assay_T4_30C_260504_1528",2026-09-02 15:28:00,"T4","30C","plate_2_30","B9","Sample",54,"48dpf",12.9763,1,4696,""
"1654",20260504,"Resaz_Assay_T4_30C_260504_1528",2026-09-02 15:28:00,"T4","30C","plate_2_30","B10","Sample",55,"48dpf",17.1321,1,1761,""
"1655",20260504,"Resaz_Assay_T4_30C_260504_1528",2026-09-02 15:28:00,"T4","30C","plate_2_30","B11","Sample",56,"48dpf",6.1761,1,659,""
"1656",20260504,"Resaz_Assay_T4_30C_260504_1528",2026-09-02 15:28:00,"T4","30C","plate_2_30","B12","Sample",57,"48dpf",6.0118,1,3270,""
"1657",20260504,"Resaz_Assay_T4_30C_260504_1528",2026-09-02 15:28:00,"T4","30C","plate_2_30","C1","Sample",1,"48dpf",10.7753,1,3602,""
"1658",20260504,"Resaz_Assay_T4_30C_260504_1528",2026-09-02 15:28:00,"T4","30C","plate_2_30","C2","Sample",3,"48dpf",14.931,1,2119,""
"1659",20260504,"Resaz_Assay_T4_30C_260504_1528",2026-09-02 15:28:00,"T4","30C","plate_2_30","C3","Sample",4,"48dpf",14.892,1,4394,""
"1660",20260504,"Resaz_Assay_T4_30C_260504_1528",2026-09-02 15:28:00,"T4","30C","plate_2_30","C4","Sample",5,"48dpf",10.1183,1,2056,""
"1661",20260504,"Resaz_Assay_T4_30C_260504_1528",2026-09-02 15:28:00,"T4","30C","plate_2_30","C5","Sample",6,"48dpf",18.3804,1,1058,""
"1662",20260504,"Resaz_Assay_T4_30C_260504_1528",2026-09-02 15:28:00,"T4","30C","plate_2_30","C6","Sample",8,"48dpf",14.6682,1,4056,""
"1663",20260504,"Resaz_Assay_T4_30C_260504_1528",2026-09-02 15:28:00,"T4","30C","plate_2_30","C7","Sample",52,"48dpf",14.3397,1,966,""
"1664",20260504,"Resaz_Assay_T4_30C_260504_1528",2026-09-02 15:28:00,"T4","30C","plate_2_30","C8","Sample",53,"48dpf",2.4474,1,1341,""
"1665",20260504,"Resaz_Assay_T4_30C_260504_1528",2026-09-02 15:28:00,"T4","30C","plate_2_30","C9","Sample",54,"48dpf",14.6518,1,1634,""
"1666",20260504,"Resaz_Assay_T4_30C_260504_1528",2026-09-02 15:28:00,"T4","30C","plate_2_30","C10","Sample",55,"48dpf",11.3502,1,1712,""
"1667",20260504,"Resaz_Assay_T4_30C_260504_1528",2026-09-02 15:28:00,"T4","30C","plate_2_30","C11","Sample",56,"48dpf",17.5427,1,4482,""
"1668",20260504,"Resaz_Assay_T4_30C_260504_1528",2026-09-02 15:28:00,"T4","30C","plate_2_30","C12","Sample",57,"48dpf",14.4875,1,5728,""
"1669",20260504,"Resaz_Assay_T4_30C_260504_1528",2026-09-02 15:28:00,"T4","30C","plate_2_30","D1","Sample",1,"48dpf",10.2989,1,1263,""
"1670",20260504,"Resaz_Assay_T4_30C_260504_1528",2026-09-02 15:28:00,"T4","30C","plate_2_30","D2","Sample",3,"48dpf",16.7707,1,5530,""
"1671",20260504,"Resaz_Assay_T4_30C_260504_1528",2026-09-02 15:28:00,"T4","30C","plate_2_30","D3","Sample",4,"48dpf",17.5756,1,3063,""
"1672",20260504,"Resaz_Assay_T4_30C_260504_1528",2026-09-02 15:28:00,"T4","30C","plate_2_30","D4","Sample",5,"48dpf",14.4711,1,3379,""
"1673",20260504,"Resaz_Assay_T4_30C_260504_1528",2026-09-02 15:28:00,"T4","30C","plate_2_30","D5","Sample",6,"48dpf",19.2838,1,1107,""
"1674",20260504,"Resaz_Assay_T4_30C_260504_1528",2026-09-02 15:28:00,"T4","30C","plate_2_30","D6","Sample",8,"48dpf",18.6432,1,1689,""
"1675",20260504,"Resaz_Assay_T4_30C_260504_1528",2026-09-02 15:28:00,"T4","30C","plate_2_30","D7","Sample",52,"48dpf",7.6216,1,3323,""
"1676",20260504,"Resaz_Assay_T4_30C_260504_1528",2026-09-02 15:28:00,"T4","30C","plate_2_30","D8","Sample",53,"48dpf",9.8555,1,3197,""
"1677",20260504,"Resaz_Assay_T4_30C_260504_1528",2026-09-02 15:28:00,"T4","30C","plate_2_30","D9","Sample",54,"48dpf",15.588,1,4110,""
"1678",20260504,"Resaz_Assay_T4_30C_260504_1528",2026-09-02 15:28:00,"T4","30C","plate_2_30","D10","Sample",55,"48dpf",11.1531,1,1425,""
"1679",20260504,"Resaz_Assay_T4_30C_260504_1528",2026-09-02 15:28:00,"T4","30C","plate_2_30","D11","Sample",56,"48dpf",10.7753,1,852,""
"1680",20260504,"Resaz_Assay_T4_30C_260504_1528",2026-09-02 15:28:00,"T4","30C","plate_2_30","D12","Sample",57,"48dpf",10.3647,1,1084,""
"1681",20260504,"Resaz_Assay_T4_30C_260504_1528",2026-09-02 15:28:00,"T4","30C","plate_2_30","E1","Sample",1,"48dpf",10.7096,1,2276,""
"1682",20260504,"Resaz_Assay_T4_30C_260504_1528",2026-09-02 15:28:00,"T4","30C","plate_2_30","E2","Sample",3,"48dpf",22.8647,1,4588,""
"1683",20260504,"Resaz_Assay_T4_30C_260504_1528",2026-09-02 15:28:00,"T4","30C","plate_2_30","E3","Sample",4,"48dpf",14.8817,1,5072,""
"1684",20260504,"Resaz_Assay_T4_30C_260504_1528",2026-09-02 15:28:00,"T4","30C","plate_2_30","E4","Sample",5,"48dpf",11.9744,1,2481,""
"1685",20260504,"Resaz_Assay_T4_30C_260504_1528",2026-09-02 15:28:00,"T4","30C","plate_2_30","E5","Sample",6,"48dpf",11.3502,1,890,""
"1686",20260504,"Resaz_Assay_T4_30C_260504_1528",2026-09-02 15:28:00,"T4","30C","plate_2_30","E6","Sample",8,"48dpf",11.4652,1,3309,""
"1687",20260504,"Resaz_Assay_T4_30C_260504_1528",2026-09-02 15:28:00,"T4","30C","plate_2_30","E7","Sample",52,"48dpf",11.5473,1,1041,""
"1688",20260504,"Resaz_Assay_T4_30C_260504_1528",2026-09-02 15:28:00,"T4","30C","plate_2_30","E8","Sample",53,"48dpf",18.0191,1,2678,""
"1689",20260504,"Resaz_Assay_T4_30C_260504_1528",2026-09-02 15:28:00,"T4","30C","plate_2_30","E9","Sample",54,"48dpf",9.3463,1,3325,""
"1690",20260504,"Resaz_Assay_T4_30C_260504_1528",2026-09-02 15:28:00,"T4","30C","plate_2_30","E10","Sample",55,"48dpf",17.6905,1,1123,""
"1691",20260504,"Resaz_Assay_T4_30C_260504_1528",2026-09-02 15:28:00,"T4","30C","plate_2_30","E11","Sample",56,"48dpf",19.364,1,4059,""
"1692",20260504,"Resaz_Assay_T4_30C_260504_1528",2026-09-02 15:28:00,"T4","30C","plate_2_30","E12","Sample",57,"48dpf",13.0913,1,1541,""
"1693",20260504,"Resaz_Assay_T4_30C_260504_1528",2026-09-02 15:28:00,"T4","30C","plate_2_30","F1","Sample",1,"48dpf",11.3995,1,4453,""
"1694",20260504,"Resaz_Assay_T4_30C_260504_1528",2026-09-02 15:28:00,"T4","30C","plate_2_30","F2","Sample",3,"48dpf",17.8219,1,3003,""
"1695",20260504,"Resaz_Assay_T4_30C_260504_1528",2026-09-02 15:28:00,"T4","30C","plate_2_30","F3","Sample",4,"48dpf",14.3068,1,2241,""
"1696",20260504,"Resaz_Assay_T4_30C_260504_1528",2026-09-02 15:28:00,"T4","30C","plate_2_30","F4","Sample",5,"48dpf",15.9166,1,4073,""
"1697",20260504,"Resaz_Assay_T4_30C_260504_1528",2026-09-02 15:28:00,"T4","30C","plate_2_30","F5","Sample",6,"48dpf",16.7871,1,978,""
"1698",20260504,"Resaz_Assay_T4_30C_260504_1528",2026-09-02 15:28:00,"T4","30C","plate_2_30","F6","Sample",8,"48dpf",8.5414,1,952,""
"1699",20260504,"Resaz_Assay_T4_30C_260504_1528",2026-09-02 15:28:00,"T4","30C","plate_2_30","F7","Sample",52,"48dpf",14.5861,1,1050,""
"1700",20260504,"Resaz_Assay_T4_30C_260504_1528",2026-09-02 15:28:00,"T4","30C","plate_2_30","F8","Sample",53,"48dpf",10.7917,1,3830,""
"1701",20260504,"Resaz_Assay_T4_30C_260504_1528",2026-09-02 15:28:00,"T4","30C","plate_2_30","F9","Sample",54,"48dpf",14.4711,1,6075,""
"1702",20260504,"Resaz_Assay_T4_30C_260504_1528",2026-09-02 15:28:00,"T4","30C","plate_2_30","F10","Sample",55,"48dpf",7.9172,1,835,""
"1703",20260504,"Resaz_Assay_T4_30C_260504_1528",2026-09-02 15:28:00,"T4","30C","plate_2_30","F11","Sample",56,"48dpf",11.0217,1,869,""
"1704",20260504,"Resaz_Assay_T4_30C_260504_1528",2026-09-02 15:28:00,"T4","30C","plate_2_30","F12","Sample",57,"48dpf",11.7116,1,4556,""
"1705",20260504,"Resaz_Assay_T4_30C_260504_1528",2026-09-02 15:28:00,"T4","30C","plate_2_30","G1","Sample",1,"48dpf",19.4317,1,1543,""
"1706",20260504,"Resaz_Assay_T4_30C_260504_1528",2026-09-02 15:28:00,"T4","30C","plate_2_30","G2","Sample",3,"48dpf",19.6452,1,2549,""
"1707",20260504,"Resaz_Assay_T4_30C_260504_1528",2026-09-02 15:28:00,"T4","30C","plate_2_30","G3","Sample",4,"48dpf",17.1321,1,2540,""
"1708",20260504,"Resaz_Assay_T4_30C_260504_1528",2026-09-02 15:28:00,"T4","30C","plate_2_30","G4","Sample",5,"48dpf",11.6787,1,2538,""
"1709",20260504,"Resaz_Assay_T4_30C_260504_1528",2026-09-02 15:28:00,"T4","30C","plate_2_30","G5","Sample",6,"48dpf",15.0953,1,1491,""
"1710",20260504,"Resaz_Assay_T4_30C_260504_1528",2026-09-02 15:28:00,"T4","30C","plate_2_30","G6","Sample",8,"48dpf",16.2779,1,1878,""
"1711",20260504,"Resaz_Assay_T4_30C_260504_1528",2026-09-02 15:28:00,"T4","30C","plate_2_30","G7","Sample",52,"48dpf",8.3607,1,737,""
"1712",20260504,"Resaz_Assay_T4_30C_260504_1528",2026-09-02 15:28:00,"T4","30C","plate_2_30","G8","Sample",53,"48dpf",9.3791,1,3354,""
"1713",20260504,"Resaz_Assay_T4_30C_260504_1528",2026-09-02 15:28:00,"T4","30C","plate_2_30","G9","Sample",54,"48dpf",18.5283,1,5570,""
"1714",20260504,"Resaz_Assay_T4_30C_260504_1528",2026-09-02 15:28:00,"T4","30C","plate_2_30","G10","Sample",55,"48dpf",16.9514,1,3806,""
"1715",20260504,"Resaz_Assay_T4_30C_260504_1528",2026-09-02 15:28:00,"T4","30C","plate_2_30","G11","Sample",56,"48dpf",12.0072,1,4187,""
"1716",20260504,"Resaz_Assay_T4_30C_260504_1528",2026-09-02 15:28:00,"T4","30C","plate_2_30","G12","Sample",57,"48dpf",16.4586,1,759,""
"1717",20260504,"Resaz_Assay_T4_30C_260504_1528",2026-09-02 15:28:00,"T4","30C","plate_2_30","H1","Blank",NA,"48dpf",NA,NA,450,""
"1718",20260504,"Resaz_Assay_T4_30C_260504_1528",2026-09-02 15:28:00,"T4","30C","plate_2_30","H2","Blank",NA,"48dpf",14.7175,1,560,"empty shell"
"1719",20260504,"Resaz_Assay_T4_30C_260504_1528",2026-09-02 15:28:00,"T4","30C","plate_2_30","H3","Blank",NA,"48dpf",NA,NA,413,""
"1720",20260504,"Resaz_Assay_T4_30C_260504_1528",2026-09-02 15:28:00,"T4","30C","plate_2_30","H4","Blank",NA,"48dpf",19.4317,1,714,"empty shell"
"1721",20260504,"Resaz_Assay_T4_30C_260504_1528",2026-09-02 15:28:00,"T4","30C","plate_2_30","H5","Blank",NA,"48dpf",NA,NA,403,""
"1722",20260504,"Resaz_Assay_T4_30C_260504_1528",2026-09-02 15:28:00,"T4","30C","plate_2_30","H6","Blank",NA,"48dpf",19.6616,1,671,"empty shell"
"1723",20260504,"Resaz_Assay_T4_30C_260504_1528",2026-09-02 15:28:00,"T4","30C","plate_2_30","H7","Blank",NA,"48dpf",NA,NA,391,""
"1724",20260504,"Resaz_Assay_T4_30C_260504_1528",2026-09-02 15:28:00,"T4","30C","plate_2_30","H8","Blank",NA,"48dpf",23.8995,1,1079,"empty shell"
"1725",20260504,"Resaz_Assay_T4_30C_260504_1528",2026-09-02 15:28:00,"T4","30C","plate_2_30","H9","Blank",NA,"48dpf",NA,NA,415,""
"1726",20260504,"Resaz_Assay_T4_30C_260504_1528",2026-09-02 15:28:00,"T4","30C","plate_2_30","H10","Blank",NA,"48dpf",10.2858,1,1109,"empty shell"
"1727",20260504,"Resaz_Assay_T4_30C_260504_1528",2026-09-02 15:28:00,"T4","30C","plate_2_30","H11","Blank",NA,"48dpf",NA,NA,427,""
"1728",20260504,"Resaz_Assay_T4_30C_260504_1528",2026-09-02 15:28:00,"T4","30C","plate_2_30","H12","Blank",NA,"48dpf",15.8344,1,1003,"empty shell"
"1729",20260504,"Resaz_Assay_T4_34C_260504_1534",2026-09-02 15:34:00,"T4","34C","plate_3_34","A1","Sample",1,"48dpf",12.5209,1,2301,""
"1730",20260504,"Resaz_Assay_T4_34C_260504_1534",2026-09-02 15:34:00,"T4","34C","plate_3_34","A2","Sample",3,"48dpf",12.1401,1,9815,""
"1731",20260504,"Resaz_Assay_T4_34C_260504_1534",2026-09-02 15:34:00,"T4","34C","plate_3_34","A3","Sample",4,"48dpf",11.211,1,3307,""
"1732",20260504,"Resaz_Assay_T4_34C_260504_1534",2026-09-02 15:34:00,"T4","34C","plate_3_34","A4","Sample",5,"48dpf",10.8911,1,12037,""
"1733",20260504,"Resaz_Assay_T4_34C_260504_1534",2026-09-02 15:34:00,"T4","34C","plate_3_34","A5","Sample",6,"48dpf",12.1706,1,3188,""
"1734",20260504,"Resaz_Assay_T4_34C_260504_1534",2026-09-02 15:34:00,"T4","34C","plate_3_34","A6","Sample",8,"48dpf",12.6276,1,1962,""
"1735",20260504,"Resaz_Assay_T4_34C_260504_1534",2026-09-02 15:34:00,"T4","34C","plate_3_34","A7","Sample",52,"48dpf",10.3884,1,1353,""
"1736",20260504,"Resaz_Assay_T4_34C_260504_1534",2026-09-02 15:34:00,"T4","34C","plate_3_34","A8","Sample",53,"48dpf",11.5613,1,1984,""
"1737",20260504,"Resaz_Assay_T4_34C_260504_1534",2026-09-02 15:34:00,"T4","34C","plate_3_34","A9","Sample",54,"48dpf",12.9018,1,1656,""
"1738",20260504,"Resaz_Assay_T4_34C_260504_1534",2026-09-02 15:34:00,"T4","34C","plate_3_34","A10","Sample",55,"48dpf",21.0053,1,1948,""
"1739",20260504,"Resaz_Assay_T4_34C_260504_1534",2026-09-02 15:34:00,"T4","34C","plate_3_34","A11","Sample",56,"48dpf",8.2407,1,1362,""
"1740",20260504,"Resaz_Assay_T4_34C_260504_1534",2026-09-02 15:34:00,"T4","34C","plate_3_34","A12","Sample",57,"48dpf",9.2003,1,2778,""
"1741",20260504,"Resaz_Assay_T4_34C_260504_1534",2026-09-02 15:34:00,"T4","34C","plate_3_34","B1","Sample",1,"48dpf",10.5864,1,2676,""
"1742",20260504,"Resaz_Assay_T4_34C_260504_1534",2026-09-02 15:34:00,"T4","34C","plate_3_34","B2","Sample",3,"48dpf",20.3199,1,5064,""
"1743",20260504,"Resaz_Assay_T4_34C_260504_1534",2026-09-02 15:34:00,"T4","34C","plate_3_34","B3","Sample",4,"48dpf",14.7753,1,2174,""
"1744",20260504,"Resaz_Assay_T4_34C_260504_1534",2026-09-02 15:34:00,"T4","34C","plate_3_34","B4","Sample",5,"48dpf",13.2978,1,3279,""
"1745",20260504,"Resaz_Assay_T4_34C_260504_1534",2026-09-02 15:34:00,"T4","34C","plate_3_34","B5","Sample",6,"48dpf",16.6184,1,1300,""
"1746",20260504,"Resaz_Assay_T4_34C_260504_1534",2026-09-02 15:34:00,"T4","34C","plate_3_34","B6","Sample",8,"48dpf",10.099,1,5100,""
"1747",20260504,"Resaz_Assay_T4_34C_260504_1534",2026-09-02 15:34:00,"T4","34C","plate_3_34","B7","Sample",52,"48dpf",13.5567,1,1233,""
"1748",20260504,"Resaz_Assay_T4_34C_260504_1534",2026-09-02 15:34:00,"T4","34C","plate_3_34","B8","Sample",53,"48dpf",13.313,1,1356,""
"1749",20260504,"Resaz_Assay_T4_34C_260504_1534",2026-09-02 15:34:00,"T4","34C","plate_3_34","B9","Sample",54,"48dpf",12.6885,1,1645,""
"1750",20260504,"Resaz_Assay_T4_34C_260504_1534",2026-09-02 15:34:00,"T4","34C","plate_3_34","B10","Sample",55,"48dpf",16.3899,1,1131,""
"1751",20260504,"Resaz_Assay_T4_34C_260504_1534",2026-09-02 15:34:00,"T4","34C","plate_3_34","B11","Sample",56,"48dpf",6.032,1,977,""
"1752",20260504,"Resaz_Assay_T4_34C_260504_1534",2026-09-02 15:34:00,"T4","34C","plate_3_34","B12","Sample",57,"48dpf",5.6359,1,6433,""
"1753",20260504,"Resaz_Assay_T4_34C_260504_1534",2026-09-02 15:34:00,"T4","34C","plate_3_34","C1","Sample",1,"48dpf",10.3123,1,1121,""
"1754",20260504,"Resaz_Assay_T4_34C_260504_1534",2026-09-02 15:34:00,"T4","34C","plate_3_34","C2","Sample",3,"48dpf",14.5773,1,4841,""
"1755",20260504,"Resaz_Assay_T4_34C_260504_1534",2026-09-02 15:34:00,"T4","34C","plate_3_34","C3","Sample",4,"48dpf",14.4859,1,3033,""
"1756",20260504,"Resaz_Assay_T4_34C_260504_1534",2026-09-02 15:34:00,"T4","34C","plate_3_34","C4","Sample",5,"48dpf",9.7182,1,1572,""
"1757",20260504,"Resaz_Assay_T4_34C_260504_1534",2026-09-02 15:34:00,"T4","34C","plate_3_34","C5","Sample",6,"48dpf",17.6238,1,3225,""
"1758",20260504,"Resaz_Assay_T4_34C_260504_1534",2026-09-02 15:34:00,"T4","34C","plate_3_34","C6","Sample",8,"48dpf",14.1356,1,4427,""
"1759",20260504,"Resaz_Assay_T4_34C_260504_1534",2026-09-02 15:34:00,"T4","34C","plate_3_34","C7","Sample",52,"48dpf",13.7395,1,2709,""
"1760",20260504,"Resaz_Assay_T4_34C_260504_1534",2026-09-02 15:34:00,"T4","34C","plate_3_34","C8","Sample",53,"48dpf",2.2239,1,2070,""
"1761",20260504,"Resaz_Assay_T4_34C_260504_1534",2026-09-02 15:34:00,"T4","34C","plate_3_34","C9","Sample",54,"48dpf",14.1203,1,804,""
"1762",20260504,"Resaz_Assay_T4_34C_260504_1534",2026-09-02 15:34:00,"T4","34C","plate_3_34","C10","Sample",55,"48dpf",10.952,1,5626,""
"1763",20260504,"Resaz_Assay_T4_34C_260504_1534",2026-09-02 15:34:00,"T4","34C","plate_3_34","C11","Sample",56,"48dpf",16.786,1,2190,""
"1764",20260504,"Resaz_Assay_T4_34C_260504_1534",2026-09-02 15:34:00,"T4","34C","plate_3_34","C12","Sample",57,"48dpf",13.9832,1,1277,""
"1765",20260504,"Resaz_Assay_T4_34C_260504_1534",2026-09-02 15:34:00,"T4","34C","plate_3_34","D1","Sample",1,"48dpf",10.0228,1,948,""
"1766",20260504,"Resaz_Assay_T4_34C_260504_1534",2026-09-02 15:34:00,"T4","34C","plate_3_34","D2","Sample",3,"48dpf",16.2224,1,3473,""
"1767",20260504,"Resaz_Assay_T4_34C_260504_1534",2026-09-02 15:34:00,"T4","34C","plate_3_34","D3","Sample",4,"48dpf",17.1973,1,4652,""
"1768",20260504,"Resaz_Assay_T4_34C_260504_1534",2026-09-02 15:34:00,"T4","34C","plate_3_34","D4","Sample",5,"48dpf",132.9071,1,1953,""
"1769",20260504,"Resaz_Assay_T4_34C_260504_1534",2026-09-02 15:34:00,"T4","34C","plate_3_34","D5","Sample",6,"48dpf",18.2331,1,1939,""
"1770",20260504,"Resaz_Assay_T4_34C_260504_1534",2026-09-02 15:34:00,"T4","34C","plate_3_34","D6","Sample",8,"48dpf",17.6999,1,3401,""
"1771",20260504,"Resaz_Assay_T4_34C_260504_1534",2026-09-02 15:34:00,"T4","34C","plate_3_34","D7","Sample",52,"48dpf",7.4181,1,1033,""
"1772",20260504,"Resaz_Assay_T4_34C_260504_1534",2026-09-02 15:34:00,"T4","34C","plate_3_34","D8","Sample",53,"48dpf",9.5659,1,2910,""
"1773",20260504,"Resaz_Assay_T4_34C_260504_1534",2026-09-02 15:34:00,"T4","34C","plate_3_34","D9","Sample",54,"48dpf",15.3846,1,863,""
"1774",20260504,"Resaz_Assay_T4_34C_260504_1534",2026-09-02 15:34:00,"T4","34C","plate_3_34","D10","Sample",55,"48dpf",10.8606,1,3185,""
"1775",20260504,"Resaz_Assay_T4_34C_260504_1534",2026-09-02 15:34:00,"T4","34C","plate_3_34","D11","Sample",56,"48dpf",10.495,1,1765,""
"1776",20260504,"Resaz_Assay_T4_34C_260504_1534",2026-09-02 15:34:00,"T4","34C","plate_3_34","D12","Sample",57,"48dpf",9.8401,1,1271,""
"1777",20260504,"Resaz_Assay_T4_34C_260504_1534",2026-09-02 15:34:00,"T4","34C","plate_3_34","E1","Sample",1,"48dpf",10.3884,1,2034,""
"1778",20260504,"Resaz_Assay_T4_34C_260504_1534",2026-09-02 15:34:00,"T4","34C","plate_3_34","E2","Sample",3,"48dpf",22.4981,1,3512,""
"1779",20260504,"Resaz_Assay_T4_34C_260504_1534",2026-09-02 15:34:00,"T4","34C","plate_3_34","E3","Sample",4,"48dpf",14.3945,1,2268,""
"1780",20260504,"Resaz_Assay_T4_34C_260504_1534",2026-09-02 15:34:00,"T4","34C","plate_3_34","E4","Sample",5,"48dpf",11.3176,1,5189,""
"1781",20260504,"Resaz_Assay_T4_34C_260504_1534",2026-09-02 15:34:00,"T4","34C","plate_3_34","E5","Sample",6,"48dpf",10.9063,1,855,""
"1782",20260504,"Resaz_Assay_T4_34C_260504_1534",2026-09-02 15:34:00,"T4","34C","plate_3_34","E6","Sample",8,"48dpf",10.8606,1,3571,""
"1783",20260504,"Resaz_Assay_T4_34C_260504_1534",2026-09-02 15:34:00,"T4","34C","plate_3_34","E7","Sample",52,"48dpf",10.8911,1,942,""
"1784",20260504,"Resaz_Assay_T4_34C_260504_1534",2026-09-02 15:34:00,"T4","34C","plate_3_34","E8","Sample",53,"48dpf",17.1211,1,910,""
"1785",20260504,"Resaz_Assay_T4_34C_260504_1534",2026-09-02 15:34:00,"T4","34C","plate_3_34","E9","Sample",54,"48dpf",8.9718,1,1166,""
"1786",20260504,"Resaz_Assay_T4_34C_260504_1534",2026-09-02 15:34:00,"T4","34C","plate_3_34","E10","Sample",55,"48dpf",16.7403,1,1302,""
"1787",20260504,"Resaz_Assay_T4_34C_260504_1534",2026-09-02 15:34:00,"T4","34C","plate_3_34","E11","Sample",56,"48dpf",17.3496,1,913,""
"1788",20260504,"Resaz_Assay_T4_34C_260504_1534",2026-09-02 15:34:00,"T4","34C","plate_3_34","E12","Sample",57,"48dpf",12.6885,1,1224,""
"1789",20260504,"Resaz_Assay_T4_34C_260504_1534",2026-09-02 15:34:00,"T4","34C","plate_3_34","F1","Sample",1,"48dpf",11.0739,1,3112,""
"1790",20260504,"Resaz_Assay_T4_34C_260504_1534",2026-09-02 15:34:00,"T4","34C","plate_3_34","F2","Sample",3,"48dpf",17.4867,1,5988,""
"1791",20260504,"Resaz_Assay_T4_34C_260504_1534",2026-09-02 15:34:00,"T4","34C","plate_3_34","F3","Sample",4,"48dpf",13.8614,1,4096,""
"1792",20260504,"Resaz_Assay_T4_34C_260504_1534",2026-09-02 15:34:00,"T4","34C","plate_3_34","F4","Sample",5,"48dpf",15.476,1,3047,""
"1793",20260504,"Resaz_Assay_T4_34C_260504_1534",2026-09-02 15:34:00,"T4","34C","plate_3_34","F5","Sample",6,"48dpf",15.476,1,858,""
"1794",20260504,"Resaz_Assay_T4_34C_260504_1534",2026-09-02 15:34:00,"T4","34C","plate_3_34","F6","Sample",8,"48dpf",8.1645,1,1155,""
"1795",20260504,"Resaz_Assay_T4_34C_260504_1534",2026-09-02 15:34:00,"T4","34C","plate_3_34","F7","Sample",52,"48dpf",12.1051,1,1051,""
"1796",20260504,"Resaz_Assay_T4_34C_260504_1534",2026-09-02 15:34:00,"T4","34C","plate_3_34","F8","Sample",53,"48dpf",10.3427,1,1482,""
"1797",20260504,"Resaz_Assay_T4_34C_260504_1534",2026-09-02 15:34:00,"T4","34C","plate_3_34","F9","Sample",54,"48dpf",13.9832,1,886,""
"1798",20260504,"Resaz_Assay_T4_34C_260504_1534",2026-09-02 15:34:00,"T4","34C","plate_3_34","F10","Sample",55,"48dpf",7.6618,1,657,""
"1799",20260504,"Resaz_Assay_T4_34C_260504_1534",2026-09-02 15:34:00,"T4","34C","plate_3_34","F11","Sample",56,"48dpf",10.5407,1,773,""
"1800",20260504,"Resaz_Assay_T4_34C_260504_1534",2026-09-02 15:34:00,"T4","34C","plate_3_34","F12","Sample",57,"48dpf",10.7692,1,4673,""
"1801",20260504,"Resaz_Assay_T4_34C_260504_1534",2026-09-02 15:34:00,"T4","34C","plate_3_34","G1","Sample",1,"48dpf",18.888,1,969,""
"1802",20260504,"Resaz_Assay_T4_34C_260504_1534",2026-09-02 15:34:00,"T4","34C","plate_3_34","G2","Sample",3,"48dpf",18.751,1,4630,""
"1803",20260504,"Resaz_Assay_T4_34C_260504_1534",2026-09-02 15:34:00,"T4","34C","plate_3_34","G3","Sample",4,"48dpf",16.7708,1,8951,""
"1804",20260504,"Resaz_Assay_T4_34C_260504_1534",2026-09-02 15:34:00,"T4","34C","plate_3_34","G4","Sample",5,"48dpf",11.4851,1,4112,""
"1805",20260504,"Resaz_Assay_T4_34C_260504_1534",2026-09-02 15:34:00,"T4","34C","plate_3_34","G5","Sample",6,"48dpf",14.6382,1,1330,""
"1806",20260504,"Resaz_Assay_T4_34C_260504_1534",2026-09-02 15:34:00,"T4","34C","plate_3_34","G6","Sample",8,"48dpf",15.6893,1,1430,""
"1807",20260504,"Resaz_Assay_T4_34C_260504_1534",2026-09-02 15:34:00,"T4","34C","plate_3_34","G7","Sample",52,"48dpf",7.9817,1,1044,""
"1808",20260504,"Resaz_Assay_T4_34C_260504_1534",2026-09-02 15:34:00,"T4","34C","plate_3_34","G8","Sample",53,"48dpf",8.7586,1,1706,""
"1809",20260504,"Resaz_Assay_T4_34C_260504_1534",2026-09-02 15:34:00,"T4","34C","plate_3_34","G9","Sample",54,"48dpf",18.1112,1,1294,""
"1810",20260504,"Resaz_Assay_T4_34C_260504_1534",2026-09-02 15:34:00,"T4","34C","plate_3_34","G10","Sample",55,"48dpf",16.6337,1,3005,""
"1811",20260504,"Resaz_Assay_T4_34C_260504_1534",2026-09-02 15:34:00,"T4","34C","plate_3_34","G11","Sample",56,"48dpf",11.4699,1,923,""
"1812",20260504,"Resaz_Assay_T4_34C_260504_1534",2026-09-02 15:34:00,"T4","34C","plate_3_34","G12","Sample",57,"48dpf",15.7654,1,1198,""
"1813",20260504,"Resaz_Assay_T4_34C_260504_1534",2026-09-02 15:34:00,"T4","34C","plate_3_34","H1","Blank",NA,"48dpf",NA,NA,451,""
"1814",20260504,"Resaz_Assay_T4_34C_260504_1534",2026-09-02 15:34:00,"T4","34C","plate_3_34","H2","Blank",NA,"48dpf",13.6786,1,1171,"empty shell"
"1815",20260504,"Resaz_Assay_T4_34C_260504_1534",2026-09-02 15:34:00,"T4","34C","plate_3_34","H3","Blank",NA,"48dpf",NA,NA,435,""
"1816",20260504,"Resaz_Assay_T4_34C_260504_1534",2026-09-02 15:34:00,"T4","34C","plate_3_34","H4","Blank",NA,"48dpf",18.2026,1,784,"empty shell"
"1817",20260504,"Resaz_Assay_T4_34C_260504_1534",2026-09-02 15:34:00,"T4","34C","plate_3_34","H5","Blank",NA,"48dpf",NA,NA,419,""
"1818",20260504,"Resaz_Assay_T4_34C_260504_1534",2026-09-02 15:34:00,"T4","34C","plate_3_34","H6","Blank",NA,"48dpf",19.147,1,953,"empty shell"
"1819",20260504,"Resaz_Assay_T4_34C_260504_1534",2026-09-02 15:34:00,"T4","34C","plate_3_34","H7","Blank",NA,"48dpf",NA,NA,403,""
"1820",20260504,"Resaz_Assay_T4_34C_260504_1534",2026-09-02 15:34:00,"T4","34C","plate_3_34","H8","Blank",NA,"48dpf",23.3359,1,597,"empty shell"
"1821",20260504,"Resaz_Assay_T4_34C_260504_1534",2026-09-02 15:34:00,"T4","34C","plate_3_34","H9","Blank",NA,"48dpf",NA,NA,470,""
"1822",20260504,"Resaz_Assay_T4_34C_260504_1534",2026-09-02 15:34:00,"T4","34C","plate_3_34","H10","Blank",NA,"48dpf",19.6649,1,1082,"empty shell"
"1823",20260504,"Resaz_Assay_T4_34C_260504_1534",2026-09-02 15:34:00,"T4","34C","plate_3_34","H11","Blank",NA,"48dpf",NA,NA,419,""
"1824",20260504,"Resaz_Assay_T4_34C_260504_1534",2026-09-02 15:34:00,"T4","34C","plate_3_34","H12","Blank",NA,"48dpf",NA,NA,772,"empty shell"
"1825",20260504,"Resaz_Assay_T4_38C_260504_1540",2026-09-02 15:40:00,"T4","38C","plate_4_38","A1","Sample",1,"48dpf",15.1257,1,6902,""
"1826",20260504,"Resaz_Assay_T4_38C_260504_1540",2026-09-02 15:40:00,"T4","38C","plate_4_38","A2","Sample",3,"48dpf",15.3981,1,10888,""
"1827",20260504,"Resaz_Assay_T4_38C_260504_1540",2026-09-02 15:40:00,"T4","38C","plate_4_38","A3","Sample",4,"48dpf",17.4395,1,10151,""
"1828",20260504,"Resaz_Assay_T4_38C_260504_1540",2026-09-02 15:40:00,"T4","38C","plate_4_38","A4","Sample",5,"48dpf",12.8566,1,7095,""
"1829",20260504,"Resaz_Assay_T4_38C_260504_1540",2026-09-02 15:40:00,"T4","38C","plate_4_38","A5","Sample",6,"48dpf",9.4903,1,3594,""
"1830",20260504,"Resaz_Assay_T4_38C_260504_1540",2026-09-02 15:40:00,"T4","38C","plate_4_38","A6","Sample",8,"48dpf",14.614,1,5404,""
"1831",20260504,"Resaz_Assay_T4_38C_260504_1540",2026-09-02 15:40:00,"T4","38C","plate_4_38","A7","Sample",52,"48dpf",9.4633,1,4120,""
"1832",20260504,"Resaz_Assay_T4_38C_260504_1540",2026-09-02 15:40:00,"T4","38C","plate_4_38","A8","Sample",53,"48dpf",13.1675,1,1036,""
"1833",20260504,"Resaz_Assay_T4_38C_260504_1540",2026-09-02 15:40:00,"T4","38C","plate_4_38","A9","Sample",54,"48dpf",12.3699,1,823,""
"1834",20260504,"Resaz_Assay_T4_38C_260504_1540",2026-09-02 15:40:00,"T4","38C","plate_4_38","A10","Sample",55,"48dpf",9.585,1,4387,""
"1835",20260504,"Resaz_Assay_T4_38C_260504_1540",2026-09-02 15:40:00,"T4","38C","plate_4_38","A11","Sample",56,"48dpf",9.0712,1,3419,""
"1836",20260504,"Resaz_Assay_T4_38C_260504_1540",2026-09-02 15:40:00,"T4","38C","plate_4_38","A12","Sample",57,"48dpf",6.1241,1,612,""
"1837",20260504,"Resaz_Assay_T4_38C_260504_1540",2026-09-02 15:40:00,"T4","38C","plate_4_38","B1","Sample",1,"48dpf",12.9918,1,2023,""
"1838",20260504,"Resaz_Assay_T4_38C_260504_1540",2026-09-02 15:40:00,"T4","38C","plate_4_38","B2","Sample",3,"48dpf",13.8705,1,4340,""
"1839",20260504,"Resaz_Assay_T4_38C_260504_1540",2026-09-02 15:40:00,"T4","38C","plate_4_38","B3","Sample",4,"48dpf",13.7623,1,6281,""
"1840",20260504,"Resaz_Assay_T4_38C_260504_1540",2026-09-02 15:40:00,"T4","38C","plate_4_38","B4","Sample",5,"48dpf",8.9225,1,5297,""
"1841",20260504,"Resaz_Assay_T4_38C_260504_1540",2026-09-02 15:40:00,"T4","38C","plate_4_38","B5","Sample",6,"48dpf",12.3564,1,1037,""
"1842",20260504,"Resaz_Assay_T4_38C_260504_1540",2026-09-02 15:40:00,"T4","38C","plate_4_38","B6","Sample",8,"48dpf",12.7214,1,2157,""
"1843",20260504,"Resaz_Assay_T4_38C_260504_1540",2026-09-02 15:40:00,"T4","38C","plate_4_38","B7","Sample",52,"48dpf",13.519,1,985,""
"1844",20260504,"Resaz_Assay_T4_38C_260504_1540",2026-09-02 15:40:00,"T4","38C","plate_4_38","B8","Sample",53,"48dpf",12.4916,1,1045,""
"1845",20260504,"Resaz_Assay_T4_38C_260504_1540",2026-09-02 15:40:00,"T4","38C","plate_4_38","B9","Sample",54,"48dpf",7.9762,1,743,""
"1846",20260504,"Resaz_Assay_T4_38C_260504_1540",2026-09-02 15:40:00,"T4","38C","plate_4_38","B10","Sample",55,"48dpf",16.3985,1,641,""
"1847",20260504,"Resaz_Assay_T4_38C_260504_1540",2026-09-02 15:40:00,"T4","38C","plate_4_38","B11","Sample",56,"48dpf",17.6964,1,2532,""
"1848",20260504,"Resaz_Assay_T4_38C_260504_1540",2026-09-02 15:40:00,"T4","38C","plate_4_38","B12","Sample",57,"48dpf",11.8832,1,2030,""
"1849",20260504,"Resaz_Assay_T4_38C_260504_1540",2026-09-02 15:40:00,"T4","38C","plate_4_38","C1","Sample",1,"48dpf",18.5481,1,3156,""
"1850",20260504,"Resaz_Assay_T4_38C_260504_1540",2026-09-02 15:40:00,"T4","38C","plate_4_38","C2","Sample",3,"48dpf",16.047,1,5123,""
"1851",20260504,"Resaz_Assay_T4_38C_260504_1540",2026-09-02 15:40:00,"T4","38C","plate_4_38","C3","Sample",4,"48dpf",6.381,1,3289,""
"1852",20260504,"Resaz_Assay_T4_38C_260504_1540",2026-09-02 15:40:00,"T4","38C","plate_4_38","C4","Sample",5,"48dpf",15.0196,1,5891,""
"1853",20260504,"Resaz_Assay_T4_38C_260504_1540",2026-09-02 15:40:00,"T4","38C","plate_4_38","C5","Sample",6,"48dpf",17.1826,1,1057,""
"1854",20260504,"Resaz_Assay_T4_38C_260504_1540",2026-09-02 15:40:00,"T4","38C","plate_4_38","C6","Sample",8,"48dpf",20.0892,1,5448,""
"1855",20260504,"Resaz_Assay_T4_38C_260504_1540",2026-09-02 15:40:00,"T4","38C","plate_4_38","C7","Sample",52,"48dpf",12.0049,1,4614,""
"1856",20260504,"Resaz_Assay_T4_38C_260504_1540",2026-09-02 15:40:00,"T4","38C","plate_4_38","C8","Sample",53,"48dpf",8.5034,1,2895,""
"1857",20260504,"Resaz_Assay_T4_38C_260504_1540",2026-09-02 15:40:00,"T4","38C","plate_4_38","C9","Sample",54,"48dpf",6.5297,1,2672,""
"1858",20260504,"Resaz_Assay_T4_38C_260504_1540",2026-09-02 15:40:00,"T4","38C","plate_4_38","C10","Sample",55,"48dpf",15.0466,1,2942,""
"1859",20260504,"Resaz_Assay_T4_38C_260504_1540",2026-09-02 15:40:00,"T4","38C","plate_4_38","C11","Sample",56,"48dpf",14.6951,1,3893,""
"1860",20260504,"Resaz_Assay_T4_38C_260504_1540",2026-09-02 15:40:00,"T4","38C","plate_4_38","C12","Sample",57,"48dpf",6.1647,1,943,""
"1861",20260504,"Resaz_Assay_T4_38C_260504_1540",2026-09-02 15:40:00,"T4","38C","plate_4_38","D1","Sample",1,"48dpf",16.1417,1,5363,""
"1862",20260504,"Resaz_Assay_T4_38C_260504_1540",2026-09-02 15:40:00,"T4","38C","plate_4_38","D2","Sample",3,"48dpf",18.0208,1,5286,""
"1863",20260504,"Resaz_Assay_T4_38C_260504_1540",2026-09-02 15:40:00,"T4","38C","plate_4_38","D3","Sample",4,"48dpf",12.8701,1,1536,""
"1864",20260504,"Resaz_Assay_T4_38C_260504_1540",2026-09-02 15:40:00,"T4","38C","plate_4_38","D4","Sample",5,"48dpf",10.4637,1,4416,""
"1865",20260504,"Resaz_Assay_T4_38C_260504_1540",2026-09-02 15:40:00,"T4","38C","plate_4_38","D5","Sample",6,"48dpf",14.5194,1,965,""
"1866",20260504,"Resaz_Assay_T4_38C_260504_1540",2026-09-02 15:40:00,"T4","38C","plate_4_38","D6","Sample",8,"48dpf",11.9102,1,2385,""
"1867",20260504,"Resaz_Assay_T4_38C_260504_1540",2026-09-02 15:40:00,"T4","38C","plate_4_38","D7","Sample",52,"48dpf",14.3977,1,1111,""
"1868",20260504,"Resaz_Assay_T4_38C_260504_1540",2026-09-02 15:40:00,"T4","38C","plate_4_38","D8","Sample",53,"48dpf",11.8562,1,1983,""
"1869",20260504,"Resaz_Assay_T4_38C_260504_1540",2026-09-02 15:40:00,"T4","38C","plate_4_38","D9","Sample",54,"48dpf",10.1933,1,1129,""
"1870",20260504,"Resaz_Assay_T4_38C_260504_1540",2026-09-02 15:40:00,"T4","38C","plate_4_38","D10","Sample",55,"48dpf",16.7906,1,5514,""
"1871",20260504,"Resaz_Assay_T4_38C_260504_1540",2026-09-02 15:40:00,"T4","38C","plate_4_38","D11","Sample",56,"48dpf",8.5034,1,2395,""
"1872",20260504,"Resaz_Assay_T4_38C_260504_1540",2026-09-02 15:40:00,"T4","38C","plate_4_38","D12","Sample",57,"48dpf",14.0462,1,1002,""
"1873",20260504,"Resaz_Assay_T4_38C_260504_1540",2026-09-02 15:40:00,"T4","38C","plate_4_38","E1","Sample",1,"48dpf",16.1417,1,1174,""
"1874",20260504,"Resaz_Assay_T4_38C_260504_1540",2026-09-02 15:40:00,"T4","38C","plate_4_38","E2","Sample",3,"48dpf",19.8594,1,8623,""
"1875",20260504,"Resaz_Assay_T4_38C_260504_1540",2026-09-02 15:40:00,"T4","38C","plate_4_38","E3","Sample",4,"48dpf",11.018,1,5668,""
"1876",20260504,"Resaz_Assay_T4_38C_260504_1540",2026-09-02 15:40:00,"T4","38C","plate_4_38","E4","Sample",5,"48dpf",14.8709,1,4338,""
"1877",20260504,"Resaz_Assay_T4_38C_260504_1540",2026-09-02 15:40:00,"T4","38C","plate_4_38","E5","Sample",6,"48dpf",11.6128,1,2085,""
"1878",20260504,"Resaz_Assay_T4_38C_260504_1540",2026-09-02 15:40:00,"T4","38C","plate_4_38","E6","Sample",8,"48dpf",17.4395,1,1144,""
"1879",20260504,"Resaz_Assay_T4_38C_260504_1540",2026-09-02 15:40:00,"T4","38C","plate_4_38","E7","Sample",52,"48dpf",10.7206,1,885,""
"1880",20260504,"Resaz_Assay_T4_38C_260504_1540",2026-09-02 15:40:00,"T4","38C","plate_4_38","E8","Sample",53,"48dpf",10.8558,1,2373,""
"1881",20260504,"Resaz_Assay_T4_38C_260504_1540",2026-09-02 15:40:00,"T4","38C","plate_4_38","E9","Sample",54,"48dpf",9.8148,1,1902,""
"1882",20260504,"Resaz_Assay_T4_38C_260504_1540",2026-09-02 15:40:00,"T4","38C","plate_4_38","E10","Sample",55,"48dpf",18.832,1,1073,""
"1883",20260504,"Resaz_Assay_T4_38C_260504_1540",2026-09-02 15:40:00,"T4","38C","plate_4_38","E11","Sample",56,"48dpf",13.3838,1,942,""
"1884",20260504,"Resaz_Assay_T4_38C_260504_1540",2026-09-02 15:40:00,"T4","38C","plate_4_38","E12","Sample",57,"48dpf",9.5444,1,928,""
"1885",20260504,"Resaz_Assay_T4_38C_260504_1540",2026-09-02 15:40:00,"T4","38C","plate_4_38","F1","Sample",1,"48dpf",12.6132,1,3808,""
"1886",20260504,"Resaz_Assay_T4_38C_260504_1540",2026-09-02 15:40:00,"T4","38C","plate_4_38","F2","Sample",3,"48dpf",10.6124,1,5013,""
"1887",20260504,"Resaz_Assay_T4_38C_260504_1540",2026-09-02 15:40:00,"T4","38C","plate_4_38","F3","Sample",4,"48dpf",11.1261,1,2063,""
"1888",20260504,"Resaz_Assay_T4_38C_260504_1540",2026-09-02 15:40:00,"T4","38C","plate_4_38","F4","Sample",5,"48dpf",18.832,1,6552,""
"1889",20260504,"Resaz_Assay_T4_38C_260504_1540",2026-09-02 15:40:00,"T4","38C","plate_4_38","F5","Sample",6,"48dpf",8.4088,1,997,""
"1890",20260504,"Resaz_Assay_T4_38C_260504_1540",2026-09-02 15:40:00,"T4","38C","plate_4_38","F6","Sample",8,"48dpf",13.0458,1,797,""
"1891",20260504,"Resaz_Assay_T4_38C_260504_1540",2026-09-02 15:40:00,"T4","38C","plate_4_38","F7","Sample",52,"48dpf",12.6132,1,1354,""
"1892",20260504,"Resaz_Assay_T4_38C_260504_1540",2026-09-02 15:40:00,"T4","38C","plate_4_38","F8","Sample",53,"48dpf",10.9639,1,795,""
"1893",20260504,"Resaz_Assay_T4_38C_260504_1540",2026-09-02 15:40:00,"T4","38C","plate_4_38","F9","Sample",54,"48dpf",12.0454,1,1056,""
"1894",20260504,"Resaz_Assay_T4_38C_260504_1540",2026-09-02 15:40:00,"T4","38C","plate_4_38","F10","Sample",55,"48dpf",8.3007,1,1467,""
"1895",20260504,"Resaz_Assay_T4_38C_260504_1540",2026-09-02 15:40:00,"T4","38C","plate_4_38","F11","Sample",56,"48dpf",13.3297,1,819,""
"1896",20260504,"Resaz_Assay_T4_38C_260504_1540",2026-09-02 15:40:00,"T4","38C","plate_4_38","F12","Sample",57,"48dpf",15.1548,1,724,""
"1897",20260504,"Resaz_Assay_T4_38C_260504_1540",2026-09-02 15:40:00,"T4","38C","plate_4_38","G1","Sample",1,"48dpf",12.5727,1,4487,""
"1898",20260504,"Resaz_Assay_T4_38C_260504_1540",2026-09-02 15:40:00,"T4","38C","plate_4_38","G2","Sample",3,"48dpf",13.6001,1,5621,""
"1899",20260504,"Resaz_Assay_T4_38C_260504_1540",2026-09-02 15:40:00,"T4","38C","plate_4_38","G3","Sample",4,"48dpf",13.2621,1,3071,""
"1900",20260504,"Resaz_Assay_T4_38C_260504_1540",2026-09-02 15:40:00,"T4","38C","plate_4_38","G4","Sample",5,"48dpf",11.9238,1,4937,""
"1901",20260504,"Resaz_Assay_T4_38C_260504_1540",2026-09-02 15:40:00,"T4","38C","plate_4_38","G5","Sample",6,"48dpf",9.4227,1,1639,""
"1902",20260504,"Resaz_Assay_T4_38C_260504_1540",2026-09-02 15:40:00,"T4","38C","plate_4_38","G6","Sample",8,"48dpf",12.789,1,1352,""
"1903",20260504,"Resaz_Assay_T4_38C_260504_1540",2026-09-02 15:40:00,"T4","38C","plate_4_38","G7","Sample",52,"48dpf",10.6935,1,843,""
"1904",20260504,"Resaz_Assay_T4_38C_260504_1540",2026-09-02 15:40:00,"T4","38C","plate_4_38","G8","Sample",53,"48dpf",13.492,1,2268,""
"1905",20260504,"Resaz_Assay_T4_38C_260504_1540",2026-09-02 15:40:00,"T4","38C","plate_4_38","G9","Sample",54,"48dpf",14.4383,1,1049,""
"1906",20260504,"Resaz_Assay_T4_38C_260504_1540",2026-09-02 15:40:00,"T4","38C","plate_4_38","G10","Sample",55,"48dpf",10.4772,1,1011,""
"1907",20260504,"Resaz_Assay_T4_38C_260504_1540",2026-09-02 15:40:00,"T4","38C","plate_4_38","G11","Sample",56,"48dpf",8.0438,1,900,""
"1908",20260504,"Resaz_Assay_T4_38C_260504_1540",2026-09-02 15:40:00,"T4","38C","plate_4_38","G12","Sample",57,"48dpf",10.8422,1,660,""
"1909",20260504,"Resaz_Assay_T4_38C_260504_1540",2026-09-02 15:40:00,"T4","38C","plate_4_38","H1","Blank",NA,"48dpf",NA,NA,484,""
"1910",20260504,"Resaz_Assay_T4_38C_260504_1540",2026-09-02 15:40:00,"T4","38C","plate_4_38","H2","Blank",NA,"48dpf",20.4948,1,896,"empty shell"
"1911",20260504,"Resaz_Assay_T4_38C_260504_1540",2026-09-02 15:40:00,"T4","38C","plate_4_38","H3","Blank",NA,"48dpf",NA,NA,407,""
"1912",20260504,"Resaz_Assay_T4_38C_260504_1540",2026-09-02 15:40:00,"T4","38C","plate_4_38","H4","Blank",NA,"48dpf",22.1847,1,593,"empty shell"
"1913",20260504,"Resaz_Assay_T4_38C_260504_1540",2026-09-02 15:40:00,"T4","38C","plate_4_38","H5","Blank",NA,"48dpf",NA,NA,429,""
"1914",20260504,"Resaz_Assay_T4_38C_260504_1540",2026-09-02 15:40:00,"T4","38C","plate_4_38","H6","Blank",NA,"48dpf",20.2109,1,1085,"empty shell"
"1915",20260504,"Resaz_Assay_T4_38C_260504_1540",2026-09-02 15:40:00,"T4","38C","plate_4_38","H7","Blank",NA,"48dpf",NA,NA,375,""
"1916",20260504,"Resaz_Assay_T4_38C_260504_1540",2026-09-02 15:40:00,"T4","38C","plate_4_38","H8","Blank",NA,"48dpf",19.4403,1,1081,"empty shell"
"1917",20260504,"Resaz_Assay_T4_38C_260504_1540",2026-09-02 15:40:00,"T4","38C","plate_4_38","H9","Blank",NA,"48dpf",NA,NA,391,""
"1918",20260504,"Resaz_Assay_T4_38C_260504_1540",2026-09-02 15:40:00,"T4","38C","plate_4_38","H10","Blank",NA,"48dpf",14.9385,1,924,"empty shell"
"1919",20260504,"Resaz_Assay_T4_38C_260504_1540",2026-09-02 15:40:00,"T4","38C","plate_4_38","H11","Blank",NA,"48dpf",NA,NA,430,""
"1920",20260504,"Resaz_Assay_T4_38C_260504_1540",2026-09-02 15:40:00,"T4","38C","plate_4_38","H12","Blank",NA,"48dpf",15.6144,1,684,"empty shell"
"1921",20260504,"Resaz_Assay_T5_26C_260504_1640",2026-09-02 16:40:00,"T5","26C","plate_1_26","A1","Sample",1,"48dpf",11.4389,1,6902,""
"1922",20260504,"Resaz_Assay_T5_26C_260504_1640",2026-09-02 16:40:00,"T5","26C","plate_1_26","A2","Sample",3,"48dpf",16.7192,1,10888,""
"1923",20260504,"Resaz_Assay_T5_26C_260504_1640",2026-09-02 16:40:00,"T5","26C","plate_1_26","A3","Sample",4,"48dpf",15.3351,1,10151,""
"1924",20260504,"Resaz_Assay_T5_26C_260504_1640",2026-09-02 16:40:00,"T5","26C","plate_1_26","A4","Sample",5,"48dpf",12.1926,1,7095,""
"1925",20260504,"Resaz_Assay_T5_26C_260504_1640",2026-09-02 16:40:00,"T5","26C","plate_1_26","A5","Sample",6,"48dpf",11.5207,1,3594,""
"1926",20260504,"Resaz_Assay_T5_26C_260504_1640",2026-09-02 16:40:00,"T5","26C","plate_1_26","A6","Sample",8,"48dpf",11.2095,1,5404,""
"1927",20260504,"Resaz_Assay_T5_26C_260504_1640",2026-09-02 16:40:00,"T5","26C","plate_1_26","A7","Sample",52,"48dpf",14.9161,1,4120,""
"1928",20260504,"Resaz_Assay_T5_26C_260504_1640",2026-09-02 16:40:00,"T5","26C","plate_1_26","A8","Sample",53,"48dpf",11.4953,1,1036,""
"1929",20260504,"Resaz_Assay_T5_26C_260504_1640",2026-09-02 16:40:00,"T5","26C","plate_1_26","A9","Sample",54,"48dpf",10.9641,1,823,""
"1930",20260504,"Resaz_Assay_T5_26C_260504_1640",2026-09-02 16:40:00,"T5","26C","plate_1_26","A10","Sample",55,"48dpf",11.654,1,4387,""
"1931",20260504,"Resaz_Assay_T5_26C_260504_1640",2026-09-02 16:40:00,"T5","26C","plate_1_26","A11","Sample",56,"48dpf",14.6198,1,3419,""
"1932",20260504,"Resaz_Assay_T5_26C_260504_1640",2026-09-02 16:40:00,"T5","26C","plate_1_26","A12","Sample",57,"48dpf",12.1058,1,612,""
"1933",20260504,"Resaz_Assay_T5_26C_260504_1640",2026-09-02 16:40:00,"T5","26C","plate_1_26","B1","Sample",1,"48dpf",15.4008,1,2023,""
"1934",20260504,"Resaz_Assay_T5_26C_260504_1640",2026-09-02 16:40:00,"T5","26C","plate_1_26","B2","Sample",3,"48dpf",14.4283,1,4340,""
"1935",20260504,"Resaz_Assay_T5_26C_260504_1640",2026-09-02 16:40:00,"T5","26C","plate_1_26","B3","Sample",4,"48dpf",15.6239,1,6281,""
"1936",20260504,"Resaz_Assay_T5_26C_260504_1640",2026-09-02 16:40:00,"T5","26C","plate_1_26","B4","Sample",5,"48dpf",14.3521,1,5297,""
"1937",20260504,"Resaz_Assay_T5_26C_260504_1640",2026-09-02 16:40:00,"T5","26C","plate_1_26","B5","Sample",6,"48dpf",15.0897,1,1037,""
"1938",20260504,"Resaz_Assay_T5_26C_260504_1640",2026-09-02 16:40:00,"T5","26C","plate_1_26","B6","Sample",8,"48dpf",16.8419,1,2157,""
"1939",20260504,"Resaz_Assay_T5_26C_260504_1640",2026-09-02 16:40:00,"T5","26C","plate_1_26","B7","Sample",52,"48dpf",12.0804,1,985,""
"1940",20260504,"Resaz_Assay_T5_26C_260504_1640",2026-09-02 16:40:00,"T5","26C","plate_1_26","B8","Sample",53,"48dpf",10.4075,1,1045,""
"1941",20260504,"Resaz_Assay_T5_26C_260504_1640",2026-09-02 16:40:00,"T5","26C","plate_1_26","B9","Sample",54,"48dpf",6.6055,1,743,""
"1942",20260504,"Resaz_Assay_T5_26C_260504_1640",2026-09-02 16:40:00,"T5","26C","plate_1_26","B10","Sample",55,"48dpf",8.3556,1,641,""
"1943",20260504,"Resaz_Assay_T5_26C_260504_1640",2026-09-02 16:40:00,"T5","26C","plate_1_26","B11","Sample",56,"48dpf",10.9561,1,2532,""
"1944",20260504,"Resaz_Assay_T5_26C_260504_1640",2026-09-02 16:40:00,"T5","26C","plate_1_26","B12","Sample",57,"48dpf",9.3432,1,2030,""
"1945",20260504,"Resaz_Assay_T5_26C_260504_1640",2026-09-02 16:40:00,"T5","26C","plate_1_26","C1","Sample",1,"48dpf",14.9501,1,3156,""
"1946",20260504,"Resaz_Assay_T5_26C_260504_1640",2026-09-02 16:40:00,"T5","26C","plate_1_26","C2","Sample",3,"48dpf",15.2848,1,5123,""
"1947",20260504,"Resaz_Assay_T5_26C_260504_1640",2026-09-02 16:40:00,"T5","26C","plate_1_26","C3","Sample",4,"48dpf",18.0444,1,3289,""
"1948",20260504,"Resaz_Assay_T5_26C_260504_1640",2026-09-02 16:40:00,"T5","26C","plate_1_26","C4","Sample",5,"48dpf",17.5726,1,5891,""
"1949",20260504,"Resaz_Assay_T5_26C_260504_1640",2026-09-02 16:40:00,"T5","26C","plate_1_26","C5","Sample",6,"48dpf",17.7427,1,1057,""
"1950",20260504,"Resaz_Assay_T5_26C_260504_1640",2026-09-02 16:40:00,"T5","26C","plate_1_26","C6","Sample",8,"48dpf",10.3197,1,5448,""
"1951",20260504,"Resaz_Assay_T5_26C_260504_1640",2026-09-02 16:40:00,"T5","26C","plate_1_26","C7","Sample",52,"48dpf",10.9122,1,4614,""
"1952",20260504,"Resaz_Assay_T5_26C_260504_1640",2026-09-02 16:40:00,"T5","26C","plate_1_26","C8","Sample",53,"48dpf",12.1851,1,2895,""
"1953",20260504,"Resaz_Assay_T5_26C_260504_1640",2026-09-02 16:40:00,"T5","26C","plate_1_26","C9","Sample",54,"48dpf",10.5282,1,2672,""
"1954",20260504,"Resaz_Assay_T5_26C_260504_1640",2026-09-02 16:40:00,"T5","26C","plate_1_26","C10","Sample",55,"48dpf",10.5501,1,2942,""
"1955",20260504,"Resaz_Assay_T5_26C_260504_1640",2026-09-02 16:40:00,"T5","26C","plate_1_26","C11","Sample",56,"48dpf",14.6539,1,3893,""
"1956",20260504,"Resaz_Assay_T5_26C_260504_1640",2026-09-02 16:40:00,"T5","26C","plate_1_26","C12","Sample",57,"48dpf",11.9985,1,943,""
"1957",20260504,"Resaz_Assay_T5_26C_260504_1640",2026-09-02 16:40:00,"T5","26C","plate_1_26","D1","Sample",1,"48dpf",13.0958,1,5363,""
"1958",20260504,"Resaz_Assay_T5_26C_260504_1640",2026-09-02 16:40:00,"T5","26C","plate_1_26","D2","Sample",3,"48dpf",12.7392,1,5286,""
"1959",20260504,"Resaz_Assay_T5_26C_260504_1640",2026-09-02 16:40:00,"T5","26C","plate_1_26","D3","Sample",4,"48dpf",10.0948,1,1536,""
"1960",20260504,"Resaz_Assay_T5_26C_260504_1640",2026-09-02 16:40:00,"T5","26C","plate_1_26","D4","Sample",5,"48dpf",8.4983,1,4416,""
"1961",20260504,"Resaz_Assay_T5_26C_260504_1640",2026-09-02 16:40:00,"T5","26C","plate_1_26","D5","Sample",6,"48dpf",8.7726,1,965,""
"1962",20260504,"Resaz_Assay_T5_26C_260504_1640",2026-09-02 16:40:00,"T5","26C","plate_1_26","D6","Sample",8,"48dpf",14.407,1,2385,""
"1963",20260504,"Resaz_Assay_T5_26C_260504_1640",2026-09-02 16:40:00,"T5","26C","plate_1_26","D7","Sample",52,"48dpf",13.2549,1,1111,""
"1964",20260504,"Resaz_Assay_T5_26C_260504_1640",2026-09-02 16:40:00,"T5","26C","plate_1_26","D8","Sample",53,"48dpf",13.5511,1,1983,""
"1965",20260504,"Resaz_Assay_T5_26C_260504_1640",2026-09-02 16:40:00,"T5","26C","plate_1_26","D9","Sample",54,"48dpf",11.1811,1,1129,""
"1966",20260504,"Resaz_Assay_T5_26C_260504_1640",2026-09-02 16:40:00,"T5","26C","plate_1_26","D10","Sample",55,"48dpf",14.2918,1,5514,""
"1967",20260504,"Resaz_Assay_T5_26C_260504_1640",2026-09-02 16:40:00,"T5","26C","plate_1_26","D11","Sample",56,"48dpf",10.007,1,2395,""
"1968",20260504,"Resaz_Assay_T5_26C_260504_1640",2026-09-02 16:40:00,"T5","26C","plate_1_26","D12","Sample",57,"48dpf",11.7791,1,1002,""
"1969",20260504,"Resaz_Assay_T5_26C_260504_1640",2026-09-02 16:40:00,"T5","26C","plate_1_26","E1","Sample",1,"48dpf",12.3551,1,1174,""
"1970",20260504,"Resaz_Assay_T5_26C_260504_1640",2026-09-02 16:40:00,"T5","26C","plate_1_26","E2","Sample",3,"48dpf",20.2718,1,8623,""
"1971",20260504,"Resaz_Assay_T5_26C_260504_1640",2026-09-02 16:40:00,"T5","26C","plate_1_26","E3","Sample",4,"48dpf",14.7526,1,5668,""
"1972",20260504,"Resaz_Assay_T5_26C_260504_1640",2026-09-02 16:40:00,"T5","26C","plate_1_26","E4","Sample",5,"48dpf",11.4718,1,4338,""
"1973",20260504,"Resaz_Assay_T5_26C_260504_1640",2026-09-02 16:40:00,"T5","26C","plate_1_26","E5","Sample",6,"48dpf",8.3501,1,2085,""
"1974",20260504,"Resaz_Assay_T5_26C_260504_1640",2026-09-02 16:40:00,"T5","26C","plate_1_26","E6","Sample",8,"48dpf",14.2753,1,1144,""
"1975",20260504,"Resaz_Assay_T5_26C_260504_1640",2026-09-02 16:40:00,"T5","26C","plate_1_26","E7","Sample",52,"48dpf",10.8848,1,885,""
"1976",20260504,"Resaz_Assay_T5_26C_260504_1640",2026-09-02 16:40:00,"T5","26C","plate_1_26","E8","Sample",53,"48dpf",14.7856,1,2373,""
"1977",20260504,"Resaz_Assay_T5_26C_260504_1640",2026-09-02 16:40:00,"T5","26C","plate_1_26","E9","Sample",54,"48dpf",11.1481,1,1902,""
"1978",20260504,"Resaz_Assay_T5_26C_260504_1640",2026-09-02 16:40:00,"T5","26C","plate_1_26","E10","Sample",55,"48dpf",15.2299,1,1073,""
"1979",20260504,"Resaz_Assay_T5_26C_260504_1640",2026-09-02 16:40:00,"T5","26C","plate_1_26","E11","Sample",56,"48dpf",14.8898,1,942,""
"1980",20260504,"Resaz_Assay_T5_26C_260504_1640",2026-09-02 16:40:00,"T5","26C","plate_1_26","E12","Sample",57,"48dpf",12.9092,1,928,""
"1981",20260504,"Resaz_Assay_T5_26C_260504_1640",2026-09-02 16:40:00,"T5","26C","plate_1_26","F1","Sample",1,"48dpf",11.2579,1,3808,""
"1982",20260504,"Resaz_Assay_T5_26C_260504_1640",2026-09-02 16:40:00,"T5","26C","plate_1_26","F2","Sample",3,"48dpf",14.0339,1,5013,""
"1983",20260504,"Resaz_Assay_T5_26C_260504_1640",2026-09-02 16:40:00,"T5","26C","plate_1_26","F3","Sample",4,"48dpf",8.6025,1,2063,""
"1984",20260504,"Resaz_Assay_T5_26C_260504_1640",2026-09-02 16:40:00,"T5","26C","plate_1_26","F4","Sample",5,"48dpf",14.7142,1,6552,""
"1985",20260504,"Resaz_Assay_T5_26C_260504_1640",2026-09-02 16:40:00,"T5","26C","plate_1_26","F5","Sample",6,"48dpf",10.424,1,997,""
"1986",20260504,"Resaz_Assay_T5_26C_260504_1640",2026-09-02 16:40:00,"T5","26C","plate_1_26","F6","Sample",8,"48dpf",10.8025,1,797,""
"1987",20260504,"Resaz_Assay_T5_26C_260504_1640",2026-09-02 16:40:00,"T5","26C","plate_1_26","F7","Sample",52,"48dpf",5.0693,1,1354,""
"1988",20260504,"Resaz_Assay_T5_26C_260504_1640",2026-09-02 16:40:00,"T5","26C","plate_1_26","F8","Sample",53,"48dpf",5.9636,1,795,""
"1989",20260504,"Resaz_Assay_T5_26C_260504_1640",2026-09-02 16:40:00,"T5","26C","plate_1_26","F9","Sample",54,"48dpf",8.3446,1,1056,""
"1990",20260504,"Resaz_Assay_T5_26C_260504_1640",2026-09-02 16:40:00,"T5","26C","plate_1_26","F10","Sample",55,"48dpf",13.1561,1,1467,""
"1991",20260504,"Resaz_Assay_T5_26C_260504_1640",2026-09-02 16:40:00,"T5","26C","plate_1_26","F11","Sample",56,"48dpf",7.198,1,819,""
"1992",20260504,"Resaz_Assay_T5_26C_260504_1640",2026-09-02 16:40:00,"T5","26C","plate_1_26","F12","Sample",57,"48dpf",12.004,1,724,""
"1993",20260504,"Resaz_Assay_T5_26C_260504_1640",2026-09-02 16:40:00,"T5","26C","plate_1_26","G1","Sample",1,"48dpf",11.3511,1,4487,""
"1994",20260504,"Resaz_Assay_T5_26C_260504_1640",2026-09-02 16:40:00,"T5","26C","plate_1_26","G2","Sample",3,"48dpf",14.4673,1,5621,""
"1995",20260504,"Resaz_Assay_T5_26C_260504_1640",2026-09-02 16:40:00,"T5","26C","plate_1_26","G3","Sample",4,"48dpf",9.409,1,3071,""
"1996",20260504,"Resaz_Assay_T5_26C_260504_1640",2026-09-02 16:40:00,"T5","26C","plate_1_26","G4","Sample",5,"48dpf",10.9726,1,4937,""
"1997",20260504,"Resaz_Assay_T5_26C_260504_1640",2026-09-02 16:40:00,"T5","26C","plate_1_26","G5","Sample",6,"48dpf",14.9885,1,1639,""
"1998",20260504,"Resaz_Assay_T5_26C_260504_1640",2026-09-02 16:40:00,"T5","26C","plate_1_26","G6","Sample",8,"48dpf",16.991,1,1352,""
"1999",20260504,"Resaz_Assay_T5_26C_260504_1640",2026-09-02 16:40:00,"T5","26C","plate_1_26","G7","Sample",52,"48dpf",13.008,1,843,""
"2000",20260504,"Resaz_Assay_T5_26C_260504_1640",2026-09-02 16:40:00,"T5","26C","plate_1_26","G8","Sample",53,"48dpf",9.1566,1,2268,""
"2001",20260504,"Resaz_Assay_T5_26C_260504_1640",2026-09-02 16:40:00,"T5","26C","plate_1_26","G9","Sample",54,"48dpf",12.4374,1,1049,""
"2002",20260504,"Resaz_Assay_T5_26C_260504_1640",2026-09-02 16:40:00,"T5","26C","plate_1_26","G10","Sample",55,"48dpf",12.015,1,1011,""
"2003",20260504,"Resaz_Assay_T5_26C_260504_1640",2026-09-02 16:40:00,"T5","26C","plate_1_26","G11","Sample",56,"48dpf",8.3831,1,900,""
"2004",20260504,"Resaz_Assay_T5_26C_260504_1640",2026-09-02 16:40:00,"T5","26C","plate_1_26","G12","Sample",57,"48dpf",13.3866,1,660,""
"2005",20260504,"Resaz_Assay_T5_26C_260504_1640",2026-09-02 16:40:00,"T5","26C","plate_1_26","H1","Blank",NA,"48dpf",NA,NA,484,""
"2006",20260504,"Resaz_Assay_T5_26C_260504_1640",2026-09-02 16:40:00,"T5","26C","plate_1_26","H2","Blank",NA,"48dpf",16.2065,1,896,"empty shell"
"2007",20260504,"Resaz_Assay_T5_26C_260504_1640",2026-09-02 16:40:00,"T5","26C","plate_1_26","H3","Blank",NA,"48dpf",NA,NA,407,""
"2008",20260504,"Resaz_Assay_T5_26C_260504_1640",2026-09-02 16:40:00,"T5","26C","plate_1_26","H4","Blank",NA,"48dpf",15.5372,1,593,"empty shell"
"2009",20260504,"Resaz_Assay_T5_26C_260504_1640",2026-09-02 16:40:00,"T5","26C","plate_1_26","H5","Blank",NA,"48dpf",NA,NA,429,""
"2010",20260504,"Resaz_Assay_T5_26C_260504_1640",2026-09-02 16:40:00,"T5","26C","plate_1_26","H6","Blank",NA,"48dpf",21.3033,1,1085,"empty shell"
"2011",20260504,"Resaz_Assay_T5_26C_260504_1640",2026-09-02 16:40:00,"T5","26C","plate_1_26","H7","Blank",NA,"48dpf",NA,NA,375,""
"2012",20260504,"Resaz_Assay_T5_26C_260504_1640",2026-09-02 16:40:00,"T5","26C","plate_1_26","H8","Blank",NA,"48dpf",24.2768,1,1081,"empty shell"
"2013",20260504,"Resaz_Assay_T5_26C_260504_1640",2026-09-02 16:40:00,"T5","26C","plate_1_26","H9","Blank",NA,"48dpf",NA,NA,391,""
"2014",20260504,"Resaz_Assay_T5_26C_260504_1640",2026-09-02 16:40:00,"T5","26C","plate_1_26","H10","Blank",NA,"48dpf",15.8225,1,924,"empty shell"
"2015",20260504,"Resaz_Assay_T5_26C_260504_1640",2026-09-02 16:40:00,"T5","26C","plate_1_26","H11","Blank",NA,"48dpf",NA,NA,430,""
"2016",20260504,"Resaz_Assay_T5_26C_260504_1640",2026-09-02 16:40:00,"T5","26C","plate_1_26","H12","Blank",NA,"48dpf",16.6509,1,684,"empty shell"
"2017",20260504,"Resaz_Assay_T5_30C_260504_1633",2026-09-02 16:33:00,"T5","30C","plate_2_30","A1","Sample",1,"48dpf",12.9599,1,5788,""
"2018",20260504,"Resaz_Assay_T5_30C_260504_1633",2026-09-02 16:33:00,"T5","30C","plate_2_30","A2","Sample",3,"48dpf",12.3686,1,6517,""
"2019",20260504,"Resaz_Assay_T5_30C_260504_1633",2026-09-02 16:33:00,"T5","30C","plate_2_30","A3","Sample",4,"48dpf",11.9415,1,5620,""
"2020",20260504,"Resaz_Assay_T5_30C_260504_1633",2026-09-02 16:33:00,"T5","30C","plate_2_30","A4","Sample",5,"48dpf",11.0874,1,5169,""
"2021",20260504,"Resaz_Assay_T5_30C_260504_1633",2026-09-02 16:33:00,"T5","30C","plate_2_30","A5","Sample",6,"48dpf",12.73,1,2547,""
"2022",20260504,"Resaz_Assay_T5_30C_260504_1633",2026-09-02 16:33:00,"T5","30C","plate_2_30","A6","Sample",8,"48dpf",13.0749,1,6465,""
"2023",20260504,"Resaz_Assay_T5_30C_260504_1633",2026-09-02 16:33:00,"T5","30C","plate_2_30","A7","Sample",52,"48dpf",10.841,1,2491,""
"2024",20260504,"Resaz_Assay_T5_30C_260504_1633",2026-09-02 16:33:00,"T5","30C","plate_2_30","A8","Sample",53,"48dpf",13.2063,1,5263,""
"2025",20260504,"Resaz_Assay_T5_30C_260504_1633",2026-09-02 16:33:00,"T5","30C","plate_2_30","A9","Sample",54,"48dpf",13.4855,1,1408,""
"2026",20260504,"Resaz_Assay_T5_30C_260504_1633",2026-09-02 16:33:00,"T5","30C","plate_2_30","A10","Sample",55,"48dpf",21.8463,1,7671,""
"2027",20260504,"Resaz_Assay_T5_30C_260504_1633",2026-09-02 16:33:00,"T5","30C","plate_2_30","A11","Sample",56,"48dpf",8.7221,1,2822,""
"2028",20260504,"Resaz_Assay_T5_30C_260504_1633",2026-09-02 16:33:00,"T5","30C","plate_2_30","A12","Sample",57,"48dpf",9.7733,1,919,""
"2029",20260504,"Resaz_Assay_T5_30C_260504_1633",2026-09-02 16:33:00,"T5","30C","plate_2_30","B1","Sample",1,"48dpf",10.7753,1,1130,""
"2030",20260504,"Resaz_Assay_T5_30C_260504_1633",2026-09-02 16:33:00,"T5","30C","plate_2_30","B2","Sample",3,"48dpf",20.6307,1,4900,""
"2031",20260504,"Resaz_Assay_T5_30C_260504_1633",2026-09-02 16:33:00,"T5","30C","plate_2_30","B3","Sample",4,"48dpf",15.0624,1,6007,""
"2032",20260504,"Resaz_Assay_T5_30C_260504_1633",2026-09-02 16:33:00,"T5","30C","plate_2_30","B4","Sample",5,"48dpf",13.7648,1,5960,""
"2033",20260504,"Resaz_Assay_T5_30C_260504_1633",2026-09-02 16:33:00,"T5","30C","plate_2_30","B5","Sample",6,"48dpf",17.8055,1,1596,""
"2034",20260504,"Resaz_Assay_T5_30C_260504_1633",2026-09-02 16:33:00,"T5","30C","plate_2_30","B6","Sample",8,"48dpf",10.2989,1,1251,""
"2035",20260504,"Resaz_Assay_T5_30C_260504_1633",2026-09-02 16:33:00,"T5","30C","plate_2_30","B7","Sample",52,"48dpf",14.159,1,5869,""
"2036",20260504,"Resaz_Assay_T5_30C_260504_1633",2026-09-02 16:33:00,"T5","30C","plate_2_30","B8","Sample",53,"48dpf",13.9126,1,1320,""
"2037",20260504,"Resaz_Assay_T5_30C_260504_1633",2026-09-02 16:33:00,"T5","30C","plate_2_30","B9","Sample",54,"48dpf",12.9763,1,4899,""
"2038",20260504,"Resaz_Assay_T5_30C_260504_1633",2026-09-02 16:33:00,"T5","30C","plate_2_30","B10","Sample",55,"48dpf",17.1321,1,2203,""
"2039",20260504,"Resaz_Assay_T5_30C_260504_1633",2026-09-02 16:33:00,"T5","30C","plate_2_30","B11","Sample",56,"48dpf",6.1761,1,750,""
"2040",20260504,"Resaz_Assay_T5_30C_260504_1633",2026-09-02 16:33:00,"T5","30C","plate_2_30","B12","Sample",57,"48dpf",6.0118,1,3951,""
"2041",20260504,"Resaz_Assay_T5_30C_260504_1633",2026-09-02 16:33:00,"T5","30C","plate_2_30","C1","Sample",1,"48dpf",10.7753,1,5047,""
"2042",20260504,"Resaz_Assay_T5_30C_260504_1633",2026-09-02 16:33:00,"T5","30C","plate_2_30","C2","Sample",3,"48dpf",14.931,1,4254,""
"2043",20260504,"Resaz_Assay_T5_30C_260504_1633",2026-09-02 16:33:00,"T5","30C","plate_2_30","C3","Sample",4,"48dpf",14.892,1,7249,""
"2044",20260504,"Resaz_Assay_T5_30C_260504_1633",2026-09-02 16:33:00,"T5","30C","plate_2_30","C4","Sample",5,"48dpf",10.1183,1,3347,""
"2045",20260504,"Resaz_Assay_T5_30C_260504_1633",2026-09-02 16:33:00,"T5","30C","plate_2_30","C5","Sample",6,"48dpf",18.3804,1,1191,""
"2046",20260504,"Resaz_Assay_T5_30C_260504_1633",2026-09-02 16:33:00,"T5","30C","plate_2_30","C6","Sample",8,"48dpf",14.6682,1,5985,""
"2047",20260504,"Resaz_Assay_T5_30C_260504_1633",2026-09-02 16:33:00,"T5","30C","plate_2_30","C7","Sample",52,"48dpf",14.3397,1,1546,""
"2048",20260504,"Resaz_Assay_T5_30C_260504_1633",2026-09-02 16:33:00,"T5","30C","plate_2_30","C8","Sample",53,"48dpf",2.4474,1,2236,""
"2049",20260504,"Resaz_Assay_T5_30C_260504_1633",2026-09-02 16:33:00,"T5","30C","plate_2_30","C9","Sample",54,"48dpf",14.6518,1,2028,""
"2050",20260504,"Resaz_Assay_T5_30C_260504_1633",2026-09-02 16:33:00,"T5","30C","plate_2_30","C10","Sample",55,"48dpf",11.3502,1,1940,""
"2051",20260504,"Resaz_Assay_T5_30C_260504_1633",2026-09-02 16:33:00,"T5","30C","plate_2_30","C11","Sample",56,"48dpf",17.5427,1,5708,""
"2052",20260504,"Resaz_Assay_T5_30C_260504_1633",2026-09-02 16:33:00,"T5","30C","plate_2_30","C12","Sample",57,"48dpf",14.4875,1,6918,""
"2053",20260504,"Resaz_Assay_T5_30C_260504_1633",2026-09-02 16:33:00,"T5","30C","plate_2_30","D1","Sample",1,"48dpf",10.2989,1,1475,""
"2054",20260504,"Resaz_Assay_T5_30C_260504_1633",2026-09-02 16:33:00,"T5","30C","plate_2_30","D2","Sample",3,"48dpf",16.7707,1,6866,""
"2055",20260504,"Resaz_Assay_T5_30C_260504_1633",2026-09-02 16:33:00,"T5","30C","plate_2_30","D3","Sample",4,"48dpf",17.5756,1,3372,""
"2056",20260504,"Resaz_Assay_T5_30C_260504_1633",2026-09-02 16:33:00,"T5","30C","plate_2_30","D4","Sample",5,"48dpf",14.4711,1,3764,""
"2057",20260504,"Resaz_Assay_T5_30C_260504_1633",2026-09-02 16:33:00,"T5","30C","plate_2_30","D5","Sample",6,"48dpf",19.2838,1,1330,""
"2058",20260504,"Resaz_Assay_T5_30C_260504_1633",2026-09-02 16:33:00,"T5","30C","plate_2_30","D6","Sample",8,"48dpf",18.6432,1,1965,""
"2059",20260504,"Resaz_Assay_T5_30C_260504_1633",2026-09-02 16:33:00,"T5","30C","plate_2_30","D7","Sample",52,"48dpf",7.6216,1,3925,""
"2060",20260504,"Resaz_Assay_T5_30C_260504_1633",2026-09-02 16:33:00,"T5","30C","plate_2_30","D8","Sample",53,"48dpf",9.8555,1,4103,""
"2061",20260504,"Resaz_Assay_T5_30C_260504_1633",2026-09-02 16:33:00,"T5","30C","plate_2_30","D9","Sample",54,"48dpf",15.588,1,4656,""
"2062",20260504,"Resaz_Assay_T5_30C_260504_1633",2026-09-02 16:33:00,"T5","30C","plate_2_30","D10","Sample",55,"48dpf",11.1531,1,4959,""
"2063",20260504,"Resaz_Assay_T5_30C_260504_1633",2026-09-02 16:33:00,"T5","30C","plate_2_30","D11","Sample",56,"48dpf",10.7753,1,919,""
"2064",20260504,"Resaz_Assay_T5_30C_260504_1633",2026-09-02 16:33:00,"T5","30C","plate_2_30","D12","Sample",57,"48dpf",10.3647,1,1307,""
"2065",20260504,"Resaz_Assay_T5_30C_260504_1633",2026-09-02 16:33:00,"T5","30C","plate_2_30","E1","Sample",1,"48dpf",10.7096,1,2980,""
"2066",20260504,"Resaz_Assay_T5_30C_260504_1633",2026-09-02 16:33:00,"T5","30C","plate_2_30","E2","Sample",3,"48dpf",22.8647,1,6437,""
"2067",20260504,"Resaz_Assay_T5_30C_260504_1633",2026-09-02 16:33:00,"T5","30C","plate_2_30","E3","Sample",4,"48dpf",14.8817,1,5649,""
"2068",20260504,"Resaz_Assay_T5_30C_260504_1633",2026-09-02 16:33:00,"T5","30C","plate_2_30","E4","Sample",5,"48dpf",11.9744,1,2481,""
"2069",20260504,"Resaz_Assay_T5_30C_260504_1633",2026-09-02 16:33:00,"T5","30C","plate_2_30","E5","Sample",6,"48dpf",11.3502,1,902,""
"2070",20260504,"Resaz_Assay_T5_30C_260504_1633",2026-09-02 16:33:00,"T5","30C","plate_2_30","E6","Sample",8,"48dpf",11.4652,1,4949,""
"2071",20260504,"Resaz_Assay_T5_30C_260504_1633",2026-09-02 16:33:00,"T5","30C","plate_2_30","E7","Sample",52,"48dpf",11.5473,1,1080,""
"2072",20260504,"Resaz_Assay_T5_30C_260504_1633",2026-09-02 16:33:00,"T5","30C","plate_2_30","E8","Sample",53,"48dpf",18.0191,1,2714,""
"2073",20260504,"Resaz_Assay_T5_30C_260504_1633",2026-09-02 16:33:00,"T5","30C","plate_2_30","E9","Sample",54,"48dpf",9.3463,1,3354,""
"2074",20260504,"Resaz_Assay_T5_30C_260504_1633",2026-09-02 16:33:00,"T5","30C","plate_2_30","E10","Sample",55,"48dpf",17.6905,1,3490,""
"2075",20260504,"Resaz_Assay_T5_30C_260504_1633",2026-09-02 16:33:00,"T5","30C","plate_2_30","E11","Sample",56,"48dpf",19.364,1,4160,""
"2076",20260504,"Resaz_Assay_T5_30C_260504_1633",2026-09-02 16:33:00,"T5","30C","plate_2_30","E12","Sample",57,"48dpf",13.0913,1,2444,""
"2077",20260504,"Resaz_Assay_T5_30C_260504_1633",2026-09-02 16:33:00,"T5","30C","plate_2_30","F1","Sample",1,"48dpf",11.3995,1,5962,""
"2078",20260504,"Resaz_Assay_T5_30C_260504_1633",2026-09-02 16:33:00,"T5","30C","plate_2_30","F2","Sample",3,"48dpf",17.8219,1,4410,""
"2079",20260504,"Resaz_Assay_T5_30C_260504_1633",2026-09-02 16:33:00,"T5","30C","plate_2_30","F3","Sample",4,"48dpf",14.3068,1,2479,""
"2080",20260504,"Resaz_Assay_T5_30C_260504_1633",2026-09-02 16:33:00,"T5","30C","plate_2_30","F4","Sample",5,"48dpf",15.9166,1,5502,""
"2081",20260504,"Resaz_Assay_T5_30C_260504_1633",2026-09-02 16:33:00,"T5","30C","plate_2_30","F5","Sample",6,"48dpf",16.7871,1,1075,""
"2082",20260504,"Resaz_Assay_T5_30C_260504_1633",2026-09-02 16:33:00,"T5","30C","plate_2_30","F6","Sample",8,"48dpf",8.5414,1,1070,""
"2083",20260504,"Resaz_Assay_T5_30C_260504_1633",2026-09-02 16:33:00,"T5","30C","plate_2_30","F7","Sample",52,"48dpf",14.5861,1,1208,""
"2084",20260504,"Resaz_Assay_T5_30C_260504_1633",2026-09-02 16:33:00,"T5","30C","plate_2_30","F8","Sample",53,"48dpf",10.7917,1,4544,""
"2085",20260504,"Resaz_Assay_T5_30C_260504_1633",2026-09-02 16:33:00,"T5","30C","plate_2_30","F9","Sample",54,"48dpf",14.4711,1,7073,""
"2086",20260504,"Resaz_Assay_T5_30C_260504_1633",2026-09-02 16:33:00,"T5","30C","plate_2_30","F10","Sample",55,"48dpf",7.9172,1,2403,""
"2087",20260504,"Resaz_Assay_T5_30C_260504_1633",2026-09-02 16:33:00,"T5","30C","plate_2_30","F11","Sample",56,"48dpf",11.0217,1,1966,""
"2088",20260504,"Resaz_Assay_T5_30C_260504_1633",2026-09-02 16:33:00,"T5","30C","plate_2_30","F12","Sample",57,"48dpf",11.7116,1,5487,""
"2089",20260504,"Resaz_Assay_T5_30C_260504_1633",2026-09-02 16:33:00,"T5","30C","plate_2_30","G1","Sample",1,"48dpf",19.4317,1,1810,""
"2090",20260504,"Resaz_Assay_T5_30C_260504_1633",2026-09-02 16:33:00,"T5","30C","plate_2_30","G2","Sample",3,"48dpf",19.6452,1,5861,""
"2091",20260504,"Resaz_Assay_T5_30C_260504_1633",2026-09-02 16:33:00,"T5","30C","plate_2_30","G3","Sample",4,"48dpf",17.1321,1,2709,""
"2092",20260504,"Resaz_Assay_T5_30C_260504_1633",2026-09-02 16:33:00,"T5","30C","plate_2_30","G4","Sample",5,"48dpf",11.6787,1,3781,""
"2093",20260504,"Resaz_Assay_T5_30C_260504_1633",2026-09-02 16:33:00,"T5","30C","plate_2_30","G5","Sample",6,"48dpf",15.0953,1,2208,""
"2094",20260504,"Resaz_Assay_T5_30C_260504_1633",2026-09-02 16:33:00,"T5","30C","plate_2_30","G6","Sample",8,"48dpf",16.2779,1,2727,""
"2095",20260504,"Resaz_Assay_T5_30C_260504_1633",2026-09-02 16:33:00,"T5","30C","plate_2_30","G7","Sample",52,"48dpf",8.3607,1,771,""
"2096",20260504,"Resaz_Assay_T5_30C_260504_1633",2026-09-02 16:33:00,"T5","30C","plate_2_30","G8","Sample",53,"48dpf",9.3791,1,4240,""
"2097",20260504,"Resaz_Assay_T5_30C_260504_1633",2026-09-02 16:33:00,"T5","30C","plate_2_30","G9","Sample",54,"48dpf",18.5283,1,5647,""
"2098",20260504,"Resaz_Assay_T5_30C_260504_1633",2026-09-02 16:33:00,"T5","30C","plate_2_30","G10","Sample",55,"48dpf",16.9514,1,3917,""
"2099",20260504,"Resaz_Assay_T5_30C_260504_1633",2026-09-02 16:33:00,"T5","30C","plate_2_30","G11","Sample",56,"48dpf",12.0072,1,4661,""
"2100",20260504,"Resaz_Assay_T5_30C_260504_1633",2026-09-02 16:33:00,"T5","30C","plate_2_30","G12","Sample",57,"48dpf",16.4586,1,857,""
"2101",20260504,"Resaz_Assay_T5_30C_260504_1633",2026-09-02 16:33:00,"T5","30C","plate_2_30","H1","Blank",NA,"48dpf",NA,NA,465,""
"2102",20260504,"Resaz_Assay_T5_30C_260504_1633",2026-09-02 16:33:00,"T5","30C","plate_2_30","H2","Blank",NA,"48dpf",14.7175,1,607,"empty shell"
"2103",20260504,"Resaz_Assay_T5_30C_260504_1633",2026-09-02 16:33:00,"T5","30C","plate_2_30","H3","Blank",NA,"48dpf",NA,NA,422,""
"2104",20260504,"Resaz_Assay_T5_30C_260504_1633",2026-09-02 16:33:00,"T5","30C","plate_2_30","H4","Blank",NA,"48dpf",19.4317,1,813,"empty shell"
"2105",20260504,"Resaz_Assay_T5_30C_260504_1633",2026-09-02 16:33:00,"T5","30C","plate_2_30","H5","Blank",NA,"48dpf",NA,NA,411,""
"2106",20260504,"Resaz_Assay_T5_30C_260504_1633",2026-09-02 16:33:00,"T5","30C","plate_2_30","H6","Blank",NA,"48dpf",19.6616,1,742,"empty shell"
"2107",20260504,"Resaz_Assay_T5_30C_260504_1633",2026-09-02 16:33:00,"T5","30C","plate_2_30","H7","Blank",NA,"48dpf",NA,NA,398,""
"2108",20260504,"Resaz_Assay_T5_30C_260504_1633",2026-09-02 16:33:00,"T5","30C","plate_2_30","H8","Blank",NA,"48dpf",23.8995,1,1268,"empty shell"
"2109",20260504,"Resaz_Assay_T5_30C_260504_1633",2026-09-02 16:33:00,"T5","30C","plate_2_30","H9","Blank",NA,"48dpf",NA,NA,420,""
"2110",20260504,"Resaz_Assay_T5_30C_260504_1633",2026-09-02 16:33:00,"T5","30C","plate_2_30","H10","Blank",NA,"48dpf",10.2858,1,1435,"empty shell"
"2111",20260504,"Resaz_Assay_T5_30C_260504_1633",2026-09-02 16:33:00,"T5","30C","plate_2_30","H11","Blank",NA,"48dpf",NA,NA,431,""
"2112",20260504,"Resaz_Assay_T5_30C_260504_1633",2026-09-02 16:33:00,"T5","30C","plate_2_30","H12","Blank",NA,"48dpf",15.8344,1,1213,"empty shell"
"2113",20260504,"Resaz_Assay_T5_34C_260504_1638",2026-09-02 16:38:00,"T5","34C","plate_3_34","A1","Sample",1,"48dpf",12.5209,1,3537,""
"2114",20260504,"Resaz_Assay_T5_34C_260504_1638",2026-09-02 16:38:00,"T5","34C","plate_3_34","A2","Sample",3,"48dpf",12.1401,1,10986,""
"2115",20260504,"Resaz_Assay_T5_34C_260504_1638",2026-09-02 16:38:00,"T5","34C","plate_3_34","A3","Sample",4,"48dpf",11.211,1,4302,""
"2116",20260504,"Resaz_Assay_T5_34C_260504_1638",2026-09-02 16:38:00,"T5","34C","plate_3_34","A4","Sample",5,"48dpf",10.8911,1,13667,""
"2117",20260504,"Resaz_Assay_T5_34C_260504_1638",2026-09-02 16:38:00,"T5","34C","plate_3_34","A5","Sample",6,"48dpf",12.1706,1,3785,""
"2118",20260504,"Resaz_Assay_T5_34C_260504_1638",2026-09-02 16:38:00,"T5","34C","plate_3_34","A6","Sample",8,"48dpf",12.6276,1,2252,""
"2119",20260504,"Resaz_Assay_T5_34C_260504_1638",2026-09-02 16:38:00,"T5","34C","plate_3_34","A7","Sample",52,"48dpf",10.3884,1,1597,""
"2120",20260504,"Resaz_Assay_T5_34C_260504_1638",2026-09-02 16:38:00,"T5","34C","plate_3_34","A8","Sample",53,"48dpf",11.5613,1,2275,""
"2121",20260504,"Resaz_Assay_T5_34C_260504_1638",2026-09-02 16:38:00,"T5","34C","plate_3_34","A9","Sample",54,"48dpf",12.9018,1,1994,""
"2122",20260504,"Resaz_Assay_T5_34C_260504_1638",2026-09-02 16:38:00,"T5","34C","plate_3_34","A10","Sample",55,"48dpf",21.0053,1,3059,""
"2123",20260504,"Resaz_Assay_T5_34C_260504_1638",2026-09-02 16:38:00,"T5","34C","plate_3_34","A11","Sample",56,"48dpf",8.2407,1,4213,""
"2124",20260504,"Resaz_Assay_T5_34C_260504_1638",2026-09-02 16:38:00,"T5","34C","plate_3_34","A12","Sample",57,"48dpf",9.2003,1,4114,""
"2125",20260504,"Resaz_Assay_T5_34C_260504_1638",2026-09-02 16:38:00,"T5","34C","plate_3_34","B1","Sample",1,"48dpf",10.5864,1,5488,""
"2126",20260504,"Resaz_Assay_T5_34C_260504_1638",2026-09-02 16:38:00,"T5","34C","plate_3_34","B2","Sample",3,"48dpf",20.3199,1,5508,""
"2127",20260504,"Resaz_Assay_T5_34C_260504_1638",2026-09-02 16:38:00,"T5","34C","plate_3_34","B3","Sample",4,"48dpf",14.7753,1,2476,""
"2128",20260504,"Resaz_Assay_T5_34C_260504_1638",2026-09-02 16:38:00,"T5","34C","plate_3_34","B4","Sample",5,"48dpf",13.2978,1,3783,""
"2129",20260504,"Resaz_Assay_T5_34C_260504_1638",2026-09-02 16:38:00,"T5","34C","plate_3_34","B5","Sample",6,"48dpf",16.6184,1,1540,""
"2130",20260504,"Resaz_Assay_T5_34C_260504_1638",2026-09-02 16:38:00,"T5","34C","plate_3_34","B6","Sample",8,"48dpf",10.099,1,6535,""
"2131",20260504,"Resaz_Assay_T5_34C_260504_1638",2026-09-02 16:38:00,"T5","34C","plate_3_34","B7","Sample",52,"48dpf",13.5567,1,1468,""
"2132",20260504,"Resaz_Assay_T5_34C_260504_1638",2026-09-02 16:38:00,"T5","34C","plate_3_34","B8","Sample",53,"48dpf",13.313,1,2229,""
"2133",20260504,"Resaz_Assay_T5_34C_260504_1638",2026-09-02 16:38:00,"T5","34C","plate_3_34","B9","Sample",54,"48dpf",12.6885,1,2118,""
"2134",20260504,"Resaz_Assay_T5_34C_260504_1638",2026-09-02 16:38:00,"T5","34C","plate_3_34","B10","Sample",55,"48dpf",16.3899,1,1301,""
"2135",20260504,"Resaz_Assay_T5_34C_260504_1638",2026-09-02 16:38:00,"T5","34C","plate_3_34","B11","Sample",56,"48dpf",6.032,1,1168,""
"2136",20260504,"Resaz_Assay_T5_34C_260504_1638",2026-09-02 16:38:00,"T5","34C","plate_3_34","B12","Sample",57,"48dpf",5.6359,1,9000,""
"2137",20260504,"Resaz_Assay_T5_34C_260504_1638",2026-09-02 16:38:00,"T5","34C","plate_3_34","C1","Sample",1,"48dpf",10.3123,1,1303,""
"2138",20260504,"Resaz_Assay_T5_34C_260504_1638",2026-09-02 16:38:00,"T5","34C","plate_3_34","C2","Sample",3,"48dpf",14.5773,1,5113,""
"2139",20260504,"Resaz_Assay_T5_34C_260504_1638",2026-09-02 16:38:00,"T5","34C","plate_3_34","C3","Sample",4,"48dpf",14.4859,1,3412,""
"2140",20260504,"Resaz_Assay_T5_34C_260504_1638",2026-09-02 16:38:00,"T5","34C","plate_3_34","C4","Sample",5,"48dpf",9.7182,1,2199,""
"2141",20260504,"Resaz_Assay_T5_34C_260504_1638",2026-09-02 16:38:00,"T5","34C","plate_3_34","C5","Sample",6,"48dpf",17.6238,1,4139,""
"2142",20260504,"Resaz_Assay_T5_34C_260504_1638",2026-09-02 16:38:00,"T5","34C","plate_3_34","C6","Sample",8,"48dpf",14.1356,1,5012,""
"2143",20260504,"Resaz_Assay_T5_34C_260504_1638",2026-09-02 16:38:00,"T5","34C","plate_3_34","C7","Sample",52,"48dpf",13.7395,1,3763,""
"2144",20260504,"Resaz_Assay_T5_34C_260504_1638",2026-09-02 16:38:00,"T5","34C","plate_3_34","C8","Sample",53,"48dpf",2.2239,1,2891,""
"2145",20260504,"Resaz_Assay_T5_34C_260504_1638",2026-09-02 16:38:00,"T5","34C","plate_3_34","C9","Sample",54,"48dpf",14.1203,1,954,""
"2146",20260504,"Resaz_Assay_T5_34C_260504_1638",2026-09-02 16:38:00,"T5","34C","plate_3_34","C10","Sample",55,"48dpf",10.952,1,7242,""
"2147",20260504,"Resaz_Assay_T5_34C_260504_1638",2026-09-02 16:38:00,"T5","34C","plate_3_34","C11","Sample",56,"48dpf",16.786,1,4564,""
"2148",20260504,"Resaz_Assay_T5_34C_260504_1638",2026-09-02 16:38:00,"T5","34C","plate_3_34","C12","Sample",57,"48dpf",13.9832,1,1601,""
"2149",20260504,"Resaz_Assay_T5_34C_260504_1638",2026-09-02 16:38:00,"T5","34C","plate_3_34","D1","Sample",1,"48dpf",10.0228,1,1085,""
"2150",20260504,"Resaz_Assay_T5_34C_260504_1638",2026-09-02 16:38:00,"T5","34C","plate_3_34","D2","Sample",3,"48dpf",16.2224,1,3611,""
"2151",20260504,"Resaz_Assay_T5_34C_260504_1638",2026-09-02 16:38:00,"T5","34C","plate_3_34","D3","Sample",4,"48dpf",17.1973,1,6750,""
"2152",20260504,"Resaz_Assay_T5_34C_260504_1638",2026-09-02 16:38:00,"T5","34C","plate_3_34","D4","Sample",5,"48dpf",132.9071,1,3412,""
"2153",20260504,"Resaz_Assay_T5_34C_260504_1638",2026-09-02 16:38:00,"T5","34C","plate_3_34","D5","Sample",6,"48dpf",18.2331,1,2266,""
"2154",20260504,"Resaz_Assay_T5_34C_260504_1638",2026-09-02 16:38:00,"T5","34C","plate_3_34","D6","Sample",8,"48dpf",17.6999,1,4302,""
"2155",20260504,"Resaz_Assay_T5_34C_260504_1638",2026-09-02 16:38:00,"T5","34C","plate_3_34","D7","Sample",52,"48dpf",7.4181,1,1472,""
"2156",20260504,"Resaz_Assay_T5_34C_260504_1638",2026-09-02 16:38:00,"T5","34C","plate_3_34","D8","Sample",53,"48dpf",9.5659,1,4235,""
"2157",20260504,"Resaz_Assay_T5_34C_260504_1638",2026-09-02 16:38:00,"T5","34C","plate_3_34","D9","Sample",54,"48dpf",15.3846,1,1067,""
"2158",20260504,"Resaz_Assay_T5_34C_260504_1638",2026-09-02 16:38:00,"T5","34C","plate_3_34","D10","Sample",55,"48dpf",10.8606,1,4600,""
"2159",20260504,"Resaz_Assay_T5_34C_260504_1638",2026-09-02 16:38:00,"T5","34C","plate_3_34","D11","Sample",56,"48dpf",10.495,1,3924,""
"2160",20260504,"Resaz_Assay_T5_34C_260504_1638",2026-09-02 16:38:00,"T5","34C","plate_3_34","D12","Sample",57,"48dpf",9.8401,1,1536,""
"2161",20260504,"Resaz_Assay_T5_34C_260504_1638",2026-09-02 16:38:00,"T5","34C","plate_3_34","E1","Sample",1,"48dpf",10.3884,1,2679,""
"2162",20260504,"Resaz_Assay_T5_34C_260504_1638",2026-09-02 16:38:00,"T5","34C","plate_3_34","E2","Sample",3,"48dpf",22.4981,1,4207,""
"2163",20260504,"Resaz_Assay_T5_34C_260504_1638",2026-09-02 16:38:00,"T5","34C","plate_3_34","E3","Sample",4,"48dpf",14.3945,1,2994,""
"2164",20260504,"Resaz_Assay_T5_34C_260504_1638",2026-09-02 16:38:00,"T5","34C","plate_3_34","E4","Sample",5,"48dpf",11.3176,1,5882,""
"2165",20260504,"Resaz_Assay_T5_34C_260504_1638",2026-09-02 16:38:00,"T5","34C","plate_3_34","E5","Sample",6,"48dpf",10.9063,1,1014,""
"2166",20260504,"Resaz_Assay_T5_34C_260504_1638",2026-09-02 16:38:00,"T5","34C","plate_3_34","E6","Sample",8,"48dpf",10.8606,1,3694,""
"2167",20260504,"Resaz_Assay_T5_34C_260504_1638",2026-09-02 16:38:00,"T5","34C","plate_3_34","E7","Sample",52,"48dpf",10.8911,1,1048,""
"2168",20260504,"Resaz_Assay_T5_34C_260504_1638",2026-09-02 16:38:00,"T5","34C","plate_3_34","E8","Sample",53,"48dpf",17.1211,1,1426,""
"2169",20260504,"Resaz_Assay_T5_34C_260504_1638",2026-09-02 16:38:00,"T5","34C","plate_3_34","E9","Sample",54,"48dpf",8.9718,1,1365,""
"2170",20260504,"Resaz_Assay_T5_34C_260504_1638",2026-09-02 16:38:00,"T5","34C","plate_3_34","E10","Sample",55,"48dpf",16.7403,1,1443,""
"2171",20260504,"Resaz_Assay_T5_34C_260504_1638",2026-09-02 16:38:00,"T5","34C","plate_3_34","E11","Sample",56,"48dpf",17.3496,1,1056,""
"2172",20260504,"Resaz_Assay_T5_34C_260504_1638",2026-09-02 16:38:00,"T5","34C","plate_3_34","E12","Sample",57,"48dpf",12.6885,1,1531,""
"2173",20260504,"Resaz_Assay_T5_34C_260504_1638",2026-09-02 16:38:00,"T5","34C","plate_3_34","F1","Sample",1,"48dpf",11.0739,1,4102,""
"2174",20260504,"Resaz_Assay_T5_34C_260504_1638",2026-09-02 16:38:00,"T5","34C","plate_3_34","F2","Sample",3,"48dpf",17.4867,1,6171,""
"2175",20260504,"Resaz_Assay_T5_34C_260504_1638",2026-09-02 16:38:00,"T5","34C","plate_3_34","F3","Sample",4,"48dpf",13.8614,1,4788,""
"2176",20260504,"Resaz_Assay_T5_34C_260504_1638",2026-09-02 16:38:00,"T5","34C","plate_3_34","F4","Sample",5,"48dpf",15.476,1,4254,""
"2177",20260504,"Resaz_Assay_T5_34C_260504_1638",2026-09-02 16:38:00,"T5","34C","plate_3_34","F5","Sample",6,"48dpf",15.476,1,981,""
"2178",20260504,"Resaz_Assay_T5_34C_260504_1638",2026-09-02 16:38:00,"T5","34C","plate_3_34","F6","Sample",8,"48dpf",8.1645,1,1321,""
"2179",20260504,"Resaz_Assay_T5_34C_260504_1638",2026-09-02 16:38:00,"T5","34C","plate_3_34","F7","Sample",52,"48dpf",12.1051,1,1160,""
"2180",20260504,"Resaz_Assay_T5_34C_260504_1638",2026-09-02 16:38:00,"T5","34C","plate_3_34","F8","Sample",53,"48dpf",10.3427,1,1765,""
"2181",20260504,"Resaz_Assay_T5_34C_260504_1638",2026-09-02 16:38:00,"T5","34C","plate_3_34","F9","Sample",54,"48dpf",13.9832,1,1028,""
"2182",20260504,"Resaz_Assay_T5_34C_260504_1638",2026-09-02 16:38:00,"T5","34C","plate_3_34","F10","Sample",55,"48dpf",7.6618,1,725,""
"2183",20260504,"Resaz_Assay_T5_34C_260504_1638",2026-09-02 16:38:00,"T5","34C","plate_3_34","F11","Sample",56,"48dpf",10.5407,1,875,""
"2184",20260504,"Resaz_Assay_T5_34C_260504_1638",2026-09-02 16:38:00,"T5","34C","plate_3_34","F12","Sample",57,"48dpf",10.7692,1,9336,""
"2185",20260504,"Resaz_Assay_T5_34C_260504_1638",2026-09-02 16:38:00,"T5","34C","plate_3_34","G1","Sample",1,"48dpf",18.888,1,1138,""
"2186",20260504,"Resaz_Assay_T5_34C_260504_1638",2026-09-02 16:38:00,"T5","34C","plate_3_34","G2","Sample",3,"48dpf",18.751,1,5064,""
"2187",20260504,"Resaz_Assay_T5_34C_260504_1638",2026-09-02 16:38:00,"T5","34C","plate_3_34","G3","Sample",4,"48dpf",16.7708,1,11180,""
"2188",20260504,"Resaz_Assay_T5_34C_260504_1638",2026-09-02 16:38:00,"T5","34C","plate_3_34","G4","Sample",5,"48dpf",11.4851,1,4421,""
"2189",20260504,"Resaz_Assay_T5_34C_260504_1638",2026-09-02 16:38:00,"T5","34C","plate_3_34","G5","Sample",6,"48dpf",14.6382,1,1420,""
"2190",20260504,"Resaz_Assay_T5_34C_260504_1638",2026-09-02 16:38:00,"T5","34C","plate_3_34","G6","Sample",8,"48dpf",15.6893,1,1646,""
"2191",20260504,"Resaz_Assay_T5_34C_260504_1638",2026-09-02 16:38:00,"T5","34C","plate_3_34","G7","Sample",52,"48dpf",7.9817,1,1151,""
"2192",20260504,"Resaz_Assay_T5_34C_260504_1638",2026-09-02 16:38:00,"T5","34C","plate_3_34","G8","Sample",53,"48dpf",8.7586,1,2618,""
"2193",20260504,"Resaz_Assay_T5_34C_260504_1638",2026-09-02 16:38:00,"T5","34C","plate_3_34","G9","Sample",54,"48dpf",18.1112,1,1609,""
"2194",20260504,"Resaz_Assay_T5_34C_260504_1638",2026-09-02 16:38:00,"T5","34C","plate_3_34","G10","Sample",55,"48dpf",16.6337,1,6688,""
"2195",20260504,"Resaz_Assay_T5_34C_260504_1638",2026-09-02 16:38:00,"T5","34C","plate_3_34","G11","Sample",56,"48dpf",11.4699,1,1138,""
"2196",20260504,"Resaz_Assay_T5_34C_260504_1638",2026-09-02 16:38:00,"T5","34C","plate_3_34","G12","Sample",57,"48dpf",15.7654,1,1504,""
"2197",20260504,"Resaz_Assay_T5_34C_260504_1638",2026-09-02 16:38:00,"T5","34C","plate_3_34","H1","Blank",NA,"48dpf",NA,NA,476,""
"2198",20260504,"Resaz_Assay_T5_34C_260504_1638",2026-09-02 16:38:00,"T5","34C","plate_3_34","H2","Blank",NA,"48dpf",13.6786,1,1320,"empty shell"
"2199",20260504,"Resaz_Assay_T5_34C_260504_1638",2026-09-02 16:38:00,"T5","34C","plate_3_34","H3","Blank",NA,"48dpf",NA,NA,447,""
"2200",20260504,"Resaz_Assay_T5_34C_260504_1638",2026-09-02 16:38:00,"T5","34C","plate_3_34","H4","Blank",NA,"48dpf",18.2026,1,893,"empty shell"
"2201",20260504,"Resaz_Assay_T5_34C_260504_1638",2026-09-02 16:38:00,"T5","34C","plate_3_34","H5","Blank",NA,"48dpf",NA,NA,435,""
"2202",20260504,"Resaz_Assay_T5_34C_260504_1638",2026-09-02 16:38:00,"T5","34C","plate_3_34","H6","Blank",NA,"48dpf",19.147,1,1051,"empty shell"
"2203",20260504,"Resaz_Assay_T5_34C_260504_1638",2026-09-02 16:38:00,"T5","34C","plate_3_34","H7","Blank",NA,"48dpf",NA,NA,423,""
"2204",20260504,"Resaz_Assay_T5_34C_260504_1638",2026-09-02 16:38:00,"T5","34C","plate_3_34","H8","Blank",NA,"48dpf",23.3359,1,700,"empty shell"
"2205",20260504,"Resaz_Assay_T5_34C_260504_1638",2026-09-02 16:38:00,"T5","34C","plate_3_34","H9","Blank",NA,"48dpf",NA,NA,510,""
"2206",20260504,"Resaz_Assay_T5_34C_260504_1638",2026-09-02 16:38:00,"T5","34C","plate_3_34","H10","Blank",NA,"48dpf",19.6649,1,1344,"empty shell"
"2207",20260504,"Resaz_Assay_T5_34C_260504_1638",2026-09-02 16:38:00,"T5","34C","plate_3_34","H11","Blank",NA,"48dpf",NA,NA,469,""
"2208",20260504,"Resaz_Assay_T5_34C_260504_1638",2026-09-02 16:38:00,"T5","34C","plate_3_34","H12","Blank",NA,"48dpf",NA,NA,1020,"empty shell"
"2209",20260504,"Resaz_Assay_T5_38C_260504_1644",2026-09-02 16:44:00,"T5","38C","plate_4_38","A1","Sample",1,"48dpf",15.1257,1,6063,""
"2210",20260504,"Resaz_Assay_T5_38C_260504_1644",2026-09-02 16:44:00,"T5","38C","plate_4_38","A2","Sample",3,"48dpf",15.3981,1,8421,""
"2211",20260504,"Resaz_Assay_T5_38C_260504_1644",2026-09-02 16:44:00,"T5","38C","plate_4_38","A3","Sample",4,"48dpf",17.4395,1,6310,""
"2212",20260504,"Resaz_Assay_T5_38C_260504_1644",2026-09-02 16:44:00,"T5","38C","plate_4_38","A4","Sample",5,"48dpf",12.8566,1,3990,""
"2213",20260504,"Resaz_Assay_T5_38C_260504_1644",2026-09-02 16:44:00,"T5","38C","plate_4_38","A5","Sample",6,"48dpf",9.4903,1,1364,""
"2214",20260504,"Resaz_Assay_T5_38C_260504_1644",2026-09-02 16:44:00,"T5","38C","plate_4_38","A6","Sample",8,"48dpf",14.614,1,4224,""
"2215",20260504,"Resaz_Assay_T5_38C_260504_1644",2026-09-02 16:44:00,"T5","38C","plate_4_38","A7","Sample",52,"48dpf",9.4633,1,907,""
"2216",20260504,"Resaz_Assay_T5_38C_260504_1644",2026-09-02 16:44:00,"T5","38C","plate_4_38","A8","Sample",53,"48dpf",13.1675,1,2955,""
"2217",20260504,"Resaz_Assay_T5_38C_260504_1644",2026-09-02 16:44:00,"T5","38C","plate_4_38","A9","Sample",54,"48dpf",12.3699,1,3474,""
"2218",20260504,"Resaz_Assay_T5_38C_260504_1644",2026-09-02 16:44:00,"T5","38C","plate_4_38","A10","Sample",55,"48dpf",9.585,1,5436,""
"2219",20260504,"Resaz_Assay_T5_38C_260504_1644",2026-09-02 16:44:00,"T5","38C","plate_4_38","A11","Sample",56,"48dpf",9.0712,1,1122,""
"2220",20260504,"Resaz_Assay_T5_38C_260504_1644",2026-09-02 16:44:00,"T5","38C","plate_4_38","A12","Sample",57,"48dpf",6.1241,1,3668,""
"2221",20260504,"Resaz_Assay_T5_38C_260504_1644",2026-09-02 16:44:00,"T5","38C","plate_4_38","B1","Sample",1,"48dpf",12.9918,1,4651,""
"2222",20260504,"Resaz_Assay_T5_38C_260504_1644",2026-09-02 16:44:00,"T5","38C","plate_4_38","B2","Sample",3,"48dpf",13.8705,1,4670,""
"2223",20260504,"Resaz_Assay_T5_38C_260504_1644",2026-09-02 16:44:00,"T5","38C","plate_4_38","B3","Sample",4,"48dpf",13.7623,1,5713,""
"2224",20260504,"Resaz_Assay_T5_38C_260504_1644",2026-09-02 16:44:00,"T5","38C","plate_4_38","B4","Sample",5,"48dpf",8.9225,1,5652,""
"2225",20260504,"Resaz_Assay_T5_38C_260504_1644",2026-09-02 16:44:00,"T5","38C","plate_4_38","B5","Sample",6,"48dpf",12.3564,1,3723,""
"2226",20260504,"Resaz_Assay_T5_38C_260504_1644",2026-09-02 16:44:00,"T5","38C","plate_4_38","B6","Sample",8,"48dpf",12.7214,1,5305,""
"2227",20260504,"Resaz_Assay_T5_38C_260504_1644",2026-09-02 16:44:00,"T5","38C","plate_4_38","B7","Sample",52,"48dpf",13.519,1,704,""
"2228",20260504,"Resaz_Assay_T5_38C_260504_1644",2026-09-02 16:44:00,"T5","38C","plate_4_38","B8","Sample",53,"48dpf",12.4916,1,1325,""
"2229",20260504,"Resaz_Assay_T5_38C_260504_1644",2026-09-02 16:44:00,"T5","38C","plate_4_38","B9","Sample",54,"48dpf",7.9762,1,4354,""
"2230",20260504,"Resaz_Assay_T5_38C_260504_1644",2026-09-02 16:44:00,"T5","38C","plate_4_38","B10","Sample",55,"48dpf",16.3985,1,1535,""
"2231",20260504,"Resaz_Assay_T5_38C_260504_1644",2026-09-02 16:44:00,"T5","38C","plate_4_38","B11","Sample",56,"48dpf",17.6964,1,4216,""
"2232",20260504,"Resaz_Assay_T5_38C_260504_1644",2026-09-02 16:44:00,"T5","38C","plate_4_38","B12","Sample",57,"48dpf",11.8832,1,8570,""
"2233",20260504,"Resaz_Assay_T5_38C_260504_1644",2026-09-02 16:44:00,"T5","38C","plate_4_38","C1","Sample",1,"48dpf",18.5481,1,2158,""
"2234",20260504,"Resaz_Assay_T5_38C_260504_1644",2026-09-02 16:44:00,"T5","38C","plate_4_38","C2","Sample",3,"48dpf",16.047,1,4459,""
"2235",20260504,"Resaz_Assay_T5_38C_260504_1644",2026-09-02 16:44:00,"T5","38C","plate_4_38","C3","Sample",4,"48dpf",6.381,1,4220,""
"2236",20260504,"Resaz_Assay_T5_38C_260504_1644",2026-09-02 16:44:00,"T5","38C","plate_4_38","C4","Sample",5,"48dpf",15.0196,1,3311,""
"2237",20260504,"Resaz_Assay_T5_38C_260504_1644",2026-09-02 16:44:00,"T5","38C","plate_4_38","C5","Sample",6,"48dpf",17.1826,1,1789,""
"2238",20260504,"Resaz_Assay_T5_38C_260504_1644",2026-09-02 16:44:00,"T5","38C","plate_4_38","C6","Sample",8,"48dpf",20.0892,1,2279,""
"2239",20260504,"Resaz_Assay_T5_38C_260504_1644",2026-09-02 16:44:00,"T5","38C","plate_4_38","C7","Sample",52,"48dpf",12.0049,1,850,""
"2240",20260504,"Resaz_Assay_T5_38C_260504_1644",2026-09-02 16:44:00,"T5","38C","plate_4_38","C8","Sample",53,"48dpf",8.5034,1,1666,""
"2241",20260504,"Resaz_Assay_T5_38C_260504_1644",2026-09-02 16:44:00,"T5","38C","plate_4_38","C9","Sample",54,"48dpf",6.5297,1,3348,""
"2242",20260504,"Resaz_Assay_T5_38C_260504_1644",2026-09-02 16:44:00,"T5","38C","plate_4_38","C10","Sample",55,"48dpf",15.0466,1,1200,""
"2243",20260504,"Resaz_Assay_T5_38C_260504_1644",2026-09-02 16:44:00,"T5","38C","plate_4_38","C11","Sample",56,"48dpf",14.6951,1,3892,""
"2244",20260504,"Resaz_Assay_T5_38C_260504_1644",2026-09-02 16:44:00,"T5","38C","plate_4_38","C12","Sample",57,"48dpf",6.1647,1,3764,""
"2245",20260504,"Resaz_Assay_T5_38C_260504_1644",2026-09-02 16:44:00,"T5","38C","plate_4_38","D1","Sample",1,"48dpf",16.1417,1,6251,""
"2246",20260504,"Resaz_Assay_T5_38C_260504_1644",2026-09-02 16:44:00,"T5","38C","plate_4_38","D2","Sample",3,"48dpf",18.0208,1,3399,""
"2247",20260504,"Resaz_Assay_T5_38C_260504_1644",2026-09-02 16:44:00,"T5","38C","plate_4_38","D3","Sample",4,"48dpf",12.8701,1,6355,""
"2248",20260504,"Resaz_Assay_T5_38C_260504_1644",2026-09-02 16:44:00,"T5","38C","plate_4_38","D4","Sample",5,"48dpf",10.4637,1,2804,""
"2249",20260504,"Resaz_Assay_T5_38C_260504_1644",2026-09-02 16:44:00,"T5","38C","plate_4_38","D5","Sample",6,"48dpf",14.5194,1,993,""
"2250",20260504,"Resaz_Assay_T5_38C_260504_1644",2026-09-02 16:44:00,"T5","38C","plate_4_38","D6","Sample",8,"48dpf",11.9102,1,1632,""
"2251",20260504,"Resaz_Assay_T5_38C_260504_1644",2026-09-02 16:44:00,"T5","38C","plate_4_38","D7","Sample",52,"48dpf",14.3977,1,2763,""
"2252",20260504,"Resaz_Assay_T5_38C_260504_1644",2026-09-02 16:44:00,"T5","38C","plate_4_38","D8","Sample",53,"48dpf",11.8562,1,657,""
"2253",20260504,"Resaz_Assay_T5_38C_260504_1644",2026-09-02 16:44:00,"T5","38C","plate_4_38","D9","Sample",54,"48dpf",10.1933,1,1198,""
"2254",20260504,"Resaz_Assay_T5_38C_260504_1644",2026-09-02 16:44:00,"T5","38C","plate_4_38","D10","Sample",55,"48dpf",16.7906,1,3035,""
"2255",20260504,"Resaz_Assay_T5_38C_260504_1644",2026-09-02 16:44:00,"T5","38C","plate_4_38","D11","Sample",56,"48dpf",8.5034,1,1071,""
"2256",20260504,"Resaz_Assay_T5_38C_260504_1644",2026-09-02 16:44:00,"T5","38C","plate_4_38","D12","Sample",57,"48dpf",14.0462,1,3741,""
"2257",20260504,"Resaz_Assay_T5_38C_260504_1644",2026-09-02 16:44:00,"T5","38C","plate_4_38","E1","Sample",1,"48dpf",16.1417,1,11453,""
"2258",20260504,"Resaz_Assay_T5_38C_260504_1644",2026-09-02 16:44:00,"T5","38C","plate_4_38","E2","Sample",3,"48dpf",19.8594,1,10522,""
"2259",20260504,"Resaz_Assay_T5_38C_260504_1644",2026-09-02 16:44:00,"T5","38C","plate_4_38","E3","Sample",4,"48dpf",11.018,1,4092,""
"2260",20260504,"Resaz_Assay_T5_38C_260504_1644",2026-09-02 16:44:00,"T5","38C","plate_4_38","E4","Sample",5,"48dpf",14.8709,1,4366,""
"2261",20260504,"Resaz_Assay_T5_38C_260504_1644",2026-09-02 16:44:00,"T5","38C","plate_4_38","E5","Sample",6,"48dpf",11.6128,1,1898,""
"2262",20260504,"Resaz_Assay_T5_38C_260504_1644",2026-09-02 16:44:00,"T5","38C","plate_4_38","E6","Sample",8,"48dpf",17.4395,1,2443,""
"2263",20260504,"Resaz_Assay_T5_38C_260504_1644",2026-09-02 16:44:00,"T5","38C","plate_4_38","E7","Sample",52,"48dpf",10.7206,1,2235,""
"2264",20260504,"Resaz_Assay_T5_38C_260504_1644",2026-09-02 16:44:00,"T5","38C","plate_4_38","E8","Sample",53,"48dpf",10.8558,1,1256,""
"2265",20260504,"Resaz_Assay_T5_38C_260504_1644",2026-09-02 16:44:00,"T5","38C","plate_4_38","E9","Sample",54,"48dpf",9.8148,1,1633,""
"2266",20260504,"Resaz_Assay_T5_38C_260504_1644",2026-09-02 16:44:00,"T5","38C","plate_4_38","E10","Sample",55,"48dpf",18.832,1,1834,""
"2267",20260504,"Resaz_Assay_T5_38C_260504_1644",2026-09-02 16:44:00,"T5","38C","plate_4_38","E11","Sample",56,"48dpf",13.3838,1,14312,""
"2268",20260504,"Resaz_Assay_T5_38C_260504_1644",2026-09-02 16:44:00,"T5","38C","plate_4_38","E12","Sample",57,"48dpf",9.5444,1,1426,""
"2269",20260504,"Resaz_Assay_T5_38C_260504_1644",2026-09-02 16:44:00,"T5","38C","plate_4_38","F1","Sample",1,"48dpf",12.6132,1,8525,""
"2270",20260504,"Resaz_Assay_T5_38C_260504_1644",2026-09-02 16:44:00,"T5","38C","plate_4_38","F2","Sample",3,"48dpf",10.6124,1,1360,""
"2271",20260504,"Resaz_Assay_T5_38C_260504_1644",2026-09-02 16:44:00,"T5","38C","plate_4_38","F3","Sample",4,"48dpf",11.1261,1,2496,""
"2272",20260504,"Resaz_Assay_T5_38C_260504_1644",2026-09-02 16:44:00,"T5","38C","plate_4_38","F4","Sample",5,"48dpf",18.832,1,4391,""
"2273",20260504,"Resaz_Assay_T5_38C_260504_1644",2026-09-02 16:44:00,"T5","38C","plate_4_38","F5","Sample",6,"48dpf",8.4088,1,4661,""
"2274",20260504,"Resaz_Assay_T5_38C_260504_1644",2026-09-02 16:44:00,"T5","38C","plate_4_38","F6","Sample",8,"48dpf",13.0458,1,1126,""
"2275",20260504,"Resaz_Assay_T5_38C_260504_1644",2026-09-02 16:44:00,"T5","38C","plate_4_38","F7","Sample",52,"48dpf",12.6132,1,1870,""
"2276",20260504,"Resaz_Assay_T5_38C_260504_1644",2026-09-02 16:44:00,"T5","38C","plate_4_38","F8","Sample",53,"48dpf",10.9639,1,2021,""
"2277",20260504,"Resaz_Assay_T5_38C_260504_1644",2026-09-02 16:44:00,"T5","38C","plate_4_38","F9","Sample",54,"48dpf",12.0454,1,1199,""
"2278",20260504,"Resaz_Assay_T5_38C_260504_1644",2026-09-02 16:44:00,"T5","38C","plate_4_38","F10","Sample",55,"48dpf",8.3007,1,3488,""
"2279",20260504,"Resaz_Assay_T5_38C_260504_1644",2026-09-02 16:44:00,"T5","38C","plate_4_38","F11","Sample",56,"48dpf",13.3297,1,2342,""
"2280",20260504,"Resaz_Assay_T5_38C_260504_1644",2026-09-02 16:44:00,"T5","38C","plate_4_38","F12","Sample",57,"48dpf",15.1548,1,3381,""
"2281",20260504,"Resaz_Assay_T5_38C_260504_1644",2026-09-02 16:44:00,"T5","38C","plate_4_38","G1","Sample",1,"48dpf",12.5727,1,8187,""
"2282",20260504,"Resaz_Assay_T5_38C_260504_1644",2026-09-02 16:44:00,"T5","38C","plate_4_38","G2","Sample",3,"48dpf",13.6001,1,1513,""
"2283",20260504,"Resaz_Assay_T5_38C_260504_1644",2026-09-02 16:44:00,"T5","38C","plate_4_38","G3","Sample",4,"48dpf",13.2621,1,6147,""
"2284",20260504,"Resaz_Assay_T5_38C_260504_1644",2026-09-02 16:44:00,"T5","38C","plate_4_38","G4","Sample",5,"48dpf",11.9238,1,3380,""
"2285",20260504,"Resaz_Assay_T5_38C_260504_1644",2026-09-02 16:44:00,"T5","38C","plate_4_38","G5","Sample",6,"48dpf",9.4227,1,2477,""
"2286",20260504,"Resaz_Assay_T5_38C_260504_1644",2026-09-02 16:44:00,"T5","38C","plate_4_38","G6","Sample",8,"48dpf",12.789,1,3213,""
"2287",20260504,"Resaz_Assay_T5_38C_260504_1644",2026-09-02 16:44:00,"T5","38C","plate_4_38","G7","Sample",52,"48dpf",10.6935,1,1129,""
"2288",20260504,"Resaz_Assay_T5_38C_260504_1644",2026-09-02 16:44:00,"T5","38C","plate_4_38","G8","Sample",53,"48dpf",13.492,1,4091,""
"2289",20260504,"Resaz_Assay_T5_38C_260504_1644",2026-09-02 16:44:00,"T5","38C","plate_4_38","G9","Sample",54,"48dpf",14.4383,1,1543,""
"2290",20260504,"Resaz_Assay_T5_38C_260504_1644",2026-09-02 16:44:00,"T5","38C","plate_4_38","G10","Sample",55,"48dpf",10.4772,1,3713,""
"2291",20260504,"Resaz_Assay_T5_38C_260504_1644",2026-09-02 16:44:00,"T5","38C","plate_4_38","G11","Sample",56,"48dpf",8.0438,1,1042,""
"2292",20260504,"Resaz_Assay_T5_38C_260504_1644",2026-09-02 16:44:00,"T5","38C","plate_4_38","G12","Sample",57,"48dpf",10.8422,1,2190,""
"2293",20260504,"Resaz_Assay_T5_38C_260504_1644",2026-09-02 16:44:00,"T5","38C","plate_4_38","H1","Blank",NA,"48dpf",NA,NA,555,""
"2294",20260504,"Resaz_Assay_T5_38C_260504_1644",2026-09-02 16:44:00,"T5","38C","plate_4_38","H2","Blank",NA,"48dpf",20.4948,1,768,"empty shell"
"2295",20260504,"Resaz_Assay_T5_38C_260504_1644",2026-09-02 16:44:00,"T5","38C","plate_4_38","H3","Blank",NA,"48dpf",NA,NA,442,""
"2296",20260504,"Resaz_Assay_T5_38C_260504_1644",2026-09-02 16:44:00,"T5","38C","plate_4_38","H4","Blank",NA,"48dpf",22.1847,1,1054,"empty shell"
"2297",20260504,"Resaz_Assay_T5_38C_260504_1644",2026-09-02 16:44:00,"T5","38C","plate_4_38","H5","Blank",NA,"48dpf",NA,NA,419,""
"2298",20260504,"Resaz_Assay_T5_38C_260504_1644",2026-09-02 16:44:00,"T5","38C","plate_4_38","H6","Blank",NA,"48dpf",20.2109,1,627,"empty shell"
"2299",20260504,"Resaz_Assay_T5_38C_260504_1644",2026-09-02 16:44:00,"T5","38C","plate_4_38","H7","Blank",NA,"48dpf",NA,NA,434,""
"2300",20260504,"Resaz_Assay_T5_38C_260504_1644",2026-09-02 16:44:00,"T5","38C","plate_4_38","H8","Blank",NA,"48dpf",19.4403,1,558,"empty shell"
"2301",20260504,"Resaz_Assay_T5_38C_260504_1644",2026-09-02 16:44:00,"T5","38C","plate_4_38","H9","Blank",NA,"48dpf",NA,NA,465,""
"2302",20260504,"Resaz_Assay_T5_38C_260504_1644",2026-09-02 16:44:00,"T5","38C","plate_4_38","H10","Blank",NA,"48dpf",14.9385,1,521,"empty shell"
"2303",20260504,"Resaz_Assay_T5_38C_260504_1644",2026-09-02 16:44:00,"T5","38C","plate_4_38","H11","Blank",NA,"48dpf",NA,NA,502,""
"2304",20260504,"Resaz_Assay_T5_38C_260504_1644",2026-09-02 16:44:00,"T5","38C","plate_4_38","H12","Blank",NA,"48dpf",15.6144,1,1142,"empty shell"
