"","Date","filename","time","timepoint","Treatment","Plate_num","PlateID","Well","Type","Family","Age","Area_ImageJ","Count","flourescence","Note"
"1",20260401,"Resaz_Assay_plate1_T0_260401_1202",2026-09-02 12:02:00,"T0","26C",1,"plate_1_26","A1","Sample",1,"360hpf",NA,87,393,""
"2",20260401,"Resaz_Assay_plate1_T0_260401_1202",2026-09-02 12:02:00,"T0","26C",1,"plate_1_26","A2","Sample",3,"360hpf",NA,5,389,""
"3",20260401,"Resaz_Assay_plate1_T0_260401_1202",2026-09-02 12:02:00,"T0","26C",1,"plate_1_26","A3","Sample",4,"360hpf",NA,8,357,""
"4",20260401,"Resaz_Assay_plate1_T0_260401_1202",2026-09-02 12:02:00,"T0","26C",1,"plate_1_26","A4","Sample",5,"360hpf",NA,29,377,""
"5",20260401,"Resaz_Assay_plate1_T0_260401_1202",2026-09-02 12:02:00,"T0","26C",1,"plate_1_26","A5","Sample",6,"360hpf",NA,14,360,""
"6",20260401,"Resaz_Assay_plate1_T0_260401_1202",2026-09-02 12:02:00,"T0","26C",1,"plate_1_26","A6","Sample",8,"360hpf",NA,58,382,""
"7",20260401,"Resaz_Assay_plate1_T0_260401_1202",2026-09-02 12:02:00,"T0","26C",1,"plate_1_26","A7","Sample",52,"360hpf",NA,16,345,""
"8",20260401,"Resaz_Assay_plate1_T0_260401_1202",2026-09-02 12:02:00,"T0","26C",1,"plate_1_26","A8","Sample",53,"360hpf",NA,17,351,""
"9",20260401,"Resaz_Assay_plate1_T0_260401_1202",2026-09-02 12:02:00,"T0","26C",1,"plate_1_26","A9","Sample",54,"360hpf",NA,17,366,""
"10",20260401,"Resaz_Assay_plate1_T0_260401_1202",2026-09-02 12:02:00,"T0","26C",1,"plate_1_26","A10","Sample",55,"360hpf",NA,54,385,""
"11",20260401,"Resaz_Assay_plate1_T0_260401_1202",2026-09-02 12:02:00,"T0","26C",1,"plate_1_26","A11","Sample",56,"360hpf",NA,36,369,""
"12",20260401,"Resaz_Assay_plate1_T0_260401_1202",2026-09-02 12:02:00,"T0","26C",1,"plate_1_26","A12","Sample",57,"360hpf",NA,86,378,""
"13",20260401,"Resaz_Assay_plate1_T0_260401_1202",2026-09-02 12:02:00,"T0","26C",1,"plate_1_26","B1","Sample",1,"360hpf",NA,28,394,""
"14",20260401,"Resaz_Assay_plate1_T0_260401_1202",2026-09-02 12:02:00,"T0","26C",1,"plate_1_26","B2","Sample",3,"360hpf",NA,22,399,""
"15",20260401,"Resaz_Assay_plate1_T0_260401_1202",2026-09-02 12:02:00,"T0","26C",1,"plate_1_26","B3","Sample",4,"360hpf",NA,3,362,""
"16",20260401,"Resaz_Assay_plate1_T0_260401_1202",2026-09-02 12:02:00,"T0","26C",1,"plate_1_26","B4","Sample",5,"360hpf",NA,4,346,""
"17",20260401,"Resaz_Assay_plate1_T0_260401_1202",2026-09-02 12:02:00,"T0","26C",1,"plate_1_26","B5","Sample",6,"360hpf",NA,6,377,""
"18",20260401,"Resaz_Assay_plate1_T0_260401_1202",2026-09-02 12:02:00,"T0","26C",1,"plate_1_26","B6","Sample",8,"360hpf",NA,10,359,""
"19",20260401,"Resaz_Assay_plate1_T0_260401_1202",2026-09-02 12:02:00,"T0","26C",1,"plate_1_26","B7","Sample",52,"360hpf",NA,26,329,""
"20",20260401,"Resaz_Assay_plate1_T0_260401_1202",2026-09-02 12:02:00,"T0","26C",1,"plate_1_26","B8","Sample",53,"360hpf",NA,6,339,""
"21",20260401,"Resaz_Assay_plate1_T0_260401_1202",2026-09-02 12:02:00,"T0","26C",1,"plate_1_26","B9","Sample",54,"360hpf",NA,26,384,""
"22",20260401,"Resaz_Assay_plate1_T0_260401_1202",2026-09-02 12:02:00,"T0","26C",1,"plate_1_26","B10","Sample",55,"360hpf",NA,24,373,""
"23",20260401,"Resaz_Assay_plate1_T0_260401_1202",2026-09-02 12:02:00,"T0","26C",1,"plate_1_26","B11","Sample",56,"360hpf",NA,17,369,""
"24",20260401,"Resaz_Assay_plate1_T0_260401_1202",2026-09-02 12:02:00,"T0","26C",1,"plate_1_26","B12","Sample",57,"360hpf",NA,14,361,""
"25",20260401,"Resaz_Assay_plate1_T0_260401_1202",2026-09-02 12:02:00,"T0","26C",1,"plate_1_26","C1","Sample",1,"360hpf",NA,14,382,""
"26",20260401,"Resaz_Assay_plate1_T0_260401_1202",2026-09-02 12:02:00,"T0","26C",1,"plate_1_26","C2","Sample",3,"360hpf",NA,18,392,""
"27",20260401,"Resaz_Assay_plate1_T0_260401_1202",2026-09-02 12:02:00,"T0","26C",1,"plate_1_26","C3","Sample",4,"360hpf",NA,7,349,""
"28",20260401,"Resaz_Assay_plate1_T0_260401_1202",2026-09-02 12:02:00,"T0","26C",1,"plate_1_26","C4","Sample",5,"360hpf",NA,14,370,""
"29",20260401,"Resaz_Assay_plate1_T0_260401_1202",2026-09-02 12:02:00,"T0","26C",1,"plate_1_26","C5","Sample",6,"360hpf",NA,18,369,""
"30",20260401,"Resaz_Assay_plate1_T0_260401_1202",2026-09-02 12:02:00,"T0","26C",1,"plate_1_26","C6","Sample",8,"360hpf",NA,6,345,""
"31",20260401,"Resaz_Assay_plate1_T0_260401_1202",2026-09-02 12:02:00,"T0","26C",1,"plate_1_26","C7","Sample",52,"360hpf",NA,15,343,""
"32",20260401,"Resaz_Assay_plate1_T0_260401_1202",2026-09-02 12:02:00,"T0","26C",1,"plate_1_26","C8","Sample",53,"360hpf",NA,14,346,""
"33",20260401,"Resaz_Assay_plate1_T0_260401_1202",2026-09-02 12:02:00,"T0","26C",1,"plate_1_26","C9","Sample",54,"360hpf",NA,19,381,""
"34",20260401,"Resaz_Assay_plate1_T0_260401_1202",2026-09-02 12:02:00,"T0","26C",1,"plate_1_26","C10","Sample",55,"360hpf",NA,15,370,""
"35",20260401,"Resaz_Assay_plate1_T0_260401_1202",2026-09-02 12:02:00,"T0","26C",1,"plate_1_26","C11","Sample",56,"360hpf",NA,13,358,""
"36",20260401,"Resaz_Assay_plate1_T0_260401_1202",2026-09-02 12:02:00,"T0","26C",1,"plate_1_26","C12","Sample",57,"360hpf",NA,12,385,""
"37",20260401,"Resaz_Assay_plate1_T0_260401_1202",2026-09-02 12:02:00,"T0","26C",1,"plate_1_26","D1","Sample",1,"360hpf",NA,11,389,""
"38",20260401,"Resaz_Assay_plate1_T0_260401_1202",2026-09-02 12:02:00,"T0","26C",1,"plate_1_26","D2","Sample",3,"360hpf",NA,8,390,""
"39",20260401,"Resaz_Assay_plate1_T0_260401_1202",2026-09-02 12:02:00,"T0","26C",1,"plate_1_26","D3","Sample",4,"360hpf",NA,3,359,""
"40",20260401,"Resaz_Assay_plate1_T0_260401_1202",2026-09-02 12:02:00,"T0","26C",1,"plate_1_26","D4","Sample",5,"360hpf",NA,16,344,""
"41",20260401,"Resaz_Assay_plate1_T0_260401_1202",2026-09-02 12:02:00,"T0","26C",1,"plate_1_26","D5","Sample",6,"360hpf",NA,10,371,""
"42",20260401,"Resaz_Assay_plate1_T0_260401_1202",2026-09-02 12:02:00,"T0","26C",1,"plate_1_26","D6","Sample",8,"360hpf",NA,3,356,""
"43",20260401,"Resaz_Assay_plate1_T0_260401_1202",2026-09-02 12:02:00,"T0","26C",1,"plate_1_26","D7","Sample",52,"360hpf",NA,29,349,""
"44",20260401,"Resaz_Assay_plate1_T0_260401_1202",2026-09-02 12:02:00,"T0","26C",1,"plate_1_26","D8","Sample",53,"360hpf",NA,17,337,""
"45",20260401,"Resaz_Assay_plate1_T0_260401_1202",2026-09-02 12:02:00,"T0","26C",1,"plate_1_26","D9","Sample",54,"360hpf",NA,11,362,""
"46",20260401,"Resaz_Assay_plate1_T0_260401_1202",2026-09-02 12:02:00,"T0","26C",1,"plate_1_26","D10","Sample",55,"360hpf",NA,44,373,""
"47",20260401,"Resaz_Assay_plate1_T0_260401_1202",2026-09-02 12:02:00,"T0","26C",1,"plate_1_26","D11","Sample",56,"360hpf",NA,8,358,""
"48",20260401,"Resaz_Assay_plate1_T0_260401_1202",2026-09-02 12:02:00,"T0","26C",1,"plate_1_26","D12","Sample",57,"360hpf",NA,3,369,""
"49",20260401,"Resaz_Assay_plate1_T0_260401_1202",2026-09-02 12:02:00,"T0","26C",1,"plate_1_26","E1","Sample",1,"360hpf",NA,35,420,""
"50",20260401,"Resaz_Assay_plate1_T0_260401_1202",2026-09-02 12:02:00,"T0","26C",1,"plate_1_26","E2","Sample",3,"360hpf",NA,13,368,""
"51",20260401,"Resaz_Assay_plate1_T0_260401_1202",2026-09-02 12:02:00,"T0","26C",1,"plate_1_26","E3","Sample",4,"360hpf",NA,8,371,""
"52",20260401,"Resaz_Assay_plate1_T0_260401_1202",2026-09-02 12:02:00,"T0","26C",1,"plate_1_26","E4","Sample",5,"360hpf",NA,7,357,""
"53",20260401,"Resaz_Assay_plate1_T0_260401_1202",2026-09-02 12:02:00,"T0","26C",1,"plate_1_26","E5","Sample",6,"360hpf",NA,13,377,""
"54",20260401,"Resaz_Assay_plate1_T0_260401_1202",2026-09-02 12:02:00,"T0","26C",1,"plate_1_26","E6","Sample",8,"360hpf",NA,6,350,""
"55",20260401,"Resaz_Assay_plate1_T0_260401_1202",2026-09-02 12:02:00,"T0","26C",1,"plate_1_26","E7","Sample",52,"360hpf",NA,10,331,""
"56",20260401,"Resaz_Assay_plate1_T0_260401_1202",2026-09-02 12:02:00,"T0","26C",1,"plate_1_26","E8","Sample",53,"360hpf",NA,12,348,""
"57",20260401,"Resaz_Assay_plate1_T0_260401_1202",2026-09-02 12:02:00,"T0","26C",1,"plate_1_26","E9","Sample",54,"360hpf",NA,18,370,""
"58",20260401,"Resaz_Assay_plate1_T0_260401_1202",2026-09-02 12:02:00,"T0","26C",1,"plate_1_26","E10","Sample",55,"360hpf",NA,62,386,""
"59",20260401,"Resaz_Assay_plate1_T0_260401_1202",2026-09-02 12:02:00,"T0","26C",1,"plate_1_26","E11","Sample",56,"360hpf",NA,22,351,""
"60",20260401,"Resaz_Assay_plate1_T0_260401_1202",2026-09-02 12:02:00,"T0","26C",1,"plate_1_26","E12","Sample",57,"360hpf",NA,19,372,""
"61",20260401,"Resaz_Assay_plate1_T0_260401_1202",2026-09-02 12:02:00,"T0","26C",1,"plate_1_26","F1","Sample",1,"360hpf",NA,37,399,""
"62",20260401,"Resaz_Assay_plate1_T0_260401_1202",2026-09-02 12:02:00,"T0","26C",1,"plate_1_26","F2","Sample",3,"360hpf",NA,10,369,""
"63",20260401,"Resaz_Assay_plate1_T0_260401_1202",2026-09-02 12:02:00,"T0","26C",1,"plate_1_26","F3","Sample",4,"360hpf",NA,6,364,""
"64",20260401,"Resaz_Assay_plate1_T0_260401_1202",2026-09-02 12:02:00,"T0","26C",1,"plate_1_26","F4","Sample",5,"360hpf",NA,7,379,""
"65",20260401,"Resaz_Assay_plate1_T0_260401_1202",2026-09-02 12:02:00,"T0","26C",1,"plate_1_26","F5","Sample",6,"360hpf",NA,7,398,""
"66",20260401,"Resaz_Assay_plate1_T0_260401_1202",2026-09-02 12:02:00,"T0","26C",1,"plate_1_26","F6","Sample",8,"360hpf",NA,39,373,""
"67",20260401,"Resaz_Assay_plate1_T0_260401_1202",2026-09-02 12:02:00,"T0","26C",1,"plate_1_26","F7","Sample",52,"360hpf",NA,12,346,""
"68",20260401,"Resaz_Assay_plate1_T0_260401_1202",2026-09-02 12:02:00,"T0","26C",1,"plate_1_26","F8","Sample",53,"360hpf",NA,11,344,""
"69",20260401,"Resaz_Assay_plate1_T0_260401_1202",2026-09-02 12:02:00,"T0","26C",1,"plate_1_26","F9","Sample",54,"360hpf",NA,10,364,""
"70",20260401,"Resaz_Assay_plate1_T0_260401_1202",2026-09-02 12:02:00,"T0","26C",1,"plate_1_26","F10","Sample",55,"360hpf",NA,24,366,""
"71",20260401,"Resaz_Assay_plate1_T0_260401_1202",2026-09-02 12:02:00,"T0","26C",1,"plate_1_26","F11","Sample",56,"360hpf",NA,5,341,""
"72",20260401,"Resaz_Assay_plate1_T0_260401_1202",2026-09-02 12:02:00,"T0","26C",1,"plate_1_26","F12","Sample",57,"360hpf",NA,20,366,""
"73",20260401,"Resaz_Assay_plate1_T0_260401_1202",2026-09-02 12:02:00,"T0","26C",1,"plate_1_26","G1","Sample",1,"360hpf",NA,17,397,""
"74",20260401,"Resaz_Assay_plate1_T0_260401_1202",2026-09-02 12:02:00,"T0","26C",1,"plate_1_26","G2","Sample",3,"360hpf",NA,7,385,""
"75",20260401,"Resaz_Assay_plate1_T0_260401_1202",2026-09-02 12:02:00,"T0","26C",1,"plate_1_26","G3","Sample",4,"360hpf",NA,8,367,""
"76",20260401,"Resaz_Assay_plate1_T0_260401_1202",2026-09-02 12:02:00,"T0","26C",1,"plate_1_26","G4","Sample",5,"360hpf",NA,22,391,""
"77",20260401,"Resaz_Assay_plate1_T0_260401_1202",2026-09-02 12:02:00,"T0","26C",1,"plate_1_26","G5","Sample",6,"360hpf",NA,11,411,""
"78",20260401,"Resaz_Assay_plate1_T0_260401_1202",2026-09-02 12:02:00,"T0","26C",1,"plate_1_26","G6","Sample",8,"360hpf",NA,66,384,""
"79",20260401,"Resaz_Assay_plate1_T0_260401_1202",2026-09-02 12:02:00,"T0","26C",1,"plate_1_26","G7","Sample",52,"360hpf",NA,27,353,""
"80",20260401,"Resaz_Assay_plate1_T0_260401_1202",2026-09-02 12:02:00,"T0","26C",1,"plate_1_26","G8","Sample",53,"360hpf",NA,50,373,""
"81",20260401,"Resaz_Assay_plate1_T0_260401_1202",2026-09-02 12:02:00,"T0","26C",1,"plate_1_26","G9","Sample",54,"360hpf",NA,15,360,""
"82",20260401,"Resaz_Assay_plate1_T0_260401_1202",2026-09-02 12:02:00,"T0","26C",1,"plate_1_26","G10","Sample",55,"360hpf",NA,0,361,""
"83",20260401,"Resaz_Assay_plate1_T0_260401_1202",2026-09-02 12:02:00,"T0","26C",1,"plate_1_26","G11","Sample",56,"360hpf",NA,6,361,""
"84",20260401,"Resaz_Assay_plate1_T0_260401_1202",2026-09-02 12:02:00,"T0","26C",1,"plate_1_26","G12","Sample",57,"360hpf",NA,3,367,""
"85",20260401,"Resaz_Assay_plate1_T0_260401_1202",2026-09-02 12:02:00,"T0","26C",1,"plate_1_26","H1","Blank",NA,"360hpf",NA,NA,376,""
"86",20260401,"Resaz_Assay_plate1_T0_260401_1202",2026-09-02 12:02:00,"T0","26C",1,"plate_1_26","H2","Blank",NA,"360hpf",NA,NA,384,""
"87",20260401,"Resaz_Assay_plate1_T0_260401_1202",2026-09-02 12:02:00,"T0","26C",1,"plate_1_26","H3","Blank",NA,"360hpf",NA,NA,368,""
"88",20260401,"Resaz_Assay_plate1_T0_260401_1202",2026-09-02 12:02:00,"T0","26C",1,"plate_1_26","H4","Blank",NA,"360hpf",NA,NA,350,""
"89",20260401,"Resaz_Assay_plate1_T0_260401_1202",2026-09-02 12:02:00,"T0","26C",1,"plate_1_26","H5","Blank",NA,"360hpf",NA,NA,368,""
"90",20260401,"Resaz_Assay_plate1_T0_260401_1202",2026-09-02 12:02:00,"T0","26C",1,"plate_1_26","H6","Blank",NA,"360hpf",NA,NA,357,""
"91",20260401,"Resaz_Assay_plate1_T0_260401_1202",2026-09-02 12:02:00,"T0","26C",1,"plate_1_26","H7","Blank",NA,"360hpf",NA,NA,343,""
"92",20260401,"Resaz_Assay_plate1_T0_260401_1202",2026-09-02 12:02:00,"T0","26C",1,"plate_1_26","H8","Blank",NA,"360hpf",NA,NA,354,""
"93",20260401,"Resaz_Assay_plate1_T0_260401_1202",2026-09-02 12:02:00,"T0","26C",1,"plate_1_26","H9","Blank",NA,"360hpf",NA,NA,362,""
"94",20260401,"Resaz_Assay_plate1_T0_260401_1202",2026-09-02 12:02:00,"T0","26C",1,"plate_1_26","H10","Blank",NA,"360hpf",NA,NA,352,""
"95",20260401,"Resaz_Assay_plate1_T0_260401_1202",2026-09-02 12:02:00,"T0","26C",1,"plate_1_26","H11","Blank",NA,"360hpf",NA,NA,383,""
"96",20260401,"Resaz_Assay_plate1_T0_260401_1202",2026-09-02 12:02:00,"T0","26C",1,"plate_1_26","H12","Blank",NA,"360hpf",NA,NA,365,""
"97",20260401,"Resaz_Assay_plate1_T1_260401_1307",2026-09-02 13:07:00,"T1","26C",1,"plate_1_26","A1","Sample",1,"360hpf",NA,87,1956,""
"98",20260401,"Resaz_Assay_plate1_T1_260401_1307",2026-09-02 13:07:00,"T1","26C",1,"plate_1_26","A2","Sample",3,"360hpf",NA,5,476,""
"99",20260401,"Resaz_Assay_plate1_T1_260401_1307",2026-09-02 13:07:00,"T1","26C",1,"plate_1_26","A3","Sample",4,"360hpf",NA,8,490,""
"100",20260401,"Resaz_Assay_plate1_T1_260401_1307",2026-09-02 13:07:00,"T1","26C",1,"plate_1_26","A4","Sample",5,"360hpf",NA,29,833,""
"101",20260401,"Resaz_Assay_plate1_T1_260401_1307",2026-09-02 13:07:00,"T1","26C",1,"plate_1_26","A5","Sample",6,"360hpf",NA,14,533,""
"102",20260401,"Resaz_Assay_plate1_T1_260401_1307",2026-09-02 13:07:00,"T1","26C",1,"plate_1_26","A6","Sample",8,"360hpf",NA,58,830,""
"103",20260401,"Resaz_Assay_plate1_T1_260401_1307",2026-09-02 13:07:00,"T1","26C",1,"plate_1_26","A7","Sample",52,"360hpf",NA,16,613,""
"104",20260401,"Resaz_Assay_plate1_T1_260401_1307",2026-09-02 13:07:00,"T1","26C",1,"plate_1_26","A8","Sample",53,"360hpf",NA,17,606,""
"105",20260401,"Resaz_Assay_plate1_T1_260401_1307",2026-09-02 13:07:00,"T1","26C",1,"plate_1_26","A9","Sample",54,"360hpf",NA,17,537,""
"106",20260401,"Resaz_Assay_plate1_T1_260401_1307",2026-09-02 13:07:00,"T1","26C",1,"plate_1_26","A10","Sample",55,"360hpf",NA,54,1217,""
"107",20260401,"Resaz_Assay_plate1_T1_260401_1307",2026-09-02 13:07:00,"T1","26C",1,"plate_1_26","A11","Sample",56,"360hpf",NA,36,818,""
"108",20260401,"Resaz_Assay_plate1_T1_260401_1307",2026-09-02 13:07:00,"T1","26C",1,"plate_1_26","A12","Sample",57,"360hpf",NA,86,629,""
"109",20260401,"Resaz_Assay_plate1_T1_260401_1307",2026-09-02 13:07:00,"T1","26C",1,"plate_1_26","B1","Sample",1,"360hpf",NA,28,899,""
"110",20260401,"Resaz_Assay_plate1_T1_260401_1307",2026-09-02 13:07:00,"T1","26C",1,"plate_1_26","B2","Sample",3,"360hpf",NA,22,586,""
"111",20260401,"Resaz_Assay_plate1_T1_260401_1307",2026-09-02 13:07:00,"T1","26C",1,"plate_1_26","B3","Sample",4,"360hpf",NA,3,401,""
"112",20260401,"Resaz_Assay_plate1_T1_260401_1307",2026-09-02 13:07:00,"T1","26C",1,"plate_1_26","B4","Sample",5,"360hpf",NA,4,446,""
"113",20260401,"Resaz_Assay_plate1_T1_260401_1307",2026-09-02 13:07:00,"T1","26C",1,"plate_1_26","B5","Sample",6,"360hpf",NA,6,481,""
"114",20260401,"Resaz_Assay_plate1_T1_260401_1307",2026-09-02 13:07:00,"T1","26C",1,"plate_1_26","B6","Sample",8,"360hpf",NA,10,454,""
"115",20260401,"Resaz_Assay_plate1_T1_260401_1307",2026-09-02 13:07:00,"T1","26C",1,"plate_1_26","B7","Sample",52,"360hpf",NA,26,704,""
"116",20260401,"Resaz_Assay_plate1_T1_260401_1307",2026-09-02 13:07:00,"T1","26C",1,"plate_1_26","B8","Sample",53,"360hpf",NA,6,382,""
"117",20260401,"Resaz_Assay_plate1_T1_260401_1307",2026-09-02 13:07:00,"T1","26C",1,"plate_1_26","B9","Sample",54,"360hpf",NA,26,705,""
"118",20260401,"Resaz_Assay_plate1_T1_260401_1307",2026-09-02 13:07:00,"T1","26C",1,"plate_1_26","B10","Sample",55,"360hpf",NA,24,749,""
"119",20260401,"Resaz_Assay_plate1_T1_260401_1307",2026-09-02 13:07:00,"T1","26C",1,"plate_1_26","B11","Sample",56,"360hpf",NA,17,586,""
"120",20260401,"Resaz_Assay_plate1_T1_260401_1307",2026-09-02 13:07:00,"T1","26C",1,"plate_1_26","B12","Sample",57,"360hpf",NA,14,419,""
"121",20260401,"Resaz_Assay_plate1_T1_260401_1307",2026-09-02 13:07:00,"T1","26C",1,"plate_1_26","C1","Sample",1,"360hpf",NA,14,601,""
"122",20260401,"Resaz_Assay_plate1_T1_260401_1307",2026-09-02 13:07:00,"T1","26C",1,"plate_1_26","C2","Sample",3,"360hpf",NA,18,488,""
"123",20260401,"Resaz_Assay_plate1_T1_260401_1307",2026-09-02 13:07:00,"T1","26C",1,"plate_1_26","C3","Sample",4,"360hpf",NA,7,485,""
"124",20260401,"Resaz_Assay_plate1_T1_260401_1307",2026-09-02 13:07:00,"T1","26C",1,"plate_1_26","C4","Sample",5,"360hpf",NA,14,637,""
"125",20260401,"Resaz_Assay_plate1_T1_260401_1307",2026-09-02 13:07:00,"T1","26C",1,"plate_1_26","C5","Sample",6,"360hpf",NA,18,511,""
"126",20260401,"Resaz_Assay_plate1_T1_260401_1307",2026-09-02 13:07:00,"T1","26C",1,"plate_1_26","C6","Sample",8,"360hpf",NA,6,420,""
"127",20260401,"Resaz_Assay_plate1_T1_260401_1307",2026-09-02 13:07:00,"T1","26C",1,"plate_1_26","C7","Sample",52,"360hpf",NA,15,585,""
"128",20260401,"Resaz_Assay_plate1_T1_260401_1307",2026-09-02 13:07:00,"T1","26C",1,"plate_1_26","C8","Sample",53,"360hpf",NA,14,452,""
"129",20260401,"Resaz_Assay_plate1_T1_260401_1307",2026-09-02 13:07:00,"T1","26C",1,"plate_1_26","C9","Sample",54,"360hpf",NA,19,533,""
"130",20260401,"Resaz_Assay_plate1_T1_260401_1307",2026-09-02 13:07:00,"T1","26C",1,"plate_1_26","C10","Sample",55,"360hpf",NA,15,592,""
"131",20260401,"Resaz_Assay_plate1_T1_260401_1307",2026-09-02 13:07:00,"T1","26C",1,"plate_1_26","C11","Sample",56,"360hpf",NA,13,565,""
"132",20260401,"Resaz_Assay_plate1_T1_260401_1307",2026-09-02 13:07:00,"T1","26C",1,"plate_1_26","C12","Sample",57,"360hpf",NA,12,429,""
"133",20260401,"Resaz_Assay_plate1_T1_260401_1307",2026-09-02 13:07:00,"T1","26C",1,"plate_1_26","D1","Sample",1,"360hpf",NA,11,602,""
"134",20260401,"Resaz_Assay_plate1_T1_260401_1307",2026-09-02 13:07:00,"T1","26C",1,"plate_1_26","D2","Sample",3,"360hpf",NA,8,487,""
"135",20260401,"Resaz_Assay_plate1_T1_260401_1307",2026-09-02 13:07:00,"T1","26C",1,"plate_1_26","D3","Sample",4,"360hpf",NA,3,437,""
"136",20260401,"Resaz_Assay_plate1_T1_260401_1307",2026-09-02 13:07:00,"T1","26C",1,"plate_1_26","D4","Sample",5,"360hpf",NA,16,574,""
"137",20260401,"Resaz_Assay_plate1_T1_260401_1307",2026-09-02 13:07:00,"T1","26C",1,"plate_1_26","D5","Sample",6,"360hpf",NA,10,383,""
"138",20260401,"Resaz_Assay_plate1_T1_260401_1307",2026-09-02 13:07:00,"T1","26C",1,"plate_1_26","D6","Sample",8,"360hpf",NA,3,403,""
"139",20260401,"Resaz_Assay_plate1_T1_260401_1307",2026-09-02 13:07:00,"T1","26C",1,"plate_1_26","D7","Sample",52,"360hpf",NA,29,662,""
"140",20260401,"Resaz_Assay_plate1_T1_260401_1307",2026-09-02 13:07:00,"T1","26C",1,"plate_1_26","D8","Sample",53,"360hpf",NA,17,489,""
"141",20260401,"Resaz_Assay_plate1_T1_260401_1307",2026-09-02 13:07:00,"T1","26C",1,"plate_1_26","D9","Sample",54,"360hpf",NA,11,405,""
"142",20260401,"Resaz_Assay_plate1_T1_260401_1307",2026-09-02 13:07:00,"T1","26C",1,"plate_1_26","D10","Sample",55,"360hpf",NA,44,970,""
"143",20260401,"Resaz_Assay_plate1_T1_260401_1307",2026-09-02 13:07:00,"T1","26C",1,"plate_1_26","D11","Sample",56,"360hpf",NA,8,508,""
"144",20260401,"Resaz_Assay_plate1_T1_260401_1307",2026-09-02 13:07:00,"T1","26C",1,"plate_1_26","D12","Sample",57,"360hpf",NA,3,395,""
"145",20260401,"Resaz_Assay_plate1_T1_260401_1307",2026-09-02 13:07:00,"T1","26C",1,"plate_1_26","E1","Sample",1,"360hpf",NA,35,1112,""
"146",20260401,"Resaz_Assay_plate1_T1_260401_1307",2026-09-02 13:07:00,"T1","26C",1,"plate_1_26","E2","Sample",3,"360hpf",NA,13,449,""
"147",20260401,"Resaz_Assay_plate1_T1_260401_1307",2026-09-02 13:07:00,"T1","26C",1,"plate_1_26","E3","Sample",4,"360hpf",NA,8,505,""
"148",20260401,"Resaz_Assay_plate1_T1_260401_1307",2026-09-02 13:07:00,"T1","26C",1,"plate_1_26","E4","Sample",5,"360hpf",NA,7,504,""
"149",20260401,"Resaz_Assay_plate1_T1_260401_1307",2026-09-02 13:07:00,"T1","26C",1,"plate_1_26","E5","Sample",6,"360hpf",NA,13,488,""
"150",20260401,"Resaz_Assay_plate1_T1_260401_1307",2026-09-02 13:07:00,"T1","26C",1,"plate_1_26","E6","Sample",8,"360hpf",NA,6,383,""
"151",20260401,"Resaz_Assay_plate1_T1_260401_1307",2026-09-02 13:07:00,"T1","26C",1,"plate_1_26","E7","Sample",52,"360hpf",NA,10,492,""
"152",20260401,"Resaz_Assay_plate1_T1_260401_1307",2026-09-02 13:07:00,"T1","26C",1,"plate_1_26","E8","Sample",53,"360hpf",NA,12,449,""
"153",20260401,"Resaz_Assay_plate1_T1_260401_1307",2026-09-02 13:07:00,"T1","26C",1,"plate_1_26","E9","Sample",54,"360hpf",NA,18,461,""
"154",20260401,"Resaz_Assay_plate1_T1_260401_1307",2026-09-02 13:07:00,"T1","26C",1,"plate_1_26","E10","Sample",55,"360hpf",NA,62,1282,""
"155",20260401,"Resaz_Assay_plate1_T1_260401_1307",2026-09-02 13:07:00,"T1","26C",1,"plate_1_26","E11","Sample",56,"360hpf",NA,22,504,""
"156",20260401,"Resaz_Assay_plate1_T1_260401_1307",2026-09-02 13:07:00,"T1","26C",1,"plate_1_26","E12","Sample",57,"360hpf",NA,19,440,""
"157",20260401,"Resaz_Assay_plate1_T1_260401_1307",2026-09-02 13:07:00,"T1","26C",1,"plate_1_26","F1","Sample",1,"360hpf",NA,37,1046,""
"158",20260401,"Resaz_Assay_plate1_T1_260401_1307",2026-09-02 13:07:00,"T1","26C",1,"plate_1_26","F2","Sample",3,"360hpf",NA,10,441,""
"159",20260401,"Resaz_Assay_plate1_T1_260401_1307",2026-09-02 13:07:00,"T1","26C",1,"plate_1_26","F3","Sample",4,"360hpf",NA,6,469,""
"160",20260401,"Resaz_Assay_plate1_T1_260401_1307",2026-09-02 13:07:00,"T1","26C",1,"plate_1_26","F4","Sample",5,"360hpf",NA,7,497,""
"161",20260401,"Resaz_Assay_plate1_T1_260401_1307",2026-09-02 13:07:00,"T1","26C",1,"plate_1_26","F5","Sample",6,"360hpf",NA,7,541,""
"162",20260401,"Resaz_Assay_plate1_T1_260401_1307",2026-09-02 13:07:00,"T1","26C",1,"plate_1_26","F6","Sample",8,"360hpf",NA,39,598,""
"163",20260401,"Resaz_Assay_plate1_T1_260401_1307",2026-09-02 13:07:00,"T1","26C",1,"plate_1_26","F7","Sample",52,"360hpf",NA,12,508,""
"164",20260401,"Resaz_Assay_plate1_T1_260401_1307",2026-09-02 13:07:00,"T1","26C",1,"plate_1_26","F8","Sample",53,"360hpf",NA,11,467,""
"165",20260401,"Resaz_Assay_plate1_T1_260401_1307",2026-09-02 13:07:00,"T1","26C",1,"plate_1_26","F9","Sample",54,"360hpf",NA,10,532,""
"166",20260401,"Resaz_Assay_plate1_T1_260401_1307",2026-09-02 13:07:00,"T1","26C",1,"plate_1_26","F10","Sample",55,"360hpf",NA,24,756,""
"167",20260401,"Resaz_Assay_plate1_T1_260401_1307",2026-09-02 13:07:00,"T1","26C",1,"plate_1_26","F11","Sample",56,"360hpf",NA,5,359,""
"168",20260401,"Resaz_Assay_plate1_T1_260401_1307",2026-09-02 13:07:00,"T1","26C",1,"plate_1_26","F12","Sample",57,"360hpf",NA,20,427,""
"169",20260401,"Resaz_Assay_plate1_T1_260401_1307",2026-09-02 13:07:00,"T1","26C",1,"plate_1_26","G1","Sample",1,"360hpf",NA,17,745,""
"170",20260401,"Resaz_Assay_plate1_T1_260401_1307",2026-09-02 13:07:00,"T1","26C",1,"plate_1_26","G2","Sample",3,"360hpf",NA,7,511,""
"171",20260401,"Resaz_Assay_plate1_T1_260401_1307",2026-09-02 13:07:00,"T1","26C",1,"plate_1_26","G3","Sample",4,"360hpf",NA,8,515,""
"172",20260401,"Resaz_Assay_plate1_T1_260401_1307",2026-09-02 13:07:00,"T1","26C",1,"plate_1_26","G4","Sample",5,"360hpf",NA,22,768,""
"173",20260401,"Resaz_Assay_plate1_T1_260401_1307",2026-09-02 13:07:00,"T1","26C",1,"plate_1_26","G5","Sample",6,"360hpf",NA,11,549,""
"174",20260401,"Resaz_Assay_plate1_T1_260401_1307",2026-09-02 13:07:00,"T1","26C",1,"plate_1_26","G6","Sample",8,"360hpf",NA,66,836,""
"175",20260401,"Resaz_Assay_plate1_T1_260401_1307",2026-09-02 13:07:00,"T1","26C",1,"plate_1_26","G7","Sample",52,"360hpf",NA,27,672,""
"176",20260401,"Resaz_Assay_plate1_T1_260401_1307",2026-09-02 13:07:00,"T1","26C",1,"plate_1_26","G8","Sample",53,"360hpf",NA,50,920,""
"177",20260401,"Resaz_Assay_plate1_T1_260401_1307",2026-09-02 13:07:00,"T1","26C",1,"plate_1_26","G9","Sample",54,"360hpf",NA,15,492,""
"178",20260401,"Resaz_Assay_plate1_T1_260401_1307",2026-09-02 13:07:00,"T1","26C",1,"plate_1_26","G10","Sample",55,"360hpf",NA,0,367,""
"179",20260401,"Resaz_Assay_plate1_T1_260401_1307",2026-09-02 13:07:00,"T1","26C",1,"plate_1_26","G11","Sample",56,"360hpf",NA,6,441,""
"180",20260401,"Resaz_Assay_plate1_T1_260401_1307",2026-09-02 13:07:00,"T1","26C",1,"plate_1_26","G12","Sample",57,"360hpf",NA,3,381,""
"181",20260401,"Resaz_Assay_plate1_T1_260401_1307",2026-09-02 13:07:00,"T1","26C",1,"plate_1_26","H1","Blank",NA,"360hpf",NA,NA,391,""
"182",20260401,"Resaz_Assay_plate1_T1_260401_1307",2026-09-02 13:07:00,"T1","26C",1,"plate_1_26","H2","Blank",NA,"360hpf",NA,NA,395,""
"183",20260401,"Resaz_Assay_plate1_T1_260401_1307",2026-09-02 13:07:00,"T1","26C",1,"plate_1_26","H3","Blank",NA,"360hpf",NA,NA,377,""
"184",20260401,"Resaz_Assay_plate1_T1_260401_1307",2026-09-02 13:07:00,"T1","26C",1,"plate_1_26","H4","Blank",NA,"360hpf",NA,NA,359,""
"185",20260401,"Resaz_Assay_plate1_T1_260401_1307",2026-09-02 13:07:00,"T1","26C",1,"plate_1_26","H5","Blank",NA,"360hpf",NA,NA,382,""
"186",20260401,"Resaz_Assay_plate1_T1_260401_1307",2026-09-02 13:07:00,"T1","26C",1,"plate_1_26","H6","Blank",NA,"360hpf",NA,NA,368,""
"187",20260401,"Resaz_Assay_plate1_T1_260401_1307",2026-09-02 13:07:00,"T1","26C",1,"plate_1_26","H7","Blank",NA,"360hpf",NA,NA,355,""
"188",20260401,"Resaz_Assay_plate1_T1_260401_1307",2026-09-02 13:07:00,"T1","26C",1,"plate_1_26","H8","Blank",NA,"360hpf",NA,NA,365,""
"189",20260401,"Resaz_Assay_plate1_T1_260401_1307",2026-09-02 13:07:00,"T1","26C",1,"plate_1_26","H9","Blank",NA,"360hpf",NA,NA,374,""
"190",20260401,"Resaz_Assay_plate1_T1_260401_1307",2026-09-02 13:07:00,"T1","26C",1,"plate_1_26","H10","Blank",NA,"360hpf",NA,NA,362,""
"191",20260401,"Resaz_Assay_plate1_T1_260401_1307",2026-09-02 13:07:00,"T1","26C",1,"plate_1_26","H11","Blank",NA,"360hpf",NA,NA,401,""
"192",20260401,"Resaz_Assay_plate1_T1_260401_1307",2026-09-02 13:07:00,"T1","26C",1,"plate_1_26","H12","Blank",NA,"360hpf",NA,NA,382,""
"193",20260401,"Resaz_Assay_plate1_T2_260401_1412",2026-09-02 14:12:00,"T2","26C",1,"plate_1_26","A1","Sample",1,"360hpf",NA,87,3671,""
"194",20260401,"Resaz_Assay_plate1_T2_260401_1412",2026-09-02 14:12:00,"T2","26C",1,"plate_1_26","A2","Sample",3,"360hpf",NA,5,637,""
"195",20260401,"Resaz_Assay_plate1_T2_260401_1412",2026-09-02 14:12:00,"T2","26C",1,"plate_1_26","A3","Sample",4,"360hpf",NA,8,657,""
"196",20260401,"Resaz_Assay_plate1_T2_260401_1412",2026-09-02 14:12:00,"T2","26C",1,"plate_1_26","A4","Sample",5,"360hpf",NA,29,1460,""
"197",20260401,"Resaz_Assay_plate1_T2_260401_1412",2026-09-02 14:12:00,"T2","26C",1,"plate_1_26","A5","Sample",6,"360hpf",NA,14,816,""
"198",20260401,"Resaz_Assay_plate1_T2_260401_1412",2026-09-02 14:12:00,"T2","26C",1,"plate_1_26","A6","Sample",8,"360hpf",NA,58,1565,""
"199",20260401,"Resaz_Assay_plate1_T2_260401_1412",2026-09-02 14:12:00,"T2","26C",1,"plate_1_26","A7","Sample",52,"360hpf",NA,16,1044,""
"200",20260401,"Resaz_Assay_plate1_T2_260401_1412",2026-09-02 14:12:00,"T2","26C",1,"plate_1_26","A8","Sample",53,"360hpf",NA,17,895,""
"201",20260401,"Resaz_Assay_plate1_T2_260401_1412",2026-09-02 14:12:00,"T2","26C",1,"plate_1_26","A9","Sample",54,"360hpf",NA,17,853,""
"202",20260401,"Resaz_Assay_plate1_T2_260401_1412",2026-09-02 14:12:00,"T2","26C",1,"plate_1_26","A10","Sample",55,"360hpf",NA,54,2424,""
"203",20260401,"Resaz_Assay_plate1_T2_260401_1412",2026-09-02 14:12:00,"T2","26C",1,"plate_1_26","A11","Sample",56,"360hpf",NA,36,1542,""
"204",20260401,"Resaz_Assay_plate1_T2_260401_1412",2026-09-02 14:12:00,"T2","26C",1,"plate_1_26","A12","Sample",57,"360hpf",NA,86,1198,""
"205",20260401,"Resaz_Assay_plate1_T2_260401_1412",2026-09-02 14:12:00,"T2","26C",1,"plate_1_26","B1","Sample",1,"360hpf",NA,28,1502,""
"206",20260401,"Resaz_Assay_plate1_T2_260401_1412",2026-09-02 14:12:00,"T2","26C",1,"plate_1_26","B2","Sample",3,"360hpf",NA,22,872,""
"207",20260401,"Resaz_Assay_plate1_T2_260401_1412",2026-09-02 14:12:00,"T2","26C",1,"plate_1_26","B3","Sample",4,"360hpf",NA,3,473,""
"208",20260401,"Resaz_Assay_plate1_T2_260401_1412",2026-09-02 14:12:00,"T2","26C",1,"plate_1_26","B4","Sample",5,"360hpf",NA,4,602,""
"209",20260401,"Resaz_Assay_plate1_T2_260401_1412",2026-09-02 14:12:00,"T2","26C",1,"plate_1_26","B5","Sample",6,"360hpf",NA,6,637,""
"210",20260401,"Resaz_Assay_plate1_T2_260401_1412",2026-09-02 14:12:00,"T2","26C",1,"plate_1_26","B6","Sample",8,"360hpf",NA,10,592,""
"211",20260401,"Resaz_Assay_plate1_T2_260401_1412",2026-09-02 14:12:00,"T2","26C",1,"plate_1_26","B7","Sample",52,"360hpf",NA,26,1252,""
"212",20260401,"Resaz_Assay_plate1_T2_260401_1412",2026-09-02 14:12:00,"T2","26C",1,"plate_1_26","B8","Sample",53,"360hpf",NA,6,497,""
"213",20260401,"Resaz_Assay_plate1_T2_260401_1412",2026-09-02 14:12:00,"T2","26C",1,"plate_1_26","B9","Sample",54,"360hpf",NA,26,1201,""
"214",20260401,"Resaz_Assay_plate1_T2_260401_1412",2026-09-02 14:12:00,"T2","26C",1,"plate_1_26","B10","Sample",55,"360hpf",NA,24,1201,""
"215",20260401,"Resaz_Assay_plate1_T2_260401_1412",2026-09-02 14:12:00,"T2","26C",1,"plate_1_26","B11","Sample",56,"360hpf",NA,17,835,""
"216",20260401,"Resaz_Assay_plate1_T2_260401_1412",2026-09-02 14:12:00,"T2","26C",1,"plate_1_26","B12","Sample",57,"360hpf",NA,14,528,""
"217",20260401,"Resaz_Assay_plate1_T2_260401_1412",2026-09-02 14:12:00,"T2","26C",1,"plate_1_26","C1","Sample",1,"360hpf",NA,14,875,""
"218",20260401,"Resaz_Assay_plate1_T2_260401_1412",2026-09-02 14:12:00,"T2","26C",1,"plate_1_26","C2","Sample",3,"360hpf",NA,18,658,""
"219",20260401,"Resaz_Assay_plate1_T2_260401_1412",2026-09-02 14:12:00,"T2","26C",1,"plate_1_26","C3","Sample",4,"360hpf",NA,7,667,""
"220",20260401,"Resaz_Assay_plate1_T2_260401_1412",2026-09-02 14:12:00,"T2","26C",1,"plate_1_26","C4","Sample",5,"360hpf",NA,14,907,""
"221",20260401,"Resaz_Assay_plate1_T2_260401_1412",2026-09-02 14:12:00,"T2","26C",1,"plate_1_26","C5","Sample",6,"360hpf",NA,18,822,""
"222",20260401,"Resaz_Assay_plate1_T2_260401_1412",2026-09-02 14:12:00,"T2","26C",1,"plate_1_26","C6","Sample",8,"360hpf",NA,6,561,""
"223",20260401,"Resaz_Assay_plate1_T2_260401_1412",2026-09-02 14:12:00,"T2","26C",1,"plate_1_26","C7","Sample",52,"360hpf",NA,15,1018,""
"224",20260401,"Resaz_Assay_plate1_T2_260401_1412",2026-09-02 14:12:00,"T2","26C",1,"plate_1_26","C8","Sample",53,"360hpf",NA,14,617,""
"225",20260401,"Resaz_Assay_plate1_T2_260401_1412",2026-09-02 14:12:00,"T2","26C",1,"plate_1_26","C9","Sample",54,"360hpf",NA,19,873,""
"226",20260401,"Resaz_Assay_plate1_T2_260401_1412",2026-09-02 14:12:00,"T2","26C",1,"plate_1_26","C10","Sample",55,"360hpf",NA,15,892,""
"227",20260401,"Resaz_Assay_plate1_T2_260401_1412",2026-09-02 14:12:00,"T2","26C",1,"plate_1_26","C11","Sample",56,"360hpf",NA,13,837,""
"228",20260401,"Resaz_Assay_plate1_T2_260401_1412",2026-09-02 14:12:00,"T2","26C",1,"plate_1_26","C12","Sample",57,"360hpf",NA,12,506,""
"229",20260401,"Resaz_Assay_plate1_T2_260401_1412",2026-09-02 14:12:00,"T2","26C",1,"plate_1_26","D1","Sample",1,"360hpf",NA,11,812,""
"230",20260401,"Resaz_Assay_plate1_T2_260401_1412",2026-09-02 14:12:00,"T2","26C",1,"plate_1_26","D2","Sample",3,"360hpf",NA,8,617,""
"231",20260401,"Resaz_Assay_plate1_T2_260401_1412",2026-09-02 14:12:00,"T2","26C",1,"plate_1_26","D3","Sample",4,"360hpf",NA,3,568,""
"232",20260401,"Resaz_Assay_plate1_T2_260401_1412",2026-09-02 14:12:00,"T2","26C",1,"plate_1_26","D4","Sample",5,"360hpf",NA,16,831,""
"233",20260401,"Resaz_Assay_plate1_T2_260401_1412",2026-09-02 14:12:00,"T2","26C",1,"plate_1_26","D5","Sample",6,"360hpf",NA,10,594,""
"234",20260401,"Resaz_Assay_plate1_T2_260401_1412",2026-09-02 14:12:00,"T2","26C",1,"plate_1_26","D6","Sample",8,"360hpf",NA,3,488,""
"235",20260401,"Resaz_Assay_plate1_T2_260401_1412",2026-09-02 14:12:00,"T2","26C",1,"plate_1_26","D7","Sample",52,"360hpf",NA,29,1325,""
"236",20260401,"Resaz_Assay_plate1_T2_260401_1412",2026-09-02 14:12:00,"T2","26C",1,"plate_1_26","D8","Sample",53,"360hpf",NA,17,768,""
"237",20260401,"Resaz_Assay_plate1_T2_260401_1412",2026-09-02 14:12:00,"T2","26C",1,"plate_1_26","D9","Sample",54,"360hpf",NA,11,640,""
"238",20260401,"Resaz_Assay_plate1_T2_260401_1412",2026-09-02 14:12:00,"T2","26C",1,"plate_1_26","D10","Sample",55,"360hpf",NA,44,1967,""
"239",20260401,"Resaz_Assay_plate1_T2_260401_1412",2026-09-02 14:12:00,"T2","26C",1,"plate_1_26","D11","Sample",56,"360hpf",NA,8,599,""
"240",20260401,"Resaz_Assay_plate1_T2_260401_1412",2026-09-02 14:12:00,"T2","26C",1,"plate_1_26","D12","Sample",57,"360hpf",NA,3,454,""
"241",20260401,"Resaz_Assay_plate1_T2_260401_1412",2026-09-02 14:12:00,"T2","26C",1,"plate_1_26","E1","Sample",1,"360hpf",NA,35,1944,""
"242",20260401,"Resaz_Assay_plate1_T2_260401_1412",2026-09-02 14:12:00,"T2","26C",1,"plate_1_26","E2","Sample",3,"360hpf",NA,13,646,""
"243",20260401,"Resaz_Assay_plate1_T2_260401_1412",2026-09-02 14:12:00,"T2","26C",1,"plate_1_26","E3","Sample",4,"360hpf",NA,8,711,""
"244",20260401,"Resaz_Assay_plate1_T2_260401_1412",2026-09-02 14:12:00,"T2","26C",1,"plate_1_26","E4","Sample",5,"360hpf",NA,7,714,""
"245",20260401,"Resaz_Assay_plate1_T2_260401_1412",2026-09-02 14:12:00,"T2","26C",1,"plate_1_26","E5","Sample",6,"360hpf",NA,13,648,""
"246",20260401,"Resaz_Assay_plate1_T2_260401_1412",2026-09-02 14:12:00,"T2","26C",1,"plate_1_26","E6","Sample",8,"360hpf",NA,6,469,""
"247",20260401,"Resaz_Assay_plate1_T2_260401_1412",2026-09-02 14:12:00,"T2","26C",1,"plate_1_26","E7","Sample",52,"360hpf",NA,10,687,""
"248",20260401,"Resaz_Assay_plate1_T2_260401_1412",2026-09-02 14:12:00,"T2","26C",1,"plate_1_26","E8","Sample",53,"360hpf",NA,12,591,""
"249",20260401,"Resaz_Assay_plate1_T2_260401_1412",2026-09-02 14:12:00,"T2","26C",1,"plate_1_26","E9","Sample",54,"360hpf",NA,18,943,""
"250",20260401,"Resaz_Assay_plate1_T2_260401_1412",2026-09-02 14:12:00,"T2","26C",1,"plate_1_26","E10","Sample",55,"360hpf",NA,62,2721,""
"251",20260401,"Resaz_Assay_plate1_T2_260401_1412",2026-09-02 14:12:00,"T2","26C",1,"plate_1_26","E11","Sample",56,"360hpf",NA,22,1035,""
"252",20260401,"Resaz_Assay_plate1_T2_260401_1412",2026-09-02 14:12:00,"T2","26C",1,"plate_1_26","E12","Sample",57,"360hpf",NA,19,639,""
"253",20260401,"Resaz_Assay_plate1_T2_260401_1412",2026-09-02 14:12:00,"T2","26C",1,"plate_1_26","F1","Sample",1,"360hpf",NA,37,1785,""
"254",20260401,"Resaz_Assay_plate1_T2_260401_1412",2026-09-02 14:12:00,"T2","26C",1,"plate_1_26","F2","Sample",3,"360hpf",NA,10,557,""
"255",20260401,"Resaz_Assay_plate1_T2_260401_1412",2026-09-02 14:12:00,"T2","26C",1,"plate_1_26","F3","Sample",4,"360hpf",NA,6,595,""
"256",20260401,"Resaz_Assay_plate1_T2_260401_1412",2026-09-02 14:12:00,"T2","26C",1,"plate_1_26","F4","Sample",5,"360hpf",NA,7,668,""
"257",20260401,"Resaz_Assay_plate1_T2_260401_1412",2026-09-02 14:12:00,"T2","26C",1,"plate_1_26","F5","Sample",6,"360hpf",NA,7,687,""
"258",20260401,"Resaz_Assay_plate1_T2_260401_1412",2026-09-02 14:12:00,"T2","26C",1,"plate_1_26","F6","Sample",8,"360hpf",NA,39,928,""
"259",20260401,"Resaz_Assay_plate1_T2_260401_1412",2026-09-02 14:12:00,"T2","26C",1,"plate_1_26","F7","Sample",52,"360hpf",NA,12,800,""
"260",20260401,"Resaz_Assay_plate1_T2_260401_1412",2026-09-02 14:12:00,"T2","26C",1,"plate_1_26","F8","Sample",53,"360hpf",NA,11,646,""
"261",20260401,"Resaz_Assay_plate1_T2_260401_1412",2026-09-02 14:12:00,"T2","26C",1,"plate_1_26","F9","Sample",54,"360hpf",NA,10,658,""
"262",20260401,"Resaz_Assay_plate1_T2_260401_1412",2026-09-02 14:12:00,"T2","26C",1,"plate_1_26","F10","Sample",55,"360hpf",NA,24,1385,""
"263",20260401,"Resaz_Assay_plate1_T2_260401_1412",2026-09-02 14:12:00,"T2","26C",1,"plate_1_26","F11","Sample",56,"360hpf",NA,5,441,""
"264",20260401,"Resaz_Assay_plate1_T2_260401_1412",2026-09-02 14:12:00,"T2","26C",1,"plate_1_26","F12","Sample",57,"360hpf",NA,20,624,""
"265",20260401,"Resaz_Assay_plate1_T2_260401_1412",2026-09-02 14:12:00,"T2","26C",1,"plate_1_26","G1","Sample",1,"360hpf",NA,17,1126,""
"266",20260401,"Resaz_Assay_plate1_T2_260401_1412",2026-09-02 14:12:00,"T2","26C",1,"plate_1_26","G2","Sample",3,"360hpf",NA,7,663,""
"267",20260401,"Resaz_Assay_plate1_T2_260401_1412",2026-09-02 14:12:00,"T2","26C",1,"plate_1_26","G3","Sample",4,"360hpf",NA,8,698,""
"268",20260401,"Resaz_Assay_plate1_T2_260401_1412",2026-09-02 14:12:00,"T2","26C",1,"plate_1_26","G4","Sample",5,"360hpf",NA,22,1213,""
"269",20260401,"Resaz_Assay_plate1_T2_260401_1412",2026-09-02 14:12:00,"T2","26C",1,"plate_1_26","G5","Sample",6,"360hpf",NA,11,745,""
"270",20260401,"Resaz_Assay_plate1_T2_260401_1412",2026-09-02 14:12:00,"T2","26C",1,"plate_1_26","G6","Sample",8,"360hpf",NA,66,1649,""
"271",20260401,"Resaz_Assay_plate1_T2_260401_1412",2026-09-02 14:12:00,"T2","26C",1,"plate_1_26","G7","Sample",52,"360hpf",NA,27,1187,""
"272",20260401,"Resaz_Assay_plate1_T2_260401_1412",2026-09-02 14:12:00,"T2","26C",1,"plate_1_26","G8","Sample",53,"360hpf",NA,50,1681,""
"273",20260401,"Resaz_Assay_plate1_T2_260401_1412",2026-09-02 14:12:00,"T2","26C",1,"plate_1_26","G9","Sample",54,"360hpf",NA,15,806,""
"274",20260401,"Resaz_Assay_plate1_T2_260401_1412",2026-09-02 14:12:00,"T2","26C",1,"plate_1_26","G10","Sample",55,"360hpf",NA,0,378,""
"275",20260401,"Resaz_Assay_plate1_T2_260401_1412",2026-09-02 14:12:00,"T2","26C",1,"plate_1_26","G11","Sample",56,"360hpf",NA,6,594,""
"276",20260401,"Resaz_Assay_plate1_T2_260401_1412",2026-09-02 14:12:00,"T2","26C",1,"plate_1_26","G12","Sample",57,"360hpf",NA,3,422,""
"277",20260401,"Resaz_Assay_plate1_T2_260401_1412",2026-09-02 14:12:00,"T2","26C",1,"plate_1_26","H1","Blank",NA,"360hpf",NA,NA,413,""
"278",20260401,"Resaz_Assay_plate1_T2_260401_1412",2026-09-02 14:12:00,"T2","26C",1,"plate_1_26","H2","Blank",NA,"360hpf",NA,NA,414,""
"279",20260401,"Resaz_Assay_plate1_T2_260401_1412",2026-09-02 14:12:00,"T2","26C",1,"plate_1_26","H3","Blank",NA,"360hpf",NA,NA,394,""
"280",20260401,"Resaz_Assay_plate1_T2_260401_1412",2026-09-02 14:12:00,"T2","26C",1,"plate_1_26","H4","Blank",NA,"360hpf",NA,NA,378,""
"281",20260401,"Resaz_Assay_plate1_T2_260401_1412",2026-09-02 14:12:00,"T2","26C",1,"plate_1_26","H5","Blank",NA,"360hpf",NA,NA,401,""
"282",20260401,"Resaz_Assay_plate1_T2_260401_1412",2026-09-02 14:12:00,"T2","26C",1,"plate_1_26","H6","Blank",NA,"360hpf",NA,NA,387,""
"283",20260401,"Resaz_Assay_plate1_T2_260401_1412",2026-09-02 14:12:00,"T2","26C",1,"plate_1_26","H7","Blank",NA,"360hpf",NA,NA,372,""
"284",20260401,"Resaz_Assay_plate1_T2_260401_1412",2026-09-02 14:12:00,"T2","26C",1,"plate_1_26","H8","Blank",NA,"360hpf",NA,NA,383,""
"285",20260401,"Resaz_Assay_plate1_T2_260401_1412",2026-09-02 14:12:00,"T2","26C",1,"plate_1_26","H9","Blank",NA,"360hpf",NA,NA,392,""
"286",20260401,"Resaz_Assay_plate1_T2_260401_1412",2026-09-02 14:12:00,"T2","26C",1,"plate_1_26","H10","Blank",NA,"360hpf",NA,NA,380,""
"287",20260401,"Resaz_Assay_plate1_T2_260401_1412",2026-09-02 14:12:00,"T2","26C",1,"plate_1_26","H11","Blank",NA,"360hpf",NA,NA,421,""
"288",20260401,"Resaz_Assay_plate1_T2_260401_1412",2026-09-02 14:12:00,"T2","26C",1,"plate_1_26","H12","Blank",NA,"360hpf",NA,NA,404,""
"289",20260401,"Resaz_Assay_plate1_T3_260401_1516",2026-09-02 15:16:00,"T3","26C",1,"plate_1_26","A1","Sample",1,"360hpf",NA,87,4765,""
"290",20260401,"Resaz_Assay_plate1_T3_260401_1516",2026-09-02 15:16:00,"T3","26C",1,"plate_1_26","A2","Sample",3,"360hpf",NA,5,760,""
"291",20260401,"Resaz_Assay_plate1_T3_260401_1516",2026-09-02 15:16:00,"T3","26C",1,"plate_1_26","A3","Sample",4,"360hpf",NA,8,777,""
"292",20260401,"Resaz_Assay_plate1_T3_260401_1516",2026-09-02 15:16:00,"T3","26C",1,"plate_1_26","A4","Sample",5,"360hpf",NA,29,2005,""
"293",20260401,"Resaz_Assay_plate1_T3_260401_1516",2026-09-02 15:16:00,"T3","26C",1,"plate_1_26","A5","Sample",6,"360hpf",NA,14,1076,""
"294",20260401,"Resaz_Assay_plate1_T3_260401_1516",2026-09-02 15:16:00,"T3","26C",1,"plate_1_26","A6","Sample",8,"360hpf",NA,58,2264,""
"295",20260401,"Resaz_Assay_plate1_T3_260401_1516",2026-09-02 15:16:00,"T3","26C",1,"plate_1_26","A7","Sample",52,"360hpf",NA,16,1414,""
"296",20260401,"Resaz_Assay_plate1_T3_260401_1516",2026-09-02 15:16:00,"T3","26C",1,"plate_1_26","A8","Sample",53,"360hpf",NA,17,1193,""
"297",20260401,"Resaz_Assay_plate1_T3_260401_1516",2026-09-02 15:16:00,"T3","26C",1,"plate_1_26","A9","Sample",54,"360hpf",NA,17,1080,""
"298",20260401,"Resaz_Assay_plate1_T3_260401_1516",2026-09-02 15:16:00,"T3","26C",1,"plate_1_26","A10","Sample",55,"360hpf",NA,54,3505,""
"299",20260401,"Resaz_Assay_plate1_T3_260401_1516",2026-09-02 15:16:00,"T3","26C",1,"plate_1_26","A11","Sample",56,"360hpf",NA,36,2341,""
"300",20260401,"Resaz_Assay_plate1_T3_260401_1516",2026-09-02 15:16:00,"T3","26C",1,"plate_1_26","A12","Sample",57,"360hpf",NA,86,1912,""
"301",20260401,"Resaz_Assay_plate1_T3_260401_1516",2026-09-02 15:16:00,"T3","26C",1,"plate_1_26","B1","Sample",1,"360hpf",NA,28,2063,""
"302",20260401,"Resaz_Assay_plate1_T3_260401_1516",2026-09-02 15:16:00,"T3","26C",1,"plate_1_26","B2","Sample",3,"360hpf",NA,22,967,""
"303",20260401,"Resaz_Assay_plate1_T3_260401_1516",2026-09-02 15:16:00,"T3","26C",1,"plate_1_26","B3","Sample",4,"360hpf",NA,3,462,""
"304",20260401,"Resaz_Assay_plate1_T3_260401_1516",2026-09-02 15:16:00,"T3","26C",1,"plate_1_26","B4","Sample",5,"360hpf",NA,4,707,""
"305",20260401,"Resaz_Assay_plate1_T3_260401_1516",2026-09-02 15:16:00,"T3","26C",1,"plate_1_26","B5","Sample",6,"360hpf",NA,6,769,""
"306",20260401,"Resaz_Assay_plate1_T3_260401_1516",2026-09-02 15:16:00,"T3","26C",1,"plate_1_26","B6","Sample",8,"360hpf",NA,10,675,""
"307",20260401,"Resaz_Assay_plate1_T3_260401_1516",2026-09-02 15:16:00,"T3","26C",1,"plate_1_26","B7","Sample",52,"360hpf",NA,26,1764,""
"308",20260401,"Resaz_Assay_plate1_T3_260401_1516",2026-09-02 15:16:00,"T3","26C",1,"plate_1_26","B8","Sample",53,"360hpf",NA,6,545,""
"309",20260401,"Resaz_Assay_plate1_T3_260401_1516",2026-09-02 15:16:00,"T3","26C",1,"plate_1_26","B9","Sample",54,"360hpf",NA,26,1566,""
"310",20260401,"Resaz_Assay_plate1_T3_260401_1516",2026-09-02 15:16:00,"T3","26C",1,"plate_1_26","B10","Sample",55,"360hpf",NA,24,1592,""
"311",20260401,"Resaz_Assay_plate1_T3_260401_1516",2026-09-02 15:16:00,"T3","26C",1,"plate_1_26","B11","Sample",56,"360hpf",NA,17,1065,""
"312",20260401,"Resaz_Assay_plate1_T3_260401_1516",2026-09-02 15:16:00,"T3","26C",1,"plate_1_26","B12","Sample",57,"360hpf",NA,14,611,""
"313",20260401,"Resaz_Assay_plate1_T3_260401_1516",2026-09-02 15:16:00,"T3","26C",1,"plate_1_26","C1","Sample",1,"360hpf",NA,14,1068,""
"314",20260401,"Resaz_Assay_plate1_T3_260401_1516",2026-09-02 15:16:00,"T3","26C",1,"plate_1_26","C2","Sample",3,"360hpf",NA,18,831,""
"315",20260401,"Resaz_Assay_plate1_T3_260401_1516",2026-09-02 15:16:00,"T3","26C",1,"plate_1_26","C3","Sample",4,"360hpf",NA,7,817,""
"316",20260401,"Resaz_Assay_plate1_T3_260401_1516",2026-09-02 15:16:00,"T3","26C",1,"plate_1_26","C4","Sample",5,"360hpf",NA,14,1111,""
"317",20260401,"Resaz_Assay_plate1_T3_260401_1516",2026-09-02 15:16:00,"T3","26C",1,"plate_1_26","C5","Sample",6,"360hpf",NA,18,998,""
"318",20260401,"Resaz_Assay_plate1_T3_260401_1516",2026-09-02 15:16:00,"T3","26C",1,"plate_1_26","C6","Sample",8,"360hpf",NA,6,653,""
"319",20260401,"Resaz_Assay_plate1_T3_260401_1516",2026-09-02 15:16:00,"T3","26C",1,"plate_1_26","C7","Sample",52,"360hpf",NA,15,1410,""
"320",20260401,"Resaz_Assay_plate1_T3_260401_1516",2026-09-02 15:16:00,"T3","26C",1,"plate_1_26","C8","Sample",53,"360hpf",NA,14,794,""
"321",20260401,"Resaz_Assay_plate1_T3_260401_1516",2026-09-02 15:16:00,"T3","26C",1,"plate_1_26","C9","Sample",54,"360hpf",NA,19,1225,""
"322",20260401,"Resaz_Assay_plate1_T3_260401_1516",2026-09-02 15:16:00,"T3","26C",1,"plate_1_26","C10","Sample",55,"360hpf",NA,15,1112,""
"323",20260401,"Resaz_Assay_plate1_T3_260401_1516",2026-09-02 15:16:00,"T3","26C",1,"plate_1_26","C11","Sample",56,"360hpf",NA,13,1024,""
"324",20260401,"Resaz_Assay_plate1_T3_260401_1516",2026-09-02 15:16:00,"T3","26C",1,"plate_1_26","C12","Sample",57,"360hpf",NA,12,630,""
"325",20260401,"Resaz_Assay_plate1_T3_260401_1516",2026-09-02 15:16:00,"T3","26C",1,"plate_1_26","D1","Sample",1,"360hpf",NA,11,1026,""
"326",20260401,"Resaz_Assay_plate1_T3_260401_1516",2026-09-02 15:16:00,"T3","26C",1,"plate_1_26","D2","Sample",3,"360hpf",NA,8,673,""
"327",20260401,"Resaz_Assay_plate1_T3_260401_1516",2026-09-02 15:16:00,"T3","26C",1,"plate_1_26","D3","Sample",4,"360hpf",NA,3,632,""
"328",20260401,"Resaz_Assay_plate1_T3_260401_1516",2026-09-02 15:16:00,"T3","26C",1,"plate_1_26","D4","Sample",5,"360hpf",NA,16,1017,""
"329",20260401,"Resaz_Assay_plate1_T3_260401_1516",2026-09-02 15:16:00,"T3","26C",1,"plate_1_26","D5","Sample",6,"360hpf",NA,10,716,""
"330",20260401,"Resaz_Assay_plate1_T3_260401_1516",2026-09-02 15:16:00,"T3","26C",1,"plate_1_26","D6","Sample",8,"360hpf",NA,3,547,""
"331",20260401,"Resaz_Assay_plate1_T3_260401_1516",2026-09-02 15:16:00,"T3","26C",1,"plate_1_26","D7","Sample",52,"360hpf",NA,29,1992,""
"332",20260401,"Resaz_Assay_plate1_T3_260401_1516",2026-09-02 15:16:00,"T3","26C",1,"plate_1_26","D8","Sample",53,"360hpf",NA,17,1027,""
"333",20260401,"Resaz_Assay_plate1_T3_260401_1516",2026-09-02 15:16:00,"T3","26C",1,"plate_1_26","D9","Sample",54,"360hpf",NA,11,862,""
"334",20260401,"Resaz_Assay_plate1_T3_260401_1516",2026-09-02 15:16:00,"T3","26C",1,"plate_1_26","D10","Sample",55,"360hpf",NA,44,2683,""
"335",20260401,"Resaz_Assay_plate1_T3_260401_1516",2026-09-02 15:16:00,"T3","26C",1,"plate_1_26","D11","Sample",56,"360hpf",NA,8,761,""
"336",20260401,"Resaz_Assay_plate1_T3_260401_1516",2026-09-02 15:16:00,"T3","26C",1,"plate_1_26","D12","Sample",57,"360hpf",NA,3,521,""
"337",20260401,"Resaz_Assay_plate1_T3_260401_1516",2026-09-02 15:16:00,"T3","26C",1,"plate_1_26","E1","Sample",1,"360hpf",NA,35,2787,""
"338",20260401,"Resaz_Assay_plate1_T3_260401_1516",2026-09-02 15:16:00,"T3","26C",1,"plate_1_26","E2","Sample",3,"360hpf",NA,13,785,""
"339",20260401,"Resaz_Assay_plate1_T3_260401_1516",2026-09-02 15:16:00,"T3","26C",1,"plate_1_26","E3","Sample",4,"360hpf",NA,8,893,""
"340",20260401,"Resaz_Assay_plate1_T3_260401_1516",2026-09-02 15:16:00,"T3","26C",1,"plate_1_26","E4","Sample",5,"360hpf",NA,7,886,""
"341",20260401,"Resaz_Assay_plate1_T3_260401_1516",2026-09-02 15:16:00,"T3","26C",1,"plate_1_26","E5","Sample",6,"360hpf",NA,13,790,""
"342",20260401,"Resaz_Assay_plate1_T3_260401_1516",2026-09-02 15:16:00,"T3","26C",1,"plate_1_26","E6","Sample",8,"360hpf",NA,6,546,""
"343",20260401,"Resaz_Assay_plate1_T3_260401_1516",2026-09-02 15:16:00,"T3","26C",1,"plate_1_26","E7","Sample",52,"360hpf",NA,10,868,""
"344",20260401,"Resaz_Assay_plate1_T3_260401_1516",2026-09-02 15:16:00,"T3","26C",1,"plate_1_26","E8","Sample",53,"360hpf",NA,12,775,""
"345",20260401,"Resaz_Assay_plate1_T3_260401_1516",2026-09-02 15:16:00,"T3","26C",1,"plate_1_26","E9","Sample",54,"360hpf",NA,18,1242,""
"346",20260401,"Resaz_Assay_plate1_T3_260401_1516",2026-09-02 15:16:00,"T3","26C",1,"plate_1_26","E10","Sample",55,"360hpf",NA,62,3683,""
"347",20260401,"Resaz_Assay_plate1_T3_260401_1516",2026-09-02 15:16:00,"T3","26C",1,"plate_1_26","E11","Sample",56,"360hpf",NA,22,1378,""
"348",20260401,"Resaz_Assay_plate1_T3_260401_1516",2026-09-02 15:16:00,"T3","26C",1,"plate_1_26","E12","Sample",57,"360hpf",NA,19,834,""
"349",20260401,"Resaz_Assay_plate1_T3_260401_1516",2026-09-02 15:16:00,"T3","26C",1,"plate_1_26","F1","Sample",1,"360hpf",NA,37,2542,""
"350",20260401,"Resaz_Assay_plate1_T3_260401_1516",2026-09-02 15:16:00,"T3","26C",1,"plate_1_26","F2","Sample",3,"360hpf",NA,10,649,""
"351",20260401,"Resaz_Assay_plate1_T3_260401_1516",2026-09-02 15:16:00,"T3","26C",1,"plate_1_26","F3","Sample",4,"360hpf",NA,6,730,""
"352",20260401,"Resaz_Assay_plate1_T3_260401_1516",2026-09-02 15:16:00,"T3","26C",1,"plate_1_26","F4","Sample",5,"360hpf",NA,7,825,""
"353",20260401,"Resaz_Assay_plate1_T3_260401_1516",2026-09-02 15:16:00,"T3","26C",1,"plate_1_26","F5","Sample",6,"360hpf",NA,7,820,""
"354",20260401,"Resaz_Assay_plate1_T3_260401_1516",2026-09-02 15:16:00,"T3","26C",1,"plate_1_26","F6","Sample",8,"360hpf",NA,39,1247,""
"355",20260401,"Resaz_Assay_plate1_T3_260401_1516",2026-09-02 15:16:00,"T3","26C",1,"plate_1_26","F7","Sample",52,"360hpf",NA,12,1080,""
"356",20260401,"Resaz_Assay_plate1_T3_260401_1516",2026-09-02 15:16:00,"T3","26C",1,"plate_1_26","F8","Sample",53,"360hpf",NA,11,827,""
"357",20260401,"Resaz_Assay_plate1_T3_260401_1516",2026-09-02 15:16:00,"T3","26C",1,"plate_1_26","F9","Sample",54,"360hpf",NA,10,816,""
"358",20260401,"Resaz_Assay_plate1_T3_260401_1516",2026-09-02 15:16:00,"T3","26C",1,"plate_1_26","F10","Sample",55,"360hpf",NA,24,1874,""
"359",20260401,"Resaz_Assay_plate1_T3_260401_1516",2026-09-02 15:16:00,"T3","26C",1,"plate_1_26","F11","Sample",56,"360hpf",NA,5,505,""
"360",20260401,"Resaz_Assay_plate1_T3_260401_1516",2026-09-02 15:16:00,"T3","26C",1,"plate_1_26","F12","Sample",57,"360hpf",NA,20,851,""
"361",20260401,"Resaz_Assay_plate1_T3_260401_1516",2026-09-02 15:16:00,"T3","26C",1,"plate_1_26","G1","Sample",1,"360hpf",NA,17,1448,""
"362",20260401,"Resaz_Assay_plate1_T3_260401_1516",2026-09-02 15:16:00,"T3","26C",1,"plate_1_26","G2","Sample",3,"360hpf",NA,7,820,""
"363",20260401,"Resaz_Assay_plate1_T3_260401_1516",2026-09-02 15:16:00,"T3","26C",1,"plate_1_26","G3","Sample",4,"360hpf",NA,8,865,""
"364",20260401,"Resaz_Assay_plate1_T3_260401_1516",2026-09-02 15:16:00,"T3","26C",1,"plate_1_26","G4","Sample",5,"360hpf",NA,22,1662,""
"365",20260401,"Resaz_Assay_plate1_T3_260401_1516",2026-09-02 15:16:00,"T3","26C",1,"plate_1_26","G5","Sample",6,"360hpf",NA,11,813,""
"366",20260401,"Resaz_Assay_plate1_T3_260401_1516",2026-09-02 15:16:00,"T3","26C",1,"plate_1_26","G6","Sample",8,"360hpf",NA,66,2481,""
"367",20260401,"Resaz_Assay_plate1_T3_260401_1516",2026-09-02 15:16:00,"T3","26C",1,"plate_1_26","G7","Sample",52,"360hpf",NA,27,1738,""
"368",20260401,"Resaz_Assay_plate1_T3_260401_1516",2026-09-02 15:16:00,"T3","26C",1,"plate_1_26","G8","Sample",53,"360hpf",NA,50,2511,""
"369",20260401,"Resaz_Assay_plate1_T3_260401_1516",2026-09-02 15:16:00,"T3","26C",1,"plate_1_26","G9","Sample",54,"360hpf",NA,15,1052,""
"370",20260401,"Resaz_Assay_plate1_T3_260401_1516",2026-09-02 15:16:00,"T3","26C",1,"plate_1_26","G10","Sample",55,"360hpf",NA,0,384,""
"371",20260401,"Resaz_Assay_plate1_T3_260401_1516",2026-09-02 15:16:00,"T3","26C",1,"plate_1_26","G11","Sample",56,"360hpf",NA,6,738,""
"372",20260401,"Resaz_Assay_plate1_T3_260401_1516",2026-09-02 15:16:00,"T3","26C",1,"plate_1_26","G12","Sample",57,"360hpf",NA,3,441,""
"373",20260401,"Resaz_Assay_plate1_T3_260401_1516",2026-09-02 15:16:00,"T3","26C",1,"plate_1_26","H1","Blank",NA,"360hpf",NA,NA,426,""
"374",20260401,"Resaz_Assay_plate1_T3_260401_1516",2026-09-02 15:16:00,"T3","26C",1,"plate_1_26","H2","Blank",NA,"360hpf",NA,NA,429,""
"375",20260401,"Resaz_Assay_plate1_T3_260401_1516",2026-09-02 15:16:00,"T3","26C",1,"plate_1_26","H3","Blank",NA,"360hpf",NA,NA,407,""
"376",20260401,"Resaz_Assay_plate1_T3_260401_1516",2026-09-02 15:16:00,"T3","26C",1,"plate_1_26","H4","Blank",NA,"360hpf",NA,NA,390,""
"377",20260401,"Resaz_Assay_plate1_T3_260401_1516",2026-09-02 15:16:00,"T3","26C",1,"plate_1_26","H5","Blank",NA,"360hpf",NA,NA,413,""
"378",20260401,"Resaz_Assay_plate1_T3_260401_1516",2026-09-02 15:16:00,"T3","26C",1,"plate_1_26","H6","Blank",NA,"360hpf",NA,NA,400,""
"379",20260401,"Resaz_Assay_plate1_T3_260401_1516",2026-09-02 15:16:00,"T3","26C",1,"plate_1_26","H7","Blank",NA,"360hpf",NA,NA,384,""
"380",20260401,"Resaz_Assay_plate1_T3_260401_1516",2026-09-02 15:16:00,"T3","26C",1,"plate_1_26","H8","Blank",NA,"360hpf",NA,NA,397,""
"381",20260401,"Resaz_Assay_plate1_T3_260401_1516",2026-09-02 15:16:00,"T3","26C",1,"plate_1_26","H9","Blank",NA,"360hpf",NA,NA,403,""
"382",20260401,"Resaz_Assay_plate1_T3_260401_1516",2026-09-02 15:16:00,"T3","26C",1,"plate_1_26","H10","Blank",NA,"360hpf",NA,NA,394,""
"383",20260401,"Resaz_Assay_plate1_T3_260401_1516",2026-09-02 15:16:00,"T3","26C",1,"plate_1_26","H11","Blank",NA,"360hpf",NA,NA,441,""
"384",20260401,"Resaz_Assay_plate1_T3_260401_1516",2026-09-02 15:16:00,"T3","26C",1,"plate_1_26","H12","Blank",NA,"360hpf",NA,NA,426,""
"385",20260401,"Resaz_Assay_plate1_T4_260401_1620",2026-09-02 16:20:00,"T4","26C",1,"plate_1_26","A1","Sample",1,"360hpf",NA,87,5499,""
"386",20260401,"Resaz_Assay_plate1_T4_260401_1620",2026-09-02 16:20:00,"T4","26C",1,"plate_1_26","A2","Sample",3,"360hpf",NA,5,874,""
"387",20260401,"Resaz_Assay_plate1_T4_260401_1620",2026-09-02 16:20:00,"T4","26C",1,"plate_1_26","A3","Sample",4,"360hpf",NA,8,923,""
"388",20260401,"Resaz_Assay_plate1_T4_260401_1620",2026-09-02 16:20:00,"T4","26C",1,"plate_1_26","A4","Sample",5,"360hpf",NA,29,2356,""
"389",20260401,"Resaz_Assay_plate1_T4_260401_1620",2026-09-02 16:20:00,"T4","26C",1,"plate_1_26","A5","Sample",6,"360hpf",NA,14,1290,""
"390",20260401,"Resaz_Assay_plate1_T4_260401_1620",2026-09-02 16:20:00,"T4","26C",1,"plate_1_26","A6","Sample",8,"360hpf",NA,58,3025,""
"391",20260401,"Resaz_Assay_plate1_T4_260401_1620",2026-09-02 16:20:00,"T4","26C",1,"plate_1_26","A7","Sample",52,"360hpf",NA,16,1806,""
"392",20260401,"Resaz_Assay_plate1_T4_260401_1620",2026-09-02 16:20:00,"T4","26C",1,"plate_1_26","A8","Sample",53,"360hpf",NA,17,1505,""
"393",20260401,"Resaz_Assay_plate1_T4_260401_1620",2026-09-02 16:20:00,"T4","26C",1,"plate_1_26","A9","Sample",54,"360hpf",NA,17,1354,""
"394",20260401,"Resaz_Assay_plate1_T4_260401_1620",2026-09-02 16:20:00,"T4","26C",1,"plate_1_26","A10","Sample",55,"360hpf",NA,54,4356,""
"395",20260401,"Resaz_Assay_plate1_T4_260401_1620",2026-09-02 16:20:00,"T4","26C",1,"plate_1_26","A11","Sample",56,"360hpf",NA,36,3079,""
"396",20260401,"Resaz_Assay_plate1_T4_260401_1620",2026-09-02 16:20:00,"T4","26C",1,"plate_1_26","A12","Sample",57,"360hpf",NA,86,2797,""
"397",20260401,"Resaz_Assay_plate1_T4_260401_1620",2026-09-02 16:20:00,"T4","26C",1,"plate_1_26","B1","Sample",1,"360hpf",NA,28,2511,""
"398",20260401,"Resaz_Assay_plate1_T4_260401_1620",2026-09-02 16:20:00,"T4","26C",1,"plate_1_26","B2","Sample",3,"360hpf",NA,22,1136,""
"399",20260401,"Resaz_Assay_plate1_T4_260401_1620",2026-09-02 16:20:00,"T4","26C",1,"plate_1_26","B3","Sample",4,"360hpf",NA,3,527,""
"400",20260401,"Resaz_Assay_plate1_T4_260401_1620",2026-09-02 16:20:00,"T4","26C",1,"plate_1_26","B4","Sample",5,"360hpf",NA,4,761,""
"401",20260401,"Resaz_Assay_plate1_T4_260401_1620",2026-09-02 16:20:00,"T4","26C",1,"plate_1_26","B5","Sample",6,"360hpf",NA,6,860,""
"402",20260401,"Resaz_Assay_plate1_T4_260401_1620",2026-09-02 16:20:00,"T4","26C",1,"plate_1_26","B6","Sample",8,"360hpf",NA,10,791,""
"403",20260401,"Resaz_Assay_plate1_T4_260401_1620",2026-09-02 16:20:00,"T4","26C",1,"plate_1_26","B7","Sample",52,"360hpf",NA,26,2188,""
"404",20260401,"Resaz_Assay_plate1_T4_260401_1620",2026-09-02 16:20:00,"T4","26C",1,"plate_1_26","B8","Sample",53,"360hpf",NA,6,627,""
"405",20260401,"Resaz_Assay_plate1_T4_260401_1620",2026-09-02 16:20:00,"T4","26C",1,"plate_1_26","B9","Sample",54,"360hpf",NA,26,2051,""
"406",20260401,"Resaz_Assay_plate1_T4_260401_1620",2026-09-02 16:20:00,"T4","26C",1,"plate_1_26","B10","Sample",55,"360hpf",NA,24,1929,""
"407",20260401,"Resaz_Assay_plate1_T4_260401_1620",2026-09-02 16:20:00,"T4","26C",1,"plate_1_26","B11","Sample",56,"360hpf",NA,17,1316,""
"408",20260401,"Resaz_Assay_plate1_T4_260401_1620",2026-09-02 16:20:00,"T4","26C",1,"plate_1_26","B12","Sample",57,"360hpf",NA,14,709,""
"409",20260401,"Resaz_Assay_plate1_T4_260401_1620",2026-09-02 16:20:00,"T4","26C",1,"plate_1_26","C1","Sample",1,"360hpf",NA,14,1274,""
"410",20260401,"Resaz_Assay_plate1_T4_260401_1620",2026-09-02 16:20:00,"T4","26C",1,"plate_1_26","C2","Sample",3,"360hpf",NA,18,975,""
"411",20260401,"Resaz_Assay_plate1_T4_260401_1620",2026-09-02 16:20:00,"T4","26C",1,"plate_1_26","C3","Sample",4,"360hpf",NA,7,957,""
"412",20260401,"Resaz_Assay_plate1_T4_260401_1620",2026-09-02 16:20:00,"T4","26C",1,"plate_1_26","C4","Sample",5,"360hpf",NA,14,1277,""
"413",20260401,"Resaz_Assay_plate1_T4_260401_1620",2026-09-02 16:20:00,"T4","26C",1,"plate_1_26","C5","Sample",6,"360hpf",NA,18,1128,""
"414",20260401,"Resaz_Assay_plate1_T4_260401_1620",2026-09-02 16:20:00,"T4","26C",1,"plate_1_26","C6","Sample",8,"360hpf",NA,6,748,""
"415",20260401,"Resaz_Assay_plate1_T4_260401_1620",2026-09-02 16:20:00,"T4","26C",1,"plate_1_26","C7","Sample",52,"360hpf",NA,15,1734,""
"416",20260401,"Resaz_Assay_plate1_T4_260401_1620",2026-09-02 16:20:00,"T4","26C",1,"plate_1_26","C8","Sample",53,"360hpf",NA,14,986,""
"417",20260401,"Resaz_Assay_plate1_T4_260401_1620",2026-09-02 16:20:00,"T4","26C",1,"plate_1_26","C9","Sample",54,"360hpf",NA,19,1557,""
"418",20260401,"Resaz_Assay_plate1_T4_260401_1620",2026-09-02 16:20:00,"T4","26C",1,"plate_1_26","C10","Sample",55,"360hpf",NA,15,1377,""
"419",20260401,"Resaz_Assay_plate1_T4_260401_1620",2026-09-02 16:20:00,"T4","26C",1,"plate_1_26","C11","Sample",56,"360hpf",NA,13,1308,""
"420",20260401,"Resaz_Assay_plate1_T4_260401_1620",2026-09-02 16:20:00,"T4","26C",1,"plate_1_26","C12","Sample",57,"360hpf",NA,12,762,""
"421",20260401,"Resaz_Assay_plate1_T4_260401_1620",2026-09-02 16:20:00,"T4","26C",1,"plate_1_26","D1","Sample",1,"360hpf",NA,11,1194,""
"422",20260401,"Resaz_Assay_plate1_T4_260401_1620",2026-09-02 16:20:00,"T4","26C",1,"plate_1_26","D2","Sample",3,"360hpf",NA,8,856,""
"423",20260401,"Resaz_Assay_plate1_T4_260401_1620",2026-09-02 16:20:00,"T4","26C",1,"plate_1_26","D3","Sample",4,"360hpf",NA,3,684,""
"424",20260401,"Resaz_Assay_plate1_T4_260401_1620",2026-09-02 16:20:00,"T4","26C",1,"plate_1_26","D4","Sample",5,"360hpf",NA,16,1154,""
"425",20260401,"Resaz_Assay_plate1_T4_260401_1620",2026-09-02 16:20:00,"T4","26C",1,"plate_1_26","D5","Sample",6,"360hpf",NA,10,888,""
"426",20260401,"Resaz_Assay_plate1_T4_260401_1620",2026-09-02 16:20:00,"T4","26C",1,"plate_1_26","D6","Sample",8,"360hpf",NA,3,633,""
"427",20260401,"Resaz_Assay_plate1_T4_260401_1620",2026-09-02 16:20:00,"T4","26C",1,"plate_1_26","D7","Sample",52,"360hpf",NA,29,2355,""
"428",20260401,"Resaz_Assay_plate1_T4_260401_1620",2026-09-02 16:20:00,"T4","26C",1,"plate_1_26","D8","Sample",53,"360hpf",NA,17,1326,""
"429",20260401,"Resaz_Assay_plate1_T4_260401_1620",2026-09-02 16:20:00,"T4","26C",1,"plate_1_26","D9","Sample",54,"360hpf",NA,11,1002,""
"430",20260401,"Resaz_Assay_plate1_T4_260401_1620",2026-09-02 16:20:00,"T4","26C",1,"plate_1_26","D10","Sample",55,"360hpf",NA,44,3296,""
"431",20260401,"Resaz_Assay_plate1_T4_260401_1620",2026-09-02 16:20:00,"T4","26C",1,"plate_1_26","D11","Sample",56,"360hpf",NA,8,931,""
"432",20260401,"Resaz_Assay_plate1_T4_260401_1620",2026-09-02 16:20:00,"T4","26C",1,"plate_1_26","D12","Sample",57,"360hpf",NA,3,604,""
"433",20260401,"Resaz_Assay_plate1_T4_260401_1620",2026-09-02 16:20:00,"T4","26C",1,"plate_1_26","E1","Sample",1,"360hpf",NA,35,3250,""
"434",20260401,"Resaz_Assay_plate1_T4_260401_1620",2026-09-02 16:20:00,"T4","26C",1,"plate_1_26","E2","Sample",3,"360hpf",NA,13,920,""
"435",20260401,"Resaz_Assay_plate1_T4_260401_1620",2026-09-02 16:20:00,"T4","26C",1,"plate_1_26","E3","Sample",4,"360hpf",NA,8,997,""
"436",20260401,"Resaz_Assay_plate1_T4_260401_1620",2026-09-02 16:20:00,"T4","26C",1,"plate_1_26","E4","Sample",5,"360hpf",NA,7,977,""
"437",20260401,"Resaz_Assay_plate1_T4_260401_1620",2026-09-02 16:20:00,"T4","26C",1,"plate_1_26","E5","Sample",6,"360hpf",NA,13,890,""
"438",20260401,"Resaz_Assay_plate1_T4_260401_1620",2026-09-02 16:20:00,"T4","26C",1,"plate_1_26","E6","Sample",8,"360hpf",NA,6,611,""
"439",20260401,"Resaz_Assay_plate1_T4_260401_1620",2026-09-02 16:20:00,"T4","26C",1,"plate_1_26","E7","Sample",52,"360hpf",NA,10,1021,""
"440",20260401,"Resaz_Assay_plate1_T4_260401_1620",2026-09-02 16:20:00,"T4","26C",1,"plate_1_26","E8","Sample",53,"360hpf",NA,12,948,""
"441",20260401,"Resaz_Assay_plate1_T4_260401_1620",2026-09-02 16:20:00,"T4","26C",1,"plate_1_26","E9","Sample",54,"360hpf",NA,18,1688,""
"442",20260401,"Resaz_Assay_plate1_T4_260401_1620",2026-09-02 16:20:00,"T4","26C",1,"plate_1_26","E10","Sample",55,"360hpf",NA,62,4228,""
"443",20260401,"Resaz_Assay_plate1_T4_260401_1620",2026-09-02 16:20:00,"T4","26C",1,"plate_1_26","E11","Sample",56,"360hpf",NA,22,1649,""
"444",20260401,"Resaz_Assay_plate1_T4_260401_1620",2026-09-02 16:20:00,"T4","26C",1,"plate_1_26","E12","Sample",57,"360hpf",NA,19,1045,""
"445",20260401,"Resaz_Assay_plate1_T4_260401_1620",2026-09-02 16:20:00,"T4","26C",1,"plate_1_26","F1","Sample",1,"360hpf",NA,37,3089,""
"446",20260401,"Resaz_Assay_plate1_T4_260401_1620",2026-09-02 16:20:00,"T4","26C",1,"plate_1_26","F2","Sample",3,"360hpf",NA,10,773,""
"447",20260401,"Resaz_Assay_plate1_T4_260401_1620",2026-09-02 16:20:00,"T4","26C",1,"plate_1_26","F3","Sample",4,"360hpf",NA,6,823,""
"448",20260401,"Resaz_Assay_plate1_T4_260401_1620",2026-09-02 16:20:00,"T4","26C",1,"plate_1_26","F4","Sample",5,"360hpf",NA,7,908,""
"449",20260401,"Resaz_Assay_plate1_T4_260401_1620",2026-09-02 16:20:00,"T4","26C",1,"plate_1_26","F5","Sample",6,"360hpf",NA,7,887,""
"450",20260401,"Resaz_Assay_plate1_T4_260401_1620",2026-09-02 16:20:00,"T4","26C",1,"plate_1_26","F6","Sample",8,"360hpf",NA,39,1572,""
"451",20260401,"Resaz_Assay_plate1_T4_260401_1620",2026-09-02 16:20:00,"T4","26C",1,"plate_1_26","F7","Sample",52,"360hpf",NA,12,1342,""
"452",20260401,"Resaz_Assay_plate1_T4_260401_1620",2026-09-02 16:20:00,"T4","26C",1,"plate_1_26","F8","Sample",53,"360hpf",NA,11,959,""
"453",20260401,"Resaz_Assay_plate1_T4_260401_1620",2026-09-02 16:20:00,"T4","26C",1,"plate_1_26","F9","Sample",54,"360hpf",NA,10,971,""
"454",20260401,"Resaz_Assay_plate1_T4_260401_1620",2026-09-02 16:20:00,"T4","26C",1,"plate_1_26","F10","Sample",55,"360hpf",NA,24,2242,""
"455",20260401,"Resaz_Assay_plate1_T4_260401_1620",2026-09-02 16:20:00,"T4","26C",1,"plate_1_26","F11","Sample",56,"360hpf",NA,5,562,""
"456",20260401,"Resaz_Assay_plate1_T4_260401_1620",2026-09-02 16:20:00,"T4","26C",1,"plate_1_26","F12","Sample",57,"360hpf",NA,20,1072,""
"457",20260401,"Resaz_Assay_plate1_T4_260401_1620",2026-09-02 16:20:00,"T4","26C",1,"plate_1_26","G1","Sample",1,"360hpf",NA,17,1766,""
"458",20260401,"Resaz_Assay_plate1_T4_260401_1620",2026-09-02 16:20:00,"T4","26C",1,"plate_1_26","G2","Sample",3,"360hpf",NA,7,866,""
"459",20260401,"Resaz_Assay_plate1_T4_260401_1620",2026-09-02 16:20:00,"T4","26C",1,"plate_1_26","G3","Sample",4,"360hpf",NA,8,1034,""
"460",20260401,"Resaz_Assay_plate1_T4_260401_1620",2026-09-02 16:20:00,"T4","26C",1,"plate_1_26","G4","Sample",5,"360hpf",NA,22,1824,""
"461",20260401,"Resaz_Assay_plate1_T4_260401_1620",2026-09-02 16:20:00,"T4","26C",1,"plate_1_26","G5","Sample",6,"360hpf",NA,11,948,""
"462",20260401,"Resaz_Assay_plate1_T4_260401_1620",2026-09-02 16:20:00,"T4","26C",1,"plate_1_26","G6","Sample",8,"360hpf",NA,66,3188,""
"463",20260401,"Resaz_Assay_plate1_T4_260401_1620",2026-09-02 16:20:00,"T4","26C",1,"plate_1_26","G7","Sample",52,"360hpf",NA,27,2196,""
"464",20260401,"Resaz_Assay_plate1_T4_260401_1620",2026-09-02 16:20:00,"T4","26C",1,"plate_1_26","G8","Sample",53,"360hpf",NA,50,3123,""
"465",20260401,"Resaz_Assay_plate1_T4_260401_1620",2026-09-02 16:20:00,"T4","26C",1,"plate_1_26","G9","Sample",54,"360hpf",NA,15,1250,""
"466",20260401,"Resaz_Assay_plate1_T4_260401_1620",2026-09-02 16:20:00,"T4","26C",1,"plate_1_26","G10","Sample",55,"360hpf",NA,0,387,""
"467",20260401,"Resaz_Assay_plate1_T4_260401_1620",2026-09-02 16:20:00,"T4","26C",1,"plate_1_26","G11","Sample",56,"360hpf",NA,6,902,""
"468",20260401,"Resaz_Assay_plate1_T4_260401_1620",2026-09-02 16:20:00,"T4","26C",1,"plate_1_26","G12","Sample",57,"360hpf",NA,3,476,""
"469",20260401,"Resaz_Assay_plate1_T4_260401_1620",2026-09-02 16:20:00,"T4","26C",1,"plate_1_26","H1","Blank",NA,"360hpf",NA,NA,442,""
"470",20260401,"Resaz_Assay_plate1_T4_260401_1620",2026-09-02 16:20:00,"T4","26C",1,"plate_1_26","H2","Blank",NA,"360hpf",NA,NA,441,""
"471",20260401,"Resaz_Assay_plate1_T4_260401_1620",2026-09-02 16:20:00,"T4","26C",1,"plate_1_26","H3","Blank",NA,"360hpf",NA,NA,418,""
"472",20260401,"Resaz_Assay_plate1_T4_260401_1620",2026-09-02 16:20:00,"T4","26C",1,"plate_1_26","H4","Blank",NA,"360hpf",NA,NA,400,""
"473",20260401,"Resaz_Assay_plate1_T4_260401_1620",2026-09-02 16:20:00,"T4","26C",1,"plate_1_26","H5","Blank",NA,"360hpf",NA,NA,425,""
"474",20260401,"Resaz_Assay_plate1_T4_260401_1620",2026-09-02 16:20:00,"T4","26C",1,"plate_1_26","H6","Blank",NA,"360hpf",NA,NA,412,""
"475",20260401,"Resaz_Assay_plate1_T4_260401_1620",2026-09-02 16:20:00,"T4","26C",1,"plate_1_26","H7","Blank",NA,"360hpf",NA,NA,393,""
"476",20260401,"Resaz_Assay_plate1_T4_260401_1620",2026-09-02 16:20:00,"T4","26C",1,"plate_1_26","H8","Blank",NA,"360hpf",NA,NA,406,""
"477",20260401,"Resaz_Assay_plate1_T4_260401_1620",2026-09-02 16:20:00,"T4","26C",1,"plate_1_26","H9","Blank",NA,"360hpf",NA,NA,415,""
"478",20260401,"Resaz_Assay_plate1_T4_260401_1620",2026-09-02 16:20:00,"T4","26C",1,"plate_1_26","H10","Blank",NA,"360hpf",NA,NA,407,""
"479",20260401,"Resaz_Assay_plate1_T4_260401_1620",2026-09-02 16:20:00,"T4","26C",1,"plate_1_26","H11","Blank",NA,"360hpf",NA,NA,453,""
"480",20260401,"Resaz_Assay_plate1_T4_260401_1620",2026-09-02 16:20:00,"T4","26C",1,"plate_1_26","H12","Blank",NA,"360hpf",NA,NA,441,""
"481",20260401,"Resaz_Assay_plate2_T0_260401_1153",2026-09-02 11:53:00,"T0","30C",2,"plate_2_30","A1","Sample",1,"360hpf",NA,79,438,""
"482",20260401,"Resaz_Assay_plate2_T0_260401_1153",2026-09-02 11:53:00,"T0","30C",2,"plate_2_30","A2","Sample",3,"360hpf",NA,12,372,""
"483",20260401,"Resaz_Assay_plate2_T0_260401_1153",2026-09-02 11:53:00,"T0","30C",2,"plate_2_30","A3","Sample",4,"360hpf",NA,4,349,""
"484",20260401,"Resaz_Assay_plate2_T0_260401_1153",2026-09-02 11:53:00,"T0","30C",2,"plate_2_30","A4","Sample",5,"360hpf",NA,4,371,""
"485",20260401,"Resaz_Assay_plate2_T0_260401_1153",2026-09-02 11:53:00,"T0","30C",2,"plate_2_30","A5","Sample",6,"360hpf",NA,8,355,""
"486",20260401,"Resaz_Assay_plate2_T0_260401_1153",2026-09-02 11:53:00,"T0","30C",2,"plate_2_30","A6","Sample",8,"360hpf",NA,5,349,""
"487",20260401,"Resaz_Assay_plate2_T0_260401_1153",2026-09-02 11:53:00,"T0","30C",2,"plate_2_30","A7","Sample",52,"360hpf",NA,18,339,""
"488",20260401,"Resaz_Assay_plate2_T0_260401_1153",2026-09-02 11:53:00,"T0","30C",2,"plate_2_30","A8","Sample",53,"360hpf",NA,6,339,""
"489",20260401,"Resaz_Assay_plate2_T0_260401_1153",2026-09-02 11:53:00,"T0","30C",2,"plate_2_30","A9","Sample",54,"360hpf",NA,11,363,""
"490",20260401,"Resaz_Assay_plate2_T0_260401_1153",2026-09-02 11:53:00,"T0","30C",2,"plate_2_30","A10","Sample",55,"360hpf",NA,13,358,""
"491",20260401,"Resaz_Assay_plate2_T0_260401_1153",2026-09-02 11:53:00,"T0","30C",2,"plate_2_30","A11","Sample",56,"360hpf",NA,26,352,""
"492",20260401,"Resaz_Assay_plate2_T0_260401_1153",2026-09-02 11:53:00,"T0","30C",2,"plate_2_30","A12","Sample",57,"360hpf",NA,5,377,""
"493",20260401,"Resaz_Assay_plate2_T0_260401_1153",2026-09-02 11:53:00,"T0","30C",2,"plate_2_30","B1","Sample",1,"360hpf",NA,16,379,""
"494",20260401,"Resaz_Assay_plate2_T0_260401_1153",2026-09-02 11:53:00,"T0","30C",2,"plate_2_30","B2","Sample",3,"360hpf",NA,12,367,""
"495",20260401,"Resaz_Assay_plate2_T0_260401_1153",2026-09-02 11:53:00,"T0","30C",2,"plate_2_30","B3","Sample",4,"360hpf",NA,6,354,""
"496",20260401,"Resaz_Assay_plate2_T0_260401_1153",2026-09-02 11:53:00,"T0","30C",2,"plate_2_30","B4","Sample",5,"360hpf",NA,4,348,""
"497",20260401,"Resaz_Assay_plate2_T0_260401_1153",2026-09-02 11:53:00,"T0","30C",2,"plate_2_30","B5","Sample",6,"360hpf",NA,11,382,""
"498",20260401,"Resaz_Assay_plate2_T0_260401_1153",2026-09-02 11:53:00,"T0","30C",2,"plate_2_30","B6","Sample",8,"360hpf",NA,22,350,""
"499",20260401,"Resaz_Assay_plate2_T0_260401_1153",2026-09-02 11:53:00,"T0","30C",2,"plate_2_30","B7","Sample",52,"360hpf",NA,7,336,""
"500",20260401,"Resaz_Assay_plate2_T0_260401_1153",2026-09-02 11:53:00,"T0","30C",2,"plate_2_30","B8","Sample",53,"360hpf",NA,2,333,""
"501",20260401,"Resaz_Assay_plate2_T0_260401_1153",2026-09-02 11:53:00,"T0","30C",2,"plate_2_30","B9","Sample",54,"360hpf",NA,12,362,""
"502",20260401,"Resaz_Assay_plate2_T0_260401_1153",2026-09-02 11:53:00,"T0","30C",2,"plate_2_30","B10","Sample",55,"360hpf",NA,38,393,""
"503",20260401,"Resaz_Assay_plate2_T0_260401_1153",2026-09-02 11:53:00,"T0","30C",2,"plate_2_30","B11","Sample",56,"360hpf",NA,11,348,""
"504",20260401,"Resaz_Assay_plate2_T0_260401_1153",2026-09-02 11:53:00,"T0","30C",2,"plate_2_30","B12","Sample",57,"360hpf",NA,4,364,""
"505",20260401,"Resaz_Assay_plate2_T0_260401_1153",2026-09-02 11:53:00,"T0","30C",2,"plate_2_30","C1","Sample",1,"360hpf",NA,29,399,""
"506",20260401,"Resaz_Assay_plate2_T0_260401_1153",2026-09-02 11:53:00,"T0","30C",2,"plate_2_30","C2","Sample",3,"360hpf",NA,10,363,""
"507",20260401,"Resaz_Assay_plate2_T0_260401_1153",2026-09-02 11:53:00,"T0","30C",2,"plate_2_30","C3","Sample",4,"360hpf",NA,2,352,""
"508",20260401,"Resaz_Assay_plate2_T0_260401_1153",2026-09-02 11:53:00,"T0","30C",2,"plate_2_30","C4","Sample",5,"360hpf",NA,0,351,""
"509",20260401,"Resaz_Assay_plate2_T0_260401_1153",2026-09-02 11:53:00,"T0","30C",2,"plate_2_30","C5","Sample",6,"360hpf",NA,11,358,""
"510",20260401,"Resaz_Assay_plate2_T0_260401_1153",2026-09-02 11:53:00,"T0","30C",2,"plate_2_30","C6","Sample",8,"360hpf",NA,30,362,""
"511",20260401,"Resaz_Assay_plate2_T0_260401_1153",2026-09-02 11:53:00,"T0","30C",2,"plate_2_30","C7","Sample",52,"360hpf",NA,16,337,""
"512",20260401,"Resaz_Assay_plate2_T0_260401_1153",2026-09-02 11:53:00,"T0","30C",2,"plate_2_30","C8","Sample",53,"360hpf",NA,28,345,""
"513",20260401,"Resaz_Assay_plate2_T0_260401_1153",2026-09-02 11:53:00,"T0","30C",2,"plate_2_30","C9","Sample",54,"360hpf",NA,10,351,""
"514",20260401,"Resaz_Assay_plate2_T0_260401_1153",2026-09-02 11:53:00,"T0","30C",2,"plate_2_30","C10","Sample",55,"360hpf",NA,13,369,""
"515",20260401,"Resaz_Assay_plate2_T0_260401_1153",2026-09-02 11:53:00,"T0","30C",2,"plate_2_30","C11","Sample",56,"360hpf",NA,14,348,""
"516",20260401,"Resaz_Assay_plate2_T0_260401_1153",2026-09-02 11:53:00,"T0","30C",2,"plate_2_30","C12","Sample",57,"360hpf",NA,9,355,""
"517",20260401,"Resaz_Assay_plate2_T0_260401_1153",2026-09-02 11:53:00,"T0","30C",2,"plate_2_30","D1","Sample",1,"360hpf",NA,51,440,""
"518",20260401,"Resaz_Assay_plate2_T0_260401_1153",2026-09-02 11:53:00,"T0","30C",2,"plate_2_30","D2","Sample",3,"360hpf",NA,12,359,""
"519",20260401,"Resaz_Assay_plate2_T0_260401_1153",2026-09-02 11:53:00,"T0","30C",2,"plate_2_30","D3","Sample",4,"360hpf",NA,5,350,""
"520",20260401,"Resaz_Assay_plate2_T0_260401_1153",2026-09-02 11:53:00,"T0","30C",2,"plate_2_30","D4","Sample",5,"360hpf",NA,28,343,""
"521",20260401,"Resaz_Assay_plate2_T0_260401_1153",2026-09-02 11:53:00,"T0","30C",2,"plate_2_30","D5","Sample",6,"360hpf",NA,13,364,""
"522",20260401,"Resaz_Assay_plate2_T0_260401_1153",2026-09-02 11:53:00,"T0","30C",2,"plate_2_30","D6","Sample",8,"360hpf",NA,17,366,""
"523",20260401,"Resaz_Assay_plate2_T0_260401_1153",2026-09-02 11:53:00,"T0","30C",2,"plate_2_30","D7","Sample",52,"360hpf",NA,16,323,""
"524",20260401,"Resaz_Assay_plate2_T0_260401_1153",2026-09-02 11:53:00,"T0","30C",2,"plate_2_30","D8","Sample",53,"360hpf",NA,6,332,""
"525",20260401,"Resaz_Assay_plate2_T0_260401_1153",2026-09-02 11:53:00,"T0","30C",2,"plate_2_30","D9","Sample",54,"360hpf",NA,11,371,""
"526",20260401,"Resaz_Assay_plate2_T0_260401_1153",2026-09-02 11:53:00,"T0","30C",2,"plate_2_30","D10","Sample",55,"360hpf",NA,25,372,""
"527",20260401,"Resaz_Assay_plate2_T0_260401_1153",2026-09-02 11:53:00,"T0","30C",2,"plate_2_30","D11","Sample",56,"360hpf",NA,26,354,""
"528",20260401,"Resaz_Assay_plate2_T0_260401_1153",2026-09-02 11:53:00,"T0","30C",2,"plate_2_30","D12","Sample",57,"360hpf",NA,30,380,""
"529",20260401,"Resaz_Assay_plate2_T0_260401_1153",2026-09-02 11:53:00,"T0","30C",2,"plate_2_30","E1","Sample",1,"360hpf",NA,14,406,""
"530",20260401,"Resaz_Assay_plate2_T0_260401_1153",2026-09-02 11:53:00,"T0","30C",2,"plate_2_30","E2","Sample",3,"360hpf",NA,9,367,""
"531",20260401,"Resaz_Assay_plate2_T0_260401_1153",2026-09-02 11:53:00,"T0","30C",2,"plate_2_30","E3","Sample",4,"360hpf",NA,13,365,""
"532",20260401,"Resaz_Assay_plate2_T0_260401_1153",2026-09-02 11:53:00,"T0","30C",2,"plate_2_30","E4","Sample",5,"360hpf",NA,3,349,""
"533",20260401,"Resaz_Assay_plate2_T0_260401_1153",2026-09-02 11:53:00,"T0","30C",2,"plate_2_30","E5","Sample",6,"360hpf",NA,5,377,""
"534",20260401,"Resaz_Assay_plate2_T0_260401_1153",2026-09-02 11:53:00,"T0","30C",2,"plate_2_30","E6","Sample",8,"360hpf",NA,12,329,""
"535",20260401,"Resaz_Assay_plate2_T0_260401_1153",2026-09-02 11:53:00,"T0","30C",2,"plate_2_30","E7","Sample",52,"360hpf",NA,16,318,""
"536",20260401,"Resaz_Assay_plate2_T0_260401_1153",2026-09-02 11:53:00,"T0","30C",2,"plate_2_30","E8","Sample",53,"360hpf",NA,31,362,""
"537",20260401,"Resaz_Assay_plate2_T0_260401_1153",2026-09-02 11:53:00,"T0","30C",2,"plate_2_30","E9","Sample",54,"360hpf",NA,14,383,""
"538",20260401,"Resaz_Assay_plate2_T0_260401_1153",2026-09-02 11:53:00,"T0","30C",2,"plate_2_30","E10","Sample",55,"360hpf",NA,7,365,""
"539",20260401,"Resaz_Assay_plate2_T0_260401_1153",2026-09-02 11:53:00,"T0","30C",2,"plate_2_30","E11","Sample",56,"360hpf",NA,15,346,""
"540",20260401,"Resaz_Assay_plate2_T0_260401_1153",2026-09-02 11:53:00,"T0","30C",2,"plate_2_30","E12","Sample",57,"360hpf",NA,61,381,""
"541",20260401,"Resaz_Assay_plate2_T0_260401_1153",2026-09-02 11:53:00,"T0","30C",2,"plate_2_30","F1","Sample",1,"360hpf",NA,34,395,""
"542",20260401,"Resaz_Assay_plate2_T0_260401_1153",2026-09-02 11:53:00,"T0","30C",2,"plate_2_30","F2","Sample",3,"360hpf",NA,14,359,""
"543",20260401,"Resaz_Assay_plate2_T0_260401_1153",2026-09-02 11:53:00,"T0","30C",2,"plate_2_30","F3","Sample",4,"360hpf",NA,14,355,""
"544",20260401,"Resaz_Assay_plate2_T0_260401_1153",2026-09-02 11:53:00,"T0","30C",2,"plate_2_30","F4","Sample",5,"360hpf",NA,24,412,""
"545",20260401,"Resaz_Assay_plate2_T0_260401_1153",2026-09-02 11:53:00,"T0","30C",2,"plate_2_30","F5","Sample",6,"360hpf",NA,6,385,""
"546",20260401,"Resaz_Assay_plate2_T0_260401_1153",2026-09-02 11:53:00,"T0","30C",2,"plate_2_30","F6","Sample",8,"360hpf",NA,60,385,""
"547",20260401,"Resaz_Assay_plate2_T0_260401_1153",2026-09-02 11:53:00,"T0","30C",2,"plate_2_30","F7","Sample",52,"360hpf",NA,11,342,""
"548",20260401,"Resaz_Assay_plate2_T0_260401_1153",2026-09-02 11:53:00,"T0","30C",2,"plate_2_30","F8","Sample",53,"360hpf",NA,51,386,""
"549",20260401,"Resaz_Assay_plate2_T0_260401_1153",2026-09-02 11:53:00,"T0","30C",2,"plate_2_30","F9","Sample",54,"360hpf",NA,7,363,""
"550",20260401,"Resaz_Assay_plate2_T0_260401_1153",2026-09-02 11:53:00,"T0","30C",2,"plate_2_30","F10","Sample",55,"360hpf",NA,20,368,""
"551",20260401,"Resaz_Assay_plate2_T0_260401_1153",2026-09-02 11:53:00,"T0","30C",2,"plate_2_30","F11","Sample",56,"360hpf",NA,16,367,""
"552",20260401,"Resaz_Assay_plate2_T0_260401_1153",2026-09-02 11:53:00,"T0","30C",2,"plate_2_30","F12","Sample",57,"360hpf",NA,45,371,""
"553",20260401,"Resaz_Assay_plate2_T0_260401_1153",2026-09-02 11:53:00,"T0","30C",2,"plate_2_30","G1","Sample",1,"360hpf",NA,11,381,""
"554",20260401,"Resaz_Assay_plate2_T0_260401_1153",2026-09-02 11:53:00,"T0","30C",2,"plate_2_30","G2","Sample",3,"360hpf",NA,13,376,""
"555",20260401,"Resaz_Assay_plate2_T0_260401_1153",2026-09-02 11:53:00,"T0","30C",2,"plate_2_30","G3","Sample",4,"360hpf",NA,66,409,""
"556",20260401,"Resaz_Assay_plate2_T0_260401_1153",2026-09-02 11:53:00,"T0","30C",2,"plate_2_30","G4","Sample",5,"360hpf",NA,16,356,""
"557",20260401,"Resaz_Assay_plate2_T0_260401_1153",2026-09-02 11:53:00,"T0","30C",2,"plate_2_30","G5","Sample",6,"360hpf",NA,12,390,""
"558",20260401,"Resaz_Assay_plate2_T0_260401_1153",2026-09-02 11:53:00,"T0","30C",2,"plate_2_30","G6","Sample",8,"360hpf",NA,60,403,""
"559",20260401,"Resaz_Assay_plate2_T0_260401_1153",2026-09-02 11:53:00,"T0","30C",2,"plate_2_30","G7","Sample",52,"360hpf",NA,11,327,""
"560",20260401,"Resaz_Assay_plate2_T0_260401_1153",2026-09-02 11:53:00,"T0","30C",2,"plate_2_30","G8","Sample",53,"360hpf",NA,30,363,""
"561",20260401,"Resaz_Assay_plate2_T0_260401_1153",2026-09-02 11:53:00,"T0","30C",2,"plate_2_30","G9","Sample",54,"360hpf",NA,12,367,""
"562",20260401,"Resaz_Assay_plate2_T0_260401_1153",2026-09-02 11:53:00,"T0","30C",2,"plate_2_30","G10","Sample",55,"360hpf",NA,3,358,""
"563",20260401,"Resaz_Assay_plate2_T0_260401_1153",2026-09-02 11:53:00,"T0","30C",2,"plate_2_30","G11","Sample",56,"360hpf",NA,6,358,""
"564",20260401,"Resaz_Assay_plate2_T0_260401_1153",2026-09-02 11:53:00,"T0","30C",2,"plate_2_30","G12","Sample",57,"360hpf",NA,8,361,""
"565",20260401,"Resaz_Assay_plate2_T0_260401_1153",2026-09-02 11:53:00,"T0","30C",2,"plate_2_30","H1","Blank",1,"360hpf",NA,NA,340,""
"566",20260401,"Resaz_Assay_plate2_T0_260401_1153",2026-09-02 11:53:00,"T0","30C",2,"plate_2_30","H2","Blank",3,"360hpf",NA,NA,411,""
"567",20260401,"Resaz_Assay_plate2_T0_260401_1153",2026-09-02 11:53:00,"T0","30C",2,"plate_2_30","H3","Blank",4,"360hpf",NA,NA,363,""
"568",20260401,"Resaz_Assay_plate2_T0_260401_1153",2026-09-02 11:53:00,"T0","30C",2,"plate_2_30","H4","Blank",5,"360hpf",NA,NA,343,""
"569",20260401,"Resaz_Assay_plate2_T0_260401_1153",2026-09-02 11:53:00,"T0","30C",2,"plate_2_30","H5","Blank",6,"360hpf",NA,NA,350,""
"570",20260401,"Resaz_Assay_plate2_T0_260401_1153",2026-09-02 11:53:00,"T0","30C",2,"plate_2_30","H6","Blank",8,"360hpf",NA,NA,342,""
"571",20260401,"Resaz_Assay_plate2_T0_260401_1153",2026-09-02 11:53:00,"T0","30C",2,"plate_2_30","H7","Blank",52,"360hpf",NA,NA,356,""
"572",20260401,"Resaz_Assay_plate2_T0_260401_1153",2026-09-02 11:53:00,"T0","30C",2,"plate_2_30","H8","Blank",53,"360hpf",NA,NA,342,""
"573",20260401,"Resaz_Assay_plate2_T0_260401_1153",2026-09-02 11:53:00,"T0","30C",2,"plate_2_30","H9","Blank",54,"360hpf",NA,NA,343,""
"574",20260401,"Resaz_Assay_plate2_T0_260401_1153",2026-09-02 11:53:00,"T0","30C",2,"plate_2_30","H10","Blank",55,"360hpf",NA,NA,550,""
"575",20260401,"Resaz_Assay_plate2_T0_260401_1153",2026-09-02 11:53:00,"T0","30C",2,"plate_2_30","H11","Blank",56,"360hpf",NA,NA,397,""
"576",20260401,"Resaz_Assay_plate2_T0_260401_1153",2026-09-02 11:53:00,"T0","30C",2,"plate_2_30","H12","Blank",57,"360hpf",NA,NA,389,""
"577",20260401,"Resaz_Assay_plate2_T1_260401_1257",2026-09-02 12:57:00,"T1","30C",2,"plate_2_30","A1","Sample",1,"360hpf",NA,79,2695,""
"578",20260401,"Resaz_Assay_plate2_T1_260401_1257",2026-09-02 12:57:00,"T1","30C",2,"plate_2_30","A2","Sample",3,"360hpf",NA,12,503,""
"579",20260401,"Resaz_Assay_plate2_T1_260401_1257",2026-09-02 12:57:00,"T1","30C",2,"plate_2_30","A3","Sample",4,"360hpf",NA,4,401,""
"580",20260401,"Resaz_Assay_plate2_T1_260401_1257",2026-09-02 12:57:00,"T1","30C",2,"plate_2_30","A4","Sample",5,"360hpf",NA,4,506,""
"581",20260401,"Resaz_Assay_plate2_T1_260401_1257",2026-09-02 12:57:00,"T1","30C",2,"plate_2_30","A5","Sample",6,"360hpf",NA,8,495,""
"582",20260401,"Resaz_Assay_plate2_T1_260401_1257",2026-09-02 12:57:00,"T1","30C",2,"plate_2_30","A6","Sample",8,"360hpf",NA,5,421,""
"583",20260401,"Resaz_Assay_plate2_T1_260401_1257",2026-09-02 12:57:00,"T1","30C",2,"plate_2_30","A7","Sample",52,"360hpf",NA,18,681,""
"584",20260401,"Resaz_Assay_plate2_T1_260401_1257",2026-09-02 12:57:00,"T1","30C",2,"plate_2_30","A8","Sample",53,"360hpf",NA,6,391,""
"585",20260401,"Resaz_Assay_plate2_T1_260401_1257",2026-09-02 12:57:00,"T1","30C",2,"plate_2_30","A9","Sample",54,"360hpf",NA,11,493,""
"586",20260401,"Resaz_Assay_plate2_T1_260401_1257",2026-09-02 12:57:00,"T1","30C",2,"plate_2_30","A10","Sample",55,"360hpf",NA,13,617,""
"587",20260401,"Resaz_Assay_plate2_T1_260401_1257",2026-09-02 12:57:00,"T1","30C",2,"plate_2_30","A11","Sample",56,"360hpf",NA,26,722,""
"588",20260401,"Resaz_Assay_plate2_T1_260401_1257",2026-09-02 12:57:00,"T1","30C",2,"plate_2_30","A12","Sample",57,"360hpf",NA,5,418,""
"589",20260401,"Resaz_Assay_plate2_T1_260401_1257",2026-09-02 12:57:00,"T1","30C",2,"plate_2_30","B1","Sample",1,"360hpf",NA,16,660,""
"590",20260401,"Resaz_Assay_plate2_T1_260401_1257",2026-09-02 12:57:00,"T1","30C",2,"plate_2_30","B2","Sample",3,"360hpf",NA,12,460,""
"591",20260401,"Resaz_Assay_plate2_T1_260401_1257",2026-09-02 12:57:00,"T1","30C",2,"plate_2_30","B3","Sample",4,"360hpf",NA,6,491,""
"592",20260401,"Resaz_Assay_plate2_T1_260401_1257",2026-09-02 12:57:00,"T1","30C",2,"plate_2_30","B4","Sample",5,"360hpf",NA,4,447,""
"593",20260401,"Resaz_Assay_plate2_T1_260401_1257",2026-09-02 12:57:00,"T1","30C",2,"plate_2_30","B5","Sample",6,"360hpf",NA,11,538,""
"594",20260401,"Resaz_Assay_plate2_T1_260401_1257",2026-09-02 12:57:00,"T1","30C",2,"plate_2_30","B6","Sample",8,"360hpf",NA,22,533,""
"595",20260401,"Resaz_Assay_plate2_T1_260401_1257",2026-09-02 12:57:00,"T1","30C",2,"plate_2_30","B7","Sample",52,"360hpf",NA,7,498,""
"596",20260401,"Resaz_Assay_plate2_T1_260401_1257",2026-09-02 12:57:00,"T1","30C",2,"plate_2_30","B8","Sample",53,"360hpf",NA,2,364,""
"597",20260401,"Resaz_Assay_plate2_T1_260401_1257",2026-09-02 12:57:00,"T1","30C",2,"plate_2_30","B9","Sample",54,"360hpf",NA,12,500,""
"598",20260401,"Resaz_Assay_plate2_T1_260401_1257",2026-09-02 12:57:00,"T1","30C",2,"plate_2_30","B10","Sample",55,"360hpf",NA,38,1153,""
"599",20260401,"Resaz_Assay_plate2_T1_260401_1257",2026-09-02 12:57:00,"T1","30C",2,"plate_2_30","B11","Sample",56,"360hpf",NA,11,513,""
"600",20260401,"Resaz_Assay_plate2_T1_260401_1257",2026-09-02 12:57:00,"T1","30C",2,"plate_2_30","B12","Sample",57,"360hpf",NA,4,386,""
"601",20260401,"Resaz_Assay_plate2_T1_260401_1257",2026-09-02 12:57:00,"T1","30C",2,"plate_2_30","C1","Sample",1,"360hpf",NA,29,1138,""
"602",20260401,"Resaz_Assay_plate2_T1_260401_1257",2026-09-02 12:57:00,"T1","30C",2,"plate_2_30","C2","Sample",3,"360hpf",NA,10,512,""
"603",20260401,"Resaz_Assay_plate2_T1_260401_1257",2026-09-02 12:57:00,"T1","30C",2,"plate_2_30","C3","Sample",4,"360hpf",NA,2,422,""
"604",20260401,"Resaz_Assay_plate2_T1_260401_1257",2026-09-02 12:57:00,"T1","30C",2,"plate_2_30","C4","Sample",5,"360hpf",NA,0,402,""
"605",20260401,"Resaz_Assay_plate2_T1_260401_1257",2026-09-02 12:57:00,"T1","30C",2,"plate_2_30","C5","Sample",6,"360hpf",NA,11,513,""
"606",20260401,"Resaz_Assay_plate2_T1_260401_1257",2026-09-02 12:57:00,"T1","30C",2,"plate_2_30","C6","Sample",8,"360hpf",NA,30,736,""
"607",20260401,"Resaz_Assay_plate2_T1_260401_1257",2026-09-02 12:57:00,"T1","30C",2,"plate_2_30","C7","Sample",52,"360hpf",NA,16,583,""
"608",20260401,"Resaz_Assay_plate2_T1_260401_1257",2026-09-02 12:57:00,"T1","30C",2,"plate_2_30","C8","Sample",53,"360hpf",NA,28,743,""
"609",20260401,"Resaz_Assay_plate2_T1_260401_1257",2026-09-02 12:57:00,"T1","30C",2,"plate_2_30","C9","Sample",54,"360hpf",NA,10,498,""
"610",20260401,"Resaz_Assay_plate2_T1_260401_1257",2026-09-02 12:57:00,"T1","30C",2,"plate_2_30","C10","Sample",55,"360hpf",NA,13,620,""
"611",20260401,"Resaz_Assay_plate2_T1_260401_1257",2026-09-02 12:57:00,"T1","30C",2,"plate_2_30","C11","Sample",56,"360hpf",NA,14,525,""
"612",20260401,"Resaz_Assay_plate2_T1_260401_1257",2026-09-02 12:57:00,"T1","30C",2,"plate_2_30","C12","Sample",57,"360hpf",NA,9,407,""
"613",20260401,"Resaz_Assay_plate2_T1_260401_1257",2026-09-02 12:57:00,"T1","30C",2,"plate_2_30","D1","Sample",1,"360hpf",NA,51,1742,""
"614",20260401,"Resaz_Assay_plate2_T1_260401_1257",2026-09-02 12:57:00,"T1","30C",2,"plate_2_30","D2","Sample",3,"360hpf",NA,12,405,""
"615",20260401,"Resaz_Assay_plate2_T1_260401_1257",2026-09-02 12:57:00,"T1","30C",2,"plate_2_30","D3","Sample",4,"360hpf",NA,5,444,""
"616",20260401,"Resaz_Assay_plate2_T1_260401_1257",2026-09-02 12:57:00,"T1","30C",2,"plate_2_30","D4","Sample",5,"360hpf",NA,28,758,""
"617",20260401,"Resaz_Assay_plate2_T1_260401_1257",2026-09-02 12:57:00,"T1","30C",2,"plate_2_30","D5","Sample",6,"360hpf",NA,13,544,""
"618",20260401,"Resaz_Assay_plate2_T1_260401_1257",2026-09-02 12:57:00,"T1","30C",2,"plate_2_30","D6","Sample",8,"360hpf",NA,17,529,""
"619",20260401,"Resaz_Assay_plate2_T1_260401_1257",2026-09-02 12:57:00,"T1","30C",2,"plate_2_30","D7","Sample",52,"360hpf",NA,16,587,""
"620",20260401,"Resaz_Assay_plate2_T1_260401_1257",2026-09-02 12:57:00,"T1","30C",2,"plate_2_30","D8","Sample",53,"360hpf",NA,6,437,""
"621",20260401,"Resaz_Assay_plate2_T1_260401_1257",2026-09-02 12:57:00,"T1","30C",2,"plate_2_30","D9","Sample",54,"360hpf",NA,11,416,""
"622",20260401,"Resaz_Assay_plate2_T1_260401_1257",2026-09-02 12:57:00,"T1","30C",2,"plate_2_30","D10","Sample",55,"360hpf",NA,25,792,""
"623",20260401,"Resaz_Assay_plate2_T1_260401_1257",2026-09-02 12:57:00,"T1","30C",2,"plate_2_30","D11","Sample",56,"360hpf",NA,26,715,""
"624",20260401,"Resaz_Assay_plate2_T1_260401_1257",2026-09-02 12:57:00,"T1","30C",2,"plate_2_30","D12","Sample",57,"360hpf",NA,30,500,""
"625",20260401,"Resaz_Assay_plate2_T1_260401_1257",2026-09-02 12:57:00,"T1","30C",2,"plate_2_30","E1","Sample",1,"360hpf",NA,14,713,""
"626",20260401,"Resaz_Assay_plate2_T1_260401_1257",2026-09-02 12:57:00,"T1","30C",2,"plate_2_30","E2","Sample",3,"360hpf",NA,9,499,""
"627",20260401,"Resaz_Assay_plate2_T1_260401_1257",2026-09-02 12:57:00,"T1","30C",2,"plate_2_30","E3","Sample",4,"360hpf",NA,13,746,""
"628",20260401,"Resaz_Assay_plate2_T1_260401_1257",2026-09-02 12:57:00,"T1","30C",2,"plate_2_30","E4","Sample",5,"360hpf",NA,3,428,""
"629",20260401,"Resaz_Assay_plate2_T1_260401_1257",2026-09-02 12:57:00,"T1","30C",2,"plate_2_30","E5","Sample",6,"360hpf",NA,5,493,""
"630",20260401,"Resaz_Assay_plate2_T1_260401_1257",2026-09-02 12:57:00,"T1","30C",2,"plate_2_30","E6","Sample",8,"360hpf",NA,12,420,""
"631",20260401,"Resaz_Assay_plate2_T1_260401_1257",2026-09-02 12:57:00,"T1","30C",2,"plate_2_30","E7","Sample",52,"360hpf",NA,16,615,""
"632",20260401,"Resaz_Assay_plate2_T1_260401_1257",2026-09-02 12:57:00,"T1","30C",2,"plate_2_30","E8","Sample",53,"360hpf",NA,31,1020,""
"633",20260401,"Resaz_Assay_plate2_T1_260401_1257",2026-09-02 12:57:00,"T1","30C",2,"plate_2_30","E9","Sample",54,"360hpf",NA,14,485,""
"634",20260401,"Resaz_Assay_plate2_T1_260401_1257",2026-09-02 12:57:00,"T1","30C",2,"plate_2_30","E10","Sample",55,"360hpf",NA,7,525,""
"635",20260401,"Resaz_Assay_plate2_T1_260401_1257",2026-09-02 12:57:00,"T1","30C",2,"plate_2_30","E11","Sample",56,"360hpf",NA,15,583,""
"636",20260401,"Resaz_Assay_plate2_T1_260401_1257",2026-09-02 12:57:00,"T1","30C",2,"plate_2_30","E12","Sample",57,"360hpf",NA,61,496,""
"637",20260401,"Resaz_Assay_plate2_T1_260401_1257",2026-09-02 12:57:00,"T1","30C",2,"plate_2_30","F1","Sample",1,"360hpf",NA,34,1158,""
"638",20260401,"Resaz_Assay_plate2_T1_260401_1257",2026-09-02 12:57:00,"T1","30C",2,"plate_2_30","F2","Sample",3,"360hpf",NA,14,447,""
"639",20260401,"Resaz_Assay_plate2_T1_260401_1257",2026-09-02 12:57:00,"T1","30C",2,"plate_2_30","F3","Sample",4,"360hpf",NA,14,587,""
"640",20260401,"Resaz_Assay_plate2_T1_260401_1257",2026-09-02 12:57:00,"T1","30C",2,"plate_2_30","F4","Sample",5,"360hpf",NA,24,872,""
"641",20260401,"Resaz_Assay_plate2_T1_260401_1257",2026-09-02 12:57:00,"T1","30C",2,"plate_2_30","F5","Sample",6,"360hpf",NA,6,466,""
"642",20260401,"Resaz_Assay_plate2_T1_260401_1257",2026-09-02 12:57:00,"T1","30C",2,"plate_2_30","F6","Sample",8,"360hpf",NA,60,953,""
"643",20260401,"Resaz_Assay_plate2_T1_260401_1257",2026-09-02 12:57:00,"T1","30C",2,"plate_2_30","F7","Sample",52,"360hpf",NA,11,535,""
"644",20260401,"Resaz_Assay_plate2_T1_260401_1257",2026-09-02 12:57:00,"T1","30C",2,"plate_2_30","F8","Sample",53,"360hpf",NA,51,1349,""
"645",20260401,"Resaz_Assay_plate2_T1_260401_1257",2026-09-02 12:57:00,"T1","30C",2,"plate_2_30","F9","Sample",54,"360hpf",NA,7,423,""
"646",20260401,"Resaz_Assay_plate2_T1_260401_1257",2026-09-02 12:57:00,"T1","30C",2,"plate_2_30","F10","Sample",55,"360hpf",NA,20,753,""
"647",20260401,"Resaz_Assay_plate2_T1_260401_1257",2026-09-02 12:57:00,"T1","30C",2,"plate_2_30","F11","Sample",56,"360hpf",NA,16,630,""
"648",20260401,"Resaz_Assay_plate2_T1_260401_1257",2026-09-02 12:57:00,"T1","30C",2,"plate_2_30","F12","Sample",57,"360hpf",NA,45,532,""
"649",20260401,"Resaz_Assay_plate2_T1_260401_1257",2026-09-02 12:57:00,"T1","30C",2,"plate_2_30","G1","Sample",1,"360hpf",NA,11,610,""
"650",20260401,"Resaz_Assay_plate2_T1_260401_1257",2026-09-02 12:57:00,"T1","30C",2,"plate_2_30","G2","Sample",3,"360hpf",NA,13,545,""
"651",20260401,"Resaz_Assay_plate2_T1_260401_1257",2026-09-02 12:57:00,"T1","30C",2,"plate_2_30","G3","Sample",4,"360hpf",NA,66,1722,""
"652",20260401,"Resaz_Assay_plate2_T1_260401_1257",2026-09-02 12:57:00,"T1","30C",2,"plate_2_30","G4","Sample",5,"360hpf",NA,16,613,""
"653",20260401,"Resaz_Assay_plate2_T1_260401_1257",2026-09-02 12:57:00,"T1","30C",2,"plate_2_30","G5","Sample",6,"360hpf",NA,12,552,""
"654",20260401,"Resaz_Assay_plate2_T1_260401_1257",2026-09-02 12:57:00,"T1","30C",2,"plate_2_30","G6","Sample",8,"360hpf",NA,60,1284,""
"655",20260401,"Resaz_Assay_plate2_T1_260401_1257",2026-09-02 12:57:00,"T1","30C",2,"plate_2_30","G7","Sample",52,"360hpf",NA,11,594,""
"656",20260401,"Resaz_Assay_plate2_T1_260401_1257",2026-09-02 12:57:00,"T1","30C",2,"plate_2_30","G8","Sample",53,"360hpf",NA,30,893,""
"657",20260401,"Resaz_Assay_plate2_T1_260401_1257",2026-09-02 12:57:00,"T1","30C",2,"plate_2_30","G9","Sample",54,"360hpf",NA,12,508,""
"658",20260401,"Resaz_Assay_plate2_T1_260401_1257",2026-09-02 12:57:00,"T1","30C",2,"plate_2_30","G10","Sample",55,"360hpf",NA,3,455,""
"659",20260401,"Resaz_Assay_plate2_T1_260401_1257",2026-09-02 12:57:00,"T1","30C",2,"plate_2_30","G11","Sample",56,"360hpf",NA,6,427,""
"660",20260401,"Resaz_Assay_plate2_T1_260401_1257",2026-09-02 12:57:00,"T1","30C",2,"plate_2_30","G12","Sample",57,"360hpf",NA,8,425,""
"661",20260401,"Resaz_Assay_plate2_T1_260401_1257",2026-09-02 12:57:00,"T1","30C",2,"plate_2_30","H1","Blank",1,"360hpf",NA,NA,359,""
"662",20260401,"Resaz_Assay_plate2_T1_260401_1257",2026-09-02 12:57:00,"T1","30C",2,"plate_2_30","H2","Blank",3,"360hpf",NA,NA,429,""
"663",20260401,"Resaz_Assay_plate2_T1_260401_1257",2026-09-02 12:57:00,"T1","30C",2,"plate_2_30","H3","Blank",4,"360hpf",NA,NA,380,""
"664",20260401,"Resaz_Assay_plate2_T1_260401_1257",2026-09-02 12:57:00,"T1","30C",2,"plate_2_30","H4","Blank",5,"360hpf",NA,NA,359,""
"665",20260401,"Resaz_Assay_plate2_T1_260401_1257",2026-09-02 12:57:00,"T1","30C",2,"plate_2_30","H5","Blank",6,"360hpf",NA,NA,365,""
"666",20260401,"Resaz_Assay_plate2_T1_260401_1257",2026-09-02 12:57:00,"T1","30C",2,"plate_2_30","H6","Blank",8,"360hpf",NA,NA,357,""
"667",20260401,"Resaz_Assay_plate2_T1_260401_1257",2026-09-02 12:57:00,"T1","30C",2,"plate_2_30","H7","Blank",52,"360hpf",NA,NA,370,""
"668",20260401,"Resaz_Assay_plate2_T1_260401_1257",2026-09-02 12:57:00,"T1","30C",2,"plate_2_30","H8","Blank",53,"360hpf",NA,NA,356,""
"669",20260401,"Resaz_Assay_plate2_T1_260401_1257",2026-09-02 12:57:00,"T1","30C",2,"plate_2_30","H9","Blank",54,"360hpf",NA,NA,356,""
"670",20260401,"Resaz_Assay_plate2_T1_260401_1257",2026-09-02 12:57:00,"T1","30C",2,"plate_2_30","H10","Blank",55,"360hpf",NA,NA,574,""
"671",20260401,"Resaz_Assay_plate2_T1_260401_1257",2026-09-02 12:57:00,"T1","30C",2,"plate_2_30","H11","Blank",56,"360hpf",NA,NA,414,""
"672",20260401,"Resaz_Assay_plate2_T1_260401_1257",2026-09-02 12:57:00,"T1","30C",2,"plate_2_30","H12","Blank",57,"360hpf",NA,NA,410,""
"673",20260401,"Resaz_Assay_plate2_T2_260401_1402",2026-09-02 14:02:00,"T2","30C",2,"plate_2_30","A1","Sample",1,"360hpf",NA,79,5109,""
"674",20260401,"Resaz_Assay_plate2_T2_260401_1402",2026-09-02 14:02:00,"T2","30C",2,"plate_2_30","A2","Sample",3,"360hpf",NA,12,706,""
"675",20260401,"Resaz_Assay_plate2_T2_260401_1402",2026-09-02 14:02:00,"T2","30C",2,"plate_2_30","A3","Sample",4,"360hpf",NA,4,498,""
"676",20260401,"Resaz_Assay_plate2_T2_260401_1402",2026-09-02 14:02:00,"T2","30C",2,"plate_2_30","A4","Sample",5,"360hpf",NA,4,644,""
"677",20260401,"Resaz_Assay_plate2_T2_260401_1402",2026-09-02 14:02:00,"T2","30C",2,"plate_2_30","A5","Sample",6,"360hpf",NA,8,676,""
"678",20260401,"Resaz_Assay_plate2_T2_260401_1402",2026-09-02 14:02:00,"T2","30C",2,"plate_2_30","A6","Sample",8,"360hpf",NA,5,572,""
"679",20260401,"Resaz_Assay_plate2_T2_260401_1402",2026-09-02 14:02:00,"T2","30C",2,"plate_2_30","A7","Sample",52,"360hpf",NA,18,1151,""
"680",20260401,"Resaz_Assay_plate2_T2_260401_1402",2026-09-02 14:02:00,"T2","30C",2,"plate_2_30","A8","Sample",53,"360hpf",NA,6,473,""
"681",20260401,"Resaz_Assay_plate2_T2_260401_1402",2026-09-02 14:02:00,"T2","30C",2,"plate_2_30","A9","Sample",54,"360hpf",NA,11,721,""
"682",20260401,"Resaz_Assay_plate2_T2_260401_1402",2026-09-02 14:02:00,"T2","30C",2,"plate_2_30","A10","Sample",55,"360hpf",NA,13,936,""
"683",20260401,"Resaz_Assay_plate2_T2_260401_1402",2026-09-02 14:02:00,"T2","30C",2,"plate_2_30","A11","Sample",56,"360hpf",NA,26,1306,""
"684",20260401,"Resaz_Assay_plate2_T2_260401_1402",2026-09-02 14:02:00,"T2","30C",2,"plate_2_30","A12","Sample",57,"360hpf",NA,5,460,""
"685",20260401,"Resaz_Assay_plate2_T2_260401_1402",2026-09-02 14:02:00,"T2","30C",2,"plate_2_30","B1","Sample",1,"360hpf",NA,16,1010,""
"686",20260401,"Resaz_Assay_plate2_T2_260401_1402",2026-09-02 14:02:00,"T2","30C",2,"plate_2_30","B2","Sample",3,"360hpf",NA,12,597,""
"687",20260401,"Resaz_Assay_plate2_T2_260401_1402",2026-09-02 14:02:00,"T2","30C",2,"plate_2_30","B3","Sample",4,"360hpf",NA,6,632,""
"688",20260401,"Resaz_Assay_plate2_T2_260401_1402",2026-09-02 14:02:00,"T2","30C",2,"plate_2_30","B4","Sample",5,"360hpf",NA,4,589,""
"689",20260401,"Resaz_Assay_plate2_T2_260401_1402",2026-09-02 14:02:00,"T2","30C",2,"plate_2_30","B5","Sample",6,"360hpf",NA,11,746,""
"690",20260401,"Resaz_Assay_plate2_T2_260401_1402",2026-09-02 14:02:00,"T2","30C",2,"plate_2_30","B6","Sample",8,"360hpf",NA,22,843,""
"691",20260401,"Resaz_Assay_plate2_T2_260401_1402",2026-09-02 14:02:00,"T2","30C",2,"plate_2_30","B7","Sample",52,"360hpf",NA,7,695,""
"692",20260401,"Resaz_Assay_plate2_T2_260401_1402",2026-09-02 14:02:00,"T2","30C",2,"plate_2_30","B8","Sample",53,"360hpf",NA,2,408,""
"693",20260401,"Resaz_Assay_plate2_T2_260401_1402",2026-09-02 14:02:00,"T2","30C",2,"plate_2_30","B9","Sample",54,"360hpf",NA,12,711,""
"694",20260401,"Resaz_Assay_plate2_T2_260401_1402",2026-09-02 14:02:00,"T2","30C",2,"plate_2_30","B10","Sample",55,"360hpf",NA,38,2208,""
"695",20260401,"Resaz_Assay_plate2_T2_260401_1402",2026-09-02 14:02:00,"T2","30C",2,"plate_2_30","B11","Sample",56,"360hpf",NA,11,831,""
"696",20260401,"Resaz_Assay_plate2_T2_260401_1402",2026-09-02 14:02:00,"T2","30C",2,"plate_2_30","B12","Sample",57,"360hpf",NA,4,473,""
"697",20260401,"Resaz_Assay_plate2_T2_260401_1402",2026-09-02 14:02:00,"T2","30C",2,"plate_2_30","C1","Sample",1,"360hpf",NA,29,2052,""
"698",20260401,"Resaz_Assay_plate2_T2_260401_1402",2026-09-02 14:02:00,"T2","30C",2,"plate_2_30","C2","Sample",3,"360hpf",NA,10,696,""
"699",20260401,"Resaz_Assay_plate2_T2_260401_1402",2026-09-02 14:02:00,"T2","30C",2,"plate_2_30","C3","Sample",4,"360hpf",NA,2,491,""
"700",20260401,"Resaz_Assay_plate2_T2_260401_1402",2026-09-02 14:02:00,"T2","30C",2,"plate_2_30","C4","Sample",5,"360hpf",NA,0,453,""
"701",20260401,"Resaz_Assay_plate2_T2_260401_1402",2026-09-02 14:02:00,"T2","30C",2,"plate_2_30","C5","Sample",6,"360hpf",NA,11,809,""
"702",20260401,"Resaz_Assay_plate2_T2_260401_1402",2026-09-02 14:02:00,"T2","30C",2,"plate_2_30","C6","Sample",8,"360hpf",NA,30,1300,""
"703",20260401,"Resaz_Assay_plate2_T2_260401_1402",2026-09-02 14:02:00,"T2","30C",2,"plate_2_30","C7","Sample",52,"360hpf",NA,16,950,""
"704",20260401,"Resaz_Assay_plate2_T2_260401_1402",2026-09-02 14:02:00,"T2","30C",2,"plate_2_30","C8","Sample",53,"360hpf",NA,28,1415,""
"705",20260401,"Resaz_Assay_plate2_T2_260401_1402",2026-09-02 14:02:00,"T2","30C",2,"plate_2_30","C9","Sample",54,"360hpf",NA,10,707,""
"706",20260401,"Resaz_Assay_plate2_T2_260401_1402",2026-09-02 14:02:00,"T2","30C",2,"plate_2_30","C10","Sample",55,"360hpf",NA,13,900,""
"707",20260401,"Resaz_Assay_plate2_T2_260401_1402",2026-09-02 14:02:00,"T2","30C",2,"plate_2_30","C11","Sample",56,"360hpf",NA,14,891,""
"708",20260401,"Resaz_Assay_plate2_T2_260401_1402",2026-09-02 14:02:00,"T2","30C",2,"plate_2_30","C12","Sample",57,"360hpf",NA,9,443,""
"709",20260401,"Resaz_Assay_plate2_T2_260401_1402",2026-09-02 14:02:00,"T2","30C",2,"plate_2_30","D1","Sample",1,"360hpf",NA,51,3285,""
"710",20260401,"Resaz_Assay_plate2_T2_260401_1402",2026-09-02 14:02:00,"T2","30C",2,"plate_2_30","D2","Sample",3,"360hpf",NA,12,516,""
"711",20260401,"Resaz_Assay_plate2_T2_260401_1402",2026-09-02 14:02:00,"T2","30C",2,"plate_2_30","D3","Sample",4,"360hpf",NA,5,579,""
"712",20260401,"Resaz_Assay_plate2_T2_260401_1402",2026-09-02 14:02:00,"T2","30C",2,"plate_2_30","D4","Sample",5,"360hpf",NA,28,1331,""
"713",20260401,"Resaz_Assay_plate2_T2_260401_1402",2026-09-02 14:02:00,"T2","30C",2,"plate_2_30","D5","Sample",6,"360hpf",NA,13,818,""
"714",20260401,"Resaz_Assay_plate2_T2_260401_1402",2026-09-02 14:02:00,"T2","30C",2,"plate_2_30","D6","Sample",8,"360hpf",NA,17,761,""
"715",20260401,"Resaz_Assay_plate2_T2_260401_1402",2026-09-02 14:02:00,"T2","30C",2,"plate_2_30","D7","Sample",52,"360hpf",NA,16,955,""
"716",20260401,"Resaz_Assay_plate2_T2_260401_1402",2026-09-02 14:02:00,"T2","30C",2,"plate_2_30","D8","Sample",53,"360hpf",NA,6,584,""
"717",20260401,"Resaz_Assay_plate2_T2_260401_1402",2026-09-02 14:02:00,"T2","30C",2,"plate_2_30","D9","Sample",54,"360hpf",NA,11,769,""
"718",20260401,"Resaz_Assay_plate2_T2_260401_1402",2026-09-02 14:02:00,"T2","30C",2,"plate_2_30","D10","Sample",55,"360hpf",NA,25,1289,""
"719",20260401,"Resaz_Assay_plate2_T2_260401_1402",2026-09-02 14:02:00,"T2","30C",2,"plate_2_30","D11","Sample",56,"360hpf",NA,26,1333,""
"720",20260401,"Resaz_Assay_plate2_T2_260401_1402",2026-09-02 14:02:00,"T2","30C",2,"plate_2_30","D12","Sample",57,"360hpf",NA,30,894,""
"721",20260401,"Resaz_Assay_plate2_T2_260401_1402",2026-09-02 14:02:00,"T2","30C",2,"plate_2_30","E1","Sample",1,"360hpf",NA,14,1092,""
"722",20260401,"Resaz_Assay_plate2_T2_260401_1402",2026-09-02 14:02:00,"T2","30C",2,"plate_2_30","E2","Sample",3,"360hpf",NA,9,691,""
"723",20260401,"Resaz_Assay_plate2_T2_260401_1402",2026-09-02 14:02:00,"T2","30C",2,"plate_2_30","E3","Sample",4,"360hpf",NA,13,1146,""
"724",20260401,"Resaz_Assay_plate2_T2_260401_1402",2026-09-02 14:02:00,"T2","30C",2,"plate_2_30","E4","Sample",5,"360hpf",NA,3,534,""
"725",20260401,"Resaz_Assay_plate2_T2_260401_1402",2026-09-02 14:02:00,"T2","30C",2,"plate_2_30","E5","Sample",6,"360hpf",NA,5,706,""
"726",20260401,"Resaz_Assay_plate2_T2_260401_1402",2026-09-02 14:02:00,"T2","30C",2,"plate_2_30","E6","Sample",8,"360hpf",NA,12,627,""
"727",20260401,"Resaz_Assay_plate2_T2_260401_1402",2026-09-02 14:02:00,"T2","30C",2,"plate_2_30","E7","Sample",52,"360hpf",NA,16,1046,""
"728",20260401,"Resaz_Assay_plate2_T2_260401_1402",2026-09-02 14:02:00,"T2","30C",2,"plate_2_30","E8","Sample",53,"360hpf",NA,31,2086,""
"729",20260401,"Resaz_Assay_plate2_T2_260401_1402",2026-09-02 14:02:00,"T2","30C",2,"plate_2_30","E9","Sample",54,"360hpf",NA,14,916,""
"730",20260401,"Resaz_Assay_plate2_T2_260401_1402",2026-09-02 14:02:00,"T2","30C",2,"plate_2_30","E10","Sample",55,"360hpf",NA,7,662,""
"731",20260401,"Resaz_Assay_plate2_T2_260401_1402",2026-09-02 14:02:00,"T2","30C",2,"plate_2_30","E11","Sample",56,"360hpf",NA,15,942,""
"732",20260401,"Resaz_Assay_plate2_T2_260401_1402",2026-09-02 14:02:00,"T2","30C",2,"plate_2_30","E12","Sample",57,"360hpf",NA,61,795,""
"733",20260401,"Resaz_Assay_plate2_T2_260401_1402",2026-09-02 14:02:00,"T2","30C",2,"plate_2_30","F1","Sample",1,"360hpf",NA,34,2078,""
"734",20260401,"Resaz_Assay_plate2_T2_260401_1402",2026-09-02 14:02:00,"T2","30C",2,"plate_2_30","F2","Sample",3,"360hpf",NA,14,599,""
"735",20260401,"Resaz_Assay_plate2_T2_260401_1402",2026-09-02 14:02:00,"T2","30C",2,"plate_2_30","F3","Sample",4,"360hpf",NA,14,875,""
"736",20260401,"Resaz_Assay_plate2_T2_260401_1402",2026-09-02 14:02:00,"T2","30C",2,"plate_2_30","F4","Sample",5,"360hpf",NA,24,1472,""
"737",20260401,"Resaz_Assay_plate2_T2_260401_1402",2026-09-02 14:02:00,"T2","30C",2,"plate_2_30","F5","Sample",6,"360hpf",NA,6,644,""
"738",20260401,"Resaz_Assay_plate2_T2_260401_1402",2026-09-02 14:02:00,"T2","30C",2,"plate_2_30","F6","Sample",8,"360hpf",NA,60,1833,""
"739",20260401,"Resaz_Assay_plate2_T2_260401_1402",2026-09-02 14:02:00,"T2","30C",2,"plate_2_30","F7","Sample",52,"360hpf",NA,11,831,""
"740",20260401,"Resaz_Assay_plate2_T2_260401_1402",2026-09-02 14:02:00,"T2","30C",2,"plate_2_30","F8","Sample",53,"360hpf",NA,51,3045,""
"741",20260401,"Resaz_Assay_plate2_T2_260401_1402",2026-09-02 14:02:00,"T2","30C",2,"plate_2_30","F9","Sample",54,"360hpf",NA,7,577,""
"742",20260401,"Resaz_Assay_plate2_T2_260401_1402",2026-09-02 14:02:00,"T2","30C",2,"plate_2_30","F10","Sample",55,"360hpf",NA,20,1206,""
"743",20260401,"Resaz_Assay_plate2_T2_260401_1402",2026-09-02 14:02:00,"T2","30C",2,"plate_2_30","F11","Sample",56,"360hpf",NA,16,991,""
"744",20260401,"Resaz_Assay_plate2_T2_260401_1402",2026-09-02 14:02:00,"T2","30C",2,"plate_2_30","F12","Sample",57,"360hpf",NA,45,931,""
"745",20260401,"Resaz_Assay_plate2_T2_260401_1402",2026-09-02 14:02:00,"T2","30C",2,"plate_2_30","G1","Sample",1,"360hpf",NA,11,832,""
"746",20260401,"Resaz_Assay_plate2_T2_260401_1402",2026-09-02 14:02:00,"T2","30C",2,"plate_2_30","G2","Sample",3,"360hpf",NA,13,823,""
"747",20260401,"Resaz_Assay_plate2_T2_260401_1402",2026-09-02 14:02:00,"T2","30C",2,"plate_2_30","G3","Sample",4,"360hpf",NA,66,3240,""
"748",20260401,"Resaz_Assay_plate2_T2_260401_1402",2026-09-02 14:02:00,"T2","30C",2,"plate_2_30","G4","Sample",5,"360hpf",NA,16,966,""
"749",20260401,"Resaz_Assay_plate2_T2_260401_1402",2026-09-02 14:02:00,"T2","30C",2,"plate_2_30","G5","Sample",6,"360hpf",NA,12,767,""
"750",20260401,"Resaz_Assay_plate2_T2_260401_1402",2026-09-02 14:02:00,"T2","30C",2,"plate_2_30","G6","Sample",8,"360hpf",NA,60,2456,""
"751",20260401,"Resaz_Assay_plate2_T2_260401_1402",2026-09-02 14:02:00,"T2","30C",2,"plate_2_30","G7","Sample",52,"360hpf",NA,11,893,""
"752",20260401,"Resaz_Assay_plate2_T2_260401_1402",2026-09-02 14:02:00,"T2","30C",2,"plate_2_30","G8","Sample",53,"360hpf",NA,30,1913,""
"753",20260401,"Resaz_Assay_plate2_T2_260401_1402",2026-09-02 14:02:00,"T2","30C",2,"plate_2_30","G9","Sample",54,"360hpf",NA,12,719,""
"754",20260401,"Resaz_Assay_plate2_T2_260401_1402",2026-09-02 14:02:00,"T2","30C",2,"plate_2_30","G10","Sample",55,"360hpf",NA,3,569,""
"755",20260401,"Resaz_Assay_plate2_T2_260401_1402",2026-09-02 14:02:00,"T2","30C",2,"plate_2_30","G11","Sample",56,"360hpf",NA,6,561,""
"756",20260401,"Resaz_Assay_plate2_T2_260401_1402",2026-09-02 14:02:00,"T2","30C",2,"plate_2_30","G12","Sample",57,"360hpf",NA,8,549,""
"757",20260401,"Resaz_Assay_plate2_T2_260401_1402",2026-09-02 14:02:00,"T2","30C",2,"plate_2_30","H1","Blank",1,"360hpf",NA,NA,377,""
"758",20260401,"Resaz_Assay_plate2_T2_260401_1402",2026-09-02 14:02:00,"T2","30C",2,"plate_2_30","H2","Blank",3,"360hpf",NA,NA,450,""
"759",20260401,"Resaz_Assay_plate2_T2_260401_1402",2026-09-02 14:02:00,"T2","30C",2,"plate_2_30","H3","Blank",4,"360hpf",NA,NA,397,""
"760",20260401,"Resaz_Assay_plate2_T2_260401_1402",2026-09-02 14:02:00,"T2","30C",2,"plate_2_30","H4","Blank",5,"360hpf",NA,NA,374,""
"761",20260401,"Resaz_Assay_plate2_T2_260401_1402",2026-09-02 14:02:00,"T2","30C",2,"plate_2_30","H5","Blank",6,"360hpf",NA,NA,380,""
"762",20260401,"Resaz_Assay_plate2_T2_260401_1402",2026-09-02 14:02:00,"T2","30C",2,"plate_2_30","H6","Blank",8,"360hpf",NA,NA,374,""
"763",20260401,"Resaz_Assay_plate2_T2_260401_1402",2026-09-02 14:02:00,"T2","30C",2,"plate_2_30","H7","Blank",52,"360hpf",NA,NA,389,""
"764",20260401,"Resaz_Assay_plate2_T2_260401_1402",2026-09-02 14:02:00,"T2","30C",2,"plate_2_30","H8","Blank",53,"360hpf",NA,NA,372,""
"765",20260401,"Resaz_Assay_plate2_T2_260401_1402",2026-09-02 14:02:00,"T2","30C",2,"plate_2_30","H9","Blank",54,"360hpf",NA,NA,372,""
"766",20260401,"Resaz_Assay_plate2_T2_260401_1402",2026-09-02 14:02:00,"T2","30C",2,"plate_2_30","H10","Blank",55,"360hpf",NA,NA,599,""
"767",20260401,"Resaz_Assay_plate2_T2_260401_1402",2026-09-02 14:02:00,"T2","30C",2,"plate_2_30","H11","Blank",56,"360hpf",NA,NA,434,""
"768",20260401,"Resaz_Assay_plate2_T2_260401_1402",2026-09-02 14:02:00,"T2","30C",2,"plate_2_30","H12","Blank",57,"360hpf",NA,NA,434,""
"769",20260401,"Resaz_Assay_plate2_T3_260401_1507",2026-09-02 15:07:00,"T3","30C",2,"plate_2_30","A1","Sample",1,"360hpf",NA,79,6453,""
"770",20260401,"Resaz_Assay_plate2_T3_260401_1507",2026-09-02 15:07:00,"T3","30C",2,"plate_2_30","A2","Sample",3,"360hpf",NA,12,962,""
"771",20260401,"Resaz_Assay_plate2_T3_260401_1507",2026-09-02 15:07:00,"T3","30C",2,"plate_2_30","A3","Sample",4,"360hpf",NA,4,562,""
"772",20260401,"Resaz_Assay_plate2_T3_260401_1507",2026-09-02 15:07:00,"T3","30C",2,"plate_2_30","A4","Sample",5,"360hpf",NA,4,778,""
"773",20260401,"Resaz_Assay_plate2_T3_260401_1507",2026-09-02 15:07:00,"T3","30C",2,"plate_2_30","A5","Sample",6,"360hpf",NA,8,852,""
"774",20260401,"Resaz_Assay_plate2_T3_260401_1507",2026-09-02 15:07:00,"T3","30C",2,"plate_2_30","A6","Sample",8,"360hpf",NA,5,695,""
"775",20260401,"Resaz_Assay_plate2_T3_260401_1507",2026-09-02 15:07:00,"T3","30C",2,"plate_2_30","A7","Sample",52,"360hpf",NA,18,1656,""
"776",20260401,"Resaz_Assay_plate2_T3_260401_1507",2026-09-02 15:07:00,"T3","30C",2,"plate_2_30","A8","Sample",53,"360hpf",NA,6,586,""
"777",20260401,"Resaz_Assay_plate2_T3_260401_1507",2026-09-02 15:07:00,"T3","30C",2,"plate_2_30","A9","Sample",54,"360hpf",NA,11,909,""
"778",20260401,"Resaz_Assay_plate2_T3_260401_1507",2026-09-02 15:07:00,"T3","30C",2,"plate_2_30","A10","Sample",55,"360hpf",NA,13,1206,""
"779",20260401,"Resaz_Assay_plate2_T3_260401_1507",2026-09-02 15:07:00,"T3","30C",2,"plate_2_30","A11","Sample",56,"360hpf",NA,26,1818,""
"780",20260401,"Resaz_Assay_plate2_T3_260401_1507",2026-09-02 15:07:00,"T3","30C",2,"plate_2_30","A12","Sample",57,"360hpf",NA,5,527,""
"781",20260401,"Resaz_Assay_plate2_T3_260401_1507",2026-09-02 15:07:00,"T3","30C",2,"plate_2_30","B1","Sample",1,"360hpf",NA,16,1371,""
"782",20260401,"Resaz_Assay_plate2_T3_260401_1507",2026-09-02 15:07:00,"T3","30C",2,"plate_2_30","B2","Sample",3,"360hpf",NA,12,749,""
"783",20260401,"Resaz_Assay_plate2_T3_260401_1507",2026-09-02 15:07:00,"T3","30C",2,"plate_2_30","B3","Sample",4,"360hpf",NA,6,767,""
"784",20260401,"Resaz_Assay_plate2_T3_260401_1507",2026-09-02 15:07:00,"T3","30C",2,"plate_2_30","B4","Sample",5,"360hpf",NA,4,690,""
"785",20260401,"Resaz_Assay_plate2_T3_260401_1507",2026-09-02 15:07:00,"T3","30C",2,"plate_2_30","B5","Sample",6,"360hpf",NA,11,941,""
"786",20260401,"Resaz_Assay_plate2_T3_260401_1507",2026-09-02 15:07:00,"T3","30C",2,"plate_2_30","B6","Sample",8,"360hpf",NA,22,1152,""
"787",20260401,"Resaz_Assay_plate2_T3_260401_1507",2026-09-02 15:07:00,"T3","30C",2,"plate_2_30","B7","Sample",52,"360hpf",NA,7,891,""
"788",20260401,"Resaz_Assay_plate2_T3_260401_1507",2026-09-02 15:07:00,"T3","30C",2,"plate_2_30","B8","Sample",53,"360hpf",NA,2,445,""
"789",20260401,"Resaz_Assay_plate2_T3_260401_1507",2026-09-02 15:07:00,"T3","30C",2,"plate_2_30","B9","Sample",54,"360hpf",NA,12,938,""
"790",20260401,"Resaz_Assay_plate2_T3_260401_1507",2026-09-02 15:07:00,"T3","30C",2,"plate_2_30","B10","Sample",55,"360hpf",NA,38,3036,""
"791",20260401,"Resaz_Assay_plate2_T3_260401_1507",2026-09-02 15:07:00,"T3","30C",2,"plate_2_30","B11","Sample",56,"360hpf",NA,11,1060,""
"792",20260401,"Resaz_Assay_plate2_T3_260401_1507",2026-09-02 15:07:00,"T3","30C",2,"plate_2_30","B12","Sample",57,"360hpf",NA,4,554,""
"793",20260401,"Resaz_Assay_plate2_T3_260401_1507",2026-09-02 15:07:00,"T3","30C",2,"plate_2_30","C1","Sample",1,"360hpf",NA,29,2713,""
"794",20260401,"Resaz_Assay_plate2_T3_260401_1507",2026-09-02 15:07:00,"T3","30C",2,"plate_2_30","C2","Sample",3,"360hpf",NA,10,840,""
"795",20260401,"Resaz_Assay_plate2_T3_260401_1507",2026-09-02 15:07:00,"T3","30C",2,"plate_2_30","C3","Sample",4,"360hpf",NA,2,567,""
"796",20260401,"Resaz_Assay_plate2_T3_260401_1507",2026-09-02 15:07:00,"T3","30C",2,"plate_2_30","C4","Sample",5,"360hpf",NA,0,475,""
"797",20260401,"Resaz_Assay_plate2_T3_260401_1507",2026-09-02 15:07:00,"T3","30C",2,"plate_2_30","C5","Sample",6,"360hpf",NA,11,1010,""
"798",20260401,"Resaz_Assay_plate2_T3_260401_1507",2026-09-02 15:07:00,"T3","30C",2,"plate_2_30","C6","Sample",8,"360hpf",NA,30,1845,""
"799",20260401,"Resaz_Assay_plate2_T3_260401_1507",2026-09-02 15:07:00,"T3","30C",2,"plate_2_30","C7","Sample",52,"360hpf",NA,16,1386,""
"800",20260401,"Resaz_Assay_plate2_T3_260401_1507",2026-09-02 15:07:00,"T3","30C",2,"plate_2_30","C8","Sample",53,"360hpf",NA,28,2046,""
"801",20260401,"Resaz_Assay_plate2_T3_260401_1507",2026-09-02 15:07:00,"T3","30C",2,"plate_2_30","C9","Sample",54,"360hpf",NA,10,829,""
"802",20260401,"Resaz_Assay_plate2_T3_260401_1507",2026-09-02 15:07:00,"T3","30C",2,"plate_2_30","C10","Sample",55,"360hpf",NA,13,1135,""
"803",20260401,"Resaz_Assay_plate2_T3_260401_1507",2026-09-02 15:07:00,"T3","30C",2,"plate_2_30","C11","Sample",56,"360hpf",NA,14,1260,""
"804",20260401,"Resaz_Assay_plate2_T3_260401_1507",2026-09-02 15:07:00,"T3","30C",2,"plate_2_30","C12","Sample",57,"360hpf",NA,9,513,""
"805",20260401,"Resaz_Assay_plate2_T3_260401_1507",2026-09-02 15:07:00,"T3","30C",2,"plate_2_30","D1","Sample",1,"360hpf",NA,51,4550,""
"806",20260401,"Resaz_Assay_plate2_T3_260401_1507",2026-09-02 15:07:00,"T3","30C",2,"plate_2_30","D2","Sample",3,"360hpf",NA,12,594,""
"807",20260401,"Resaz_Assay_plate2_T3_260401_1507",2026-09-02 15:07:00,"T3","30C",2,"plate_2_30","D3","Sample",4,"360hpf",NA,5,744,""
"808",20260401,"Resaz_Assay_plate2_T3_260401_1507",2026-09-02 15:07:00,"T3","30C",2,"plate_2_30","D4","Sample",5,"360hpf",NA,28,1806,""
"809",20260401,"Resaz_Assay_plate2_T3_260401_1507",2026-09-02 15:07:00,"T3","30C",2,"plate_2_30","D5","Sample",6,"360hpf",NA,13,1069,""
"810",20260401,"Resaz_Assay_plate2_T3_260401_1507",2026-09-02 15:07:00,"T3","30C",2,"plate_2_30","D6","Sample",8,"360hpf",NA,17,1012,""
"811",20260401,"Resaz_Assay_plate2_T3_260401_1507",2026-09-02 15:07:00,"T3","30C",2,"plate_2_30","D7","Sample",52,"360hpf",NA,16,1253,""
"812",20260401,"Resaz_Assay_plate2_T3_260401_1507",2026-09-02 15:07:00,"T3","30C",2,"plate_2_30","D8","Sample",53,"360hpf",NA,6,722,""
"813",20260401,"Resaz_Assay_plate2_T3_260401_1507",2026-09-02 15:07:00,"T3","30C",2,"plate_2_30","D9","Sample",54,"360hpf",NA,11,1012,""
"814",20260401,"Resaz_Assay_plate2_T3_260401_1507",2026-09-02 15:07:00,"T3","30C",2,"plate_2_30","D10","Sample",55,"360hpf",NA,25,1715,""
"815",20260401,"Resaz_Assay_plate2_T3_260401_1507",2026-09-02 15:07:00,"T3","30C",2,"plate_2_30","D11","Sample",56,"360hpf",NA,26,1978,""
"816",20260401,"Resaz_Assay_plate2_T3_260401_1507",2026-09-02 15:07:00,"T3","30C",2,"plate_2_30","D12","Sample",57,"360hpf",NA,30,1341,""
"817",20260401,"Resaz_Assay_plate2_T3_260401_1507",2026-09-02 15:07:00,"T3","30C",2,"plate_2_30","E1","Sample",1,"360hpf",NA,14,1417,""
"818",20260401,"Resaz_Assay_plate2_T3_260401_1507",2026-09-02 15:07:00,"T3","30C",2,"plate_2_30","E2","Sample",3,"360hpf",NA,9,882,""
"819",20260401,"Resaz_Assay_plate2_T3_260401_1507",2026-09-02 15:07:00,"T3","30C",2,"plate_2_30","E3","Sample",4,"360hpf",NA,13,1534,""
"820",20260401,"Resaz_Assay_plate2_T3_260401_1507",2026-09-02 15:07:00,"T3","30C",2,"plate_2_30","E4","Sample",5,"360hpf",NA,3,618,""
"821",20260401,"Resaz_Assay_plate2_T3_260401_1507",2026-09-02 15:07:00,"T3","30C",2,"plate_2_30","E5","Sample",6,"360hpf",NA,5,874,""
"822",20260401,"Resaz_Assay_plate2_T3_260401_1507",2026-09-02 15:07:00,"T3","30C",2,"plate_2_30","E6","Sample",8,"360hpf",NA,12,793,""
"823",20260401,"Resaz_Assay_plate2_T3_260401_1507",2026-09-02 15:07:00,"T3","30C",2,"plate_2_30","E7","Sample",52,"360hpf",NA,16,1466,""
"824",20260401,"Resaz_Assay_plate2_T3_260401_1507",2026-09-02 15:07:00,"T3","30C",2,"plate_2_30","E8","Sample",53,"360hpf",NA,31,3053,""
"825",20260401,"Resaz_Assay_plate2_T3_260401_1507",2026-09-02 15:07:00,"T3","30C",2,"plate_2_30","E9","Sample",54,"360hpf",NA,14,1231,""
"826",20260401,"Resaz_Assay_plate2_T3_260401_1507",2026-09-02 15:07:00,"T3","30C",2,"plate_2_30","E10","Sample",55,"360hpf",NA,7,803,""
"827",20260401,"Resaz_Assay_plate2_T3_260401_1507",2026-09-02 15:07:00,"T3","30C",2,"plate_2_30","E11","Sample",56,"360hpf",NA,15,1249,""
"828",20260401,"Resaz_Assay_plate2_T3_260401_1507",2026-09-02 15:07:00,"T3","30C",2,"plate_2_30","E12","Sample",57,"360hpf",NA,61,1119,""
"829",20260401,"Resaz_Assay_plate2_T3_260401_1507",2026-09-02 15:07:00,"T3","30C",2,"plate_2_30","F1","Sample",1,"360hpf",NA,34,2975,""
"830",20260401,"Resaz_Assay_plate2_T3_260401_1507",2026-09-02 15:07:00,"T3","30C",2,"plate_2_30","F2","Sample",3,"360hpf",NA,14,769,""
"831",20260401,"Resaz_Assay_plate2_T3_260401_1507",2026-09-02 15:07:00,"T3","30C",2,"plate_2_30","F3","Sample",4,"360hpf",NA,14,1144,""
"832",20260401,"Resaz_Assay_plate2_T3_260401_1507",2026-09-02 15:07:00,"T3","30C",2,"plate_2_30","F4","Sample",5,"360hpf",NA,24,2051,""
"833",20260401,"Resaz_Assay_plate2_T3_260401_1507",2026-09-02 15:07:00,"T3","30C",2,"plate_2_30","F5","Sample",6,"360hpf",NA,6,739,""
"834",20260401,"Resaz_Assay_plate2_T3_260401_1507",2026-09-02 15:07:00,"T3","30C",2,"plate_2_30","F6","Sample",8,"360hpf",NA,60,2656,""
"835",20260401,"Resaz_Assay_plate2_T3_260401_1507",2026-09-02 15:07:00,"T3","30C",2,"plate_2_30","F7","Sample",52,"360hpf",NA,11,1110,""
"836",20260401,"Resaz_Assay_plate2_T3_260401_1507",2026-09-02 15:07:00,"T3","30C",2,"plate_2_30","F8","Sample",53,"360hpf",NA,51,4209,""
"837",20260401,"Resaz_Assay_plate2_T3_260401_1507",2026-09-02 15:07:00,"T3","30C",2,"plate_2_30","F9","Sample",54,"360hpf",NA,7,733,""
"838",20260401,"Resaz_Assay_plate2_T3_260401_1507",2026-09-02 15:07:00,"T3","30C",2,"plate_2_30","F10","Sample",55,"360hpf",NA,20,1628,""
"839",20260401,"Resaz_Assay_plate2_T3_260401_1507",2026-09-02 15:07:00,"T3","30C",2,"plate_2_30","F11","Sample",56,"360hpf",NA,16,1411,""
"840",20260401,"Resaz_Assay_plate2_T3_260401_1507",2026-09-02 15:07:00,"T3","30C",2,"plate_2_30","F12","Sample",57,"360hpf",NA,45,1457,""
"841",20260401,"Resaz_Assay_plate2_T3_260401_1507",2026-09-02 15:07:00,"T3","30C",2,"plate_2_30","G1","Sample",1,"360hpf",NA,11,1061,""
"842",20260401,"Resaz_Assay_plate2_T3_260401_1507",2026-09-02 15:07:00,"T3","30C",2,"plate_2_30","G2","Sample",3,"360hpf",NA,13,1054,""
"843",20260401,"Resaz_Assay_plate2_T3_260401_1507",2026-09-02 15:07:00,"T3","30C",2,"plate_2_30","G3","Sample",4,"360hpf",NA,66,3704,""
"844",20260401,"Resaz_Assay_plate2_T3_260401_1507",2026-09-02 15:07:00,"T3","30C",2,"plate_2_30","G4","Sample",5,"360hpf",NA,16,1272,""
"845",20260401,"Resaz_Assay_plate2_T3_260401_1507",2026-09-02 15:07:00,"T3","30C",2,"plate_2_30","G5","Sample",6,"360hpf",NA,12,994,""
"846",20260401,"Resaz_Assay_plate2_T3_260401_1507",2026-09-02 15:07:00,"T3","30C",2,"plate_2_30","G6","Sample",8,"360hpf",NA,60,3468,""
"847",20260401,"Resaz_Assay_plate2_T3_260401_1507",2026-09-02 15:07:00,"T3","30C",2,"plate_2_30","G7","Sample",52,"360hpf",NA,11,1203,""
"848",20260401,"Resaz_Assay_plate2_T3_260401_1507",2026-09-02 15:07:00,"T3","30C",2,"plate_2_30","G8","Sample",53,"360hpf",NA,30,2707,""
"849",20260401,"Resaz_Assay_plate2_T3_260401_1507",2026-09-02 15:07:00,"T3","30C",2,"plate_2_30","G9","Sample",54,"360hpf",NA,12,981,""
"850",20260401,"Resaz_Assay_plate2_T3_260401_1507",2026-09-02 15:07:00,"T3","30C",2,"plate_2_30","G10","Sample",55,"360hpf",NA,3,662,""
"851",20260401,"Resaz_Assay_plate2_T3_260401_1507",2026-09-02 15:07:00,"T3","30C",2,"plate_2_30","G11","Sample",56,"360hpf",NA,6,680,""
"852",20260401,"Resaz_Assay_plate2_T3_260401_1507",2026-09-02 15:07:00,"T3","30C",2,"plate_2_30","G12","Sample",57,"360hpf",NA,8,674,""
"853",20260401,"Resaz_Assay_plate2_T3_260401_1507",2026-09-02 15:07:00,"T3","30C",2,"plate_2_30","H1","Blank",1,"360hpf",NA,NA,395,""
"854",20260401,"Resaz_Assay_plate2_T3_260401_1507",2026-09-02 15:07:00,"T3","30C",2,"plate_2_30","H2","Blank",3,"360hpf",NA,NA,467,""
"855",20260401,"Resaz_Assay_plate2_T3_260401_1507",2026-09-02 15:07:00,"T3","30C",2,"plate_2_30","H3","Blank",4,"360hpf",NA,NA,412,""
"856",20260401,"Resaz_Assay_plate2_T3_260401_1507",2026-09-02 15:07:00,"T3","30C",2,"plate_2_30","H4","Blank",5,"360hpf",NA,NA,387,""
"857",20260401,"Resaz_Assay_plate2_T3_260401_1507",2026-09-02 15:07:00,"T3","30C",2,"plate_2_30","H5","Blank",6,"360hpf",NA,NA,394,""
"858",20260401,"Resaz_Assay_plate2_T3_260401_1507",2026-09-02 15:07:00,"T3","30C",2,"plate_2_30","H6","Blank",8,"360hpf",NA,NA,389,""
"859",20260401,"Resaz_Assay_plate2_T3_260401_1507",2026-09-02 15:07:00,"T3","30C",2,"plate_2_30","H7","Blank",52,"360hpf",NA,NA,401,""
"860",20260401,"Resaz_Assay_plate2_T3_260401_1507",2026-09-02 15:07:00,"T3","30C",2,"plate_2_30","H8","Blank",53,"360hpf",NA,NA,385,""
"861",20260401,"Resaz_Assay_plate2_T3_260401_1507",2026-09-02 15:07:00,"T3","30C",2,"plate_2_30","H9","Blank",54,"360hpf",NA,NA,387,""
"862",20260401,"Resaz_Assay_plate2_T3_260401_1507",2026-09-02 15:07:00,"T3","30C",2,"plate_2_30","H10","Blank",55,"360hpf",NA,NA,627,""
"863",20260401,"Resaz_Assay_plate2_T3_260401_1507",2026-09-02 15:07:00,"T3","30C",2,"plate_2_30","H11","Blank",56,"360hpf",NA,NA,454,""
"864",20260401,"Resaz_Assay_plate2_T3_260401_1507",2026-09-02 15:07:00,"T3","30C",2,"plate_2_30","H12","Blank",57,"360hpf",NA,NA,454,""
"865",20260401,"Resaz_Assay_plate2_T4_260401_1610",2026-09-02 16:10:00,"T4","30C",2,"plate_2_30","A1","Sample",1,"360hpf",NA,79,7449,""
"866",20260401,"Resaz_Assay_plate2_T4_260401_1610",2026-09-02 16:10:00,"T4","30C",2,"plate_2_30","A2","Sample",3,"360hpf",NA,12,1167,""
"867",20260401,"Resaz_Assay_plate2_T4_260401_1610",2026-09-02 16:10:00,"T4","30C",2,"plate_2_30","A3","Sample",4,"360hpf",NA,4,631,""
"868",20260401,"Resaz_Assay_plate2_T4_260401_1610",2026-09-02 16:10:00,"T4","30C",2,"plate_2_30","A4","Sample",5,"360hpf",NA,4,858,""
"869",20260401,"Resaz_Assay_plate2_T4_260401_1610",2026-09-02 16:10:00,"T4","30C",2,"plate_2_30","A5","Sample",6,"360hpf",NA,8,1005,""
"870",20260401,"Resaz_Assay_plate2_T4_260401_1610",2026-09-02 16:10:00,"T4","30C",2,"plate_2_30","A6","Sample",8,"360hpf",NA,5,782,""
"871",20260401,"Resaz_Assay_plate2_T4_260401_1610",2026-09-02 16:10:00,"T4","30C",2,"plate_2_30","A7","Sample",52,"360hpf",NA,18,2021,""
"872",20260401,"Resaz_Assay_plate2_T4_260401_1610",2026-09-02 16:10:00,"T4","30C",2,"plate_2_30","A8","Sample",53,"360hpf",NA,6,698,""
"873",20260401,"Resaz_Assay_plate2_T4_260401_1610",2026-09-02 16:10:00,"T4","30C",2,"plate_2_30","A9","Sample",54,"360hpf",NA,11,1118,""
"874",20260401,"Resaz_Assay_plate2_T4_260401_1610",2026-09-02 16:10:00,"T4","30C",2,"plate_2_30","A10","Sample",55,"360hpf",NA,13,1411,""
"875",20260401,"Resaz_Assay_plate2_T4_260401_1610",2026-09-02 16:10:00,"T4","30C",2,"plate_2_30","A11","Sample",56,"360hpf",NA,26,2280,""
"876",20260401,"Resaz_Assay_plate2_T4_260401_1610",2026-09-02 16:10:00,"T4","30C",2,"plate_2_30","A12","Sample",57,"360hpf",NA,5,599,""
"877",20260401,"Resaz_Assay_plate2_T4_260401_1610",2026-09-02 16:10:00,"T4","30C",2,"plate_2_30","B1","Sample",1,"360hpf",NA,16,1673,""
"878",20260401,"Resaz_Assay_plate2_T4_260401_1610",2026-09-02 16:10:00,"T4","30C",2,"plate_2_30","B2","Sample",3,"360hpf",NA,12,885,""
"879",20260401,"Resaz_Assay_plate2_T4_260401_1610",2026-09-02 16:10:00,"T4","30C",2,"plate_2_30","B3","Sample",4,"360hpf",NA,6,873,""
"880",20260401,"Resaz_Assay_plate2_T4_260401_1610",2026-09-02 16:10:00,"T4","30C",2,"plate_2_30","B4","Sample",5,"360hpf",NA,4,758,""
"881",20260401,"Resaz_Assay_plate2_T4_260401_1610",2026-09-02 16:10:00,"T4","30C",2,"plate_2_30","B5","Sample",6,"360hpf",NA,11,1109,""
"882",20260401,"Resaz_Assay_plate2_T4_260401_1610",2026-09-02 16:10:00,"T4","30C",2,"plate_2_30","B6","Sample",8,"360hpf",NA,22,1429,""
"883",20260401,"Resaz_Assay_plate2_T4_260401_1610",2026-09-02 16:10:00,"T4","30C",2,"plate_2_30","B7","Sample",52,"360hpf",NA,7,1036,""
"884",20260401,"Resaz_Assay_plate2_T4_260401_1610",2026-09-02 16:10:00,"T4","30C",2,"plate_2_30","B8","Sample",53,"360hpf",NA,2,480,""
"885",20260401,"Resaz_Assay_plate2_T4_260401_1610",2026-09-02 16:10:00,"T4","30C",2,"plate_2_30","B9","Sample",54,"360hpf",NA,12,1164,""
"886",20260401,"Resaz_Assay_plate2_T4_260401_1610",2026-09-02 16:10:00,"T4","30C",2,"plate_2_30","B10","Sample",55,"360hpf",NA,38,3448,""
"887",20260401,"Resaz_Assay_plate2_T4_260401_1610",2026-09-02 16:10:00,"T4","30C",2,"plate_2_30","B11","Sample",56,"360hpf",NA,11,1260,""
"888",20260401,"Resaz_Assay_plate2_T4_260401_1610",2026-09-02 16:10:00,"T4","30C",2,"plate_2_30","B12","Sample",57,"360hpf",NA,4,656,""
"889",20260401,"Resaz_Assay_plate2_T4_260401_1610",2026-09-02 16:10:00,"T4","30C",2,"plate_2_30","C1","Sample",1,"360hpf",NA,29,3203,""
"890",20260401,"Resaz_Assay_plate2_T4_260401_1610",2026-09-02 16:10:00,"T4","30C",2,"plate_2_30","C2","Sample",3,"360hpf",NA,10,1013,""
"891",20260401,"Resaz_Assay_plate2_T4_260401_1610",2026-09-02 16:10:00,"T4","30C",2,"plate_2_30","C3","Sample",4,"360hpf",NA,2,627,""
"892",20260401,"Resaz_Assay_plate2_T4_260401_1610",2026-09-02 16:10:00,"T4","30C",2,"plate_2_30","C4","Sample",5,"360hpf",NA,0,500,""
"893",20260401,"Resaz_Assay_plate2_T4_260401_1610",2026-09-02 16:10:00,"T4","30C",2,"plate_2_30","C5","Sample",6,"360hpf",NA,11,1180,""
"894",20260401,"Resaz_Assay_plate2_T4_260401_1610",2026-09-02 16:10:00,"T4","30C",2,"plate_2_30","C6","Sample",8,"360hpf",NA,30,2241,""
"895",20260401,"Resaz_Assay_plate2_T4_260401_1610",2026-09-02 16:10:00,"T4","30C",2,"plate_2_30","C7","Sample",52,"360hpf",NA,16,1475,""
"896",20260401,"Resaz_Assay_plate2_T4_260401_1610",2026-09-02 16:10:00,"T4","30C",2,"plate_2_30","C8","Sample",53,"360hpf",NA,28,2582,""
"897",20260401,"Resaz_Assay_plate2_T4_260401_1610",2026-09-02 16:10:00,"T4","30C",2,"plate_2_30","C9","Sample",54,"360hpf",NA,10,1130,""
"898",20260401,"Resaz_Assay_plate2_T4_260401_1610",2026-09-02 16:10:00,"T4","30C",2,"plate_2_30","C10","Sample",55,"360hpf",NA,13,1294,""
"899",20260401,"Resaz_Assay_plate2_T4_260401_1610",2026-09-02 16:10:00,"T4","30C",2,"plate_2_30","C11","Sample",56,"360hpf",NA,14,1661,""
"900",20260401,"Resaz_Assay_plate2_T4_260401_1610",2026-09-02 16:10:00,"T4","30C",2,"plate_2_30","C12","Sample",57,"360hpf",NA,9,586,""
"901",20260401,"Resaz_Assay_plate2_T4_260401_1610",2026-09-02 16:10:00,"T4","30C",2,"plate_2_30","D1","Sample",1,"360hpf",NA,51,5329,""
"902",20260401,"Resaz_Assay_plate2_T4_260401_1610",2026-09-02 16:10:00,"T4","30C",2,"plate_2_30","D2","Sample",3,"360hpf",NA,12,671,""
"903",20260401,"Resaz_Assay_plate2_T4_260401_1610",2026-09-02 16:10:00,"T4","30C",2,"plate_2_30","D3","Sample",4,"360hpf",NA,5,848,""
"904",20260401,"Resaz_Assay_plate2_T4_260401_1610",2026-09-02 16:10:00,"T4","30C",2,"plate_2_30","D4","Sample",5,"360hpf",NA,28,2044,""
"905",20260401,"Resaz_Assay_plate2_T4_260401_1610",2026-09-02 16:10:00,"T4","30C",2,"plate_2_30","D5","Sample",6,"360hpf",NA,13,1168,""
"906",20260401,"Resaz_Assay_plate2_T4_260401_1610",2026-09-02 16:10:00,"T4","30C",2,"plate_2_30","D6","Sample",8,"360hpf",NA,17,1275,""
"907",20260401,"Resaz_Assay_plate2_T4_260401_1610",2026-09-02 16:10:00,"T4","30C",2,"plate_2_30","D7","Sample",52,"360hpf",NA,16,1591,""
"908",20260401,"Resaz_Assay_plate2_T4_260401_1610",2026-09-02 16:10:00,"T4","30C",2,"plate_2_30","D8","Sample",53,"360hpf",NA,6,855,""
"909",20260401,"Resaz_Assay_plate2_T4_260401_1610",2026-09-02 16:10:00,"T4","30C",2,"plate_2_30","D9","Sample",54,"360hpf",NA,11,1304,""
"910",20260401,"Resaz_Assay_plate2_T4_260401_1610",2026-09-02 16:10:00,"T4","30C",2,"plate_2_30","D10","Sample",55,"360hpf",NA,25,2099,""
"911",20260401,"Resaz_Assay_plate2_T4_260401_1610",2026-09-02 16:10:00,"T4","30C",2,"plate_2_30","D11","Sample",56,"360hpf",NA,26,2455,""
"912",20260401,"Resaz_Assay_plate2_T4_260401_1610",2026-09-02 16:10:00,"T4","30C",2,"plate_2_30","D12","Sample",57,"360hpf",NA,30,1798,""
"913",20260401,"Resaz_Assay_plate2_T4_260401_1610",2026-09-02 16:10:00,"T4","30C",2,"plate_2_30","E1","Sample",1,"360hpf",NA,14,1685,""
"914",20260401,"Resaz_Assay_plate2_T4_260401_1610",2026-09-02 16:10:00,"T4","30C",2,"plate_2_30","E2","Sample",3,"360hpf",NA,9,1036,""
"915",20260401,"Resaz_Assay_plate2_T4_260401_1610",2026-09-02 16:10:00,"T4","30C",2,"plate_2_30","E3","Sample",4,"360hpf",NA,13,1861,""
"916",20260401,"Resaz_Assay_plate2_T4_260401_1610",2026-09-02 16:10:00,"T4","30C",2,"plate_2_30","E4","Sample",5,"360hpf",NA,3,686,""
"917",20260401,"Resaz_Assay_plate2_T4_260401_1610",2026-09-02 16:10:00,"T4","30C",2,"plate_2_30","E5","Sample",6,"360hpf",NA,5,909,""
"918",20260401,"Resaz_Assay_plate2_T4_260401_1610",2026-09-02 16:10:00,"T4","30C",2,"plate_2_30","E6","Sample",8,"360hpf",NA,12,878,""
"919",20260401,"Resaz_Assay_plate2_T4_260401_1610",2026-09-02 16:10:00,"T4","30C",2,"plate_2_30","E7","Sample",52,"360hpf",NA,16,1726,""
"920",20260401,"Resaz_Assay_plate2_T4_260401_1610",2026-09-02 16:10:00,"T4","30C",2,"plate_2_30","E8","Sample",53,"360hpf",NA,31,3295,""
"921",20260401,"Resaz_Assay_plate2_T4_260401_1610",2026-09-02 16:10:00,"T4","30C",2,"plate_2_30","E9","Sample",54,"360hpf",NA,14,1488,""
"922",20260401,"Resaz_Assay_plate2_T4_260401_1610",2026-09-02 16:10:00,"T4","30C",2,"plate_2_30","E10","Sample",55,"360hpf",NA,7,914,""
"923",20260401,"Resaz_Assay_plate2_T4_260401_1610",2026-09-02 16:10:00,"T4","30C",2,"plate_2_30","E11","Sample",56,"360hpf",NA,15,1615,""
"924",20260401,"Resaz_Assay_plate2_T4_260401_1610",2026-09-02 16:10:00,"T4","30C",2,"plate_2_30","E12","Sample",57,"360hpf",NA,61,1535,""
"925",20260401,"Resaz_Assay_plate2_T4_260401_1610",2026-09-02 16:10:00,"T4","30C",2,"plate_2_30","F1","Sample",1,"360hpf",NA,34,3527,""
"926",20260401,"Resaz_Assay_plate2_T4_260401_1610",2026-09-02 16:10:00,"T4","30C",2,"plate_2_30","F2","Sample",3,"360hpf",NA,14,927,""
"927",20260401,"Resaz_Assay_plate2_T4_260401_1610",2026-09-02 16:10:00,"T4","30C",2,"plate_2_30","F3","Sample",4,"360hpf",NA,14,1393,""
"928",20260401,"Resaz_Assay_plate2_T4_260401_1610",2026-09-02 16:10:00,"T4","30C",2,"plate_2_30","F4","Sample",5,"360hpf",NA,24,2447,""
"929",20260401,"Resaz_Assay_plate2_T4_260401_1610",2026-09-02 16:10:00,"T4","30C",2,"plate_2_30","F5","Sample",6,"360hpf",NA,6,804,""
"930",20260401,"Resaz_Assay_plate2_T4_260401_1610",2026-09-02 16:10:00,"T4","30C",2,"plate_2_30","F6","Sample",8,"360hpf",NA,60,3437,""
"931",20260401,"Resaz_Assay_plate2_T4_260401_1610",2026-09-02 16:10:00,"T4","30C",2,"plate_2_30","F7","Sample",52,"360hpf",NA,11,1287,""
"932",20260401,"Resaz_Assay_plate2_T4_260401_1610",2026-09-02 16:10:00,"T4","30C",2,"plate_2_30","F8","Sample",53,"360hpf",NA,51,4623,""
"933",20260401,"Resaz_Assay_plate2_T4_260401_1610",2026-09-02 16:10:00,"T4","30C",2,"plate_2_30","F9","Sample",54,"360hpf",NA,7,816,""
"934",20260401,"Resaz_Assay_plate2_T4_260401_1610",2026-09-02 16:10:00,"T4","30C",2,"plate_2_30","F10","Sample",55,"360hpf",NA,20,1942,""
"935",20260401,"Resaz_Assay_plate2_T4_260401_1610",2026-09-02 16:10:00,"T4","30C",2,"plate_2_30","F11","Sample",56,"360hpf",NA,16,1666,""
"936",20260401,"Resaz_Assay_plate2_T4_260401_1610",2026-09-02 16:10:00,"T4","30C",2,"plate_2_30","F12","Sample",57,"360hpf",NA,45,2045,""
"937",20260401,"Resaz_Assay_plate2_T4_260401_1610",2026-09-02 16:10:00,"T4","30C",2,"plate_2_30","G1","Sample",1,"360hpf",NA,11,1240,""
"938",20260401,"Resaz_Assay_plate2_T4_260401_1610",2026-09-02 16:10:00,"T4","30C",2,"plate_2_30","G2","Sample",3,"360hpf",NA,13,1247,""
"939",20260401,"Resaz_Assay_plate2_T4_260401_1610",2026-09-02 16:10:00,"T4","30C",2,"plate_2_30","G3","Sample",4,"360hpf",NA,66,4344,""
"940",20260401,"Resaz_Assay_plate2_T4_260401_1610",2026-09-02 16:10:00,"T4","30C",2,"plate_2_30","G4","Sample",5,"360hpf",NA,16,1477,""
"941",20260401,"Resaz_Assay_plate2_T4_260401_1610",2026-09-02 16:10:00,"T4","30C",2,"plate_2_30","G5","Sample",6,"360hpf",NA,12,1149,""
"942",20260401,"Resaz_Assay_plate2_T4_260401_1610",2026-09-02 16:10:00,"T4","30C",2,"plate_2_30","G6","Sample",8,"360hpf",NA,60,4254,""
"943",20260401,"Resaz_Assay_plate2_T4_260401_1610",2026-09-02 16:10:00,"T4","30C",2,"plate_2_30","G7","Sample",52,"360hpf",NA,11,1459,""
"944",20260401,"Resaz_Assay_plate2_T4_260401_1610",2026-09-02 16:10:00,"T4","30C",2,"plate_2_30","G8","Sample",53,"360hpf",NA,30,3306,""
"945",20260401,"Resaz_Assay_plate2_T4_260401_1610",2026-09-02 16:10:00,"T4","30C",2,"plate_2_30","G9","Sample",54,"360hpf",NA,12,1264,""
"946",20260401,"Resaz_Assay_plate2_T4_260401_1610",2026-09-02 16:10:00,"T4","30C",2,"plate_2_30","G10","Sample",55,"360hpf",NA,3,720,""
"947",20260401,"Resaz_Assay_plate2_T4_260401_1610",2026-09-02 16:10:00,"T4","30C",2,"plate_2_30","G11","Sample",56,"360hpf",NA,6,866,""
"948",20260401,"Resaz_Assay_plate2_T4_260401_1610",2026-09-02 16:10:00,"T4","30C",2,"plate_2_30","G12","Sample",57,"360hpf",NA,8,770,""
"949",20260401,"Resaz_Assay_plate2_T4_260401_1610",2026-09-02 16:10:00,"T4","30C",2,"plate_2_30","H1","Blank",1,"360hpf",NA,NA,414,""
"950",20260401,"Resaz_Assay_plate2_T4_260401_1610",2026-09-02 16:10:00,"T4","30C",2,"plate_2_30","H2","Blank",3,"360hpf",NA,NA,484,""
"951",20260401,"Resaz_Assay_plate2_T4_260401_1610",2026-09-02 16:10:00,"T4","30C",2,"plate_2_30","H3","Blank",4,"360hpf",NA,NA,424,""
"952",20260401,"Resaz_Assay_plate2_T4_260401_1610",2026-09-02 16:10:00,"T4","30C",2,"plate_2_30","H4","Blank",5,"360hpf",NA,NA,400,""
"953",20260401,"Resaz_Assay_plate2_T4_260401_1610",2026-09-02 16:10:00,"T4","30C",2,"plate_2_30","H5","Blank",6,"360hpf",NA,NA,408,""
"954",20260401,"Resaz_Assay_plate2_T4_260401_1610",2026-09-02 16:10:00,"T4","30C",2,"plate_2_30","H6","Blank",8,"360hpf",NA,NA,401,""
"955",20260401,"Resaz_Assay_plate2_T4_260401_1610",2026-09-02 16:10:00,"T4","30C",2,"plate_2_30","H7","Blank",52,"360hpf",NA,NA,416,""
"956",20260401,"Resaz_Assay_plate2_T4_260401_1610",2026-09-02 16:10:00,"T4","30C",2,"plate_2_30","H8","Blank",53,"360hpf",NA,NA,399,""
"957",20260401,"Resaz_Assay_plate2_T4_260401_1610",2026-09-02 16:10:00,"T4","30C",2,"plate_2_30","H9","Blank",54,"360hpf",NA,NA,400,""
"958",20260401,"Resaz_Assay_plate2_T4_260401_1610",2026-09-02 16:10:00,"T4","30C",2,"plate_2_30","H10","Blank",55,"360hpf",NA,NA,656,""
"959",20260401,"Resaz_Assay_plate2_T4_260401_1610",2026-09-02 16:10:00,"T4","30C",2,"plate_2_30","H11","Blank",56,"360hpf",NA,NA,469,""
"960",20260401,"Resaz_Assay_plate2_T4_260401_1610",2026-09-02 16:10:00,"T4","30C",2,"plate_2_30","H12","Blank",57,"360hpf",NA,NA,479,""
"961",20260401,"Resaz_Assay_plate3_T0_260401_1146",2026-09-02 11:46:00,"T0","34C",3,"plate_3_34","A1","Sample",1,"360hpf",NA,11,379,""
"962",20260401,"Resaz_Assay_plate3_T0_260401_1146",2026-09-02 11:46:00,"T0","34C",3,"plate_3_34","A2","Sample",3,"360hpf",NA,22,412,""
"963",20260401,"Resaz_Assay_plate3_T0_260401_1146",2026-09-02 11:46:00,"T0","34C",3,"plate_3_34","A3","Sample",4,"360hpf",NA,3,350,""
"964",20260401,"Resaz_Assay_plate3_T0_260401_1146",2026-09-02 11:46:00,"T0","34C",3,"plate_3_34","A4","Sample",5,"360hpf",NA,11,384,""
"965",20260401,"Resaz_Assay_plate3_T0_260401_1146",2026-09-02 11:46:00,"T0","34C",3,"plate_3_34","A5","Sample",6,"360hpf",NA,14,417,""
"966",20260401,"Resaz_Assay_plate3_T0_260401_1146",2026-09-02 11:46:00,"T0","34C",3,"plate_3_34","A6","Sample",8,"360hpf",NA,15,395,""
"967",20260401,"Resaz_Assay_plate3_T0_260401_1146",2026-09-02 11:46:00,"T0","34C",3,"plate_3_34","A7","Sample",52,"360hpf",NA,24,365,""
"968",20260401,"Resaz_Assay_plate3_T0_260401_1146",2026-09-02 11:46:00,"T0","34C",3,"plate_3_34","A8","Sample",53,"360hpf",NA,5,366,""
"969",20260401,"Resaz_Assay_plate3_T0_260401_1146",2026-09-02 11:46:00,"T0","34C",3,"plate_3_34","A9","Sample",54,"360hpf",NA,9,379,""
"970",20260401,"Resaz_Assay_plate3_T0_260401_1146",2026-09-02 11:46:00,"T0","34C",3,"plate_3_34","A10","Sample",55,"360hpf",NA,1,350,""
"971",20260401,"Resaz_Assay_plate3_T0_260401_1146",2026-09-02 11:46:00,"T0","34C",3,"plate_3_34","A11","Sample",56,"360hpf",NA,16,380,""
"972",20260401,"Resaz_Assay_plate3_T0_260401_1146",2026-09-02 11:46:00,"T0","34C",3,"plate_3_34","A12","Sample",57,"360hpf",NA,12,365,""
"973",20260401,"Resaz_Assay_plate3_T0_260401_1146",2026-09-02 11:46:00,"T0","34C",3,"plate_3_34","B1","Sample",1,"360hpf",NA,4,382,""
"974",20260401,"Resaz_Assay_plate3_T0_260401_1146",2026-09-02 11:46:00,"T0","34C",3,"plate_3_34","B2","Sample",3,"360hpf",NA,16,402,""
"975",20260401,"Resaz_Assay_plate3_T0_260401_1146",2026-09-02 11:46:00,"T0","34C",3,"plate_3_34","B3","Sample",4,"360hpf",NA,3,357,""
"976",20260401,"Resaz_Assay_plate3_T0_260401_1146",2026-09-02 11:46:00,"T0","34C",3,"plate_3_34","B4","Sample",5,"360hpf",NA,2,361,""
"977",20260401,"Resaz_Assay_plate3_T0_260401_1146",2026-09-02 11:46:00,"T0","34C",3,"plate_3_34","B5","Sample",6,"360hpf",NA,4,410,""
"978",20260401,"Resaz_Assay_plate3_T0_260401_1146",2026-09-02 11:46:00,"T0","34C",3,"plate_3_34","B6","Sample",8,"360hpf",NA,7,362,""
"979",20260401,"Resaz_Assay_plate3_T0_260401_1146",2026-09-02 11:46:00,"T0","34C",3,"plate_3_34","B7","Sample",52,"360hpf",NA,20,349,""
"980",20260401,"Resaz_Assay_plate3_T0_260401_1146",2026-09-02 11:46:00,"T0","34C",3,"plate_3_34","B8","Sample",53,"360hpf",NA,14,352,""
"981",20260401,"Resaz_Assay_plate3_T0_260401_1146",2026-09-02 11:46:00,"T0","34C",3,"plate_3_34","B9","Sample",54,"360hpf",NA,14,380,""
"982",20260401,"Resaz_Assay_plate3_T0_260401_1146",2026-09-02 11:46:00,"T0","34C",3,"plate_3_34","B10","Sample",55,"360hpf",NA,10,364,""
"983",20260401,"Resaz_Assay_plate3_T0_260401_1146",2026-09-02 11:46:00,"T0","34C",3,"plate_3_34","B11","Sample",56,"360hpf",NA,9,356,""
"984",20260401,"Resaz_Assay_plate3_T0_260401_1146",2026-09-02 11:46:00,"T0","34C",3,"plate_3_34","B12","Sample",57,"360hpf",NA,11,374,""
"985",20260401,"Resaz_Assay_plate3_T0_260401_1146",2026-09-02 11:46:00,"T0","34C",3,"plate_3_34","C1","Sample",1,"360hpf",NA,22,408,""
"986",20260401,"Resaz_Assay_plate3_T0_260401_1146",2026-09-02 11:46:00,"T0","34C",3,"plate_3_34","C2","Sample",3,"360hpf",NA,15,370,""
"987",20260401,"Resaz_Assay_plate3_T0_260401_1146",2026-09-02 11:46:00,"T0","34C",3,"plate_3_34","C3","Sample",4,"360hpf",NA,9,375,""
"988",20260401,"Resaz_Assay_plate3_T0_260401_1146",2026-09-02 11:46:00,"T0","34C",3,"plate_3_34","C4","Sample",5,"360hpf",NA,6,361,""
"989",20260401,"Resaz_Assay_plate3_T0_260401_1146",2026-09-02 11:46:00,"T0","34C",3,"plate_3_34","C5","Sample",6,"360hpf",NA,7,405,""
"990",20260401,"Resaz_Assay_plate3_T0_260401_1146",2026-09-02 11:46:00,"T0","34C",3,"plate_3_34","C6","Sample",8,"360hpf",NA,17,367,""
"991",20260401,"Resaz_Assay_plate3_T0_260401_1146",2026-09-02 11:46:00,"T0","34C",3,"plate_3_34","C7","Sample",52,"360hpf",NA,30,368,""
"992",20260401,"Resaz_Assay_plate3_T0_260401_1146",2026-09-02 11:46:00,"T0","34C",3,"plate_3_34","C8","Sample",53,"360hpf",NA,7,353,""
"993",20260401,"Resaz_Assay_plate3_T0_260401_1146",2026-09-02 11:46:00,"T0","34C",3,"plate_3_34","C9","Sample",54,"360hpf",NA,12,366,""
"994",20260401,"Resaz_Assay_plate3_T0_260401_1146",2026-09-02 11:46:00,"T0","34C",3,"plate_3_34","C10","Sample",55,"360hpf",NA,8,368,""
"995",20260401,"Resaz_Assay_plate3_T0_260401_1146",2026-09-02 11:46:00,"T0","34C",3,"plate_3_34","C11","Sample",56,"360hpf",NA,9,350,""
"996",20260401,"Resaz_Assay_plate3_T0_260401_1146",2026-09-02 11:46:00,"T0","34C",3,"plate_3_34","C12","Sample",57,"360hpf",NA,20,384,""
"997",20260401,"Resaz_Assay_plate3_T0_260401_1146",2026-09-02 11:46:00,"T0","34C",3,"plate_3_34","D1","Sample",1,"360hpf",NA,21,432,""
"998",20260401,"Resaz_Assay_plate3_T0_260401_1146",2026-09-02 11:46:00,"T0","34C",3,"plate_3_34","D2","Sample",3,"360hpf",NA,9,372,""
"999",20260401,"Resaz_Assay_plate3_T0_260401_1146",2026-09-02 11:46:00,"T0","34C",3,"plate_3_34","D3","Sample",4,"360hpf",NA,23,395,""
"1000",20260401,"Resaz_Assay_plate3_T0_260401_1146",2026-09-02 11:46:00,"T0","34C",3,"plate_3_34","D4","Sample",5,"360hpf",NA,22,372,""
"1001",20260401,"Resaz_Assay_plate3_T0_260401_1146",2026-09-02 11:46:00,"T0","34C",3,"plate_3_34","D5","Sample",6,"360hpf",NA,14,394,""
"1002",20260401,"Resaz_Assay_plate3_T0_260401_1146",2026-09-02 11:46:00,"T0","34C",3,"plate_3_34","D6","Sample",8,"360hpf",NA,15,382,""
"1003",20260401,"Resaz_Assay_plate3_T0_260401_1146",2026-09-02 11:46:00,"T0","34C",3,"plate_3_34","D7","Sample",52,"360hpf",NA,17,334,""
"1004",20260401,"Resaz_Assay_plate3_T0_260401_1146",2026-09-02 11:46:00,"T0","34C",3,"plate_3_34","D8","Sample",53,"360hpf",NA,14,349,""
"1005",20260401,"Resaz_Assay_plate3_T0_260401_1146",2026-09-02 11:46:00,"T0","34C",3,"plate_3_34","D9","Sample",54,"360hpf",NA,8,367,""
"1006",20260401,"Resaz_Assay_plate3_T0_260401_1146",2026-09-02 11:46:00,"T0","34C",3,"plate_3_34","D10","Sample",55,"360hpf",NA,4,353,""
"1007",20260401,"Resaz_Assay_plate3_T0_260401_1146",2026-09-02 11:46:00,"T0","34C",3,"plate_3_34","D11","Sample",56,"360hpf",NA,11,362,""
"1008",20260401,"Resaz_Assay_plate3_T0_260401_1146",2026-09-02 11:46:00,"T0","34C",3,"plate_3_34","D12","Sample",57,"360hpf",NA,17,362,""
"1009",20260401,"Resaz_Assay_plate3_T0_260401_1146",2026-09-02 11:46:00,"T0","34C",3,"plate_3_34","E1","Sample",1,"360hpf",NA,16,412,""
"1010",20260401,"Resaz_Assay_plate3_T0_260401_1146",2026-09-02 11:46:00,"T0","34C",3,"plate_3_34","E2","Sample",3,"360hpf",NA,18,374,""
"1011",20260401,"Resaz_Assay_plate3_T0_260401_1146",2026-09-02 11:46:00,"T0","34C",3,"plate_3_34","E3","Sample",4,"360hpf",NA,11,368,""
"1012",20260401,"Resaz_Assay_plate3_T0_260401_1146",2026-09-02 11:46:00,"T0","34C",3,"plate_3_34","E4","Sample",5,"360hpf",NA,23,372,""
"1013",20260401,"Resaz_Assay_plate3_T0_260401_1146",2026-09-02 11:46:00,"T0","34C",3,"plate_3_34","E5","Sample",6,"360hpf",NA,15,427,""
"1014",20260401,"Resaz_Assay_plate3_T0_260401_1146",2026-09-02 11:46:00,"T0","34C",3,"plate_3_34","E6","Sample",8,"360hpf",NA,54,427,""
"1015",20260401,"Resaz_Assay_plate3_T0_260401_1146",2026-09-02 11:46:00,"T0","34C",3,"plate_3_34","E7","Sample",52,"360hpf",NA,48,398,""
"1016",20260401,"Resaz_Assay_plate3_T0_260401_1146",2026-09-02 11:46:00,"T0","34C",3,"plate_3_34","E8","Sample",53,"360hpf",NA,5,337,""
"1017",20260401,"Resaz_Assay_plate3_T0_260401_1146",2026-09-02 11:46:00,"T0","34C",3,"plate_3_34","E9","Sample",54,"360hpf",NA,27,384,""
"1018",20260401,"Resaz_Assay_plate3_T0_260401_1146",2026-09-02 11:46:00,"T0","34C",3,"plate_3_34","E10","Sample",55,"360hpf",NA,13,418,""
"1019",20260401,"Resaz_Assay_plate3_T0_260401_1146",2026-09-02 11:46:00,"T0","34C",3,"plate_3_34","E11","Sample",56,"360hpf",NA,14,350,""
"1020",20260401,"Resaz_Assay_plate3_T0_260401_1146",2026-09-02 11:46:00,"T0","34C",3,"plate_3_34","E12","Sample",57,"360hpf",NA,7,373,""
"1021",20260401,"Resaz_Assay_plate3_T0_260401_1146",2026-09-02 11:46:00,"T0","34C",3,"plate_3_34","F1","Sample",1,"360hpf",NA,33,444,""
"1022",20260401,"Resaz_Assay_plate3_T0_260401_1146",2026-09-02 11:46:00,"T0","34C",3,"plate_3_34","F2","Sample",3,"360hpf",NA,5,365,""
"1023",20260401,"Resaz_Assay_plate3_T0_260401_1146",2026-09-02 11:46:00,"T0","34C",3,"plate_3_34","F3","Sample",4,"360hpf",NA,0,348,""
"1024",20260401,"Resaz_Assay_plate3_T0_260401_1146",2026-09-02 11:46:00,"T0","34C",3,"plate_3_34","F4","Sample",5,"360hpf",NA,20,370,""
"1025",20260401,"Resaz_Assay_plate3_T0_260401_1146",2026-09-02 11:46:00,"T0","34C",3,"plate_3_34","F5","Sample",6,"360hpf",NA,12,435,""
"1026",20260401,"Resaz_Assay_plate3_T0_260401_1146",2026-09-02 11:46:00,"T0","34C",3,"plate_3_34","F6","Sample",8,"360hpf",NA,65,429,""
"1027",20260401,"Resaz_Assay_plate3_T0_260401_1146",2026-09-02 11:46:00,"T0","34C",3,"plate_3_34","F7","Sample",52,"360hpf",NA,26,377,""
"1028",20260401,"Resaz_Assay_plate3_T0_260401_1146",2026-09-02 11:46:00,"T0","34C",3,"plate_3_34","F8","Sample",53,"360hpf",NA,4,349,""
"1029",20260401,"Resaz_Assay_plate3_T0_260401_1146",2026-09-02 11:46:00,"T0","34C",3,"plate_3_34","F9","Sample",54,"360hpf",NA,25,369,""
"1030",20260401,"Resaz_Assay_plate3_T0_260401_1146",2026-09-02 11:46:00,"T0","34C",3,"plate_3_34","F10","Sample",55,"360hpf",NA,23,404,""
"1031",20260401,"Resaz_Assay_plate3_T0_260401_1146",2026-09-02 11:46:00,"T0","34C",3,"plate_3_34","F11","Sample",56,"360hpf",NA,8,357,""
"1032",20260401,"Resaz_Assay_plate3_T0_260401_1146",2026-09-02 11:46:00,"T0","34C",3,"plate_3_34","F12","Sample",57,"360hpf",NA,6,374,""
"1033",20260401,"Resaz_Assay_plate3_T0_260401_1146",2026-09-02 11:46:00,"T0","34C",3,"plate_3_34","G1","Sample",1,"360hpf",NA,7,371,""
"1034",20260401,"Resaz_Assay_plate3_T0_260401_1146",2026-09-02 11:46:00,"T0","34C",3,"plate_3_34","G2","Sample",3,"360hpf",NA,10,382,""
"1035",20260401,"Resaz_Assay_plate3_T0_260401_1146",2026-09-02 11:46:00,"T0","34C",3,"plate_3_34","G3","Sample",4,"360hpf",NA,11,366,""
"1036",20260401,"Resaz_Assay_plate3_T0_260401_1146",2026-09-02 11:46:00,"T0","34C",3,"plate_3_34","G4","Sample",5,"360hpf",NA,8,355,""
"1037",20260401,"Resaz_Assay_plate3_T0_260401_1146",2026-09-02 11:46:00,"T0","34C",3,"plate_3_34","G5","Sample",6,"360hpf",NA,15,484,""
"1038",20260401,"Resaz_Assay_plate3_T0_260401_1146",2026-09-02 11:46:00,"T0","34C",3,"plate_3_34","G6","Sample",8,"360hpf",NA,7,384,""
"1039",20260401,"Resaz_Assay_plate3_T0_260401_1146",2026-09-02 11:46:00,"T0","34C",3,"plate_3_34","G7","Sample",52,"360hpf",NA,17,393,""
"1040",20260401,"Resaz_Assay_plate3_T0_260401_1146",2026-09-02 11:46:00,"T0","34C",3,"plate_3_34","G8","Sample",53,"360hpf",NA,5,372,""
"1041",20260401,"Resaz_Assay_plate3_T0_260401_1146",2026-09-02 11:46:00,"T0","34C",3,"plate_3_34","G9","Sample",54,"360hpf",NA,9,370,""
"1042",20260401,"Resaz_Assay_plate3_T0_260401_1146",2026-09-02 11:46:00,"T0","34C",3,"plate_3_34","G10","Sample",55,"360hpf",NA,3,364,""
"1043",20260401,"Resaz_Assay_plate3_T0_260401_1146",2026-09-02 11:46:00,"T0","34C",3,"plate_3_34","G11","Sample",56,"360hpf",NA,6,343,""
"1044",20260401,"Resaz_Assay_plate3_T0_260401_1146",2026-09-02 11:46:00,"T0","34C",3,"plate_3_34","G12","Sample",57,"360hpf",NA,8,376,""
"1045",20260401,"Resaz_Assay_plate3_T0_260401_1146",2026-09-02 11:46:00,"T0","34C",3,"plate_3_34","H1","Blank",NA,"360hpf",NA,NA,377,""
"1046",20260401,"Resaz_Assay_plate3_T0_260401_1146",2026-09-02 11:46:00,"T0","34C",3,"plate_3_34","H2","Blank",NA,"360hpf",NA,NA,360,""
"1047",20260401,"Resaz_Assay_plate3_T0_260401_1146",2026-09-02 11:46:00,"T0","34C",3,"plate_3_34","H3","Blank",NA,"360hpf",NA,NA,380,""
"1048",20260401,"Resaz_Assay_plate3_T0_260401_1146",2026-09-02 11:46:00,"T0","34C",3,"plate_3_34","H4","Blank",NA,"360hpf",NA,NA,348,""
"1049",20260401,"Resaz_Assay_plate3_T0_260401_1146",2026-09-02 11:46:00,"T0","34C",3,"plate_3_34","H5","Blank",NA,"360hpf",NA,NA,374,""
"1050",20260401,"Resaz_Assay_plate3_T0_260401_1146",2026-09-02 11:46:00,"T0","34C",3,"plate_3_34","H6","Blank",NA,"360hpf",NA,NA,355,""
"1051",20260401,"Resaz_Assay_plate3_T0_260401_1146",2026-09-02 11:46:00,"T0","34C",3,"plate_3_34","H7","Blank",NA,"360hpf",NA,NA,343,""
"1052",20260401,"Resaz_Assay_plate3_T0_260401_1146",2026-09-02 11:46:00,"T0","34C",3,"plate_3_34","H8","Blank",NA,"360hpf",NA,NA,355,""
"1053",20260401,"Resaz_Assay_plate3_T0_260401_1146",2026-09-02 11:46:00,"T0","34C",3,"plate_3_34","H9","Blank",NA,"360hpf",NA,NA,387,""
"1054",20260401,"Resaz_Assay_plate3_T0_260401_1146",2026-09-02 11:46:00,"T0","34C",3,"plate_3_34","H10","Blank",NA,"360hpf",NA,NA,353,""
"1055",20260401,"Resaz_Assay_plate3_T0_260401_1146",2026-09-02 11:46:00,"T0","34C",3,"plate_3_34","H11","Blank",NA,"360hpf",NA,NA,384,""
"1056",20260401,"Resaz_Assay_plate3_T0_260401_1146",2026-09-02 11:46:00,"T0","34C",3,"plate_3_34","H12","Blank",NA,"360hpf",NA,NA,385,""
"1057",20260401,"Resaz_Assay_plate3_T1_260401_1249",2026-09-02 12:49:00,"T1","34C",3,"plate_3_34","A1","Sample",1,"360hpf",NA,11,793,""
"1058",20260401,"Resaz_Assay_plate3_T1_260401_1249",2026-09-02 12:49:00,"T1","34C",3,"plate_3_34","A2","Sample",3,"360hpf",NA,22,836,""
"1059",20260401,"Resaz_Assay_plate3_T1_260401_1249",2026-09-02 12:49:00,"T1","34C",3,"plate_3_34","A3","Sample",4,"360hpf",NA,3,468,""
"1060",20260401,"Resaz_Assay_plate3_T1_260401_1249",2026-09-02 12:49:00,"T1","34C",3,"plate_3_34","A4","Sample",5,"360hpf",NA,11,730,""
"1061",20260401,"Resaz_Assay_plate3_T1_260401_1249",2026-09-02 12:49:00,"T1","34C",3,"plate_3_34","A5","Sample",6,"360hpf",NA,14,736,""
"1062",20260401,"Resaz_Assay_plate3_T1_260401_1249",2026-09-02 12:49:00,"T1","34C",3,"plate_3_34","A6","Sample",8,"360hpf",NA,15,606,""
"1063",20260401,"Resaz_Assay_plate3_T1_260401_1249",2026-09-02 12:49:00,"T1","34C",3,"plate_3_34","A7","Sample",52,"360hpf",NA,24,1092,""
"1064",20260401,"Resaz_Assay_plate3_T1_260401_1249",2026-09-02 12:49:00,"T1","34C",3,"plate_3_34","A8","Sample",53,"360hpf",NA,5,406,""
"1065",20260401,"Resaz_Assay_plate3_T1_260401_1249",2026-09-02 12:49:00,"T1","34C",3,"plate_3_34","A9","Sample",54,"360hpf",NA,9,566,""
"1066",20260401,"Resaz_Assay_plate3_T1_260401_1249",2026-09-02 12:49:00,"T1","34C",3,"plate_3_34","A10","Sample",55,"360hpf",NA,1,406,""
"1067",20260401,"Resaz_Assay_plate3_T1_260401_1249",2026-09-02 12:49:00,"T1","34C",3,"plate_3_34","A11","Sample",56,"360hpf",NA,16,862,""
"1068",20260401,"Resaz_Assay_plate3_T1_260401_1249",2026-09-02 12:49:00,"T1","34C",3,"plate_3_34","A12","Sample",57,"360hpf",NA,12,473,""
"1069",20260401,"Resaz_Assay_plate3_T1_260401_1249",2026-09-02 12:49:00,"T1","34C",3,"plate_3_34","B1","Sample",1,"360hpf",NA,4,527,""
"1070",20260401,"Resaz_Assay_plate3_T1_260401_1249",2026-09-02 12:49:00,"T1","34C",3,"plate_3_34","B2","Sample",3,"360hpf",NA,16,791,""
"1071",20260401,"Resaz_Assay_plate3_T1_260401_1249",2026-09-02 12:49:00,"T1","34C",3,"plate_3_34","B3","Sample",4,"360hpf",NA,3,434,""
"1072",20260401,"Resaz_Assay_plate3_T1_260401_1249",2026-09-02 12:49:00,"T1","34C",3,"plate_3_34","B4","Sample",5,"360hpf",NA,2,410,""
"1073",20260401,"Resaz_Assay_plate3_T1_260401_1249",2026-09-02 12:49:00,"T1","34C",3,"plate_3_34","B5","Sample",6,"360hpf",NA,4,515,""
"1074",20260401,"Resaz_Assay_plate3_T1_260401_1249",2026-09-02 12:49:00,"T1","34C",3,"plate_3_34","B6","Sample",8,"360hpf",NA,7,458,""
"1075",20260401,"Resaz_Assay_plate3_T1_260401_1249",2026-09-02 12:49:00,"T1","34C",3,"plate_3_34","B7","Sample",52,"360hpf",NA,20,811,""
"1076",20260401,"Resaz_Assay_plate3_T1_260401_1249",2026-09-02 12:49:00,"T1","34C",3,"plate_3_34","B8","Sample",53,"360hpf",NA,14,630,""
"1077",20260401,"Resaz_Assay_plate3_T1_260401_1249",2026-09-02 12:49:00,"T1","34C",3,"plate_3_34","B9","Sample",54,"360hpf",NA,14,650,""
"1078",20260401,"Resaz_Assay_plate3_T1_260401_1249",2026-09-02 12:49:00,"T1","34C",3,"plate_3_34","B10","Sample",55,"360hpf",NA,10,654,""
"1079",20260401,"Resaz_Assay_plate3_T1_260401_1249",2026-09-02 12:49:00,"T1","34C",3,"plate_3_34","B11","Sample",56,"360hpf",NA,9,571,""
"1080",20260401,"Resaz_Assay_plate3_T1_260401_1249",2026-09-02 12:49:00,"T1","34C",3,"plate_3_34","B12","Sample",57,"360hpf",NA,11,438,""
"1081",20260401,"Resaz_Assay_plate3_T1_260401_1249",2026-09-02 12:49:00,"T1","34C",3,"plate_3_34","C1","Sample",1,"360hpf",NA,22,919,""
"1082",20260401,"Resaz_Assay_plate3_T1_260401_1249",2026-09-02 12:49:00,"T1","34C",3,"plate_3_34","C2","Sample",3,"360hpf",NA,15,628,""
"1083",20260401,"Resaz_Assay_plate3_T1_260401_1249",2026-09-02 12:49:00,"T1","34C",3,"plate_3_34","C3","Sample",4,"360hpf",NA,9,618,""
"1084",20260401,"Resaz_Assay_plate3_T1_260401_1249",2026-09-02 12:49:00,"T1","34C",3,"plate_3_34","C4","Sample",5,"360hpf",NA,6,520,""
"1085",20260401,"Resaz_Assay_plate3_T1_260401_1249",2026-09-02 12:49:00,"T1","34C",3,"plate_3_34","C5","Sample",6,"360hpf",NA,7,532,""
"1086",20260401,"Resaz_Assay_plate3_T1_260401_1249",2026-09-02 12:49:00,"T1","34C",3,"plate_3_34","C6","Sample",8,"360hpf",NA,17,557,""
"1087",20260401,"Resaz_Assay_plate3_T1_260401_1249",2026-09-02 12:49:00,"T1","34C",3,"plate_3_34","C7","Sample",52,"360hpf",NA,30,1088,""
"1088",20260401,"Resaz_Assay_plate3_T1_260401_1249",2026-09-02 12:49:00,"T1","34C",3,"plate_3_34","C8","Sample",53,"360hpf",NA,7,473,""
"1089",20260401,"Resaz_Assay_plate3_T1_260401_1249",2026-09-02 12:49:00,"T1","34C",3,"plate_3_34","C9","Sample",54,"360hpf",NA,12,633,""
"1090",20260401,"Resaz_Assay_plate3_T1_260401_1249",2026-09-02 12:49:00,"T1","34C",3,"plate_3_34","C10","Sample",55,"360hpf",NA,8,755,""
"1091",20260401,"Resaz_Assay_plate3_T1_260401_1249",2026-09-02 12:49:00,"T1","34C",3,"plate_3_34","C11","Sample",56,"360hpf",NA,9,441,""
"1092",20260401,"Resaz_Assay_plate3_T1_260401_1249",2026-09-02 12:49:00,"T1","34C",3,"plate_3_34","C12","Sample",57,"360hpf",NA,20,508,""
"1093",20260401,"Resaz_Assay_plate3_T1_260401_1249",2026-09-02 12:49:00,"T1","34C",3,"plate_3_34","D1","Sample",1,"360hpf",NA,21,957,""
"1094",20260401,"Resaz_Assay_plate3_T1_260401_1249",2026-09-02 12:49:00,"T1","34C",3,"plate_3_34","D2","Sample",3,"360hpf",NA,9,511,""
"1095",20260401,"Resaz_Assay_plate3_T1_260401_1249",2026-09-02 12:49:00,"T1","34C",3,"plate_3_34","D3","Sample",4,"360hpf",NA,23,846,""
"1096",20260401,"Resaz_Assay_plate3_T1_260401_1249",2026-09-02 12:49:00,"T1","34C",3,"plate_3_34","D4","Sample",5,"360hpf",NA,22,874,""
"1097",20260401,"Resaz_Assay_plate3_T1_260401_1249",2026-09-02 12:49:00,"T1","34C",3,"plate_3_34","D5","Sample",6,"360hpf",NA,14,576,""
"1098",20260401,"Resaz_Assay_plate3_T1_260401_1249",2026-09-02 12:49:00,"T1","34C",3,"plate_3_34","D6","Sample",8,"360hpf",NA,15,530,""
"1099",20260401,"Resaz_Assay_plate3_T1_260401_1249",2026-09-02 12:49:00,"T1","34C",3,"plate_3_34","D7","Sample",52,"360hpf",NA,17,651,""
"1100",20260401,"Resaz_Assay_plate3_T1_260401_1249",2026-09-02 12:49:00,"T1","34C",3,"plate_3_34","D8","Sample",53,"360hpf",NA,14,602,""
"1101",20260401,"Resaz_Assay_plate3_T1_260401_1249",2026-09-02 12:49:00,"T1","34C",3,"plate_3_34","D9","Sample",54,"360hpf",NA,8,530,""
"1102",20260401,"Resaz_Assay_plate3_T1_260401_1249",2026-09-02 12:49:00,"T1","34C",3,"plate_3_34","D10","Sample",55,"360hpf",NA,4,427,""
"1103",20260401,"Resaz_Assay_plate3_T1_260401_1249",2026-09-02 12:49:00,"T1","34C",3,"plate_3_34","D11","Sample",56,"360hpf",NA,11,580,""
"1104",20260401,"Resaz_Assay_plate3_T1_260401_1249",2026-09-02 12:49:00,"T1","34C",3,"plate_3_34","D12","Sample",57,"360hpf",NA,17,565,""
"1105",20260401,"Resaz_Assay_plate3_T1_260401_1249",2026-09-02 12:49:00,"T1","34C",3,"plate_3_34","E1","Sample",1,"360hpf",NA,16,894,""
"1106",20260401,"Resaz_Assay_plate3_T1_260401_1249",2026-09-02 12:49:00,"T1","34C",3,"plate_3_34","E2","Sample",3,"360hpf",NA,18,610,""
"1107",20260401,"Resaz_Assay_plate3_T1_260401_1249",2026-09-02 12:49:00,"T1","34C",3,"plate_3_34","E3","Sample",4,"360hpf",NA,11,571,""
"1108",20260401,"Resaz_Assay_plate3_T1_260401_1249",2026-09-02 12:49:00,"T1","34C",3,"plate_3_34","E4","Sample",5,"360hpf",NA,23,866,""
"1109",20260401,"Resaz_Assay_plate3_T1_260401_1249",2026-09-02 12:49:00,"T1","34C",3,"plate_3_34","E5","Sample",6,"360hpf",NA,15,836,""
"1110",20260401,"Resaz_Assay_plate3_T1_260401_1249",2026-09-02 12:49:00,"T1","34C",3,"plate_3_34","E6","Sample",8,"360hpf",NA,54,1307,""
"1111",20260401,"Resaz_Assay_plate3_T1_260401_1249",2026-09-02 12:49:00,"T1","34C",3,"plate_3_34","E7","Sample",52,"360hpf",NA,48,1694,""
"1112",20260401,"Resaz_Assay_plate3_T1_260401_1249",2026-09-02 12:49:00,"T1","34C",3,"plate_3_34","E8","Sample",53,"360hpf",NA,5,451,""
"1113",20260401,"Resaz_Assay_plate3_T1_260401_1249",2026-09-02 12:49:00,"T1","34C",3,"plate_3_34","E9","Sample",54,"360hpf",NA,27,879,""
"1114",20260401,"Resaz_Assay_plate3_T1_260401_1249",2026-09-02 12:49:00,"T1","34C",3,"plate_3_34","E10","Sample",55,"360hpf",NA,13,1143,""
"1115",20260401,"Resaz_Assay_plate3_T1_260401_1249",2026-09-02 12:49:00,"T1","34C",3,"plate_3_34","E11","Sample",56,"360hpf",NA,14,596,""
"1116",20260401,"Resaz_Assay_plate3_T1_260401_1249",2026-09-02 12:49:00,"T1","34C",3,"plate_3_34","E12","Sample",57,"360hpf",NA,7,455,""
"1117",20260401,"Resaz_Assay_plate3_T1_260401_1249",2026-09-02 12:49:00,"T1","34C",3,"plate_3_34","F1","Sample",1,"360hpf",NA,33,1329,""
"1118",20260401,"Resaz_Assay_plate3_T1_260401_1249",2026-09-02 12:49:00,"T1","34C",3,"plate_3_34","F2","Sample",3,"360hpf",NA,5,527,""
"1119",20260401,"Resaz_Assay_plate3_T1_260401_1249",2026-09-02 12:49:00,"T1","34C",3,"plate_3_34","F3","Sample",4,"360hpf",NA,0,374,""
"1120",20260401,"Resaz_Assay_plate3_T1_260401_1249",2026-09-02 12:49:00,"T1","34C",3,"plate_3_34","F4","Sample",5,"360hpf",NA,20,784,""
"1121",20260401,"Resaz_Assay_plate3_T1_260401_1249",2026-09-02 12:49:00,"T1","34C",3,"plate_3_34","F5","Sample",6,"360hpf",NA,12,690,""
"1122",20260401,"Resaz_Assay_plate3_T1_260401_1249",2026-09-02 12:49:00,"T1","34C",3,"plate_3_34","F6","Sample",8,"360hpf",NA,65,1276,""
"1123",20260401,"Resaz_Assay_plate3_T1_260401_1249",2026-09-02 12:49:00,"T1","34C",3,"plate_3_34","F7","Sample",52,"360hpf",NA,26,1122,""
"1124",20260401,"Resaz_Assay_plate3_T1_260401_1249",2026-09-02 12:49:00,"T1","34C",3,"plate_3_34","F8","Sample",53,"360hpf",NA,4,454,""
"1125",20260401,"Resaz_Assay_plate3_T1_260401_1249",2026-09-02 12:49:00,"T1","34C",3,"plate_3_34","F9","Sample",54,"360hpf",NA,25,768,""
"1126",20260401,"Resaz_Assay_plate3_T1_260401_1249",2026-09-02 12:49:00,"T1","34C",3,"plate_3_34","F10","Sample",55,"360hpf",NA,23,971,""
"1127",20260401,"Resaz_Assay_plate3_T1_260401_1249",2026-09-02 12:49:00,"T1","34C",3,"plate_3_34","F11","Sample",56,"360hpf",NA,8,488,""
"1128",20260401,"Resaz_Assay_plate3_T1_260401_1249",2026-09-02 12:49:00,"T1","34C",3,"plate_3_34","F12","Sample",57,"360hpf",NA,6,456,""
"1129",20260401,"Resaz_Assay_plate3_T1_260401_1249",2026-09-02 12:49:00,"T1","34C",3,"plate_3_34","G1","Sample",1,"360hpf",NA,7,533,""
"1130",20260401,"Resaz_Assay_plate3_T1_260401_1249",2026-09-02 12:49:00,"T1","34C",3,"plate_3_34","G2","Sample",3,"360hpf",NA,10,600,""
"1131",20260401,"Resaz_Assay_plate3_T1_260401_1249",2026-09-02 12:49:00,"T1","34C",3,"plate_3_34","G3","Sample",4,"360hpf",NA,11,656,""
"1132",20260401,"Resaz_Assay_plate3_T1_260401_1249",2026-09-02 12:49:00,"T1","34C",3,"plate_3_34","G4","Sample",5,"360hpf",NA,8,581,""
"1133",20260401,"Resaz_Assay_plate3_T1_260401_1249",2026-09-02 12:49:00,"T1","34C",3,"plate_3_34","G5","Sample",6,"360hpf",NA,15,861,""
"1134",20260401,"Resaz_Assay_plate3_T1_260401_1249",2026-09-02 12:49:00,"T1","34C",3,"plate_3_34","G6","Sample",8,"360hpf",NA,7,479,""
"1135",20260401,"Resaz_Assay_plate3_T1_260401_1249",2026-09-02 12:49:00,"T1","34C",3,"plate_3_34","G7","Sample",52,"360hpf",NA,17,1030,""
"1136",20260401,"Resaz_Assay_plate3_T1_260401_1249",2026-09-02 12:49:00,"T1","34C",3,"plate_3_34","G8","Sample",53,"360hpf",NA,5,517,""
"1137",20260401,"Resaz_Assay_plate3_T1_260401_1249",2026-09-02 12:49:00,"T1","34C",3,"plate_3_34","G9","Sample",54,"360hpf",NA,9,484,""
"1138",20260401,"Resaz_Assay_plate3_T1_260401_1249",2026-09-02 12:49:00,"T1","34C",3,"plate_3_34","G10","Sample",55,"360hpf",NA,3,443,""
"1139",20260401,"Resaz_Assay_plate3_T1_260401_1249",2026-09-02 12:49:00,"T1","34C",3,"plate_3_34","G11","Sample",56,"360hpf",NA,6,416,""
"1140",20260401,"Resaz_Assay_plate3_T1_260401_1249",2026-09-02 12:49:00,"T1","34C",3,"plate_3_34","G12","Sample",57,"360hpf",NA,8,470,""
"1141",20260401,"Resaz_Assay_plate3_T1_260401_1249",2026-09-02 12:49:00,"T1","34C",3,"plate_3_34","H1","Blank",NA,"360hpf",NA,NA,405,""
"1142",20260401,"Resaz_Assay_plate3_T1_260401_1249",2026-09-02 12:49:00,"T1","34C",3,"plate_3_34","H2","Blank",NA,"360hpf",NA,NA,396,""
"1143",20260401,"Resaz_Assay_plate3_T1_260401_1249",2026-09-02 12:49:00,"T1","34C",3,"plate_3_34","H3","Blank",NA,"360hpf",NA,NA,429,""
"1144",20260401,"Resaz_Assay_plate3_T1_260401_1249",2026-09-02 12:49:00,"T1","34C",3,"plate_3_34","H4","Blank",NA,"360hpf",NA,NA,398,""
"1145",20260401,"Resaz_Assay_plate3_T1_260401_1249",2026-09-02 12:49:00,"T1","34C",3,"plate_3_34","H5","Blank",NA,"360hpf",NA,NA,437,""
"1146",20260401,"Resaz_Assay_plate3_T1_260401_1249",2026-09-02 12:49:00,"T1","34C",3,"plate_3_34","H6","Blank",NA,"360hpf",NA,NA,414,""
"1147",20260401,"Resaz_Assay_plate3_T1_260401_1249",2026-09-02 12:49:00,"T1","34C",3,"plate_3_34","H7","Blank",NA,"360hpf",NA,NA,394,""
"1148",20260401,"Resaz_Assay_plate3_T1_260401_1249",2026-09-02 12:49:00,"T1","34C",3,"plate_3_34","H8","Blank",NA,"360hpf",NA,NA,400,""
"1149",20260401,"Resaz_Assay_plate3_T1_260401_1249",2026-09-02 12:49:00,"T1","34C",3,"plate_3_34","H9","Blank",NA,"360hpf",NA,NA,425,""
"1150",20260401,"Resaz_Assay_plate3_T1_260401_1249",2026-09-02 12:49:00,"T1","34C",3,"plate_3_34","H10","Blank",NA,"360hpf",NA,NA,376,""
"1151",20260401,"Resaz_Assay_plate3_T1_260401_1249",2026-09-02 12:49:00,"T1","34C",3,"plate_3_34","H11","Blank",NA,"360hpf",NA,NA,402,""
"1152",20260401,"Resaz_Assay_plate3_T1_260401_1249",2026-09-02 12:49:00,"T1","34C",3,"plate_3_34","H12","Blank",NA,"360hpf",NA,NA,402,""
"1153",20260401,"Resaz_Assay_plate3_T2_260401_1353",2026-09-02 13:53:00,"T2","34C",3,"plate_3_34","A1","Sample",1,"360hpf",NA,11,1154,""
"1154",20260401,"Resaz_Assay_plate3_T2_260401_1353",2026-09-02 13:53:00,"T2","34C",3,"plate_3_34","A2","Sample",3,"360hpf",NA,22,1294,""
"1155",20260401,"Resaz_Assay_plate3_T2_260401_1353",2026-09-02 13:53:00,"T2","34C",3,"plate_3_34","A3","Sample",4,"360hpf",NA,3,541,""
"1156",20260401,"Resaz_Assay_plate3_T2_260401_1353",2026-09-02 13:53:00,"T2","34C",3,"plate_3_34","A4","Sample",5,"360hpf",NA,11,981,""
"1157",20260401,"Resaz_Assay_plate3_T2_260401_1353",2026-09-02 13:53:00,"T2","34C",3,"plate_3_34","A5","Sample",6,"360hpf",NA,14,1189,""
"1158",20260401,"Resaz_Assay_plate3_T2_260401_1353",2026-09-02 13:53:00,"T2","34C",3,"plate_3_34","A6","Sample",8,"360hpf",NA,15,812,""
"1159",20260401,"Resaz_Assay_plate3_T2_260401_1353",2026-09-02 13:53:00,"T2","34C",3,"plate_3_34","A7","Sample",52,"360hpf",NA,24,1835,""
"1160",20260401,"Resaz_Assay_plate3_T2_260401_1353",2026-09-02 13:53:00,"T2","34C",3,"plate_3_34","A8","Sample",53,"360hpf",NA,5,502,""
"1161",20260401,"Resaz_Assay_plate3_T2_260401_1353",2026-09-02 13:53:00,"T2","34C",3,"plate_3_34","A9","Sample",54,"360hpf",NA,9,789,""
"1162",20260401,"Resaz_Assay_plate3_T2_260401_1353",2026-09-02 13:53:00,"T2","34C",3,"plate_3_34","A10","Sample",55,"360hpf",NA,1,458,""
"1163",20260401,"Resaz_Assay_plate3_T2_260401_1353",2026-09-02 13:53:00,"T2","34C",3,"plate_3_34","A11","Sample",56,"360hpf",NA,16,1358,""
"1164",20260401,"Resaz_Assay_plate3_T2_260401_1353",2026-09-02 13:53:00,"T2","34C",3,"plate_3_34","A12","Sample",57,"360hpf",NA,12,642,""
"1165",20260401,"Resaz_Assay_plate3_T2_260401_1353",2026-09-02 13:53:00,"T2","34C",3,"plate_3_34","B1","Sample",1,"360hpf",NA,4,656,""
"1166",20260401,"Resaz_Assay_plate3_T2_260401_1353",2026-09-02 13:53:00,"T2","34C",3,"plate_3_34","B2","Sample",3,"360hpf",NA,16,1230,""
"1167",20260401,"Resaz_Assay_plate3_T2_260401_1353",2026-09-02 13:53:00,"T2","34C",3,"plate_3_34","B3","Sample",4,"360hpf",NA,3,490,""
"1168",20260401,"Resaz_Assay_plate3_T2_260401_1353",2026-09-02 13:53:00,"T2","34C",3,"plate_3_34","B4","Sample",5,"360hpf",NA,2,488,""
"1169",20260401,"Resaz_Assay_plate3_T2_260401_1353",2026-09-02 13:53:00,"T2","34C",3,"plate_3_34","B5","Sample",6,"360hpf",NA,4,671,""
"1170",20260401,"Resaz_Assay_plate3_T2_260401_1353",2026-09-02 13:53:00,"T2","34C",3,"plate_3_34","B6","Sample",8,"360hpf",NA,7,541,""
"1171",20260401,"Resaz_Assay_plate3_T2_260401_1353",2026-09-02 13:53:00,"T2","34C",3,"plate_3_34","B7","Sample",52,"360hpf",NA,20,1320,""
"1172",20260401,"Resaz_Assay_plate3_T2_260401_1353",2026-09-02 13:53:00,"T2","34C",3,"plate_3_34","B8","Sample",53,"360hpf",NA,14,890,""
"1173",20260401,"Resaz_Assay_plate3_T2_260401_1353",2026-09-02 13:53:00,"T2","34C",3,"plate_3_34","B9","Sample",54,"360hpf",NA,14,976,""
"1174",20260401,"Resaz_Assay_plate3_T2_260401_1353",2026-09-02 13:53:00,"T2","34C",3,"plate_3_34","B10","Sample",55,"360hpf",NA,10,924,""
"1175",20260401,"Resaz_Assay_plate3_T2_260401_1353",2026-09-02 13:53:00,"T2","34C",3,"plate_3_34","B11","Sample",56,"360hpf",NA,9,844,""
"1176",20260401,"Resaz_Assay_plate3_T2_260401_1353",2026-09-02 13:53:00,"T2","34C",3,"plate_3_34","B12","Sample",57,"360hpf",NA,11,533,""
"1177",20260401,"Resaz_Assay_plate3_T2_260401_1353",2026-09-02 13:53:00,"T2","34C",3,"plate_3_34","C1","Sample",1,"360hpf",NA,22,1472,""
"1178",20260401,"Resaz_Assay_plate3_T2_260401_1353",2026-09-02 13:53:00,"T2","34C",3,"plate_3_34","C2","Sample",3,"360hpf",NA,15,934,""
"1179",20260401,"Resaz_Assay_plate3_T2_260401_1353",2026-09-02 13:53:00,"T2","34C",3,"plate_3_34","C3","Sample",4,"360hpf",NA,9,881,""
"1180",20260401,"Resaz_Assay_plate3_T2_260401_1353",2026-09-02 13:53:00,"T2","34C",3,"plate_3_34","C4","Sample",5,"360hpf",NA,6,576,""
"1181",20260401,"Resaz_Assay_plate3_T2_260401_1353",2026-09-02 13:53:00,"T2","34C",3,"plate_3_34","C5","Sample",6,"360hpf",NA,7,629,""
"1182",20260401,"Resaz_Assay_plate3_T2_260401_1353",2026-09-02 13:53:00,"T2","34C",3,"plate_3_34","C6","Sample",8,"360hpf",NA,17,766,""
"1183",20260401,"Resaz_Assay_plate3_T2_260401_1353",2026-09-02 13:53:00,"T2","34C",3,"plate_3_34","C7","Sample",52,"360hpf",NA,30,1819,""
"1184",20260401,"Resaz_Assay_plate3_T2_260401_1353",2026-09-02 13:53:00,"T2","34C",3,"plate_3_34","C8","Sample",53,"360hpf",NA,7,627,""
"1185",20260401,"Resaz_Assay_plate3_T2_260401_1353",2026-09-02 13:53:00,"T2","34C",3,"plate_3_34","C9","Sample",54,"360hpf",NA,12,916,""
"1186",20260401,"Resaz_Assay_plate3_T2_260401_1353",2026-09-02 13:53:00,"T2","34C",3,"plate_3_34","C10","Sample",55,"360hpf",NA,8,1133,""
"1187",20260401,"Resaz_Assay_plate3_T2_260401_1353",2026-09-02 13:53:00,"T2","34C",3,"plate_3_34","C11","Sample",56,"360hpf",NA,9,585,""
"1188",20260401,"Resaz_Assay_plate3_T2_260401_1353",2026-09-02 13:53:00,"T2","34C",3,"plate_3_34","C12","Sample",57,"360hpf",NA,20,887,""
"1189",20260401,"Resaz_Assay_plate3_T2_260401_1353",2026-09-02 13:53:00,"T2","34C",3,"plate_3_34","D1","Sample",1,"360hpf",NA,21,1532,""
"1190",20260401,"Resaz_Assay_plate3_T2_260401_1353",2026-09-02 13:53:00,"T2","34C",3,"plate_3_34","D2","Sample",3,"360hpf",NA,9,653,""
"1191",20260401,"Resaz_Assay_plate3_T2_260401_1353",2026-09-02 13:53:00,"T2","34C",3,"plate_3_34","D3","Sample",4,"360hpf",NA,23,1346,""
"1192",20260401,"Resaz_Assay_plate3_T2_260401_1353",2026-09-02 13:53:00,"T2","34C",3,"plate_3_34","D4","Sample",5,"360hpf",NA,22,1310,""
"1193",20260401,"Resaz_Assay_plate3_T2_260401_1353",2026-09-02 13:53:00,"T2","34C",3,"plate_3_34","D5","Sample",6,"360hpf",NA,14,966,""
"1194",20260401,"Resaz_Assay_plate3_T2_260401_1353",2026-09-02 13:53:00,"T2","34C",3,"plate_3_34","D6","Sample",8,"360hpf",NA,15,719,""
"1195",20260401,"Resaz_Assay_plate3_T2_260401_1353",2026-09-02 13:53:00,"T2","34C",3,"plate_3_34","D7","Sample",52,"360hpf",NA,17,977,""
"1196",20260401,"Resaz_Assay_plate3_T2_260401_1353",2026-09-02 13:53:00,"T2","34C",3,"plate_3_34","D8","Sample",53,"360hpf",NA,14,978,""
"1197",20260401,"Resaz_Assay_plate3_T2_260401_1353",2026-09-02 13:53:00,"T2","34C",3,"plate_3_34","D9","Sample",54,"360hpf",NA,8,707,""
"1198",20260401,"Resaz_Assay_plate3_T2_260401_1353",2026-09-02 13:53:00,"T2","34C",3,"plate_3_34","D10","Sample",55,"360hpf",NA,4,516,""
"1199",20260401,"Resaz_Assay_plate3_T2_260401_1353",2026-09-02 13:53:00,"T2","34C",3,"plate_3_34","D11","Sample",56,"360hpf",NA,11,832,""
"1200",20260401,"Resaz_Assay_plate3_T2_260401_1353",2026-09-02 13:53:00,"T2","34C",3,"plate_3_34","D12","Sample",57,"360hpf",NA,17,846,""
"1201",20260401,"Resaz_Assay_plate3_T2_260401_1353",2026-09-02 13:53:00,"T2","34C",3,"plate_3_34","E1","Sample",1,"360hpf",NA,16,1394,""
"1202",20260401,"Resaz_Assay_plate3_T2_260401_1353",2026-09-02 13:53:00,"T2","34C",3,"plate_3_34","E2","Sample",3,"360hpf",NA,18,978,""
"1203",20260401,"Resaz_Assay_plate3_T2_260401_1353",2026-09-02 13:53:00,"T2","34C",3,"plate_3_34","E3","Sample",4,"360hpf",NA,11,797,""
"1204",20260401,"Resaz_Assay_plate3_T2_260401_1353",2026-09-02 13:53:00,"T2","34C",3,"plate_3_34","E4","Sample",5,"360hpf",NA,23,1358,""
"1205",20260401,"Resaz_Assay_plate3_T2_260401_1353",2026-09-02 13:53:00,"T2","34C",3,"plate_3_34","E5","Sample",6,"360hpf",NA,15,1354,""
"1206",20260401,"Resaz_Assay_plate3_T2_260401_1353",2026-09-02 13:53:00,"T2","34C",3,"plate_3_34","E6","Sample",8,"360hpf",NA,54,2186,""
"1207",20260401,"Resaz_Assay_plate3_T2_260401_1353",2026-09-02 13:53:00,"T2","34C",3,"plate_3_34","E7","Sample",52,"360hpf",NA,48,2848,""
"1208",20260401,"Resaz_Assay_plate3_T2_260401_1353",2026-09-02 13:53:00,"T2","34C",3,"plate_3_34","E8","Sample",53,"360hpf",NA,5,617,""
"1209",20260401,"Resaz_Assay_plate3_T2_260401_1353",2026-09-02 13:53:00,"T2","34C",3,"plate_3_34","E9","Sample",54,"360hpf",NA,27,1431,""
"1210",20260401,"Resaz_Assay_plate3_T2_260401_1353",2026-09-02 13:53:00,"T2","34C",3,"plate_3_34","E10","Sample",55,"360hpf",NA,13,1855,""
"1211",20260401,"Resaz_Assay_plate3_T2_260401_1353",2026-09-02 13:53:00,"T2","34C",3,"plate_3_34","E11","Sample",56,"360hpf",NA,14,939,""
"1212",20260401,"Resaz_Assay_plate3_T2_260401_1353",2026-09-02 13:53:00,"T2","34C",3,"plate_3_34","E12","Sample",57,"360hpf",NA,7,563,""
"1213",20260401,"Resaz_Assay_plate3_T2_260401_1353",2026-09-02 13:53:00,"T2","34C",3,"plate_3_34","F1","Sample",1,"360hpf",NA,33,2211,""
"1214",20260401,"Resaz_Assay_plate3_T2_260401_1353",2026-09-02 13:53:00,"T2","34C",3,"plate_3_34","F2","Sample",3,"360hpf",NA,5,667,""
"1215",20260401,"Resaz_Assay_plate3_T2_260401_1353",2026-09-02 13:53:00,"T2","34C",3,"plate_3_34","F3","Sample",4,"360hpf",NA,0,408,""
"1216",20260401,"Resaz_Assay_plate3_T2_260401_1353",2026-09-02 13:53:00,"T2","34C",3,"plate_3_34","F4","Sample",5,"360hpf",NA,20,1172,""
"1217",20260401,"Resaz_Assay_plate3_T2_260401_1353",2026-09-02 13:53:00,"T2","34C",3,"plate_3_34","F5","Sample",6,"360hpf",NA,12,899,""
"1218",20260401,"Resaz_Assay_plate3_T2_260401_1353",2026-09-02 13:53:00,"T2","34C",3,"plate_3_34","F6","Sample",8,"360hpf",NA,65,2387,""
"1219",20260401,"Resaz_Assay_plate3_T2_260401_1353",2026-09-02 13:53:00,"T2","34C",3,"plate_3_34","F7","Sample",52,"360hpf",NA,26,1860,""
"1220",20260401,"Resaz_Assay_plate3_T2_260401_1353",2026-09-02 13:53:00,"T2","34C",3,"plate_3_34","F8","Sample",53,"360hpf",NA,4,574,""
"1221",20260401,"Resaz_Assay_plate3_T2_260401_1353",2026-09-02 13:53:00,"T2","34C",3,"plate_3_34","F9","Sample",54,"360hpf",NA,25,1299,""
"1222",20260401,"Resaz_Assay_plate3_T2_260401_1353",2026-09-02 13:53:00,"T2","34C",3,"plate_3_34","F10","Sample",55,"360hpf",NA,23,1457,""
"1223",20260401,"Resaz_Assay_plate3_T2_260401_1353",2026-09-02 13:53:00,"T2","34C",3,"plate_3_34","F11","Sample",56,"360hpf",NA,8,679,""
"1224",20260401,"Resaz_Assay_plate3_T2_260401_1353",2026-09-02 13:53:00,"T2","34C",3,"plate_3_34","F12","Sample",57,"360hpf",NA,6,587,""
"1225",20260401,"Resaz_Assay_plate3_T2_260401_1353",2026-09-02 13:53:00,"T2","34C",3,"plate_3_34","G1","Sample",1,"360hpf",NA,7,689,""
"1226",20260401,"Resaz_Assay_plate3_T2_260401_1353",2026-09-02 13:53:00,"T2","34C",3,"plate_3_34","G2","Sample",3,"360hpf",NA,10,824,""
"1227",20260401,"Resaz_Assay_plate3_T2_260401_1353",2026-09-02 13:53:00,"T2","34C",3,"plate_3_34","G3","Sample",4,"360hpf",NA,11,966,""
"1228",20260401,"Resaz_Assay_plate3_T2_260401_1353",2026-09-02 13:53:00,"T2","34C",3,"plate_3_34","G4","Sample",5,"360hpf",NA,8,801,""
"1229",20260401,"Resaz_Assay_plate3_T2_260401_1353",2026-09-02 13:53:00,"T2","34C",3,"plate_3_34","G5","Sample",6,"360hpf",NA,15,1325,""
"1230",20260401,"Resaz_Assay_plate3_T2_260401_1353",2026-09-02 13:53:00,"T2","34C",3,"plate_3_34","G6","Sample",8,"360hpf",NA,7,578,""
"1231",20260401,"Resaz_Assay_plate3_T2_260401_1353",2026-09-02 13:53:00,"T2","34C",3,"plate_3_34","G7","Sample",52,"360hpf",NA,17,1726,""
"1232",20260401,"Resaz_Assay_plate3_T2_260401_1353",2026-09-02 13:53:00,"T2","34C",3,"plate_3_34","G8","Sample",53,"360hpf",NA,5,674,""
"1233",20260401,"Resaz_Assay_plate3_T2_260401_1353",2026-09-02 13:53:00,"T2","34C",3,"plate_3_34","G9","Sample",54,"360hpf",NA,9,727,""
"1234",20260401,"Resaz_Assay_plate3_T2_260401_1353",2026-09-02 13:53:00,"T2","34C",3,"plate_3_34","G10","Sample",55,"360hpf",NA,3,519,""
"1235",20260401,"Resaz_Assay_plate3_T2_260401_1353",2026-09-02 13:53:00,"T2","34C",3,"plate_3_34","G11","Sample",56,"360hpf",NA,6,509,""
"1236",20260401,"Resaz_Assay_plate3_T2_260401_1353",2026-09-02 13:53:00,"T2","34C",3,"plate_3_34","G12","Sample",57,"360hpf",NA,8,634,""
"1237",20260401,"Resaz_Assay_plate3_T2_260401_1353",2026-09-02 13:53:00,"T2","34C",3,"plate_3_34","H1","Blank",NA,"360hpf",NA,NA,443,""
"1238",20260401,"Resaz_Assay_plate3_T2_260401_1353",2026-09-02 13:53:00,"T2","34C",3,"plate_3_34","H2","Blank",NA,"360hpf",NA,NA,442,""
"1239",20260401,"Resaz_Assay_plate3_T2_260401_1353",2026-09-02 13:53:00,"T2","34C",3,"plate_3_34","H3","Blank",NA,"360hpf",NA,NA,496,""
"1240",20260401,"Resaz_Assay_plate3_T2_260401_1353",2026-09-02 13:53:00,"T2","34C",3,"plate_3_34","H4","Blank",NA,"360hpf",NA,NA,466,""
"1241",20260401,"Resaz_Assay_plate3_T2_260401_1353",2026-09-02 13:53:00,"T2","34C",3,"plate_3_34","H5","Blank",NA,"360hpf",NA,NA,526,""
"1242",20260401,"Resaz_Assay_plate3_T2_260401_1353",2026-09-02 13:53:00,"T2","34C",3,"plate_3_34","H6","Blank",NA,"360hpf",NA,NA,506,""
"1243",20260401,"Resaz_Assay_plate3_T2_260401_1353",2026-09-02 13:53:00,"T2","34C",3,"plate_3_34","H7","Blank",NA,"360hpf",NA,NA,474,""
"1244",20260401,"Resaz_Assay_plate3_T2_260401_1353",2026-09-02 13:53:00,"T2","34C",3,"plate_3_34","H8","Blank",NA,"360hpf",NA,NA,467,""
"1245",20260401,"Resaz_Assay_plate3_T2_260401_1353",2026-09-02 13:53:00,"T2","34C",3,"plate_3_34","H9","Blank",NA,"360hpf",NA,NA,485,""
"1246",20260401,"Resaz_Assay_plate3_T2_260401_1353",2026-09-02 13:53:00,"T2","34C",3,"plate_3_34","H10","Blank",NA,"360hpf",NA,NA,410,""
"1247",20260401,"Resaz_Assay_plate3_T2_260401_1353",2026-09-02 13:53:00,"T2","34C",3,"plate_3_34","H11","Blank",NA,"360hpf",NA,NA,430,""
"1248",20260401,"Resaz_Assay_plate3_T2_260401_1353",2026-09-02 13:53:00,"T2","34C",3,"plate_3_34","H12","Blank",NA,"360hpf",NA,NA,425,""
"1249",20260401,"Resaz_Assay_plate3_T3_260401_1457",2026-09-02 14:57:00,"T3","34C",3,"plate_3_34","A1","Sample",1,"360hpf",NA,11,1481,""
"1250",20260401,"Resaz_Assay_plate3_T3_260401_1457",2026-09-02 14:57:00,"T3","34C",3,"plate_3_34","A2","Sample",3,"360hpf",NA,22,1695,""
"1251",20260401,"Resaz_Assay_plate3_T3_260401_1457",2026-09-02 14:57:00,"T3","34C",3,"plate_3_34","A3","Sample",4,"360hpf",NA,3,620,""
"1252",20260401,"Resaz_Assay_plate3_T3_260401_1457",2026-09-02 14:57:00,"T3","34C",3,"plate_3_34","A4","Sample",5,"360hpf",NA,11,1219,""
"1253",20260401,"Resaz_Assay_plate3_T3_260401_1457",2026-09-02 14:57:00,"T3","34C",3,"plate_3_34","A5","Sample",6,"360hpf",NA,14,1585,""
"1254",20260401,"Resaz_Assay_plate3_T3_260401_1457",2026-09-02 14:57:00,"T3","34C",3,"plate_3_34","A6","Sample",8,"360hpf",NA,15,1037,""
"1255",20260401,"Resaz_Assay_plate3_T3_260401_1457",2026-09-02 14:57:00,"T3","34C",3,"plate_3_34","A7","Sample",52,"360hpf",NA,24,2362,""
"1256",20260401,"Resaz_Assay_plate3_T3_260401_1457",2026-09-02 14:57:00,"T3","34C",3,"plate_3_34","A8","Sample",53,"360hpf",NA,5,640,""
"1257",20260401,"Resaz_Assay_plate3_T3_260401_1457",2026-09-02 14:57:00,"T3","34C",3,"plate_3_34","A9","Sample",54,"360hpf",NA,9,1011,""
"1258",20260401,"Resaz_Assay_plate3_T3_260401_1457",2026-09-02 14:57:00,"T3","34C",3,"plate_3_34","A10","Sample",55,"360hpf",NA,1,508,""
"1259",20260401,"Resaz_Assay_plate3_T3_260401_1457",2026-09-02 14:57:00,"T3","34C",3,"plate_3_34","A11","Sample",56,"360hpf",NA,16,1766,""
"1260",20260401,"Resaz_Assay_plate3_T3_260401_1457",2026-09-02 14:57:00,"T3","34C",3,"plate_3_34","A12","Sample",57,"360hpf",NA,12,903,""
"1261",20260401,"Resaz_Assay_plate3_T3_260401_1457",2026-09-02 14:57:00,"T3","34C",3,"plate_3_34","B1","Sample",1,"360hpf",NA,4,765,""
"1262",20260401,"Resaz_Assay_plate3_T3_260401_1457",2026-09-02 14:57:00,"T3","34C",3,"plate_3_34","B2","Sample",3,"360hpf",NA,16,1505,""
"1263",20260401,"Resaz_Assay_plate3_T3_260401_1457",2026-09-02 14:57:00,"T3","34C",3,"plate_3_34","B3","Sample",4,"360hpf",NA,3,568,""
"1264",20260401,"Resaz_Assay_plate3_T3_260401_1457",2026-09-02 14:57:00,"T3","34C",3,"plate_3_34","B4","Sample",5,"360hpf",NA,2,514,""
"1265",20260401,"Resaz_Assay_plate3_T3_260401_1457",2026-09-02 14:57:00,"T3","34C",3,"plate_3_34","B5","Sample",6,"360hpf",NA,4,724,""
"1266",20260401,"Resaz_Assay_plate3_T3_260401_1457",2026-09-02 14:57:00,"T3","34C",3,"plate_3_34","B6","Sample",8,"360hpf",NA,7,612,""
"1267",20260401,"Resaz_Assay_plate3_T3_260401_1457",2026-09-02 14:57:00,"T3","34C",3,"plate_3_34","B7","Sample",52,"360hpf",NA,20,1520,""
"1268",20260401,"Resaz_Assay_plate3_T3_260401_1457",2026-09-02 14:57:00,"T3","34C",3,"plate_3_34","B8","Sample",53,"360hpf",NA,14,1146,""
"1269",20260401,"Resaz_Assay_plate3_T3_260401_1457",2026-09-02 14:57:00,"T3","34C",3,"plate_3_34","B9","Sample",54,"360hpf",NA,14,1283,""
"1270",20260401,"Resaz_Assay_plate3_T3_260401_1457",2026-09-02 14:57:00,"T3","34C",3,"plate_3_34","B10","Sample",55,"360hpf",NA,10,1102,""
"1271",20260401,"Resaz_Assay_plate3_T3_260401_1457",2026-09-02 14:57:00,"T3","34C",3,"plate_3_34","B11","Sample",56,"360hpf",NA,9,1074,""
"1272",20260401,"Resaz_Assay_plate3_T3_260401_1457",2026-09-02 14:57:00,"T3","34C",3,"plate_3_34","B12","Sample",57,"360hpf",NA,11,721,""
"1273",20260401,"Resaz_Assay_plate3_T3_260401_1457",2026-09-02 14:57:00,"T3","34C",3,"plate_3_34","C1","Sample",1,"360hpf",NA,22,1869,""
"1274",20260401,"Resaz_Assay_plate3_T3_260401_1457",2026-09-02 14:57:00,"T3","34C",3,"plate_3_34","C2","Sample",3,"360hpf",NA,15,1097,""
"1275",20260401,"Resaz_Assay_plate3_T3_260401_1457",2026-09-02 14:57:00,"T3","34C",3,"plate_3_34","C3","Sample",4,"360hpf",NA,9,1080,""
"1276",20260401,"Resaz_Assay_plate3_T3_260401_1457",2026-09-02 14:57:00,"T3","34C",3,"plate_3_34","C4","Sample",5,"360hpf",NA,6,681,""
"1277",20260401,"Resaz_Assay_plate3_T3_260401_1457",2026-09-02 14:57:00,"T3","34C",3,"plate_3_34","C5","Sample",6,"360hpf",NA,7,703,""
"1278",20260401,"Resaz_Assay_plate3_T3_260401_1457",2026-09-02 14:57:00,"T3","34C",3,"plate_3_34","C6","Sample",8,"360hpf",NA,17,902,""
"1279",20260401,"Resaz_Assay_plate3_T3_260401_1457",2026-09-02 14:57:00,"T3","34C",3,"plate_3_34","C7","Sample",52,"360hpf",NA,30,1990,""
"1280",20260401,"Resaz_Assay_plate3_T3_260401_1457",2026-09-02 14:57:00,"T3","34C",3,"plate_3_34","C8","Sample",53,"360hpf",NA,7,808,""
"1281",20260401,"Resaz_Assay_plate3_T3_260401_1457",2026-09-02 14:57:00,"T3","34C",3,"plate_3_34","C9","Sample",54,"360hpf",NA,12,1132,""
"1282",20260401,"Resaz_Assay_plate3_T3_260401_1457",2026-09-02 14:57:00,"T3","34C",3,"plate_3_34","C10","Sample",55,"360hpf",NA,8,1320,""
"1283",20260401,"Resaz_Assay_plate3_T3_260401_1457",2026-09-02 14:57:00,"T3","34C",3,"plate_3_34","C11","Sample",56,"360hpf",NA,9,728,""
"1284",20260401,"Resaz_Assay_plate3_T3_260401_1457",2026-09-02 14:57:00,"T3","34C",3,"plate_3_34","C12","Sample",57,"360hpf",NA,20,1277,""
"1285",20260401,"Resaz_Assay_plate3_T3_260401_1457",2026-09-02 14:57:00,"T3","34C",3,"plate_3_34","D1","Sample",1,"360hpf",NA,21,2027,""
"1286",20260401,"Resaz_Assay_plate3_T3_260401_1457",2026-09-02 14:57:00,"T3","34C",3,"plate_3_34","D2","Sample",3,"360hpf",NA,9,812,""
"1287",20260401,"Resaz_Assay_plate3_T3_260401_1457",2026-09-02 14:57:00,"T3","34C",3,"plate_3_34","D3","Sample",4,"360hpf",NA,23,1502,""
"1288",20260401,"Resaz_Assay_plate3_T3_260401_1457",2026-09-02 14:57:00,"T3","34C",3,"plate_3_34","D4","Sample",5,"360hpf",NA,22,1404,""
"1289",20260401,"Resaz_Assay_plate3_T3_260401_1457",2026-09-02 14:57:00,"T3","34C",3,"plate_3_34","D5","Sample",6,"360hpf",NA,14,1254,""
"1290",20260401,"Resaz_Assay_plate3_T3_260401_1457",2026-09-02 14:57:00,"T3","34C",3,"plate_3_34","D6","Sample",8,"360hpf",NA,15,884,""
"1291",20260401,"Resaz_Assay_plate3_T3_260401_1457",2026-09-02 14:57:00,"T3","34C",3,"plate_3_34","D7","Sample",52,"360hpf",NA,17,1255,""
"1292",20260401,"Resaz_Assay_plate3_T3_260401_1457",2026-09-02 14:57:00,"T3","34C",3,"plate_3_34","D8","Sample",53,"360hpf",NA,14,1261,""
"1293",20260401,"Resaz_Assay_plate3_T3_260401_1457",2026-09-02 14:57:00,"T3","34C",3,"plate_3_34","D9","Sample",54,"360hpf",NA,8,896,""
"1294",20260401,"Resaz_Assay_plate3_T3_260401_1457",2026-09-02 14:57:00,"T3","34C",3,"plate_3_34","D10","Sample",55,"360hpf",NA,4,572,""
"1295",20260401,"Resaz_Assay_plate3_T3_260401_1457",2026-09-02 14:57:00,"T3","34C",3,"plate_3_34","D11","Sample",56,"360hpf",NA,11,1011,""
"1296",20260401,"Resaz_Assay_plate3_T3_260401_1457",2026-09-02 14:57:00,"T3","34C",3,"plate_3_34","D12","Sample",57,"360hpf",NA,17,1146,""
"1297",20260401,"Resaz_Assay_plate3_T3_260401_1457",2026-09-02 14:57:00,"T3","34C",3,"plate_3_34","E1","Sample",1,"360hpf",NA,16,1795,""
"1298",20260401,"Resaz_Assay_plate3_T3_260401_1457",2026-09-02 14:57:00,"T3","34C",3,"plate_3_34","E2","Sample",3,"360hpf",NA,18,1275,""
"1299",20260401,"Resaz_Assay_plate3_T3_260401_1457",2026-09-02 14:57:00,"T3","34C",3,"plate_3_34","E3","Sample",4,"360hpf",NA,11,907,""
"1300",20260401,"Resaz_Assay_plate3_T3_260401_1457",2026-09-02 14:57:00,"T3","34C",3,"plate_3_34","E4","Sample",5,"360hpf",NA,23,1538,""
"1301",20260401,"Resaz_Assay_plate3_T3_260401_1457",2026-09-02 14:57:00,"T3","34C",3,"plate_3_34","E5","Sample",6,"360hpf",NA,15,1759,""
"1302",20260401,"Resaz_Assay_plate3_T3_260401_1457",2026-09-02 14:57:00,"T3","34C",3,"plate_3_34","E6","Sample",8,"360hpf",NA,54,2659,""
"1303",20260401,"Resaz_Assay_plate3_T3_260401_1457",2026-09-02 14:57:00,"T3","34C",3,"plate_3_34","E7","Sample",52,"360hpf",NA,48,3111,""
"1304",20260401,"Resaz_Assay_plate3_T3_260401_1457",2026-09-02 14:57:00,"T3","34C",3,"plate_3_34","E8","Sample",53,"360hpf",NA,5,786,""
"1305",20260401,"Resaz_Assay_plate3_T3_260401_1457",2026-09-02 14:57:00,"T3","34C",3,"plate_3_34","E9","Sample",54,"360hpf",NA,27,1969,""
"1306",20260401,"Resaz_Assay_plate3_T3_260401_1457",2026-09-02 14:57:00,"T3","34C",3,"plate_3_34","E10","Sample",55,"360hpf",NA,13,2176,""
"1307",20260401,"Resaz_Assay_plate3_T3_260401_1457",2026-09-02 14:57:00,"T3","34C",3,"plate_3_34","E11","Sample",56,"360hpf",NA,14,1110,""
"1308",20260401,"Resaz_Assay_plate3_T3_260401_1457",2026-09-02 14:57:00,"T3","34C",3,"plate_3_34","E12","Sample",57,"360hpf",NA,7,714,""
"1309",20260401,"Resaz_Assay_plate3_T3_260401_1457",2026-09-02 14:57:00,"T3","34C",3,"plate_3_34","F1","Sample",1,"360hpf",NA,33,2919,""
"1310",20260401,"Resaz_Assay_plate3_T3_260401_1457",2026-09-02 14:57:00,"T3","34C",3,"plate_3_34","F2","Sample",3,"360hpf",NA,5,748,""
"1311",20260401,"Resaz_Assay_plate3_T3_260401_1457",2026-09-02 14:57:00,"T3","34C",3,"plate_3_34","F3","Sample",4,"360hpf",NA,0,441,""
"1312",20260401,"Resaz_Assay_plate3_T3_260401_1457",2026-09-02 14:57:00,"T3","34C",3,"plate_3_34","F4","Sample",5,"360hpf",NA,20,1499,""
"1313",20260401,"Resaz_Assay_plate3_T3_260401_1457",2026-09-02 14:57:00,"T3","34C",3,"plate_3_34","F5","Sample",6,"360hpf",NA,12,1157,""
"1314",20260401,"Resaz_Assay_plate3_T3_260401_1457",2026-09-02 14:57:00,"T3","34C",3,"plate_3_34","F6","Sample",8,"360hpf",NA,65,3479,""
"1315",20260401,"Resaz_Assay_plate3_T3_260401_1457",2026-09-02 14:57:00,"T3","34C",3,"plate_3_34","F7","Sample",52,"360hpf",NA,26,2406,""
"1316",20260401,"Resaz_Assay_plate3_T3_260401_1457",2026-09-02 14:57:00,"T3","34C",3,"plate_3_34","F8","Sample",53,"360hpf",NA,4,749,""
"1317",20260401,"Resaz_Assay_plate3_T3_260401_1457",2026-09-02 14:57:00,"T3","34C",3,"plate_3_34","F9","Sample",54,"360hpf",NA,25,1741,""
"1318",20260401,"Resaz_Assay_plate3_T3_260401_1457",2026-09-02 14:57:00,"T3","34C",3,"plate_3_34","F10","Sample",55,"360hpf",NA,23,1930,""
"1319",20260401,"Resaz_Assay_plate3_T3_260401_1457",2026-09-02 14:57:00,"T3","34C",3,"plate_3_34","F11","Sample",56,"360hpf",NA,8,761,""
"1320",20260401,"Resaz_Assay_plate3_T3_260401_1457",2026-09-02 14:57:00,"T3","34C",3,"plate_3_34","F12","Sample",57,"360hpf",NA,6,697,""
"1321",20260401,"Resaz_Assay_plate3_T3_260401_1457",2026-09-02 14:57:00,"T3","34C",3,"plate_3_34","G1","Sample",1,"360hpf",NA,7,827,""
"1322",20260401,"Resaz_Assay_plate3_T3_260401_1457",2026-09-02 14:57:00,"T3","34C",3,"plate_3_34","G2","Sample",3,"360hpf",NA,10,996,""
"1323",20260401,"Resaz_Assay_plate3_T3_260401_1457",2026-09-02 14:57:00,"T3","34C",3,"plate_3_34","G3","Sample",4,"360hpf",NA,11,1173,""
"1324",20260401,"Resaz_Assay_plate3_T3_260401_1457",2026-09-02 14:57:00,"T3","34C",3,"plate_3_34","G4","Sample",5,"360hpf",NA,8,949,""
"1325",20260401,"Resaz_Assay_plate3_T3_260401_1457",2026-09-02 14:57:00,"T3","34C",3,"plate_3_34","G5","Sample",6,"360hpf",NA,15,1731,""
"1326",20260401,"Resaz_Assay_plate3_T3_260401_1457",2026-09-02 14:57:00,"T3","34C",3,"plate_3_34","G6","Sample",8,"360hpf",NA,7,642,""
"1327",20260401,"Resaz_Assay_plate3_T3_260401_1457",2026-09-02 14:57:00,"T3","34C",3,"plate_3_34","G7","Sample",52,"360hpf",NA,17,2150,""
"1328",20260401,"Resaz_Assay_plate3_T3_260401_1457",2026-09-02 14:57:00,"T3","34C",3,"plate_3_34","G8","Sample",53,"360hpf",NA,5,784,""
"1329",20260401,"Resaz_Assay_plate3_T3_260401_1457",2026-09-02 14:57:00,"T3","34C",3,"plate_3_34","G9","Sample",54,"360hpf",NA,9,928,""
"1330",20260401,"Resaz_Assay_plate3_T3_260401_1457",2026-09-02 14:57:00,"T3","34C",3,"plate_3_34","G10","Sample",55,"360hpf",NA,3,588,""
"1331",20260401,"Resaz_Assay_plate3_T3_260401_1457",2026-09-02 14:57:00,"T3","34C",3,"plate_3_34","G11","Sample",56,"360hpf",NA,6,561,""
"1332",20260401,"Resaz_Assay_plate3_T3_260401_1457",2026-09-02 14:57:00,"T3","34C",3,"plate_3_34","G12","Sample",57,"360hpf",NA,8,758,""
"1333",20260401,"Resaz_Assay_plate3_T3_260401_1457",2026-09-02 14:57:00,"T3","34C",3,"plate_3_34","H1","Blank",NA,"360hpf",NA,NA,478,""
"1334",20260401,"Resaz_Assay_plate3_T3_260401_1457",2026-09-02 14:57:00,"T3","34C",3,"plate_3_34","H2","Blank",NA,"360hpf",NA,NA,478,""
"1335",20260401,"Resaz_Assay_plate3_T3_260401_1457",2026-09-02 14:57:00,"T3","34C",3,"plate_3_34","H3","Blank",NA,"360hpf",NA,NA,551,""
"1336",20260401,"Resaz_Assay_plate3_T3_260401_1457",2026-09-02 14:57:00,"T3","34C",3,"plate_3_34","H4","Blank",NA,"360hpf",NA,NA,522,""
"1337",20260401,"Resaz_Assay_plate3_T3_260401_1457",2026-09-02 14:57:00,"T3","34C",3,"plate_3_34","H5","Blank",NA,"360hpf",NA,NA,596,""
"1338",20260401,"Resaz_Assay_plate3_T3_260401_1457",2026-09-02 14:57:00,"T3","34C",3,"plate_3_34","H6","Blank",NA,"360hpf",NA,NA,570,""
"1339",20260401,"Resaz_Assay_plate3_T3_260401_1457",2026-09-02 14:57:00,"T3","34C",3,"plate_3_34","H7","Blank",NA,"360hpf",NA,NA,527,""
"1340",20260401,"Resaz_Assay_plate3_T3_260401_1457",2026-09-02 14:57:00,"T3","34C",3,"plate_3_34","H8","Blank",NA,"360hpf",NA,NA,511,""
"1341",20260401,"Resaz_Assay_plate3_T3_260401_1457",2026-09-02 14:57:00,"T3","34C",3,"plate_3_34","H9","Blank",NA,"360hpf",NA,NA,521,""
"1342",20260401,"Resaz_Assay_plate3_T3_260401_1457",2026-09-02 14:57:00,"T3","34C",3,"plate_3_34","H10","Blank",NA,"360hpf",NA,NA,432,""
"1343",20260401,"Resaz_Assay_plate3_T3_260401_1457",2026-09-02 14:57:00,"T3","34C",3,"plate_3_34","H11","Blank",NA,"360hpf",NA,NA,449,""
"1344",20260401,"Resaz_Assay_plate3_T3_260401_1457",2026-09-02 14:57:00,"T3","34C",3,"plate_3_34","H12","Blank",NA,"360hpf",NA,NA,444,""
"1345",20260401,"Resaz_Assay_plate3_T4_260401_1600",2026-09-02 16:00:00,"T4","34C",3,"plate_3_34","A1","Sample",1,"360hpf",NA,11,1848,""
"1346",20260401,"Resaz_Assay_plate3_T4_260401_1600",2026-09-02 16:00:00,"T4","34C",3,"plate_3_34","A2","Sample",3,"360hpf",NA,22,2032,""
"1347",20260401,"Resaz_Assay_plate3_T4_260401_1600",2026-09-02 16:00:00,"T4","34C",3,"plate_3_34","A3","Sample",4,"360hpf",NA,3,728,""
"1348",20260401,"Resaz_Assay_plate3_T4_260401_1600",2026-09-02 16:00:00,"T4","34C",3,"plate_3_34","A4","Sample",5,"360hpf",NA,11,1441,""
"1349",20260401,"Resaz_Assay_plate3_T4_260401_1600",2026-09-02 16:00:00,"T4","34C",3,"plate_3_34","A5","Sample",6,"360hpf",NA,14,2020,""
"1350",20260401,"Resaz_Assay_plate3_T4_260401_1600",2026-09-02 16:00:00,"T4","34C",3,"plate_3_34","A6","Sample",8,"360hpf",NA,15,1362,""
"1351",20260401,"Resaz_Assay_plate3_T4_260401_1600",2026-09-02 16:00:00,"T4","34C",3,"plate_3_34","A7","Sample",52,"360hpf",NA,24,2777,""
"1352",20260401,"Resaz_Assay_plate3_T4_260401_1600",2026-09-02 16:00:00,"T4","34C",3,"plate_3_34","A8","Sample",53,"360hpf",NA,5,769,""
"1353",20260401,"Resaz_Assay_plate3_T4_260401_1600",2026-09-02 16:00:00,"T4","34C",3,"plate_3_34","A9","Sample",54,"360hpf",NA,9,1214,""
"1354",20260401,"Resaz_Assay_plate3_T4_260401_1600",2026-09-02 16:00:00,"T4","34C",3,"plate_3_34","A10","Sample",55,"360hpf",NA,1,548,""
"1355",20260401,"Resaz_Assay_plate3_T4_260401_1600",2026-09-02 16:00:00,"T4","34C",3,"plate_3_34","A11","Sample",56,"360hpf",NA,16,2226,""
"1356",20260401,"Resaz_Assay_plate3_T4_260401_1600",2026-09-02 16:00:00,"T4","34C",3,"plate_3_34","A12","Sample",57,"360hpf",NA,12,1179,""
"1357",20260401,"Resaz_Assay_plate3_T4_260401_1600",2026-09-02 16:00:00,"T4","34C",3,"plate_3_34","B1","Sample",1,"360hpf",NA,4,863,""
"1358",20260401,"Resaz_Assay_plate3_T4_260401_1600",2026-09-02 16:00:00,"T4","34C",3,"plate_3_34","B2","Sample",3,"360hpf",NA,16,1751,""
"1359",20260401,"Resaz_Assay_plate3_T4_260401_1600",2026-09-02 16:00:00,"T4","34C",3,"plate_3_34","B3","Sample",4,"360hpf",NA,3,595,""
"1360",20260401,"Resaz_Assay_plate3_T4_260401_1600",2026-09-02 16:00:00,"T4","34C",3,"plate_3_34","B4","Sample",5,"360hpf",NA,2,639,""
"1361",20260401,"Resaz_Assay_plate3_T4_260401_1600",2026-09-02 16:00:00,"T4","34C",3,"plate_3_34","B5","Sample",6,"360hpf",NA,4,947,""
"1362",20260401,"Resaz_Assay_plate3_T4_260401_1600",2026-09-02 16:00:00,"T4","34C",3,"plate_3_34","B6","Sample",8,"360hpf",NA,7,704,""
"1363",20260401,"Resaz_Assay_plate3_T4_260401_1600",2026-09-02 16:00:00,"T4","34C",3,"plate_3_34","B7","Sample",52,"360hpf",NA,20,1982,""
"1364",20260401,"Resaz_Assay_plate3_T4_260401_1600",2026-09-02 16:00:00,"T4","34C",3,"plate_3_34","B8","Sample",53,"360hpf",NA,14,1297,""
"1365",20260401,"Resaz_Assay_plate3_T4_260401_1600",2026-09-02 16:00:00,"T4","34C",3,"plate_3_34","B9","Sample",54,"360hpf",NA,14,1522,""
"1366",20260401,"Resaz_Assay_plate3_T4_260401_1600",2026-09-02 16:00:00,"T4","34C",3,"plate_3_34","B10","Sample",55,"360hpf",NA,10,1257,""
"1367",20260401,"Resaz_Assay_plate3_T4_260401_1600",2026-09-02 16:00:00,"T4","34C",3,"plate_3_34","B11","Sample",56,"360hpf",NA,9,1189,""
"1368",20260401,"Resaz_Assay_plate3_T4_260401_1600",2026-09-02 16:00:00,"T4","34C",3,"plate_3_34","B12","Sample",57,"360hpf",NA,11,924,""
"1369",20260401,"Resaz_Assay_plate3_T4_260401_1600",2026-09-02 16:00:00,"T4","34C",3,"plate_3_34","C1","Sample",1,"360hpf",NA,22,2223,""
"1370",20260401,"Resaz_Assay_plate3_T4_260401_1600",2026-09-02 16:00:00,"T4","34C",3,"plate_3_34","C2","Sample",3,"360hpf",NA,15,1282,""
"1371",20260401,"Resaz_Assay_plate3_T4_260401_1600",2026-09-02 16:00:00,"T4","34C",3,"plate_3_34","C3","Sample",4,"360hpf",NA,9,1234,""
"1372",20260401,"Resaz_Assay_plate3_T4_260401_1600",2026-09-02 16:00:00,"T4","34C",3,"plate_3_34","C4","Sample",5,"360hpf",NA,6,761,""
"1373",20260401,"Resaz_Assay_plate3_T4_260401_1600",2026-09-02 16:00:00,"T4","34C",3,"plate_3_34","C5","Sample",6,"360hpf",NA,7,804,""
"1374",20260401,"Resaz_Assay_plate3_T4_260401_1600",2026-09-02 16:00:00,"T4","34C",3,"plate_3_34","C6","Sample",8,"360hpf",NA,17,1197,""
"1375",20260401,"Resaz_Assay_plate3_T4_260401_1600",2026-09-02 16:00:00,"T4","34C",3,"plate_3_34","C7","Sample",52,"360hpf",NA,30,2455,""
"1376",20260401,"Resaz_Assay_plate3_T4_260401_1600",2026-09-02 16:00:00,"T4","34C",3,"plate_3_34","C8","Sample",53,"360hpf",NA,7,968,""
"1377",20260401,"Resaz_Assay_plate3_T4_260401_1600",2026-09-02 16:00:00,"T4","34C",3,"plate_3_34","C9","Sample",54,"360hpf",NA,12,1285,""
"1378",20260401,"Resaz_Assay_plate3_T4_260401_1600",2026-09-02 16:00:00,"T4","34C",3,"plate_3_34","C10","Sample",55,"360hpf",NA,8,1517,""
"1379",20260401,"Resaz_Assay_plate3_T4_260401_1600",2026-09-02 16:00:00,"T4","34C",3,"plate_3_34","C11","Sample",56,"360hpf",NA,9,802,""
"1380",20260401,"Resaz_Assay_plate3_T4_260401_1600",2026-09-02 16:00:00,"T4","34C",3,"plate_3_34","C12","Sample",57,"360hpf",NA,20,1645,""
"1381",20260401,"Resaz_Assay_plate3_T4_260401_1600",2026-09-02 16:00:00,"T4","34C",3,"plate_3_34","D1","Sample",1,"360hpf",NA,21,2407,""
"1382",20260401,"Resaz_Assay_plate3_T4_260401_1600",2026-09-02 16:00:00,"T4","34C",3,"plate_3_34","D2","Sample",3,"360hpf",NA,9,1011,""
"1383",20260401,"Resaz_Assay_plate3_T4_260401_1600",2026-09-02 16:00:00,"T4","34C",3,"plate_3_34","D3","Sample",4,"360hpf",NA,23,1860,""
"1384",20260401,"Resaz_Assay_plate3_T4_260401_1600",2026-09-02 16:00:00,"T4","34C",3,"plate_3_34","D4","Sample",5,"360hpf",NA,22,1700,""
"1385",20260401,"Resaz_Assay_plate3_T4_260401_1600",2026-09-02 16:00:00,"T4","34C",3,"plate_3_34","D5","Sample",6,"360hpf",NA,14,1553,""
"1386",20260401,"Resaz_Assay_plate3_T4_260401_1600",2026-09-02 16:00:00,"T4","34C",3,"plate_3_34","D6","Sample",8,"360hpf",NA,15,1123,""
"1387",20260401,"Resaz_Assay_plate3_T4_260401_1600",2026-09-02 16:00:00,"T4","34C",3,"plate_3_34","D7","Sample",52,"360hpf",NA,17,1305,""
"1388",20260401,"Resaz_Assay_plate3_T4_260401_1600",2026-09-02 16:00:00,"T4","34C",3,"plate_3_34","D8","Sample",53,"360hpf",NA,14,1462,""
"1389",20260401,"Resaz_Assay_plate3_T4_260401_1600",2026-09-02 16:00:00,"T4","34C",3,"plate_3_34","D9","Sample",54,"360hpf",NA,8,977,""
"1390",20260401,"Resaz_Assay_plate3_T4_260401_1600",2026-09-02 16:00:00,"T4","34C",3,"plate_3_34","D10","Sample",55,"360hpf",NA,4,597,""
"1391",20260401,"Resaz_Assay_plate3_T4_260401_1600",2026-09-02 16:00:00,"T4","34C",3,"plate_3_34","D11","Sample",56,"360hpf",NA,11,1307,""
"1392",20260401,"Resaz_Assay_plate3_T4_260401_1600",2026-09-02 16:00:00,"T4","34C",3,"plate_3_34","D12","Sample",57,"360hpf",NA,17,1409,""
"1393",20260401,"Resaz_Assay_plate3_T4_260401_1600",2026-09-02 16:00:00,"T4","34C",3,"plate_3_34","E1","Sample",1,"360hpf",NA,16,2077,""
"1394",20260401,"Resaz_Assay_plate3_T4_260401_1600",2026-09-02 16:00:00,"T4","34C",3,"plate_3_34","E2","Sample",3,"360hpf",NA,18,1594,""
"1395",20260401,"Resaz_Assay_plate3_T4_260401_1600",2026-09-02 16:00:00,"T4","34C",3,"plate_3_34","E3","Sample",4,"360hpf",NA,11,1073,""
"1396",20260401,"Resaz_Assay_plate3_T4_260401_1600",2026-09-02 16:00:00,"T4","34C",3,"plate_3_34","E4","Sample",5,"360hpf",NA,23,1880,""
"1397",20260401,"Resaz_Assay_plate3_T4_260401_1600",2026-09-02 16:00:00,"T4","34C",3,"plate_3_34","E5","Sample",6,"360hpf",NA,15,1941,""
"1398",20260401,"Resaz_Assay_plate3_T4_260401_1600",2026-09-02 16:00:00,"T4","34C",3,"plate_3_34","E6","Sample",8,"360hpf",NA,54,3172,""
"1399",20260401,"Resaz_Assay_plate3_T4_260401_1600",2026-09-02 16:00:00,"T4","34C",3,"plate_3_34","E7","Sample",52,"360hpf",NA,48,3550,""
"1400",20260401,"Resaz_Assay_plate3_T4_260401_1600",2026-09-02 16:00:00,"T4","34C",3,"plate_3_34","E8","Sample",53,"360hpf",NA,5,934,""
"1401",20260401,"Resaz_Assay_plate3_T4_260401_1600",2026-09-02 16:00:00,"T4","34C",3,"plate_3_34","E9","Sample",54,"360hpf",NA,27,2402,""
"1402",20260401,"Resaz_Assay_plate3_T4_260401_1600",2026-09-02 16:00:00,"T4","34C",3,"plate_3_34","E10","Sample",55,"360hpf",NA,13,2568,""
"1403",20260401,"Resaz_Assay_plate3_T4_260401_1600",2026-09-02 16:00:00,"T4","34C",3,"plate_3_34","E11","Sample",56,"360hpf",NA,14,1327,""
"1404",20260401,"Resaz_Assay_plate3_T4_260401_1600",2026-09-02 16:00:00,"T4","34C",3,"plate_3_34","E12","Sample",57,"360hpf",NA,7,840,""
"1405",20260401,"Resaz_Assay_plate3_T4_260401_1600",2026-09-02 16:00:00,"T4","34C",3,"plate_3_34","F1","Sample",1,"360hpf",NA,33,3585,""
"1406",20260401,"Resaz_Assay_plate3_T4_260401_1600",2026-09-02 16:00:00,"T4","34C",3,"plate_3_34","F2","Sample",3,"360hpf",NA,5,902,""
"1407",20260401,"Resaz_Assay_plate3_T4_260401_1600",2026-09-02 16:00:00,"T4","34C",3,"plate_3_34","F3","Sample",4,"360hpf",NA,0,450,""
"1408",20260401,"Resaz_Assay_plate3_T4_260401_1600",2026-09-02 16:00:00,"T4","34C",3,"plate_3_34","F4","Sample",5,"360hpf",NA,20,1626,""
"1409",20260401,"Resaz_Assay_plate3_T4_260401_1600",2026-09-02 16:00:00,"T4","34C",3,"plate_3_34","F5","Sample",6,"360hpf",NA,12,1339,""
"1410",20260401,"Resaz_Assay_plate3_T4_260401_1600",2026-09-02 16:00:00,"T4","34C",3,"plate_3_34","F6","Sample",8,"360hpf",NA,65,4327,""
"1411",20260401,"Resaz_Assay_plate3_T4_260401_1600",2026-09-02 16:00:00,"T4","34C",3,"plate_3_34","F7","Sample",52,"360hpf",NA,26,2688,""
"1412",20260401,"Resaz_Assay_plate3_T4_260401_1600",2026-09-02 16:00:00,"T4","34C",3,"plate_3_34","F8","Sample",53,"360hpf",NA,4,874,""
"1413",20260401,"Resaz_Assay_plate3_T4_260401_1600",2026-09-02 16:00:00,"T4","34C",3,"plate_3_34","F9","Sample",54,"360hpf",NA,25,2187,""
"1414",20260401,"Resaz_Assay_plate3_T4_260401_1600",2026-09-02 16:00:00,"T4","34C",3,"plate_3_34","F10","Sample",55,"360hpf",NA,23,2297,""
"1415",20260401,"Resaz_Assay_plate3_T4_260401_1600",2026-09-02 16:00:00,"T4","34C",3,"plate_3_34","F11","Sample",56,"360hpf",NA,8,984,""
"1416",20260401,"Resaz_Assay_plate3_T4_260401_1600",2026-09-02 16:00:00,"T4","34C",3,"plate_3_34","F12","Sample",57,"360hpf",NA,6,823,""
"1417",20260401,"Resaz_Assay_plate3_T4_260401_1600",2026-09-02 16:00:00,"T4","34C",3,"plate_3_34","G1","Sample",1,"360hpf",NA,7,940,""
"1418",20260401,"Resaz_Assay_plate3_T4_260401_1600",2026-09-02 16:00:00,"T4","34C",3,"plate_3_34","G2","Sample",3,"360hpf",NA,10,1183,""
"1419",20260401,"Resaz_Assay_plate3_T4_260401_1600",2026-09-02 16:00:00,"T4","34C",3,"plate_3_34","G3","Sample",4,"360hpf",NA,11,1333,""
"1420",20260401,"Resaz_Assay_plate3_T4_260401_1600",2026-09-02 16:00:00,"T4","34C",3,"plate_3_34","G4","Sample",5,"360hpf",NA,8,1085,""
"1421",20260401,"Resaz_Assay_plate3_T4_260401_1600",2026-09-02 16:00:00,"T4","34C",3,"plate_3_34","G5","Sample",6,"360hpf",NA,15,2019,""
"1422",20260401,"Resaz_Assay_plate3_T4_260401_1600",2026-09-02 16:00:00,"T4","34C",3,"plate_3_34","G6","Sample",8,"360hpf",NA,7,689,""
"1423",20260401,"Resaz_Assay_plate3_T4_260401_1600",2026-09-02 16:00:00,"T4","34C",3,"plate_3_34","G7","Sample",52,"360hpf",NA,17,2469,""
"1424",20260401,"Resaz_Assay_plate3_T4_260401_1600",2026-09-02 16:00:00,"T4","34C",3,"plate_3_34","G8","Sample",53,"360hpf",NA,5,878,""
"1425",20260401,"Resaz_Assay_plate3_T4_260401_1600",2026-09-02 16:00:00,"T4","34C",3,"plate_3_34","G9","Sample",54,"360hpf",NA,9,1116,""
"1426",20260401,"Resaz_Assay_plate3_T4_260401_1600",2026-09-02 16:00:00,"T4","34C",3,"plate_3_34","G10","Sample",55,"360hpf",NA,3,615,""
"1427",20260401,"Resaz_Assay_plate3_T4_260401_1600",2026-09-02 16:00:00,"T4","34C",3,"plate_3_34","G11","Sample",56,"360hpf",NA,6,671,""
"1428",20260401,"Resaz_Assay_plate3_T4_260401_1600",2026-09-02 16:00:00,"T4","34C",3,"plate_3_34","G12","Sample",57,"360hpf",NA,8,850,""
"1429",20260401,"Resaz_Assay_plate3_T4_260401_1600",2026-09-02 16:00:00,"T4","34C",3,"plate_3_34","H1","Blank",NA,"360hpf",NA,NA,505,""
"1430",20260401,"Resaz_Assay_plate3_T4_260401_1600",2026-09-02 16:00:00,"T4","34C",3,"plate_3_34","H2","Blank",NA,"360hpf",NA,NA,504,""
"1431",20260401,"Resaz_Assay_plate3_T4_260401_1600",2026-09-02 16:00:00,"T4","34C",3,"plate_3_34","H3","Blank",NA,"360hpf",NA,NA,587,""
"1432",20260401,"Resaz_Assay_plate3_T4_260401_1600",2026-09-02 16:00:00,"T4","34C",3,"plate_3_34","H4","Blank",NA,"360hpf",NA,NA,565,""
"1433",20260401,"Resaz_Assay_plate3_T4_260401_1600",2026-09-02 16:00:00,"T4","34C",3,"plate_3_34","H5","Blank",NA,"360hpf",NA,NA,650,""
"1434",20260401,"Resaz_Assay_plate3_T4_260401_1600",2026-09-02 16:00:00,"T4","34C",3,"plate_3_34","H6","Blank",NA,"360hpf",NA,NA,629,""
"1435",20260401,"Resaz_Assay_plate3_T4_260401_1600",2026-09-02 16:00:00,"T4","34C",3,"plate_3_34","H7","Blank",NA,"360hpf",NA,NA,587,""
"1436",20260401,"Resaz_Assay_plate3_T4_260401_1600",2026-09-02 16:00:00,"T4","34C",3,"plate_3_34","H8","Blank",NA,"360hpf",NA,NA,563,""
"1437",20260401,"Resaz_Assay_plate3_T4_260401_1600",2026-09-02 16:00:00,"T4","34C",3,"plate_3_34","H9","Blank",NA,"360hpf",NA,NA,573,""
"1438",20260401,"Resaz_Assay_plate3_T4_260401_1600",2026-09-02 16:00:00,"T4","34C",3,"plate_3_34","H10","Blank",NA,"360hpf",NA,NA,463,""
"1439",20260401,"Resaz_Assay_plate3_T4_260401_1600",2026-09-02 16:00:00,"T4","34C",3,"plate_3_34","H11","Blank",NA,"360hpf",NA,NA,475,""
"1440",20260401,"Resaz_Assay_plate3_T4_260401_1600",2026-09-02 16:00:00,"T4","34C",3,"plate_3_34","H12","Blank",NA,"360hpf",NA,NA,467,""
"1441",20260401,"Resaz_Assay_plate4_T0_260401_1131",2026-09-02 11:31:00,"T0","38C",4,"plate_4_38","A1","Sample",1,"360hpf",NA,60,379,""
"1442",20260401,"Resaz_Assay_plate4_T0_260401_1131",2026-09-02 11:31:00,"T0","38C",4,"plate_4_38","A2","Sample",3,"360hpf",NA,8,396,""
"1443",20260401,"Resaz_Assay_plate4_T0_260401_1131",2026-09-02 11:31:00,"T0","38C",4,"plate_4_38","A3","Sample",4,"360hpf",NA,3,351,""
"1444",20260401,"Resaz_Assay_plate4_T0_260401_1131",2026-09-02 11:31:00,"T0","38C",4,"plate_4_38","A4","Sample",5,"360hpf",NA,10,362,""
"1445",20260401,"Resaz_Assay_plate4_T0_260401_1131",2026-09-02 11:31:00,"T0","38C",4,"plate_4_38","A5","Sample",6,"360hpf",NA,14,354,""
"1446",20260401,"Resaz_Assay_plate4_T0_260401_1131",2026-09-02 11:31:00,"T0","38C",4,"plate_4_38","A6","Sample",8,"360hpf",NA,10,373,""
"1447",20260401,"Resaz_Assay_plate4_T0_260401_1131",2026-09-02 11:31:00,"T0","38C",4,"plate_4_38","A7","Sample",52,"360hpf",NA,18,328,""
"1448",20260401,"Resaz_Assay_plate4_T0_260401_1131",2026-09-02 11:31:00,"T0","38C",4,"plate_4_38","A8","Sample",53,"360hpf",NA,4,346,""
"1449",20260401,"Resaz_Assay_plate4_T0_260401_1131",2026-09-02 11:31:00,"T0","38C",4,"plate_4_38","A9","Sample",54,"360hpf",NA,17,360,""
"1450",20260401,"Resaz_Assay_plate4_T0_260401_1131",2026-09-02 11:31:00,"T0","38C",4,"plate_4_38","A10","Sample",55,"360hpf",NA,13,368,""
"1451",20260401,"Resaz_Assay_plate4_T0_260401_1131",2026-09-02 11:31:00,"T0","38C",4,"plate_4_38","A11","Sample",56,"360hpf",NA,27,379,""
"1452",20260401,"Resaz_Assay_plate4_T0_260401_1131",2026-09-02 11:31:00,"T0","38C",4,"plate_4_38","A12","Sample",57,"360hpf",NA,25,384,""
"1453",20260401,"Resaz_Assay_plate4_T0_260401_1131",2026-09-02 11:31:00,"T0","38C",4,"plate_4_38","B1","Sample",1,"360hpf",NA,13,361,""
"1454",20260401,"Resaz_Assay_plate4_T0_260401_1131",2026-09-02 11:31:00,"T0","38C",4,"plate_4_38","B2","Sample",3,"360hpf",NA,13,399,""
"1455",20260401,"Resaz_Assay_plate4_T0_260401_1131",2026-09-02 11:31:00,"T0","38C",4,"plate_4_38","B3","Sample",4,"360hpf",NA,47,422,""
"1456",20260401,"Resaz_Assay_plate4_T0_260401_1131",2026-09-02 11:31:00,"T0","38C",4,"plate_4_38","B4","Sample",5,"360hpf",NA,5,365,""
"1457",20260401,"Resaz_Assay_plate4_T0_260401_1131",2026-09-02 11:31:00,"T0","38C",4,"plate_4_38","B5","Sample",6,"360hpf",NA,12,343,""
"1458",20260401,"Resaz_Assay_plate4_T0_260401_1131",2026-09-02 11:31:00,"T0","38C",4,"plate_4_38","B6","Sample",8,"360hpf",NA,24,375,""
"1459",20260401,"Resaz_Assay_plate4_T0_260401_1131",2026-09-02 11:31:00,"T0","38C",4,"plate_4_38","B7","Sample",52,"360hpf",NA,24,322,""
"1460",20260401,"Resaz_Assay_plate4_T0_260401_1131",2026-09-02 11:31:00,"T0","38C",4,"plate_4_38","B8","Sample",53,"360hpf",NA,19,339,""
"1461",20260401,"Resaz_Assay_plate4_T0_260401_1131",2026-09-02 11:31:00,"T0","38C",4,"plate_4_38","B9","Sample",54,"360hpf",NA,28,363,""
"1462",20260401,"Resaz_Assay_plate4_T0_260401_1131",2026-09-02 11:31:00,"T0","38C",4,"plate_4_38","B10","Sample",55,"360hpf",NA,5,330,""
"1463",20260401,"Resaz_Assay_plate4_T0_260401_1131",2026-09-02 11:31:00,"T0","38C",4,"plate_4_38","B11","Sample",56,"360hpf",NA,17,339,""
"1464",20260401,"Resaz_Assay_plate4_T0_260401_1131",2026-09-02 11:31:00,"T0","38C",4,"plate_4_38","B12","Sample",57,"360hpf",NA,17,363,""
"1465",20260401,"Resaz_Assay_plate4_T0_260401_1131",2026-09-02 11:31:00,"T0","38C",4,"plate_4_38","C1","Sample",1,"360hpf",NA,19,369,""
"1466",20260401,"Resaz_Assay_plate4_T0_260401_1131",2026-09-02 11:31:00,"T0","38C",4,"plate_4_38","C2","Sample",3,"360hpf",NA,12,385,""
"1467",20260401,"Resaz_Assay_plate4_T0_260401_1131",2026-09-02 11:31:00,"T0","38C",4,"plate_4_38","C3","Sample",4,"360hpf",NA,8,357,""
"1468",20260401,"Resaz_Assay_plate4_T0_260401_1131",2026-09-02 11:31:00,"T0","38C",4,"plate_4_38","C4","Sample",5,"360hpf",NA,15,361,""
"1469",20260401,"Resaz_Assay_plate4_T0_260401_1131",2026-09-02 11:31:00,"T0","38C",4,"plate_4_38","C5","Sample",6,"360hpf",NA,6,353,""
"1470",20260401,"Resaz_Assay_plate4_T0_260401_1131",2026-09-02 11:31:00,"T0","38C",4,"plate_4_38","C6","Sample",8,"360hpf",NA,10,324,""
"1471",20260401,"Resaz_Assay_plate4_T0_260401_1131",2026-09-02 11:31:00,"T0","38C",4,"plate_4_38","C7","Sample",52,"360hpf",NA,16,329,""
"1472",20260401,"Resaz_Assay_plate4_T0_260401_1131",2026-09-02 11:31:00,"T0","38C",4,"plate_4_38","C8","Sample",53,"360hpf",NA,33,342,""
"1473",20260401,"Resaz_Assay_plate4_T0_260401_1131",2026-09-02 11:31:00,"T0","38C",4,"plate_4_38","C9","Sample",54,"360hpf",NA,9,340,""
"1474",20260401,"Resaz_Assay_plate4_T0_260401_1131",2026-09-02 11:31:00,"T0","38C",4,"plate_4_38","C10","Sample",55,"360hpf",NA,8,340,""
"1475",20260401,"Resaz_Assay_plate4_T0_260401_1131",2026-09-02 11:31:00,"T0","38C",4,"plate_4_38","C11","Sample",56,"360hpf",NA,24,363,""
"1476",20260401,"Resaz_Assay_plate4_T0_260401_1131",2026-09-02 11:31:00,"T0","38C",4,"plate_4_38","C12","Sample",57,"360hpf",NA,13,362,""
"1477",20260401,"Resaz_Assay_plate4_T0_260401_1131",2026-09-02 11:31:00,"T0","38C",4,"plate_4_38","D1","Sample",1,"360hpf",NA,71,424,""
"1478",20260401,"Resaz_Assay_plate4_T0_260401_1131",2026-09-02 11:31:00,"T0","38C",4,"plate_4_38","D2","Sample",3,"360hpf",NA,18,397,""
"1479",20260401,"Resaz_Assay_plate4_T0_260401_1131",2026-09-02 11:31:00,"T0","38C",4,"plate_4_38","D3","Sample",4,"360hpf",NA,9,356,""
"1480",20260401,"Resaz_Assay_plate4_T0_260401_1131",2026-09-02 11:31:00,"T0","38C",4,"plate_4_38","D4","Sample",5,"360hpf",NA,11,338,""
"1481",20260401,"Resaz_Assay_plate4_T0_260401_1131",2026-09-02 11:31:00,"T0","38C",4,"plate_4_38","D5","Sample",6,"360hpf",NA,13,358,""
"1482",20260401,"Resaz_Assay_plate4_T0_260401_1131",2026-09-02 11:31:00,"T0","38C",4,"plate_4_38","D6","Sample",8,"360hpf",NA,17,344,""
"1483",20260401,"Resaz_Assay_plate4_T0_260401_1131",2026-09-02 11:31:00,"T0","38C",4,"plate_4_38","D7","Sample",52,"360hpf",NA,23,306,""
"1484",20260401,"Resaz_Assay_plate4_T0_260401_1131",2026-09-02 11:31:00,"T0","38C",4,"plate_4_38","D8","Sample",53,"360hpf",NA,3,334,""
"1485",20260401,"Resaz_Assay_plate4_T0_260401_1131",2026-09-02 11:31:00,"T0","38C",4,"plate_4_38","D9","Sample",54,"360hpf",NA,25,381,""
"1486",20260401,"Resaz_Assay_plate4_T0_260401_1131",2026-09-02 11:31:00,"T0","38C",4,"plate_4_38","D10","Sample",55,"360hpf",NA,22,344,""
"1487",20260401,"Resaz_Assay_plate4_T0_260401_1131",2026-09-02 11:31:00,"T0","38C",4,"plate_4_38","D11","Sample",56,"360hpf",NA,10,335,""
"1488",20260401,"Resaz_Assay_plate4_T0_260401_1131",2026-09-02 11:31:00,"T0","38C",4,"plate_4_38","D12","Sample",57,"360hpf",NA,6,358,""
"1489",20260401,"Resaz_Assay_plate4_T0_260401_1131",2026-09-02 11:31:00,"T0","38C",4,"plate_4_38","E1","Sample",1,"360hpf",NA,31,364,""
"1490",20260401,"Resaz_Assay_plate4_T0_260401_1131",2026-09-02 11:31:00,"T0","38C",4,"plate_4_38","E2","Sample",3,"360hpf",NA,16,368,""
"1491",20260401,"Resaz_Assay_plate4_T0_260401_1131",2026-09-02 11:31:00,"T0","38C",4,"plate_4_38","E3","Sample",4,"360hpf",NA,6,368,""
"1492",20260401,"Resaz_Assay_plate4_T0_260401_1131",2026-09-02 11:31:00,"T0","38C",4,"plate_4_38","E4","Sample",5,"360hpf",NA,11,343,""
"1493",20260401,"Resaz_Assay_plate4_T0_260401_1131",2026-09-02 11:31:00,"T0","38C",4,"plate_4_38","E5","Sample",6,"360hpf",NA,14,372,""
"1494",20260401,"Resaz_Assay_plate4_T0_260401_1131",2026-09-02 11:31:00,"T0","38C",4,"plate_4_38","E6","Sample",8,"360hpf",NA,11,372,""
"1495",20260401,"Resaz_Assay_plate4_T0_260401_1131",2026-09-02 11:31:00,"T0","38C",4,"plate_4_38","E7","Sample",52,"360hpf",NA,21,319,""
"1496",20260401,"Resaz_Assay_plate4_T0_260401_1131",2026-09-02 11:31:00,"T0","38C",4,"plate_4_38","E8","Sample",53,"360hpf",NA,63,364,""
"1497",20260401,"Resaz_Assay_plate4_T0_260401_1131",2026-09-02 11:31:00,"T0","38C",4,"plate_4_38","E9","Sample",54,"360hpf",NA,11,350,""
"1498",20260401,"Resaz_Assay_plate4_T0_260401_1131",2026-09-02 11:31:00,"T0","38C",4,"plate_4_38","E10","Sample",55,"360hpf",NA,41,392,""
"1499",20260401,"Resaz_Assay_plate4_T0_260401_1131",2026-09-02 11:31:00,"T0","38C",4,"plate_4_38","E11","Sample",56,"360hpf",NA,14,338,""
"1500",20260401,"Resaz_Assay_plate4_T0_260401_1131",2026-09-02 11:31:00,"T0","38C",4,"plate_4_38","E12","Sample",57,"360hpf",NA,34,364,""
"1501",20260401,"Resaz_Assay_plate4_T0_260401_1131",2026-09-02 11:31:00,"T0","38C",4,"plate_4_38","F1","Sample",1,"360hpf",NA,9,345,""
"1502",20260401,"Resaz_Assay_plate4_T0_260401_1131",2026-09-02 11:31:00,"T0","38C",4,"plate_4_38","F2","Sample",3,"360hpf",NA,8,378,""
"1503",20260401,"Resaz_Assay_plate4_T0_260401_1131",2026-09-02 11:31:00,"T0","38C",4,"plate_4_38","F3","Sample",4,"360hpf",NA,7,373,""
"1504",20260401,"Resaz_Assay_plate4_T0_260401_1131",2026-09-02 11:31:00,"T0","38C",4,"plate_4_38","F4","Sample",5,"360hpf",NA,18,365,""
"1505",20260401,"Resaz_Assay_plate4_T0_260401_1131",2026-09-02 11:31:00,"T0","38C",4,"plate_4_38","F5","Sample",6,"360hpf",NA,16,386,""
"1506",20260401,"Resaz_Assay_plate4_T0_260401_1131",2026-09-02 11:31:00,"T0","38C",4,"plate_4_38","F6","Sample",8,"360hpf",NA,38,373,""
"1507",20260401,"Resaz_Assay_plate4_T0_260401_1131",2026-09-02 11:31:00,"T0","38C",4,"plate_4_38","F7","Sample",52,"360hpf",NA,14,319,""
"1508",20260401,"Resaz_Assay_plate4_T0_260401_1131",2026-09-02 11:31:00,"T0","38C",4,"plate_4_38","F8","Sample",53,"360hpf",NA,6,346,""
"1509",20260401,"Resaz_Assay_plate4_T0_260401_1131",2026-09-02 11:31:00,"T0","38C",4,"plate_4_38","F9","Sample",54,"360hpf",NA,5,374,""
"1510",20260401,"Resaz_Assay_plate4_T0_260401_1131",2026-09-02 11:31:00,"T0","38C",4,"plate_4_38","F10","Sample",55,"360hpf",NA,12,332,""
"1511",20260401,"Resaz_Assay_plate4_T0_260401_1131",2026-09-02 11:31:00,"T0","38C",4,"plate_4_38","F11","Sample",56,"360hpf",NA,16,343,""
"1512",20260401,"Resaz_Assay_plate4_T0_260401_1131",2026-09-02 11:31:00,"T0","38C",4,"plate_4_38","F12","Sample",57,"360hpf",NA,13,364,""
"1513",20260401,"Resaz_Assay_plate4_T0_260401_1131",2026-09-02 11:31:00,"T0","38C",4,"plate_4_38","G1","Sample",1,"360hpf",NA,5,353,""
"1514",20260401,"Resaz_Assay_plate4_T0_260401_1131",2026-09-02 11:31:00,"T0","38C",4,"plate_4_38","G2","Sample",3,"360hpf",NA,18,401,""
"1515",20260401,"Resaz_Assay_plate4_T0_260401_1131",2026-09-02 11:31:00,"T0","38C",4,"plate_4_38","G3","Sample",4,"360hpf",NA,11,364,""
"1516",20260401,"Resaz_Assay_plate4_T0_260401_1131",2026-09-02 11:31:00,"T0","38C",4,"plate_4_38","G4","Sample",5,"360hpf",NA,27,379,""
"1517",20260401,"Resaz_Assay_plate4_T0_260401_1131",2026-09-02 11:31:00,"T0","38C",4,"plate_4_38","G5","Sample",6,"360hpf",NA,25,413,""
"1518",20260401,"Resaz_Assay_plate4_T0_260401_1131",2026-09-02 11:31:00,"T0","38C",4,"plate_4_38","G6","Sample",8,"360hpf",NA,56,388,""
"1519",20260401,"Resaz_Assay_plate4_T0_260401_1131",2026-09-02 11:31:00,"T0","38C",4,"plate_4_38","G7","Sample",52,"360hpf",NA,32,336,""
"1520",20260401,"Resaz_Assay_plate4_T0_260401_1131",2026-09-02 11:31:00,"T0","38C",4,"plate_4_38","G8","Sample",53,"360hpf",NA,12,352,""
"1521",20260401,"Resaz_Assay_plate4_T0_260401_1131",2026-09-02 11:31:00,"T0","38C",4,"plate_4_38","G9","Sample",54,"360hpf",NA,11,339,""
"1522",20260401,"Resaz_Assay_plate4_T0_260401_1131",2026-09-02 11:31:00,"T0","38C",4,"plate_4_38","G10","Sample",55,"360hpf",NA,5,394,""
"1523",20260401,"Resaz_Assay_plate4_T0_260401_1131",2026-09-02 11:31:00,"T0","38C",4,"plate_4_38","G11","Sample",56,"360hpf",NA,8,326,""
"1524",20260401,"Resaz_Assay_plate4_T0_260401_1131",2026-09-02 11:31:00,"T0","38C",4,"plate_4_38","G12","Sample",57,"360hpf",NA,24,371,""
"1525",20260401,"Resaz_Assay_plate4_T0_260401_1131",2026-09-02 11:31:00,"T0","38C",4,"plate_4_38","H1","Blank",NA,"360hpf",NA,NA,337,""
"1526",20260401,"Resaz_Assay_plate4_T0_260401_1131",2026-09-02 11:31:00,"T0","38C",4,"plate_4_38","H2","Blank",NA,"360hpf",NA,NA,387,""
"1527",20260401,"Resaz_Assay_plate4_T0_260401_1131",2026-09-02 11:31:00,"T0","38C",4,"plate_4_38","H3","Blank",NA,"360hpf",NA,NA,377,""
"1528",20260401,"Resaz_Assay_plate4_T0_260401_1131",2026-09-02 11:31:00,"T0","38C",4,"plate_4_38","H4","Blank",NA,"360hpf",NA,NA,343,""
"1529",20260401,"Resaz_Assay_plate4_T0_260401_1131",2026-09-02 11:31:00,"T0","38C",4,"plate_4_38","H5","Blank",NA,"360hpf",NA,NA,349,""
"1530",20260401,"Resaz_Assay_plate4_T0_260401_1131",2026-09-02 11:31:00,"T0","38C",4,"plate_4_38","H6","Blank",NA,"360hpf",NA,NA,356,""
"1531",20260401,"Resaz_Assay_plate4_T0_260401_1131",2026-09-02 11:31:00,"T0","38C",4,"plate_4_38","H7","Blank",NA,"360hpf",NA,NA,333,""
"1532",20260401,"Resaz_Assay_plate4_T0_260401_1131",2026-09-02 11:31:00,"T0","38C",4,"plate_4_38","H8","Blank",NA,"360hpf",NA,NA,349,""
"1533",20260401,"Resaz_Assay_plate4_T0_260401_1131",2026-09-02 11:31:00,"T0","38C",4,"plate_4_38","H9","Blank",NA,"360hpf",NA,NA,374,""
"1534",20260401,"Resaz_Assay_plate4_T0_260401_1131",2026-09-02 11:31:00,"T0","38C",4,"plate_4_38","H10","Blank",NA,"360hpf",NA,NA,380,""
"1535",20260401,"Resaz_Assay_plate4_T0_260401_1131",2026-09-02 11:31:00,"T0","38C",4,"plate_4_38","H11","Blank",NA,"360hpf",NA,NA,376,""
"1536",20260401,"Resaz_Assay_plate4_T0_260401_1131",2026-09-02 11:31:00,"T0","38C",4,"plate_4_38","H12","Blank",NA,"360hpf",NA,NA,368,""
"1537",20260401,"Resaz_Assay_plate4_T1_260401_1236",2026-09-02 12:36:00,"T1","38C",4,"plate_4_38","A1","Sample",1,"360hpf",NA,60,1743,""
"1538",20260401,"Resaz_Assay_plate4_T1_260401_1236",2026-09-02 12:36:00,"T1","38C",4,"plate_4_38","A2","Sample",3,"360hpf",NA,8,529,""
"1539",20260401,"Resaz_Assay_plate4_T1_260401_1236",2026-09-02 12:36:00,"T1","38C",4,"plate_4_38","A3","Sample",4,"360hpf",NA,3,436,""
"1540",20260401,"Resaz_Assay_plate4_T1_260401_1236",2026-09-02 12:36:00,"T1","38C",4,"plate_4_38","A4","Sample",5,"360hpf",NA,10,593,""
"1541",20260401,"Resaz_Assay_plate4_T1_260401_1236",2026-09-02 12:36:00,"T1","38C",4,"plate_4_38","A5","Sample",6,"360hpf",NA,14,552,""
"1542",20260401,"Resaz_Assay_plate4_T1_260401_1236",2026-09-02 12:36:00,"T1","38C",4,"plate_4_38","A6","Sample",8,"360hpf",NA,10,456,""
"1543",20260401,"Resaz_Assay_plate4_T1_260401_1236",2026-09-02 12:36:00,"T1","38C",4,"plate_4_38","A7","Sample",52,"360hpf",NA,18,656,""
"1544",20260401,"Resaz_Assay_plate4_T1_260401_1236",2026-09-02 12:36:00,"T1","38C",4,"plate_4_38","A8","Sample",53,"360hpf",NA,4,347,""
"1545",20260401,"Resaz_Assay_plate4_T1_260401_1236",2026-09-02 12:36:00,"T1","38C",4,"plate_4_38","A9","Sample",54,"360hpf",NA,17,564,""
"1546",20260401,"Resaz_Assay_plate4_T1_260401_1236",2026-09-02 12:36:00,"T1","38C",4,"plate_4_38","A10","Sample",55,"360hpf",NA,13,544,""
"1547",20260401,"Resaz_Assay_plate4_T1_260401_1236",2026-09-02 12:36:00,"T1","38C",4,"plate_4_38","A11","Sample",56,"360hpf",NA,27,834,""
"1548",20260401,"Resaz_Assay_plate4_T1_260401_1236",2026-09-02 12:36:00,"T1","38C",4,"plate_4_38","A12","Sample",57,"360hpf",NA,25,557,""
"1549",20260401,"Resaz_Assay_plate4_T1_260401_1236",2026-09-02 12:36:00,"T1","38C",4,"plate_4_38","B1","Sample",1,"360hpf",NA,13,614,""
"1550",20260401,"Resaz_Assay_plate4_T1_260401_1236",2026-09-02 12:36:00,"T1","38C",4,"plate_4_38","B2","Sample",3,"360hpf",NA,13,517,""
"1551",20260401,"Resaz_Assay_plate4_T1_260401_1236",2026-09-02 12:36:00,"T1","38C",4,"plate_4_38","B3","Sample",4,"360hpf",NA,47,1448,""
"1552",20260401,"Resaz_Assay_plate4_T1_260401_1236",2026-09-02 12:36:00,"T1","38C",4,"plate_4_38","B4","Sample",5,"360hpf",NA,5,426,""
"1553",20260401,"Resaz_Assay_plate4_T1_260401_1236",2026-09-02 12:36:00,"T1","38C",4,"plate_4_38","B5","Sample",6,"360hpf",NA,12,649,""
"1554",20260401,"Resaz_Assay_plate4_T1_260401_1236",2026-09-02 12:36:00,"T1","38C",4,"plate_4_38","B6","Sample",8,"360hpf",NA,24,656,""
"1555",20260401,"Resaz_Assay_plate4_T1_260401_1236",2026-09-02 12:36:00,"T1","38C",4,"plate_4_38","B7","Sample",52,"360hpf",NA,24,864,""
"1556",20260401,"Resaz_Assay_plate4_T1_260401_1236",2026-09-02 12:36:00,"T1","38C",4,"plate_4_38","B8","Sample",53,"360hpf",NA,19,609,""
"1557",20260401,"Resaz_Assay_plate4_T1_260401_1236",2026-09-02 12:36:00,"T1","38C",4,"plate_4_38","B9","Sample",54,"360hpf",NA,28,892,""
"1558",20260401,"Resaz_Assay_plate4_T1_260401_1236",2026-09-02 12:36:00,"T1","38C",4,"plate_4_38","B10","Sample",55,"360hpf",NA,5,465,""
"1559",20260401,"Resaz_Assay_plate4_T1_260401_1236",2026-09-02 12:36:00,"T1","38C",4,"plate_4_38","B11","Sample",56,"360hpf",NA,17,636,""
"1560",20260401,"Resaz_Assay_plate4_T1_260401_1236",2026-09-02 12:36:00,"T1","38C",4,"plate_4_38","B12","Sample",57,"360hpf",NA,17,474,""
"1561",20260401,"Resaz_Assay_plate4_T1_260401_1236",2026-09-02 12:36:00,"T1","38C",4,"plate_4_38","C1","Sample",1,"360hpf",NA,19,793,""
"1562",20260401,"Resaz_Assay_plate4_T1_260401_1236",2026-09-02 12:36:00,"T1","38C",4,"plate_4_38","C2","Sample",3,"360hpf",NA,12,565,""
"1563",20260401,"Resaz_Assay_plate4_T1_260401_1236",2026-09-02 12:36:00,"T1","38C",4,"plate_4_38","C3","Sample",4,"360hpf",NA,8,392,""
"1564",20260401,"Resaz_Assay_plate4_T1_260401_1236",2026-09-02 12:36:00,"T1","38C",4,"plate_4_38","C4","Sample",5,"360hpf",NA,15,469,""
"1565",20260401,"Resaz_Assay_plate4_T1_260401_1236",2026-09-02 12:36:00,"T1","38C",4,"plate_4_38","C5","Sample",6,"360hpf",NA,6,449,""
"1566",20260401,"Resaz_Assay_plate4_T1_260401_1236",2026-09-02 12:36:00,"T1","38C",4,"plate_4_38","C6","Sample",8,"360hpf",NA,10,398,""
"1567",20260401,"Resaz_Assay_plate4_T1_260401_1236",2026-09-02 12:36:00,"T1","38C",4,"plate_4_38","C7","Sample",52,"360hpf",NA,16,738,""
"1568",20260401,"Resaz_Assay_plate4_T1_260401_1236",2026-09-02 12:36:00,"T1","38C",4,"plate_4_38","C8","Sample",53,"360hpf",NA,33,764,""
"1569",20260401,"Resaz_Assay_plate4_T1_260401_1236",2026-09-02 12:36:00,"T1","38C",4,"plate_4_38","C9","Sample",54,"360hpf",NA,9,499,""
"1570",20260401,"Resaz_Assay_plate4_T1_260401_1236",2026-09-02 12:36:00,"T1","38C",4,"plate_4_38","C10","Sample",55,"360hpf",NA,8,456,""
"1571",20260401,"Resaz_Assay_plate4_T1_260401_1236",2026-09-02 12:36:00,"T1","38C",4,"plate_4_38","C11","Sample",56,"360hpf",NA,24,803,""
"1572",20260401,"Resaz_Assay_plate4_T1_260401_1236",2026-09-02 12:36:00,"T1","38C",4,"plate_4_38","C12","Sample",57,"360hpf",NA,13,476,""
"1573",20260401,"Resaz_Assay_plate4_T1_260401_1236",2026-09-02 12:36:00,"T1","38C",4,"plate_4_38","D1","Sample",1,"360hpf",NA,71,2520,""
"1574",20260401,"Resaz_Assay_plate4_T1_260401_1236",2026-09-02 12:36:00,"T1","38C",4,"plate_4_38","D2","Sample",3,"360hpf",NA,18,752,""
"1575",20260401,"Resaz_Assay_plate4_T1_260401_1236",2026-09-02 12:36:00,"T1","38C",4,"plate_4_38","D3","Sample",4,"360hpf",NA,9,430,""
"1576",20260401,"Resaz_Assay_plate4_T1_260401_1236",2026-09-02 12:36:00,"T1","38C",4,"plate_4_38","D4","Sample",5,"360hpf",NA,11,546,""
"1577",20260401,"Resaz_Assay_plate4_T1_260401_1236",2026-09-02 12:36:00,"T1","38C",4,"plate_4_38","D5","Sample",6,"360hpf",NA,13,589,""
"1578",20260401,"Resaz_Assay_plate4_T1_260401_1236",2026-09-02 12:36:00,"T1","38C",4,"plate_4_38","D6","Sample",8,"360hpf",NA,17,404,""
"1579",20260401,"Resaz_Assay_plate4_T1_260401_1236",2026-09-02 12:36:00,"T1","38C",4,"plate_4_38","D7","Sample",52,"360hpf",NA,23,733,""
"1580",20260401,"Resaz_Assay_plate4_T1_260401_1236",2026-09-02 12:36:00,"T1","38C",4,"plate_4_38","D8","Sample",53,"360hpf",NA,3,357,""
"1581",20260401,"Resaz_Assay_plate4_T1_260401_1236",2026-09-02 12:36:00,"T1","38C",4,"plate_4_38","D9","Sample",54,"360hpf",NA,25,845,""
"1582",20260401,"Resaz_Assay_plate4_T1_260401_1236",2026-09-02 12:36:00,"T1","38C",4,"plate_4_38","D10","Sample",55,"360hpf",NA,22,720,""
"1583",20260401,"Resaz_Assay_plate4_T1_260401_1236",2026-09-02 12:36:00,"T1","38C",4,"plate_4_38","D11","Sample",56,"360hpf",NA,10,472,""
"1584",20260401,"Resaz_Assay_plate4_T1_260401_1236",2026-09-02 12:36:00,"T1","38C",4,"plate_4_38","D12","Sample",57,"360hpf",NA,6,476,""
"1585",20260401,"Resaz_Assay_plate4_T1_260401_1236",2026-09-02 12:36:00,"T1","38C",4,"plate_4_38","E1","Sample",1,"360hpf",NA,31,1106,""
"1586",20260401,"Resaz_Assay_plate4_T1_260401_1236",2026-09-02 12:36:00,"T1","38C",4,"plate_4_38","E2","Sample",3,"360hpf",NA,16,649,""
"1587",20260401,"Resaz_Assay_plate4_T1_260401_1236",2026-09-02 12:36:00,"T1","38C",4,"plate_4_38","E3","Sample",4,"360hpf",NA,6,424,""
"1588",20260401,"Resaz_Assay_plate4_T1_260401_1236",2026-09-02 12:36:00,"T1","38C",4,"plate_4_38","E4","Sample",5,"360hpf",NA,11,527,""
"1589",20260401,"Resaz_Assay_plate4_T1_260401_1236",2026-09-02 12:36:00,"T1","38C",4,"plate_4_38","E5","Sample",6,"360hpf",NA,14,591,""
"1590",20260401,"Resaz_Assay_plate4_T1_260401_1236",2026-09-02 12:36:00,"T1","38C",4,"plate_4_38","E6","Sample",8,"360hpf",NA,11,445,""
"1591",20260401,"Resaz_Assay_plate4_T1_260401_1236",2026-09-02 12:36:00,"T1","38C",4,"plate_4_38","E7","Sample",52,"360hpf",NA,21,697,""
"1592",20260401,"Resaz_Assay_plate4_T1_260401_1236",2026-09-02 12:36:00,"T1","38C",4,"plate_4_38","E8","Sample",53,"360hpf",NA,63,1075,""
"1593",20260401,"Resaz_Assay_plate4_T1_260401_1236",2026-09-02 12:36:00,"T1","38C",4,"plate_4_38","E9","Sample",54,"360hpf",NA,11,666,""
"1594",20260401,"Resaz_Assay_plate4_T1_260401_1236",2026-09-02 12:36:00,"T1","38C",4,"plate_4_38","E10","Sample",55,"360hpf",NA,41,1204,""
"1595",20260401,"Resaz_Assay_plate4_T1_260401_1236",2026-09-02 12:36:00,"T1","38C",4,"plate_4_38","E11","Sample",56,"360hpf",NA,14,536,""
"1596",20260401,"Resaz_Assay_plate4_T1_260401_1236",2026-09-02 12:36:00,"T1","38C",4,"plate_4_38","E12","Sample",57,"360hpf",NA,34,649,""
"1597",20260401,"Resaz_Assay_plate4_T1_260401_1236",2026-09-02 12:36:00,"T1","38C",4,"plate_4_38","F1","Sample",1,"360hpf",NA,9,533,""
"1598",20260401,"Resaz_Assay_plate4_T1_260401_1236",2026-09-02 12:36:00,"T1","38C",4,"plate_4_38","F2","Sample",3,"360hpf",NA,8,502,""
"1599",20260401,"Resaz_Assay_plate4_T1_260401_1236",2026-09-02 12:36:00,"T1","38C",4,"plate_4_38","F3","Sample",4,"360hpf",NA,7,467,""
"1600",20260401,"Resaz_Assay_plate4_T1_260401_1236",2026-09-02 12:36:00,"T1","38C",4,"plate_4_38","F4","Sample",5,"360hpf",NA,18,680,""
"1601",20260401,"Resaz_Assay_plate4_T1_260401_1236",2026-09-02 12:36:00,"T1","38C",4,"plate_4_38","F5","Sample",6,"360hpf",NA,16,581,""
"1602",20260401,"Resaz_Assay_plate4_T1_260401_1236",2026-09-02 12:36:00,"T1","38C",4,"plate_4_38","F6","Sample",8,"360hpf",NA,38,682,""
"1603",20260401,"Resaz_Assay_plate4_T1_260401_1236",2026-09-02 12:36:00,"T1","38C",4,"plate_4_38","F7","Sample",52,"360hpf",NA,14,609,""
"1604",20260401,"Resaz_Assay_plate4_T1_260401_1236",2026-09-02 12:36:00,"T1","38C",4,"plate_4_38","F8","Sample",53,"360hpf",NA,6,472,""
"1605",20260401,"Resaz_Assay_plate4_T1_260401_1236",2026-09-02 12:36:00,"T1","38C",4,"plate_4_38","F9","Sample",54,"360hpf",NA,5,414,""
"1606",20260401,"Resaz_Assay_plate4_T1_260401_1236",2026-09-02 12:36:00,"T1","38C",4,"plate_4_38","F10","Sample",55,"360hpf",NA,12,575,""
"1607",20260401,"Resaz_Assay_plate4_T1_260401_1236",2026-09-02 12:36:00,"T1","38C",4,"plate_4_38","F11","Sample",56,"360hpf",NA,16,715,""
"1608",20260401,"Resaz_Assay_plate4_T1_260401_1236",2026-09-02 12:36:00,"T1","38C",4,"plate_4_38","F12","Sample",57,"360hpf",NA,13,519,""
"1609",20260401,"Resaz_Assay_plate4_T1_260401_1236",2026-09-02 12:36:00,"T1","38C",4,"plate_4_38","G1","Sample",1,"360hpf",NA,5,480,""
"1610",20260401,"Resaz_Assay_plate4_T1_260401_1236",2026-09-02 12:36:00,"T1","38C",4,"plate_4_38","G2","Sample",3,"360hpf",NA,18,652,""
"1611",20260401,"Resaz_Assay_plate4_T1_260401_1236",2026-09-02 12:36:00,"T1","38C",4,"plate_4_38","G3","Sample",4,"360hpf",NA,11,541,""
"1612",20260401,"Resaz_Assay_plate4_T1_260401_1236",2026-09-02 12:36:00,"T1","38C",4,"plate_4_38","G4","Sample",5,"360hpf",NA,27,990,""
"1613",20260401,"Resaz_Assay_plate4_T1_260401_1236",2026-09-02 12:36:00,"T1","38C",4,"plate_4_38","G5","Sample",6,"360hpf",NA,25,650,""
"1614",20260401,"Resaz_Assay_plate4_T1_260401_1236",2026-09-02 12:36:00,"T1","38C",4,"plate_4_38","G6","Sample",8,"360hpf",NA,56,818,""
"1615",20260401,"Resaz_Assay_plate4_T1_260401_1236",2026-09-02 12:36:00,"T1","38C",4,"plate_4_38","G7","Sample",52,"360hpf",NA,32,1051,""
"1616",20260401,"Resaz_Assay_plate4_T1_260401_1236",2026-09-02 12:36:00,"T1","38C",4,"plate_4_38","G8","Sample",53,"360hpf",NA,12,516,""
"1617",20260401,"Resaz_Assay_plate4_T1_260401_1236",2026-09-02 12:36:00,"T1","38C",4,"plate_4_38","G9","Sample",54,"360hpf",NA,11,571,""
"1618",20260401,"Resaz_Assay_plate4_T1_260401_1236",2026-09-02 12:36:00,"T1","38C",4,"plate_4_38","G10","Sample",55,"360hpf",NA,5,488,""
"1619",20260401,"Resaz_Assay_plate4_T1_260401_1236",2026-09-02 12:36:00,"T1","38C",4,"plate_4_38","G11","Sample",56,"360hpf",NA,8,378,""
"1620",20260401,"Resaz_Assay_plate4_T1_260401_1236",2026-09-02 12:36:00,"T1","38C",4,"plate_4_38","G12","Sample",57,"360hpf",NA,24,609,""
"1621",20260401,"Resaz_Assay_plate4_T1_260401_1236",2026-09-02 12:36:00,"T1","38C",4,"plate_4_38","H1","Blank",NA,"360hpf",NA,NA,358,""
"1622",20260401,"Resaz_Assay_plate4_T1_260401_1236",2026-09-02 12:36:00,"T1","38C",4,"plate_4_38","H2","Blank",NA,"360hpf",NA,NA,416,""
"1623",20260401,"Resaz_Assay_plate4_T1_260401_1236",2026-09-02 12:36:00,"T1","38C",4,"plate_4_38","H3","Blank",NA,"360hpf",NA,NA,411,""
"1624",20260401,"Resaz_Assay_plate4_T1_260401_1236",2026-09-02 12:36:00,"T1","38C",4,"plate_4_38","H4","Blank",NA,"360hpf",NA,NA,372,""
"1625",20260401,"Resaz_Assay_plate4_T1_260401_1236",2026-09-02 12:36:00,"T1","38C",4,"plate_4_38","H5","Blank",NA,"360hpf",NA,NA,382,""
"1626",20260401,"Resaz_Assay_plate4_T1_260401_1236",2026-09-02 12:36:00,"T1","38C",4,"plate_4_38","H6","Blank",NA,"360hpf",NA,NA,394,""
"1627",20260401,"Resaz_Assay_plate4_T1_260401_1236",2026-09-02 12:36:00,"T1","38C",4,"plate_4_38","H7","Blank",NA,"360hpf",NA,NA,365,""
"1628",20260401,"Resaz_Assay_plate4_T1_260401_1236",2026-09-02 12:36:00,"T1","38C",4,"plate_4_38","H8","Blank",NA,"360hpf",NA,NA,384,""
"1629",20260401,"Resaz_Assay_plate4_T1_260401_1236",2026-09-02 12:36:00,"T1","38C",4,"plate_4_38","H9","Blank",NA,"360hpf",NA,NA,410,""
"1630",20260401,"Resaz_Assay_plate4_T1_260401_1236",2026-09-02 12:36:00,"T1","38C",4,"plate_4_38","H10","Blank",NA,"360hpf",NA,NA,417,""
"1631",20260401,"Resaz_Assay_plate4_T1_260401_1236",2026-09-02 12:36:00,"T1","38C",4,"plate_4_38","H11","Blank",NA,"360hpf",NA,NA,419,""
"1632",20260401,"Resaz_Assay_plate4_T1_260401_1236",2026-09-02 12:36:00,"T1","38C",4,"plate_4_38","H12","Blank",NA,"360hpf",NA,NA,432,""
"1633",20260401,"Resaz_Assay_plate4_T2_260401_1340",2026-09-02 13:40:00,"T2","38C",4,"plate_4_38","A1","Sample",1,"360hpf",NA,60,2960,""
"1634",20260401,"Resaz_Assay_plate4_T2_260401_1340",2026-09-02 13:40:00,"T2","38C",4,"plate_4_38","A2","Sample",3,"360hpf",NA,8,730,""
"1635",20260401,"Resaz_Assay_plate4_T2_260401_1340",2026-09-02 13:40:00,"T2","38C",4,"plate_4_38","A3","Sample",4,"360hpf",NA,3,530,""
"1636",20260401,"Resaz_Assay_plate4_T2_260401_1340",2026-09-02 13:40:00,"T2","38C",4,"plate_4_38","A4","Sample",5,"360hpf",NA,10,785,""
"1637",20260401,"Resaz_Assay_plate4_T2_260401_1340",2026-09-02 13:40:00,"T2","38C",4,"plate_4_38","A5","Sample",6,"360hpf",NA,14,886,""
"1638",20260401,"Resaz_Assay_plate4_T2_260401_1340",2026-09-02 13:40:00,"T2","38C",4,"plate_4_38","A6","Sample",8,"360hpf",NA,10,562,""
"1639",20260401,"Resaz_Assay_plate4_T2_260401_1340",2026-09-02 13:40:00,"T2","38C",4,"plate_4_38","A7","Sample",52,"360hpf",NA,18,1036,""
"1640",20260401,"Resaz_Assay_plate4_T2_260401_1340",2026-09-02 13:40:00,"T2","38C",4,"plate_4_38","A8","Sample",53,"360hpf",NA,4,497,""
"1641",20260401,"Resaz_Assay_plate4_T2_260401_1340",2026-09-02 13:40:00,"T2","38C",4,"plate_4_38","A9","Sample",54,"360hpf",NA,17,978,""
"1642",20260401,"Resaz_Assay_plate4_T2_260401_1340",2026-09-02 13:40:00,"T2","38C",4,"plate_4_38","A10","Sample",55,"360hpf",NA,13,961,""
"1643",20260401,"Resaz_Assay_plate4_T2_260401_1340",2026-09-02 13:40:00,"T2","38C",4,"plate_4_38","A11","Sample",56,"360hpf",NA,27,1647,""
"1644",20260401,"Resaz_Assay_plate4_T2_260401_1340",2026-09-02 13:40:00,"T2","38C",4,"plate_4_38","A12","Sample",57,"360hpf",NA,25,1000,""
"1645",20260401,"Resaz_Assay_plate4_T2_260401_1340",2026-09-02 13:40:00,"T2","38C",4,"plate_4_38","B1","Sample",1,"360hpf",NA,13,938,""
"1646",20260401,"Resaz_Assay_plate4_T2_260401_1340",2026-09-02 13:40:00,"T2","38C",4,"plate_4_38","B2","Sample",3,"360hpf",NA,13,790,""
"1647",20260401,"Resaz_Assay_plate4_T2_260401_1340",2026-09-02 13:40:00,"T2","38C",4,"plate_4_38","B3","Sample",4,"360hpf",NA,47,2015,""
"1648",20260401,"Resaz_Assay_plate4_T2_260401_1340",2026-09-02 13:40:00,"T2","38C",4,"plate_4_38","B4","Sample",5,"360hpf",NA,5,562,""
"1649",20260401,"Resaz_Assay_plate4_T2_260401_1340",2026-09-02 13:40:00,"T2","38C",4,"plate_4_38","B5","Sample",6,"360hpf",NA,12,851,""
"1650",20260401,"Resaz_Assay_plate4_T2_260401_1340",2026-09-02 13:40:00,"T2","38C",4,"plate_4_38","B6","Sample",8,"360hpf",NA,24,985,""
"1651",20260401,"Resaz_Assay_plate4_T2_260401_1340",2026-09-02 13:40:00,"T2","38C",4,"plate_4_38","B7","Sample",52,"360hpf",NA,24,1403,""
"1652",20260401,"Resaz_Assay_plate4_T2_260401_1340",2026-09-02 13:40:00,"T2","38C",4,"plate_4_38","B8","Sample",53,"360hpf",NA,19,1061,""
"1653",20260401,"Resaz_Assay_plate4_T2_260401_1340",2026-09-02 13:40:00,"T2","38C",4,"plate_4_38","B9","Sample",54,"360hpf",NA,28,1483,""
"1654",20260401,"Resaz_Assay_plate4_T2_260401_1340",2026-09-02 13:40:00,"T2","38C",4,"plate_4_38","B10","Sample",55,"360hpf",NA,5,586,""
"1655",20260401,"Resaz_Assay_plate4_T2_260401_1340",2026-09-02 13:40:00,"T2","38C",4,"plate_4_38","B11","Sample",56,"360hpf",NA,17,1107,""
"1656",20260401,"Resaz_Assay_plate4_T2_260401_1340",2026-09-02 13:40:00,"T2","38C",4,"plate_4_38","B12","Sample",57,"360hpf",NA,17,809,""
"1657",20260401,"Resaz_Assay_plate4_T2_260401_1340",2026-09-02 13:40:00,"T2","38C",4,"plate_4_38","C1","Sample",1,"360hpf",NA,19,1322,""
"1658",20260401,"Resaz_Assay_plate4_T2_260401_1340",2026-09-02 13:40:00,"T2","38C",4,"plate_4_38","C2","Sample",3,"360hpf",NA,12,767,""
"1659",20260401,"Resaz_Assay_plate4_T2_260401_1340",2026-09-02 13:40:00,"T2","38C",4,"plate_4_38","C3","Sample",4,"360hpf",NA,8,526,""
"1660",20260401,"Resaz_Assay_plate4_T2_260401_1340",2026-09-02 13:40:00,"T2","38C",4,"plate_4_38","C4","Sample",5,"360hpf",NA,15,628,""
"1661",20260401,"Resaz_Assay_plate4_T2_260401_1340",2026-09-02 13:40:00,"T2","38C",4,"plate_4_38","C5","Sample",6,"360hpf",NA,6,591,""
"1662",20260401,"Resaz_Assay_plate4_T2_260401_1340",2026-09-02 13:40:00,"T2","38C",4,"plate_4_38","C6","Sample",8,"360hpf",NA,10,452,""
"1663",20260401,"Resaz_Assay_plate4_T2_260401_1340",2026-09-02 13:40:00,"T2","38C",4,"plate_4_38","C7","Sample",52,"360hpf",NA,16,1246,""
"1664",20260401,"Resaz_Assay_plate4_T2_260401_1340",2026-09-02 13:40:00,"T2","38C",4,"plate_4_38","C8","Sample",53,"360hpf",NA,33,1430,""
"1665",20260401,"Resaz_Assay_plate4_T2_260401_1340",2026-09-02 13:40:00,"T2","38C",4,"plate_4_38","C9","Sample",54,"360hpf",NA,9,697,""
"1666",20260401,"Resaz_Assay_plate4_T2_260401_1340",2026-09-02 13:40:00,"T2","38C",4,"plate_4_38","C10","Sample",55,"360hpf",NA,8,711,""
"1667",20260401,"Resaz_Assay_plate4_T2_260401_1340",2026-09-02 13:40:00,"T2","38C",4,"plate_4_38","C11","Sample",56,"360hpf",NA,24,1412,""
"1668",20260401,"Resaz_Assay_plate4_T2_260401_1340",2026-09-02 13:40:00,"T2","38C",4,"plate_4_38","C12","Sample",57,"360hpf",NA,13,853,""
"1669",20260401,"Resaz_Assay_plate4_T2_260401_1340",2026-09-02 13:40:00,"T2","38C",4,"plate_4_38","D1","Sample",1,"360hpf",NA,71,3843,""
"1670",20260401,"Resaz_Assay_plate4_T2_260401_1340",2026-09-02 13:40:00,"T2","38C",4,"plate_4_38","D2","Sample",3,"360hpf",NA,18,1208,""
"1671",20260401,"Resaz_Assay_plate4_T2_260401_1340",2026-09-02 13:40:00,"T2","38C",4,"plate_4_38","D3","Sample",4,"360hpf",NA,9,645,""
"1672",20260401,"Resaz_Assay_plate4_T2_260401_1340",2026-09-02 13:40:00,"T2","38C",4,"plate_4_38","D4","Sample",5,"360hpf",NA,11,807,""
"1673",20260401,"Resaz_Assay_plate4_T2_260401_1340",2026-09-02 13:40:00,"T2","38C",4,"plate_4_38","D5","Sample",6,"360hpf",NA,13,767,""
"1674",20260401,"Resaz_Assay_plate4_T2_260401_1340",2026-09-02 13:40:00,"T2","38C",4,"plate_4_38","D6","Sample",8,"360hpf",NA,17,429,""
"1675",20260401,"Resaz_Assay_plate4_T2_260401_1340",2026-09-02 13:40:00,"T2","38C",4,"plate_4_38","D7","Sample",52,"360hpf",NA,23,1184,""
"1676",20260401,"Resaz_Assay_plate4_T2_260401_1340",2026-09-02 13:40:00,"T2","38C",4,"plate_4_38","D8","Sample",53,"360hpf",NA,3,401,""
"1677",20260401,"Resaz_Assay_plate4_T2_260401_1340",2026-09-02 13:40:00,"T2","38C",4,"plate_4_38","D9","Sample",54,"360hpf",NA,25,1453,""
"1678",20260401,"Resaz_Assay_plate4_T2_260401_1340",2026-09-02 13:40:00,"T2","38C",4,"plate_4_38","D10","Sample",55,"360hpf",NA,22,1151,""
"1679",20260401,"Resaz_Assay_plate4_T2_260401_1340",2026-09-02 13:40:00,"T2","38C",4,"plate_4_38","D11","Sample",56,"360hpf",NA,10,722,""
"1680",20260401,"Resaz_Assay_plate4_T2_260401_1340",2026-09-02 13:40:00,"T2","38C",4,"plate_4_38","D12","Sample",57,"360hpf",NA,6,679,""
"1681",20260401,"Resaz_Assay_plate4_T2_260401_1340",2026-09-02 13:40:00,"T2","38C",4,"plate_4_38","E1","Sample",1,"360hpf",NA,31,1758,""
"1682",20260401,"Resaz_Assay_plate4_T2_260401_1340",2026-09-02 13:40:00,"T2","38C",4,"plate_4_38","E2","Sample",3,"360hpf",NA,16,1001,""
"1683",20260401,"Resaz_Assay_plate4_T2_260401_1340",2026-09-02 13:40:00,"T2","38C",4,"plate_4_38","E3","Sample",4,"360hpf",NA,6,532,""
"1684",20260401,"Resaz_Assay_plate4_T2_260401_1340",2026-09-02 13:40:00,"T2","38C",4,"plate_4_38","E4","Sample",5,"360hpf",NA,11,658,""
"1685",20260401,"Resaz_Assay_plate4_T2_260401_1340",2026-09-02 13:40:00,"T2","38C",4,"plate_4_38","E5","Sample",6,"360hpf",NA,14,971,""
"1686",20260401,"Resaz_Assay_plate4_T2_260401_1340",2026-09-02 13:40:00,"T2","38C",4,"plate_4_38","E6","Sample",8,"360hpf",NA,11,497,""
"1687",20260401,"Resaz_Assay_plate4_T2_260401_1340",2026-09-02 13:40:00,"T2","38C",4,"plate_4_38","E7","Sample",52,"360hpf",NA,21,1227,""
"1688",20260401,"Resaz_Assay_plate4_T2_260401_1340",2026-09-02 13:40:00,"T2","38C",4,"plate_4_38","E8","Sample",53,"360hpf",NA,63,2531,""
"1689",20260401,"Resaz_Assay_plate4_T2_260401_1340",2026-09-02 13:40:00,"T2","38C",4,"plate_4_38","E9","Sample",54,"360hpf",NA,11,965,""
"1690",20260401,"Resaz_Assay_plate4_T2_260401_1340",2026-09-02 13:40:00,"T2","38C",4,"plate_4_38","E10","Sample",55,"360hpf",NA,41,2131,""
"1691",20260401,"Resaz_Assay_plate4_T2_260401_1340",2026-09-02 13:40:00,"T2","38C",4,"plate_4_38","E11","Sample",56,"360hpf",NA,14,883,""
"1692",20260401,"Resaz_Assay_plate4_T2_260401_1340",2026-09-02 13:40:00,"T2","38C",4,"plate_4_38","E12","Sample",57,"360hpf",NA,34,1523,""
"1693",20260401,"Resaz_Assay_plate4_T2_260401_1340",2026-09-02 13:40:00,"T2","38C",4,"plate_4_38","F1","Sample",1,"360hpf",NA,9,672,""
"1694",20260401,"Resaz_Assay_plate4_T2_260401_1340",2026-09-02 13:40:00,"T2","38C",4,"plate_4_38","F2","Sample",3,"360hpf",NA,8,692,""
"1695",20260401,"Resaz_Assay_plate4_T2_260401_1340",2026-09-02 13:40:00,"T2","38C",4,"plate_4_38","F3","Sample",4,"360hpf",NA,7,654,""
"1696",20260401,"Resaz_Assay_plate4_T2_260401_1340",2026-09-02 13:40:00,"T2","38C",4,"plate_4_38","F4","Sample",5,"360hpf",NA,18,891,""
"1697",20260401,"Resaz_Assay_plate4_T2_260401_1340",2026-09-02 13:40:00,"T2","38C",4,"plate_4_38","F5","Sample",6,"360hpf",NA,16,1066,""
"1698",20260401,"Resaz_Assay_plate4_T2_260401_1340",2026-09-02 13:40:00,"T2","38C",4,"plate_4_38","F6","Sample",8,"360hpf",NA,38,993,""
"1699",20260401,"Resaz_Assay_plate4_T2_260401_1340",2026-09-02 13:40:00,"T2","38C",4,"plate_4_38","F7","Sample",52,"360hpf",NA,14,916,""
"1700",20260401,"Resaz_Assay_plate4_T2_260401_1340",2026-09-02 13:40:00,"T2","38C",4,"plate_4_38","F8","Sample",53,"360hpf",NA,6,605,""
"1701",20260401,"Resaz_Assay_plate4_T2_260401_1340",2026-09-02 13:40:00,"T2","38C",4,"plate_4_38","F9","Sample",54,"360hpf",NA,5,580,""
"1702",20260401,"Resaz_Assay_plate4_T2_260401_1340",2026-09-02 13:40:00,"T2","38C",4,"plate_4_38","F10","Sample",55,"360hpf",NA,12,821,""
"1703",20260401,"Resaz_Assay_plate4_T2_260401_1340",2026-09-02 13:40:00,"T2","38C",4,"plate_4_38","F11","Sample",56,"360hpf",NA,16,1185,""
"1704",20260401,"Resaz_Assay_plate4_T2_260401_1340",2026-09-02 13:40:00,"T2","38C",4,"plate_4_38","F12","Sample",57,"360hpf",NA,13,990,""
"1705",20260401,"Resaz_Assay_plate4_T2_260401_1340",2026-09-02 13:40:00,"T2","38C",4,"plate_4_38","G1","Sample",1,"360hpf",NA,5,563,""
"1706",20260401,"Resaz_Assay_plate4_T2_260401_1340",2026-09-02 13:40:00,"T2","38C",4,"plate_4_38","G2","Sample",3,"360hpf",NA,18,1000,""
"1707",20260401,"Resaz_Assay_plate4_T2_260401_1340",2026-09-02 13:40:00,"T2","38C",4,"plate_4_38","G3","Sample",4,"360hpf",NA,11,876,""
"1708",20260401,"Resaz_Assay_plate4_T2_260401_1340",2026-09-02 13:40:00,"T2","38C",4,"plate_4_38","G4","Sample",5,"360hpf",NA,27,1628,""
"1709",20260401,"Resaz_Assay_plate4_T2_260401_1340",2026-09-02 13:40:00,"T2","38C",4,"plate_4_38","G5","Sample",6,"360hpf",NA,25,1260,""
"1710",20260401,"Resaz_Assay_plate4_T2_260401_1340",2026-09-02 13:40:00,"T2","38C",4,"plate_4_38","G6","Sample",8,"360hpf",NA,56,1440,""
"1711",20260401,"Resaz_Assay_plate4_T2_260401_1340",2026-09-02 13:40:00,"T2","38C",4,"plate_4_38","G7","Sample",52,"360hpf",NA,32,1785,""
"1712",20260401,"Resaz_Assay_plate4_T2_260401_1340",2026-09-02 13:40:00,"T2","38C",4,"plate_4_38","G8","Sample",53,"360hpf",NA,12,835,""
"1713",20260401,"Resaz_Assay_plate4_T2_260401_1340",2026-09-02 13:40:00,"T2","38C",4,"plate_4_38","G9","Sample",54,"360hpf",NA,11,839,""
"1714",20260401,"Resaz_Assay_plate4_T2_260401_1340",2026-09-02 13:40:00,"T2","38C",4,"plate_4_38","G10","Sample",55,"360hpf",NA,5,625,""
"1715",20260401,"Resaz_Assay_plate4_T2_260401_1340",2026-09-02 13:40:00,"T2","38C",4,"plate_4_38","G11","Sample",56,"360hpf",NA,8,546,""
"1716",20260401,"Resaz_Assay_plate4_T2_260401_1340",2026-09-02 13:40:00,"T2","38C",4,"plate_4_38","G12","Sample",57,"360hpf",NA,24,1332,""
"1717",20260401,"Resaz_Assay_plate4_T2_260401_1340",2026-09-02 13:40:00,"T2","38C",4,"plate_4_38","H1","Blank",NA,"360hpf",NA,NA,387,""
"1718",20260401,"Resaz_Assay_plate4_T2_260401_1340",2026-09-02 13:40:00,"T2","38C",4,"plate_4_38","H2","Blank",NA,"360hpf",NA,NA,460,""
"1719",20260401,"Resaz_Assay_plate4_T2_260401_1340",2026-09-02 13:40:00,"T2","38C",4,"plate_4_38","H3","Blank",NA,"360hpf",NA,NA,454,""
"1720",20260401,"Resaz_Assay_plate4_T2_260401_1340",2026-09-02 13:40:00,"T2","38C",4,"plate_4_38","H4","Blank",NA,"360hpf",NA,NA,408,""
"1721",20260401,"Resaz_Assay_plate4_T2_260401_1340",2026-09-02 13:40:00,"T2","38C",4,"plate_4_38","H5","Blank",NA,"360hpf",NA,NA,417,""
"1722",20260401,"Resaz_Assay_plate4_T2_260401_1340",2026-09-02 13:40:00,"T2","38C",4,"plate_4_38","H6","Blank",NA,"360hpf",NA,NA,429,""
"1723",20260401,"Resaz_Assay_plate4_T2_260401_1340",2026-09-02 13:40:00,"T2","38C",4,"plate_4_38","H7","Blank",NA,"360hpf",NA,NA,396,""
"1724",20260401,"Resaz_Assay_plate4_T2_260401_1340",2026-09-02 13:40:00,"T2","38C",4,"plate_4_38","H8","Blank",NA,"360hpf",NA,NA,418,""
"1725",20260401,"Resaz_Assay_plate4_T2_260401_1340",2026-09-02 13:40:00,"T2","38C",4,"plate_4_38","H9","Blank",NA,"360hpf",NA,NA,453,""
"1726",20260401,"Resaz_Assay_plate4_T2_260401_1340",2026-09-02 13:40:00,"T2","38C",4,"plate_4_38","H10","Blank",NA,"360hpf",NA,NA,467,""
"1727",20260401,"Resaz_Assay_plate4_T2_260401_1340",2026-09-02 13:40:00,"T2","38C",4,"plate_4_38","H11","Blank",NA,"360hpf",NA,NA,502,""
"1728",20260401,"Resaz_Assay_plate4_T2_260401_1340",2026-09-02 13:40:00,"T2","38C",4,"plate_4_38","H12","Blank",NA,"360hpf",NA,NA,584,""
"1729",20260401,"Resaz_Assay_plate4_T3_260401_1444",2026-09-02 14:44:00,"T3","38C",4,"plate_4_38","A1","Sample",1,"360hpf",NA,60,4269,""
"1730",20260401,"Resaz_Assay_plate4_T3_260401_1444",2026-09-02 14:44:00,"T3","38C",4,"plate_4_38","A2","Sample",3,"360hpf",NA,8,937,""
"1731",20260401,"Resaz_Assay_plate4_T3_260401_1444",2026-09-02 14:44:00,"T3","38C",4,"plate_4_38","A3","Sample",4,"360hpf",NA,3,645,""
"1732",20260401,"Resaz_Assay_plate4_T3_260401_1444",2026-09-02 14:44:00,"T3","38C",4,"plate_4_38","A4","Sample",5,"360hpf",NA,10,996,""
"1733",20260401,"Resaz_Assay_plate4_T3_260401_1444",2026-09-02 14:44:00,"T3","38C",4,"plate_4_38","A5","Sample",6,"360hpf",NA,14,1147,""
"1734",20260401,"Resaz_Assay_plate4_T3_260401_1444",2026-09-02 14:44:00,"T3","38C",4,"plate_4_38","A6","Sample",8,"360hpf",NA,10,700,""
"1735",20260401,"Resaz_Assay_plate4_T3_260401_1444",2026-09-02 14:44:00,"T3","38C",4,"plate_4_38","A7","Sample",52,"360hpf",NA,18,1475,""
"1736",20260401,"Resaz_Assay_plate4_T3_260401_1444",2026-09-02 14:44:00,"T3","38C",4,"plate_4_38","A8","Sample",53,"360hpf",NA,4,656,""
"1737",20260401,"Resaz_Assay_plate4_T3_260401_1444",2026-09-02 14:44:00,"T3","38C",4,"plate_4_38","A9","Sample",54,"360hpf",NA,17,1306,""
"1738",20260401,"Resaz_Assay_plate4_T3_260401_1444",2026-09-02 14:44:00,"T3","38C",4,"plate_4_38","A10","Sample",55,"360hpf",NA,13,1209,""
"1739",20260401,"Resaz_Assay_plate4_T3_260401_1444",2026-09-02 14:44:00,"T3","38C",4,"plate_4_38","A11","Sample",56,"360hpf",NA,27,2317,""
"1740",20260401,"Resaz_Assay_plate4_T3_260401_1444",2026-09-02 14:44:00,"T3","38C",4,"plate_4_38","A12","Sample",57,"360hpf",NA,25,1668,""
"1741",20260401,"Resaz_Assay_plate4_T3_260401_1444",2026-09-02 14:44:00,"T3","38C",4,"plate_4_38","B1","Sample",1,"360hpf",NA,13,1149,""
"1742",20260401,"Resaz_Assay_plate4_T3_260401_1444",2026-09-02 14:44:00,"T3","38C",4,"plate_4_38","B2","Sample",3,"360hpf",NA,13,1176,""
"1743",20260401,"Resaz_Assay_plate4_T3_260401_1444",2026-09-02 14:44:00,"T3","38C",4,"plate_4_38","B3","Sample",4,"360hpf",NA,47,3330,""
"1744",20260401,"Resaz_Assay_plate4_T3_260401_1444",2026-09-02 14:44:00,"T3","38C",4,"plate_4_38","B4","Sample",5,"360hpf",NA,5,702,""
"1745",20260401,"Resaz_Assay_plate4_T3_260401_1444",2026-09-02 14:44:00,"T3","38C",4,"plate_4_38","B5","Sample",6,"360hpf",NA,12,1265,""
"1746",20260401,"Resaz_Assay_plate4_T3_260401_1444",2026-09-02 14:44:00,"T3","38C",4,"plate_4_38","B6","Sample",8,"360hpf",NA,24,1412,""
"1747",20260401,"Resaz_Assay_plate4_T3_260401_1444",2026-09-02 14:44:00,"T3","38C",4,"plate_4_38","B7","Sample",52,"360hpf",NA,24,1897,""
"1748",20260401,"Resaz_Assay_plate4_T3_260401_1444",2026-09-02 14:44:00,"T3","38C",4,"plate_4_38","B8","Sample",53,"360hpf",NA,19,1436,""
"1749",20260401,"Resaz_Assay_plate4_T3_260401_1444",2026-09-02 14:44:00,"T3","38C",4,"plate_4_38","B9","Sample",54,"360hpf",NA,28,2123,""
"1750",20260401,"Resaz_Assay_plate4_T3_260401_1444",2026-09-02 14:44:00,"T3","38C",4,"plate_4_38","B10","Sample",55,"360hpf",NA,5,672,""
"1751",20260401,"Resaz_Assay_plate4_T3_260401_1444",2026-09-02 14:44:00,"T3","38C",4,"plate_4_38","B11","Sample",56,"360hpf",NA,17,1530,""
"1752",20260401,"Resaz_Assay_plate4_T3_260401_1444",2026-09-02 14:44:00,"T3","38C",4,"plate_4_38","B12","Sample",57,"360hpf",NA,17,1306,""
"1753",20260401,"Resaz_Assay_plate4_T3_260401_1444",2026-09-02 14:44:00,"T3","38C",4,"plate_4_38","C1","Sample",1,"360hpf",NA,19,1618,""
"1754",20260401,"Resaz_Assay_plate4_T3_260401_1444",2026-09-02 14:44:00,"T3","38C",4,"plate_4_38","C2","Sample",3,"360hpf",NA,12,1050,""
"1755",20260401,"Resaz_Assay_plate4_T3_260401_1444",2026-09-02 14:44:00,"T3","38C",4,"plate_4_38","C3","Sample",4,"360hpf",NA,8,794,""
"1756",20260401,"Resaz_Assay_plate4_T3_260401_1444",2026-09-02 14:44:00,"T3","38C",4,"plate_4_38","C4","Sample",5,"360hpf",NA,15,900,""
"1757",20260401,"Resaz_Assay_plate4_T3_260401_1444",2026-09-02 14:44:00,"T3","38C",4,"plate_4_38","C5","Sample",6,"360hpf",NA,6,754,""
"1758",20260401,"Resaz_Assay_plate4_T3_260401_1444",2026-09-02 14:44:00,"T3","38C",4,"plate_4_38","C6","Sample",8,"360hpf",NA,10,558,""
"1759",20260401,"Resaz_Assay_plate4_T3_260401_1444",2026-09-02 14:44:00,"T3","38C",4,"plate_4_38","C7","Sample",52,"360hpf",NA,16,1450,""
"1760",20260401,"Resaz_Assay_plate4_T3_260401_1444",2026-09-02 14:44:00,"T3","38C",4,"plate_4_38","C8","Sample",53,"360hpf",NA,33,2068,""
"1761",20260401,"Resaz_Assay_plate4_T3_260401_1444",2026-09-02 14:44:00,"T3","38C",4,"plate_4_38","C9","Sample",54,"360hpf",NA,9,867,""
"1762",20260401,"Resaz_Assay_plate4_T3_260401_1444",2026-09-02 14:44:00,"T3","38C",4,"plate_4_38","C10","Sample",55,"360hpf",NA,8,882,""
"1763",20260401,"Resaz_Assay_plate4_T3_260401_1444",2026-09-02 14:44:00,"T3","38C",4,"plate_4_38","C11","Sample",56,"360hpf",NA,24,2024,""
"1764",20260401,"Resaz_Assay_plate4_T3_260401_1444",2026-09-02 14:44:00,"T3","38C",4,"plate_4_38","C12","Sample",57,"360hpf",NA,13,1218,""
"1765",20260401,"Resaz_Assay_plate4_T3_260401_1444",2026-09-02 14:44:00,"T3","38C",4,"plate_4_38","D1","Sample",1,"360hpf",NA,71,5440,""
"1766",20260401,"Resaz_Assay_plate4_T3_260401_1444",2026-09-02 14:44:00,"T3","38C",4,"plate_4_38","D2","Sample",3,"360hpf",NA,18,1707,""
"1767",20260401,"Resaz_Assay_plate4_T3_260401_1444",2026-09-02 14:44:00,"T3","38C",4,"plate_4_38","D3","Sample",4,"360hpf",NA,9,857,""
"1768",20260401,"Resaz_Assay_plate4_T3_260401_1444",2026-09-02 14:44:00,"T3","38C",4,"plate_4_38","D4","Sample",5,"360hpf",NA,11,1081,""
"1769",20260401,"Resaz_Assay_plate4_T3_260401_1444",2026-09-02 14:44:00,"T3","38C",4,"plate_4_38","D5","Sample",6,"360hpf",NA,13,1047,""
"1770",20260401,"Resaz_Assay_plate4_T3_260401_1444",2026-09-02 14:44:00,"T3","38C",4,"plate_4_38","D6","Sample",8,"360hpf",NA,17,656,""
"1771",20260401,"Resaz_Assay_plate4_T3_260401_1444",2026-09-02 14:44:00,"T3","38C",4,"plate_4_38","D7","Sample",52,"360hpf",NA,23,1473,""
"1772",20260401,"Resaz_Assay_plate4_T3_260401_1444",2026-09-02 14:44:00,"T3","38C",4,"plate_4_38","D8","Sample",53,"360hpf",NA,3,490,""
"1773",20260401,"Resaz_Assay_plate4_T3_260401_1444",2026-09-02 14:44:00,"T3","38C",4,"plate_4_38","D9","Sample",54,"360hpf",NA,25,2197,""
"1774",20260401,"Resaz_Assay_plate4_T3_260401_1444",2026-09-02 14:44:00,"T3","38C",4,"plate_4_38","D10","Sample",55,"360hpf",NA,22,1505,""
"1775",20260401,"Resaz_Assay_plate4_T3_260401_1444",2026-09-02 14:44:00,"T3","38C",4,"plate_4_38","D11","Sample",56,"360hpf",NA,10,960,""
"1776",20260401,"Resaz_Assay_plate4_T3_260401_1444",2026-09-02 14:44:00,"T3","38C",4,"plate_4_38","D12","Sample",57,"360hpf",NA,6,921,""
"1777",20260401,"Resaz_Assay_plate4_T3_260401_1444",2026-09-02 14:44:00,"T3","38C",4,"plate_4_38","E1","Sample",1,"360hpf",NA,31,2389,""
"1778",20260401,"Resaz_Assay_plate4_T3_260401_1444",2026-09-02 14:44:00,"T3","38C",4,"plate_4_38","E2","Sample",3,"360hpf",NA,16,1366,""
"1779",20260401,"Resaz_Assay_plate4_T3_260401_1444",2026-09-02 14:44:00,"T3","38C",4,"plate_4_38","E3","Sample",4,"360hpf",NA,6,732,""
"1780",20260401,"Resaz_Assay_plate4_T3_260401_1444",2026-09-02 14:44:00,"T3","38C",4,"plate_4_38","E4","Sample",5,"360hpf",NA,11,899,""
"1781",20260401,"Resaz_Assay_plate4_T3_260401_1444",2026-09-02 14:44:00,"T3","38C",4,"plate_4_38","E5","Sample",6,"360hpf",NA,14,1313,""
"1782",20260401,"Resaz_Assay_plate4_T3_260401_1444",2026-09-02 14:44:00,"T3","38C",4,"plate_4_38","E6","Sample",8,"360hpf",NA,11,753,""
"1783",20260401,"Resaz_Assay_plate4_T3_260401_1444",2026-09-02 14:44:00,"T3","38C",4,"plate_4_38","E7","Sample",52,"360hpf",NA,21,1438,""
"1784",20260401,"Resaz_Assay_plate4_T3_260401_1444",2026-09-02 14:44:00,"T3","38C",4,"plate_4_38","E8","Sample",53,"360hpf",NA,63,3632,""
"1785",20260401,"Resaz_Assay_plate4_T3_260401_1444",2026-09-02 14:44:00,"T3","38C",4,"plate_4_38","E9","Sample",54,"360hpf",NA,11,1226,""
"1786",20260401,"Resaz_Assay_plate4_T3_260401_1444",2026-09-02 14:44:00,"T3","38C",4,"plate_4_38","E10","Sample",55,"360hpf",NA,41,2874,""
"1787",20260401,"Resaz_Assay_plate4_T3_260401_1444",2026-09-02 14:44:00,"T3","38C",4,"plate_4_38","E11","Sample",56,"360hpf",NA,14,1202,""
"1788",20260401,"Resaz_Assay_plate4_T3_260401_1444",2026-09-02 14:44:00,"T3","38C",4,"plate_4_38","E12","Sample",57,"360hpf",NA,34,2897,""
"1789",20260401,"Resaz_Assay_plate4_T3_260401_1444",2026-09-02 14:44:00,"T3","38C",4,"plate_4_38","F1","Sample",1,"360hpf",NA,9,852,""
"1790",20260401,"Resaz_Assay_plate4_T3_260401_1444",2026-09-02 14:44:00,"T3","38C",4,"plate_4_38","F2","Sample",3,"360hpf",NA,8,796,""
"1791",20260401,"Resaz_Assay_plate4_T3_260401_1444",2026-09-02 14:44:00,"T3","38C",4,"plate_4_38","F3","Sample",4,"360hpf",NA,7,833,""
"1792",20260401,"Resaz_Assay_plate4_T3_260401_1444",2026-09-02 14:44:00,"T3","38C",4,"plate_4_38","F4","Sample",5,"360hpf",NA,18,1301,""
"1793",20260401,"Resaz_Assay_plate4_T3_260401_1444",2026-09-02 14:44:00,"T3","38C",4,"plate_4_38","F5","Sample",6,"360hpf",NA,16,1438,""
"1794",20260401,"Resaz_Assay_plate4_T3_260401_1444",2026-09-02 14:44:00,"T3","38C",4,"plate_4_38","F6","Sample",8,"360hpf",NA,38,1352,""
"1795",20260401,"Resaz_Assay_plate4_T3_260401_1444",2026-09-02 14:44:00,"T3","38C",4,"plate_4_38","F7","Sample",52,"360hpf",NA,14,1095,""
"1796",20260401,"Resaz_Assay_plate4_T3_260401_1444",2026-09-02 14:44:00,"T3","38C",4,"plate_4_38","F8","Sample",53,"360hpf",NA,6,673,""
"1797",20260401,"Resaz_Assay_plate4_T3_260401_1444",2026-09-02 14:44:00,"T3","38C",4,"plate_4_38","F9","Sample",54,"360hpf",NA,5,689,""
"1798",20260401,"Resaz_Assay_plate4_T3_260401_1444",2026-09-02 14:44:00,"T3","38C",4,"plate_4_38","F10","Sample",55,"360hpf",NA,12,1017,""
"1799",20260401,"Resaz_Assay_plate4_T3_260401_1444",2026-09-02 14:44:00,"T3","38C",4,"plate_4_38","F11","Sample",56,"360hpf",NA,16,1591,""
"1800",20260401,"Resaz_Assay_plate4_T3_260401_1444",2026-09-02 14:44:00,"T3","38C",4,"plate_4_38","F12","Sample",57,"360hpf",NA,13,1614,""
"1801",20260401,"Resaz_Assay_plate4_T3_260401_1444",2026-09-02 14:44:00,"T3","38C",4,"plate_4_38","G1","Sample",1,"360hpf",NA,5,640,""
"1802",20260401,"Resaz_Assay_plate4_T3_260401_1444",2026-09-02 14:44:00,"T3","38C",4,"plate_4_38","G2","Sample",3,"360hpf",NA,18,1387,""
"1803",20260401,"Resaz_Assay_plate4_T3_260401_1444",2026-09-02 14:44:00,"T3","38C",4,"plate_4_38","G3","Sample",4,"360hpf",NA,11,1142,""
"1804",20260401,"Resaz_Assay_plate4_T3_260401_1444",2026-09-02 14:44:00,"T3","38C",4,"plate_4_38","G4","Sample",5,"360hpf",NA,27,1959,""
"1805",20260401,"Resaz_Assay_plate4_T3_260401_1444",2026-09-02 14:44:00,"T3","38C",4,"plate_4_38","G5","Sample",6,"360hpf",NA,25,1906,""
"1806",20260401,"Resaz_Assay_plate4_T3_260401_1444",2026-09-02 14:44:00,"T3","38C",4,"plate_4_38","G6","Sample",8,"360hpf",NA,56,2102,""
"1807",20260401,"Resaz_Assay_plate4_T3_260401_1444",2026-09-02 14:44:00,"T3","38C",4,"plate_4_38","G7","Sample",52,"360hpf",NA,32,2139,""
"1808",20260401,"Resaz_Assay_plate4_T3_260401_1444",2026-09-02 14:44:00,"T3","38C",4,"plate_4_38","G8","Sample",53,"360hpf",NA,12,1138,""
"1809",20260401,"Resaz_Assay_plate4_T3_260401_1444",2026-09-02 14:44:00,"T3","38C",4,"plate_4_38","G9","Sample",54,"360hpf",NA,11,1057,""
"1810",20260401,"Resaz_Assay_plate4_T3_260401_1444",2026-09-02 14:44:00,"T3","38C",4,"plate_4_38","G10","Sample",55,"360hpf",NA,5,761,""
"1811",20260401,"Resaz_Assay_plate4_T3_260401_1444",2026-09-02 14:44:00,"T3","38C",4,"plate_4_38","G11","Sample",56,"360hpf",NA,8,699,""
"1812",20260401,"Resaz_Assay_plate4_T3_260401_1444",2026-09-02 14:44:00,"T3","38C",4,"plate_4_38","G12","Sample",57,"360hpf",NA,24,2426,""
"1813",20260401,"Resaz_Assay_plate4_T3_260401_1444",2026-09-02 14:44:00,"T3","38C",4,"plate_4_38","H1","Blank",NA,"360hpf",NA,NA,415,""
"1814",20260401,"Resaz_Assay_plate4_T3_260401_1444",2026-09-02 14:44:00,"T3","38C",4,"plate_4_38","H2","Blank",NA,"360hpf",NA,NA,495,""
"1815",20260401,"Resaz_Assay_plate4_T3_260401_1444",2026-09-02 14:44:00,"T3","38C",4,"plate_4_38","H3","Blank",NA,"360hpf",NA,NA,489,""
"1816",20260401,"Resaz_Assay_plate4_T3_260401_1444",2026-09-02 14:44:00,"T3","38C",4,"plate_4_38","H4","Blank",NA,"360hpf",NA,NA,438,""
"1817",20260401,"Resaz_Assay_plate4_T3_260401_1444",2026-09-02 14:44:00,"T3","38C",4,"plate_4_38","H5","Blank",NA,"360hpf",NA,NA,443,""
"1818",20260401,"Resaz_Assay_plate4_T3_260401_1444",2026-09-02 14:44:00,"T3","38C",4,"plate_4_38","H6","Blank",NA,"360hpf",NA,NA,454,""
"1819",20260401,"Resaz_Assay_plate4_T3_260401_1444",2026-09-02 14:44:00,"T3","38C",4,"plate_4_38","H7","Blank",NA,"360hpf",NA,NA,418,""
"1820",20260401,"Resaz_Assay_plate4_T3_260401_1444",2026-09-02 14:44:00,"T3","38C",4,"plate_4_38","H8","Blank",NA,"360hpf",NA,NA,442,""
"1821",20260401,"Resaz_Assay_plate4_T3_260401_1444",2026-09-02 14:44:00,"T3","38C",4,"plate_4_38","H9","Blank",NA,"360hpf",NA,NA,479,""
"1822",20260401,"Resaz_Assay_plate4_T3_260401_1444",2026-09-02 14:44:00,"T3","38C",4,"plate_4_38","H10","Blank",NA,"360hpf",NA,NA,500,""
"1823",20260401,"Resaz_Assay_plate4_T3_260401_1444",2026-09-02 14:44:00,"T3","38C",4,"plate_4_38","H11","Blank",NA,"360hpf",NA,NA,559,""
"1824",20260401,"Resaz_Assay_plate4_T3_260401_1444",2026-09-02 14:44:00,"T3","38C",4,"plate_4_38","H12","Blank",NA,"360hpf",NA,NA,747,""
"1825",20260401,"Resaz_Assay_plate4_T4_260401_1548",2026-09-02 15:48:00,"T4","38C",4,"plate_4_38","A1","Sample",1,"360hpf",NA,60,5665,""
"1826",20260401,"Resaz_Assay_plate4_T4_260401_1548",2026-09-02 15:48:00,"T4","38C",4,"plate_4_38","A2","Sample",3,"360hpf",NA,8,1131,""
"1827",20260401,"Resaz_Assay_plate4_T4_260401_1548",2026-09-02 15:48:00,"T4","38C",4,"plate_4_38","A3","Sample",4,"360hpf",NA,3,734,""
"1828",20260401,"Resaz_Assay_plate4_T4_260401_1548",2026-09-02 15:48:00,"T4","38C",4,"plate_4_38","A4","Sample",5,"360hpf",NA,10,1169,""
"1829",20260401,"Resaz_Assay_plate4_T4_260401_1548",2026-09-02 15:48:00,"T4","38C",4,"plate_4_38","A5","Sample",6,"360hpf",NA,14,1454,""
"1830",20260401,"Resaz_Assay_plate4_T4_260401_1548",2026-09-02 15:48:00,"T4","38C",4,"plate_4_38","A6","Sample",8,"360hpf",NA,10,808,""
"1831",20260401,"Resaz_Assay_plate4_T4_260401_1548",2026-09-02 15:48:00,"T4","38C",4,"plate_4_38","A7","Sample",52,"360hpf",NA,18,1714,""
"1832",20260401,"Resaz_Assay_plate4_T4_260401_1548",2026-09-02 15:48:00,"T4","38C",4,"plate_4_38","A8","Sample",53,"360hpf",NA,4,740,""
"1833",20260401,"Resaz_Assay_plate4_T4_260401_1548",2026-09-02 15:48:00,"T4","38C",4,"plate_4_38","A9","Sample",54,"360hpf",NA,17,1557,""
"1834",20260401,"Resaz_Assay_plate4_T4_260401_1548",2026-09-02 15:48:00,"T4","38C",4,"plate_4_38","A10","Sample",55,"360hpf",NA,13,1430,""
"1835",20260401,"Resaz_Assay_plate4_T4_260401_1548",2026-09-02 15:48:00,"T4","38C",4,"plate_4_38","A11","Sample",56,"360hpf",NA,27,2898,""
"1836",20260401,"Resaz_Assay_plate4_T4_260401_1548",2026-09-02 15:48:00,"T4","38C",4,"plate_4_38","A12","Sample",57,"360hpf",NA,25,2687,""
"1837",20260401,"Resaz_Assay_plate4_T4_260401_1548",2026-09-02 15:48:00,"T4","38C",4,"plate_4_38","B1","Sample",1,"360hpf",NA,13,1413,""
"1838",20260401,"Resaz_Assay_plate4_T4_260401_1548",2026-09-02 15:48:00,"T4","38C",4,"plate_4_38","B2","Sample",3,"360hpf",NA,13,1309,""
"1839",20260401,"Resaz_Assay_plate4_T4_260401_1548",2026-09-02 15:48:00,"T4","38C",4,"plate_4_38","B3","Sample",4,"360hpf",NA,47,4055,""
"1840",20260401,"Resaz_Assay_plate4_T4_260401_1548",2026-09-02 15:48:00,"T4","38C",4,"plate_4_38","B4","Sample",5,"360hpf",NA,5,783,""
"1841",20260401,"Resaz_Assay_plate4_T4_260401_1548",2026-09-02 15:48:00,"T4","38C",4,"plate_4_38","B5","Sample",6,"360hpf",NA,12,1484,""
"1842",20260401,"Resaz_Assay_plate4_T4_260401_1548",2026-09-02 15:48:00,"T4","38C",4,"plate_4_38","B6","Sample",8,"360hpf",NA,24,1599,""
"1843",20260401,"Resaz_Assay_plate4_T4_260401_1548",2026-09-02 15:48:00,"T4","38C",4,"plate_4_38","B7","Sample",52,"360hpf",NA,24,2180,""
"1844",20260401,"Resaz_Assay_plate4_T4_260401_1548",2026-09-02 15:48:00,"T4","38C",4,"plate_4_38","B8","Sample",53,"360hpf",NA,19,1470,""
"1845",20260401,"Resaz_Assay_plate4_T4_260401_1548",2026-09-02 15:48:00,"T4","38C",4,"plate_4_38","B9","Sample",54,"360hpf",NA,28,2306,""
"1846",20260401,"Resaz_Assay_plate4_T4_260401_1548",2026-09-02 15:48:00,"T4","38C",4,"plate_4_38","B10","Sample",55,"360hpf",NA,5,742,""
"1847",20260401,"Resaz_Assay_plate4_T4_260401_1548",2026-09-02 15:48:00,"T4","38C",4,"plate_4_38","B11","Sample",56,"360hpf",NA,17,1901,""
"1848",20260401,"Resaz_Assay_plate4_T4_260401_1548",2026-09-02 15:48:00,"T4","38C",4,"plate_4_38","B12","Sample",57,"360hpf",NA,17,1796,""
"1849",20260401,"Resaz_Assay_plate4_T4_260401_1548",2026-09-02 15:48:00,"T4","38C",4,"plate_4_38","C1","Sample",1,"360hpf",NA,19,1985,""
"1850",20260401,"Resaz_Assay_plate4_T4_260401_1548",2026-09-02 15:48:00,"T4","38C",4,"plate_4_38","C2","Sample",3,"360hpf",NA,12,1269,""
"1851",20260401,"Resaz_Assay_plate4_T4_260401_1548",2026-09-02 15:48:00,"T4","38C",4,"plate_4_38","C3","Sample",4,"360hpf",NA,8,846,""
"1852",20260401,"Resaz_Assay_plate4_T4_260401_1548",2026-09-02 15:48:00,"T4","38C",4,"plate_4_38","C4","Sample",5,"360hpf",NA,15,1072,""
"1853",20260401,"Resaz_Assay_plate4_T4_260401_1548",2026-09-02 15:48:00,"T4","38C",4,"plate_4_38","C5","Sample",6,"360hpf",NA,6,840,""
"1854",20260401,"Resaz_Assay_plate4_T4_260401_1548",2026-09-02 15:48:00,"T4","38C",4,"plate_4_38","C6","Sample",8,"360hpf",NA,10,591,""
"1855",20260401,"Resaz_Assay_plate4_T4_260401_1548",2026-09-02 15:48:00,"T4","38C",4,"plate_4_38","C7","Sample",52,"360hpf",NA,16,1637,""
"1856",20260401,"Resaz_Assay_plate4_T4_260401_1548",2026-09-02 15:48:00,"T4","38C",4,"plate_4_38","C8","Sample",53,"360hpf",NA,33,2314,""
"1857",20260401,"Resaz_Assay_plate4_T4_260401_1548",2026-09-02 15:48:00,"T4","38C",4,"plate_4_38","C9","Sample",54,"360hpf",NA,9,912,""
"1858",20260401,"Resaz_Assay_plate4_T4_260401_1548",2026-09-02 15:48:00,"T4","38C",4,"plate_4_38","C10","Sample",55,"360hpf",NA,8,1013,""
"1859",20260401,"Resaz_Assay_plate4_T4_260401_1548",2026-09-02 15:48:00,"T4","38C",4,"plate_4_38","C11","Sample",56,"360hpf",NA,24,2537,""
"1860",20260401,"Resaz_Assay_plate4_T4_260401_1548",2026-09-02 15:48:00,"T4","38C",4,"plate_4_38","C12","Sample",57,"360hpf",NA,13,1702,""
"1861",20260401,"Resaz_Assay_plate4_T4_260401_1548",2026-09-02 15:48:00,"T4","38C",4,"plate_4_38","D1","Sample",1,"360hpf",NA,71,6307,""
"1862",20260401,"Resaz_Assay_plate4_T4_260401_1548",2026-09-02 15:48:00,"T4","38C",4,"plate_4_38","D2","Sample",3,"360hpf",NA,18,1854,""
"1863",20260401,"Resaz_Assay_plate4_T4_260401_1548",2026-09-02 15:48:00,"T4","38C",4,"plate_4_38","D3","Sample",4,"360hpf",NA,9,1041,""
"1864",20260401,"Resaz_Assay_plate4_T4_260401_1548",2026-09-02 15:48:00,"T4","38C",4,"plate_4_38","D4","Sample",5,"360hpf",NA,11,1331,""
"1865",20260401,"Resaz_Assay_plate4_T4_260401_1548",2026-09-02 15:48:00,"T4","38C",4,"plate_4_38","D5","Sample",6,"360hpf",NA,13,1257,""
"1866",20260401,"Resaz_Assay_plate4_T4_260401_1548",2026-09-02 15:48:00,"T4","38C",4,"plate_4_38","D6","Sample",8,"360hpf",NA,17,790,""
"1867",20260401,"Resaz_Assay_plate4_T4_260401_1548",2026-09-02 15:48:00,"T4","38C",4,"plate_4_38","D7","Sample",52,"360hpf",NA,23,1771,""
"1868",20260401,"Resaz_Assay_plate4_T4_260401_1548",2026-09-02 15:48:00,"T4","38C",4,"plate_4_38","D8","Sample",53,"360hpf",NA,3,549,""
"1869",20260401,"Resaz_Assay_plate4_T4_260401_1548",2026-09-02 15:48:00,"T4","38C",4,"plate_4_38","D9","Sample",54,"360hpf",NA,25,2344,""
"1870",20260401,"Resaz_Assay_plate4_T4_260401_1548",2026-09-02 15:48:00,"T4","38C",4,"plate_4_38","D10","Sample",55,"360hpf",NA,22,1850,""
"1871",20260401,"Resaz_Assay_plate4_T4_260401_1548",2026-09-02 15:48:00,"T4","38C",4,"plate_4_38","D11","Sample",56,"360hpf",NA,10,1188,""
"1872",20260401,"Resaz_Assay_plate4_T4_260401_1548",2026-09-02 15:48:00,"T4","38C",4,"plate_4_38","D12","Sample",57,"360hpf",NA,6,1252,""
"1873",20260401,"Resaz_Assay_plate4_T4_260401_1548",2026-09-02 15:48:00,"T4","38C",4,"plate_4_38","E1","Sample",1,"360hpf",NA,31,3064,""
"1874",20260401,"Resaz_Assay_plate4_T4_260401_1548",2026-09-02 15:48:00,"T4","38C",4,"plate_4_38","E2","Sample",3,"360hpf",NA,16,1691,""
"1875",20260401,"Resaz_Assay_plate4_T4_260401_1548",2026-09-02 15:48:00,"T4","38C",4,"plate_4_38","E3","Sample",4,"360hpf",NA,6,789,""
"1876",20260401,"Resaz_Assay_plate4_T4_260401_1548",2026-09-02 15:48:00,"T4","38C",4,"plate_4_38","E4","Sample",5,"360hpf",NA,11,1043,""
"1877",20260401,"Resaz_Assay_plate4_T4_260401_1548",2026-09-02 15:48:00,"T4","38C",4,"plate_4_38","E5","Sample",6,"360hpf",NA,14,1543,""
"1878",20260401,"Resaz_Assay_plate4_T4_260401_1548",2026-09-02 15:48:00,"T4","38C",4,"plate_4_38","E6","Sample",8,"360hpf",NA,11,983,""
"1879",20260401,"Resaz_Assay_plate4_T4_260401_1548",2026-09-02 15:48:00,"T4","38C",4,"plate_4_38","E7","Sample",52,"360hpf",NA,21,1750,""
"1880",20260401,"Resaz_Assay_plate4_T4_260401_1548",2026-09-02 15:48:00,"T4","38C",4,"plate_4_38","E8","Sample",53,"360hpf",NA,63,4385,""
"1881",20260401,"Resaz_Assay_plate4_T4_260401_1548",2026-09-02 15:48:00,"T4","38C",4,"plate_4_38","E9","Sample",54,"360hpf",NA,11,1426,""
"1882",20260401,"Resaz_Assay_plate4_T4_260401_1548",2026-09-02 15:48:00,"T4","38C",4,"plate_4_38","E10","Sample",55,"360hpf",NA,41,3605,""
"1883",20260401,"Resaz_Assay_plate4_T4_260401_1548",2026-09-02 15:48:00,"T4","38C",4,"plate_4_38","E11","Sample",56,"360hpf",NA,14,1512,""
"1884",20260401,"Resaz_Assay_plate4_T4_260401_1548",2026-09-02 15:48:00,"T4","38C",4,"plate_4_38","E12","Sample",57,"360hpf",NA,34,4698,""
"1885",20260401,"Resaz_Assay_plate4_T4_260401_1548",2026-09-02 15:48:00,"T4","38C",4,"plate_4_38","F1","Sample",1,"360hpf",NA,9,987,""
"1886",20260401,"Resaz_Assay_plate4_T4_260401_1548",2026-09-02 15:48:00,"T4","38C",4,"plate_4_38","F2","Sample",3,"360hpf",NA,8,921,""
"1887",20260401,"Resaz_Assay_plate4_T4_260401_1548",2026-09-02 15:48:00,"T4","38C",4,"plate_4_38","F3","Sample",4,"360hpf",NA,7,1000,""
"1888",20260401,"Resaz_Assay_plate4_T4_260401_1548",2026-09-02 15:48:00,"T4","38C",4,"plate_4_38","F4","Sample",5,"360hpf",NA,18,1544,""
"1889",20260401,"Resaz_Assay_plate4_T4_260401_1548",2026-09-02 15:48:00,"T4","38C",4,"plate_4_38","F5","Sample",6,"360hpf",NA,16,1763,""
"1890",20260401,"Resaz_Assay_plate4_T4_260401_1548",2026-09-02 15:48:00,"T4","38C",4,"plate_4_38","F6","Sample",8,"360hpf",NA,38,1718,""
"1891",20260401,"Resaz_Assay_plate4_T4_260401_1548",2026-09-02 15:48:00,"T4","38C",4,"plate_4_38","F7","Sample",52,"360hpf",NA,14,1327,""
"1892",20260401,"Resaz_Assay_plate4_T4_260401_1548",2026-09-02 15:48:00,"T4","38C",4,"plate_4_38","F8","Sample",53,"360hpf",NA,6,808,""
"1893",20260401,"Resaz_Assay_plate4_T4_260401_1548",2026-09-02 15:48:00,"T4","38C",4,"plate_4_38","F9","Sample",54,"360hpf",NA,5,799,""
"1894",20260401,"Resaz_Assay_plate4_T4_260401_1548",2026-09-02 15:48:00,"T4","38C",4,"plate_4_38","F10","Sample",55,"360hpf",NA,12,1205,""
"1895",20260401,"Resaz_Assay_plate4_T4_260401_1548",2026-09-02 15:48:00,"T4","38C",4,"plate_4_38","F11","Sample",56,"360hpf",NA,16,2060,""
"1896",20260401,"Resaz_Assay_plate4_T4_260401_1548",2026-09-02 15:48:00,"T4","38C",4,"plate_4_38","F12","Sample",57,"360hpf",NA,13,2402,""
"1897",20260401,"Resaz_Assay_plate4_T4_260401_1548",2026-09-02 15:48:00,"T4","38C",4,"plate_4_38","G1","Sample",1,"360hpf",NA,5,716,""
"1898",20260401,"Resaz_Assay_plate4_T4_260401_1548",2026-09-02 15:48:00,"T4","38C",4,"plate_4_38","G2","Sample",3,"360hpf",NA,18,1771,""
"1899",20260401,"Resaz_Assay_plate4_T4_260401_1548",2026-09-02 15:48:00,"T4","38C",4,"plate_4_38","G3","Sample",4,"360hpf",NA,11,1424,""
"1900",20260401,"Resaz_Assay_plate4_T4_260401_1548",2026-09-02 15:48:00,"T4","38C",4,"plate_4_38","G4","Sample",5,"360hpf",NA,27,2596,""
"1901",20260401,"Resaz_Assay_plate4_T4_260401_1548",2026-09-02 15:48:00,"T4","38C",4,"plate_4_38","G5","Sample",6,"360hpf",NA,25,2469,""
"1902",20260401,"Resaz_Assay_plate4_T4_260401_1548",2026-09-02 15:48:00,"T4","38C",4,"plate_4_38","G6","Sample",8,"360hpf",NA,56,3027,""
"1903",20260401,"Resaz_Assay_plate4_T4_260401_1548",2026-09-02 15:48:00,"T4","38C",4,"plate_4_38","G7","Sample",52,"360hpf",NA,32,2779,""
"1904",20260401,"Resaz_Assay_plate4_T4_260401_1548",2026-09-02 15:48:00,"T4","38C",4,"plate_4_38","G8","Sample",53,"360hpf",NA,12,1474,""
"1905",20260401,"Resaz_Assay_plate4_T4_260401_1548",2026-09-02 15:48:00,"T4","38C",4,"plate_4_38","G9","Sample",54,"360hpf",NA,11,1260,""
"1906",20260401,"Resaz_Assay_plate4_T4_260401_1548",2026-09-02 15:48:00,"T4","38C",4,"plate_4_38","G10","Sample",55,"360hpf",NA,5,906,""
"1907",20260401,"Resaz_Assay_plate4_T4_260401_1548",2026-09-02 15:48:00,"T4","38C",4,"plate_4_38","G11","Sample",56,"360hpf",NA,8,930,""
"1908",20260401,"Resaz_Assay_plate4_T4_260401_1548",2026-09-02 15:48:00,"T4","38C",4,"plate_4_38","G12","Sample",57,"360hpf",NA,24,3949,""
"1909",20260401,"Resaz_Assay_plate4_T4_260401_1548",2026-09-02 15:48:00,"T4","38C",4,"plate_4_38","H1","Blank",NA,"360hpf",NA,NA,438,""
"1910",20260401,"Resaz_Assay_plate4_T4_260401_1548",2026-09-02 15:48:00,"T4","38C",4,"plate_4_38","H2","Blank",NA,"360hpf",NA,NA,539,""
"1911",20260401,"Resaz_Assay_plate4_T4_260401_1548",2026-09-02 15:48:00,"T4","38C",4,"plate_4_38","H3","Blank",NA,"360hpf",NA,NA,536,""
"1912",20260401,"Resaz_Assay_plate4_T4_260401_1548",2026-09-02 15:48:00,"T4","38C",4,"plate_4_38","H4","Blank",NA,"360hpf",NA,NA,481,""
"1913",20260401,"Resaz_Assay_plate4_T4_260401_1548",2026-09-02 15:48:00,"T4","38C",4,"plate_4_38","H5","Blank",NA,"360hpf",NA,NA,487,""
"1914",20260401,"Resaz_Assay_plate4_T4_260401_1548",2026-09-02 15:48:00,"T4","38C",4,"plate_4_38","H6","Blank",NA,"360hpf",NA,NA,503,""
"1915",20260401,"Resaz_Assay_plate4_T4_260401_1548",2026-09-02 15:48:00,"T4","38C",4,"plate_4_38","H7","Blank",NA,"360hpf",NA,NA,459,""
"1916",20260401,"Resaz_Assay_plate4_T4_260401_1548",2026-09-02 15:48:00,"T4","38C",4,"plate_4_38","H8","Blank",NA,"360hpf",NA,NA,492,""
"1917",20260401,"Resaz_Assay_plate4_T4_260401_1548",2026-09-02 15:48:00,"T4","38C",4,"plate_4_38","H9","Blank",NA,"360hpf",NA,NA,537,""
"1918",20260401,"Resaz_Assay_plate4_T4_260401_1548",2026-09-02 15:48:00,"T4","38C",4,"plate_4_38","H10","Blank",NA,"360hpf",NA,NA,572,""
"1919",20260401,"Resaz_Assay_plate4_T4_260401_1548",2026-09-02 15:48:00,"T4","38C",4,"plate_4_38","H11","Blank",NA,"360hpf",NA,NA,681,""
"1920",20260401,"Resaz_Assay_plate4_T4_260401_1548",2026-09-02 15:48:00,"T4","38C",4,"plate_4_38","H12","Blank",NA,"360hpf",NA,NA,985,""
