"","Date","filename","time","timepoint","Treatment","Plate_num","PlateID","Well","Type","Family","Age","Area_ImageJ","Count","flourescence","Note"
"1",20260320,"Resaz_plate1_high_T0_260320_131142",2026-09-02 13:11:00,"T0","32C",1,"plate_1_high","A1","Sample",54,"72hpf",NA,0,886,"sam counted live"
"2",20260320,"Resaz_plate1_high_T0_260320_131142",2026-09-02 13:11:00,"T0","32C",1,"plate_1_high","A2","Sample",55,"72hpf",NA,20,874,"sam counted live"
"3",20260320,"Resaz_plate1_high_T0_260320_131142",2026-09-02 13:11:00,"T0","32C",1,"plate_1_high","A3","Sample",56,"72hpf",NA,8,948,"sam counted live"
"4",20260320,"Resaz_plate1_high_T0_260320_131142",2026-09-02 13:11:00,"T0","32C",1,"plate_1_high","A4","Sample",57,"72hpf",NA,32,850,"sam counted live"
"5",20260320,"Resaz_plate1_high_T0_260320_131142",2026-09-02 13:11:00,"T0","32C",1,"plate_1_high","A5","Sample",53,"72hpf",NA,39,978,"sam counted live"
"6",20260320,"Resaz_plate1_high_T0_260320_131142",2026-09-02 13:11:00,"T0","32C",1,"plate_1_high","A6","Sample",52,"72hpf",NA,30,902,"sam counted live"
"7",20260320,"Resaz_plate1_high_T0_260320_131142",2026-09-02 13:11:00,"T0","32C",1,"plate_1_high","A7","Sample",1,"72hpf",NA,24,1043,"sam counted live"
"8",20260320,"Resaz_plate1_high_T0_260320_131142",2026-09-02 13:11:00,"T0","32C",1,"plate_1_high","A8","Sample",4,"72hpf",NA,22,864,"sam counted live"
"9",20260320,"Resaz_plate1_high_T0_260320_131142",2026-09-02 13:11:00,"T0","32C",1,"plate_1_high","A9","Sample",6,"72hpf",NA,6,848,"sam counted live"
"10",20260320,"Resaz_plate1_high_T0_260320_131142",2026-09-02 13:11:00,"T0","32C",1,"plate_1_high","A10","Sample",5,"72hpf",NA,27,1014,"sam counted live"
"11",20260320,"Resaz_plate1_high_T0_260320_131142",2026-09-02 13:11:00,"T0","32C",1,"plate_1_high","A11","Sample",8,"72hpf",NA,29,964,"sam counted live"
"12",20260320,"Resaz_plate1_high_T0_260320_131142",2026-09-02 13:11:00,"T0","32C",1,"plate_1_high","A12","Sample",3,"72hpf",NA,35,1020,"sam counted live"
"13",20260320,"Resaz_plate1_high_T0_260320_131142",2026-09-02 13:11:00,"T0","32C",1,"plate_1_high","B1","Sample",54,"72hpf",NA,50,1230,"sam counted live"
"14",20260320,"Resaz_plate1_high_T0_260320_131142",2026-09-02 13:11:00,"T0","32C",1,"plate_1_high","B2","Sample",55,"72hpf",NA,34,902,"sam counted live"
"15",20260320,"Resaz_plate1_high_T0_260320_131142",2026-09-02 13:11:00,"T0","32C",1,"plate_1_high","B3","Sample",56,"72hpf",NA,8,995,"sam counted live"
"16",20260320,"Resaz_plate1_high_T0_260320_131142",2026-09-02 13:11:00,"T0","32C",1,"plate_1_high","B4","Sample",57,"72hpf",NA,56,880,"sam counted live"
"17",20260320,"Resaz_plate1_high_T0_260320_131142",2026-09-02 13:11:00,"T0","32C",1,"plate_1_high","B5","Sample",53,"72hpf",NA,27,1018,"sam counted live"
"18",20260320,"Resaz_plate1_high_T0_260320_131142",2026-09-02 13:11:00,"T0","32C",1,"plate_1_high","B6","Sample",52,"72hpf",NA,40,908,"sam counted live"
"19",20260320,"Resaz_plate1_high_T0_260320_131142",2026-09-02 13:11:00,"T0","32C",1,"plate_1_high","B7","Sample",1,"72hpf",NA,20,906,"sam counted live"
"20",20260320,"Resaz_plate1_high_T0_260320_131142",2026-09-02 13:11:00,"T0","32C",1,"plate_1_high","B8","Sample",4,"72hpf",NA,15,906,"sam counted live"
"21",20260320,"Resaz_plate1_high_T0_260320_131142",2026-09-02 13:11:00,"T0","32C",1,"plate_1_high","B9","Sample",6,"72hpf",NA,16,868,"sam counted live"
"22",20260320,"Resaz_plate1_high_T0_260320_131142",2026-09-02 13:11:00,"T0","32C",1,"plate_1_high","B10","Sample",5,"72hpf",NA,0,1276,"sam counted live"
"23",20260320,"Resaz_plate1_high_T0_260320_131142",2026-09-02 13:11:00,"T0","32C",1,"plate_1_high","B11","Sample",8,"72hpf",NA,14,1344,"sam counted live"
"24",20260320,"Resaz_plate1_high_T0_260320_131142",2026-09-02 13:11:00,"T0","32C",1,"plate_1_high","B12","Sample",3,"72hpf",NA,8,927,"sam counted live"
"25",20260320,"Resaz_plate1_high_T0_260320_131142",2026-09-02 13:11:00,"T0","32C",1,"plate_1_high","C1","Sample",54,"72hpf",NA,0,1075,"sam counted live"
"26",20260320,"Resaz_plate1_high_T0_260320_131142",2026-09-02 13:11:00,"T0","32C",1,"plate_1_high","C2","Sample",55,"72hpf",NA,68,992,"sam counted live"
"27",20260320,"Resaz_plate1_high_T0_260320_131142",2026-09-02 13:11:00,"T0","32C",1,"plate_1_high","C3","Sample",56,"72hpf",NA,13,1471,"sam counted live"
"28",20260320,"Resaz_plate1_high_T0_260320_131142",2026-09-02 13:11:00,"T0","32C",1,"plate_1_high","C4","Sample",57,"72hpf",NA,54,919,"sam counted live"
"29",20260320,"Resaz_plate1_high_T0_260320_131142",2026-09-02 13:11:00,"T0","32C",1,"plate_1_high","C5","Sample",53,"72hpf",NA,50,1016,"sam counted live"
"30",20260320,"Resaz_plate1_high_T0_260320_131142",2026-09-02 13:11:00,"T0","32C",1,"plate_1_high","C6","Sample",52,"72hpf",NA,49,996,"sam counted live"
"31",20260320,"Resaz_plate1_high_T0_260320_131142",2026-09-02 13:11:00,"T0","32C",1,"plate_1_high","C7","Sample",1,"72hpf",NA,31,943,"sam counted live"
"32",20260320,"Resaz_plate1_high_T0_260320_131142",2026-09-02 13:11:00,"T0","32C",1,"plate_1_high","C8","Sample",4,"72hpf",NA,39,968,"sam counted live"
"33",20260320,"Resaz_plate1_high_T0_260320_131142",2026-09-02 13:11:00,"T0","32C",1,"plate_1_high","C9","Sample",6,"72hpf",NA,25,933,"sam counted live"
"34",20260320,"Resaz_plate1_high_T0_260320_131142",2026-09-02 13:11:00,"T0","32C",1,"plate_1_high","C10","Sample",5,"72hpf",NA,56,1020,"sam counted live"
"35",20260320,"Resaz_plate1_high_T0_260320_131142",2026-09-02 13:11:00,"T0","32C",1,"plate_1_high","C11","Sample",8,"72hpf",NA,70,920,"sam counted live"
"36",20260320,"Resaz_plate1_high_T0_260320_131142",2026-09-02 13:11:00,"T0","32C",1,"plate_1_high","C12","Sample",3,"72hpf",NA,49,924,"sam counted live"
"37",20260320,"Resaz_plate1_high_T0_260320_131142",2026-09-02 13:11:00,"T0","32C",1,"plate_1_high","D1","Sample",54,"72hpf",NA,9,1223,"sam counted live"
"38",20260320,"Resaz_plate1_high_T0_260320_131142",2026-09-02 13:11:00,"T0","32C",1,"plate_1_high","D2","Sample",55,"72hpf",NA,64,912,"sam counted live"
"39",20260320,"Resaz_plate1_high_T0_260320_131142",2026-09-02 13:11:00,"T0","32C",1,"plate_1_high","D3","Sample",56,"72hpf",NA,15,1094,"sam counted live"
"40",20260320,"Resaz_plate1_high_T0_260320_131142",2026-09-02 13:11:00,"T0","32C",1,"plate_1_high","D4","Sample",57,"72hpf",NA,62,891,"sam counted live"
"41",20260320,"Resaz_plate1_high_T0_260320_131142",2026-09-02 13:11:00,"T0","32C",1,"plate_1_high","D5","Sample",53,"72hpf",NA,91,1033,"sam counted live"
"42",20260320,"Resaz_plate1_high_T0_260320_131142",2026-09-02 13:11:00,"T0","32C",1,"plate_1_high","D6","Sample",52,"72hpf",NA,57,1049,"sam counted live"
"43",20260320,"Resaz_plate1_high_T0_260320_131142",2026-09-02 13:11:00,"T0","32C",1,"plate_1_high","D7","Sample",1,"72hpf",NA,39,990,"sam counted live"
"44",20260320,"Resaz_plate1_high_T0_260320_131142",2026-09-02 13:11:00,"T0","32C",1,"plate_1_high","D8","Sample",4,"72hpf",NA,37,963,"sam counted live"
"45",20260320,"Resaz_plate1_high_T0_260320_131142",2026-09-02 13:11:00,"T0","32C",1,"plate_1_high","D9","Sample",6,"72hpf",NA,26,916,"sam counted live"
"46",20260320,"Resaz_plate1_high_T0_260320_131142",2026-09-02 13:11:00,"T0","32C",1,"plate_1_high","D10","Sample",5,"72hpf",NA,36,1039,"sam counted live"
"47",20260320,"Resaz_plate1_high_T0_260320_131142",2026-09-02 13:11:00,"T0","32C",1,"plate_1_high","D11","Sample",8,"72hpf",NA,66,894,"sam counted live"
"48",20260320,"Resaz_plate1_high_T0_260320_131142",2026-09-02 13:11:00,"T0","32C",1,"plate_1_high","D12","Sample",3,"72hpf",NA,46,893,"sam counted live"
"49",20260320,"Resaz_plate1_high_T0_260320_131142",2026-09-02 13:11:00,"T0","32C",1,"plate_1_high","E1","Sample",54,"72hpf",NA,51,885,"sam counted live"
"50",20260320,"Resaz_plate1_high_T0_260320_131142",2026-09-02 13:11:00,"T0","32C",1,"plate_1_high","E2","Sample",55,"72hpf",NA,85,947,"sam counted live"
"51",20260320,"Resaz_plate1_high_T0_260320_131142",2026-09-02 13:11:00,"T0","32C",1,"plate_1_high","E3","Sample",56,"72hpf",NA,15,924,"sam counted live"
"52",20260320,"Resaz_plate1_high_T0_260320_131142",2026-09-02 13:11:00,"T0","32C",1,"plate_1_high","E4","Sample",57,"72hpf",NA,120,906,"sam counted live"
"53",20260320,"Resaz_plate1_high_T0_260320_131142",2026-09-02 13:11:00,"T0","32C",1,"plate_1_high","E5","Sample",53,"72hpf",NA,22,1113,"sam counted live"
"54",20260320,"Resaz_plate1_high_T0_260320_131142",2026-09-02 13:11:00,"T0","32C",1,"plate_1_high","E6","Sample",52,"72hpf",NA,72,943,"sam counted live"
"55",20260320,"Resaz_plate1_high_T0_260320_131142",2026-09-02 13:11:00,"T0","32C",1,"plate_1_high","E7","Sample",1,"72hpf",NA,51,934,"sam counted live"
"56",20260320,"Resaz_plate1_high_T0_260320_131142",2026-09-02 13:11:00,"T0","32C",1,"plate_1_high","E8","Sample",4,"72hpf",NA,53,979,"sam counted live"
"57",20260320,"Resaz_plate1_high_T0_260320_131142",2026-09-02 13:11:00,"T0","32C",1,"plate_1_high","E9","Sample",6,"72hpf",NA,25,904,"sam counted live"
"58",20260320,"Resaz_plate1_high_T0_260320_131142",2026-09-02 13:11:00,"T0","32C",1,"plate_1_high","E10","Sample",5,"72hpf",NA,66,946,"sam counted live"
"59",20260320,"Resaz_plate1_high_T0_260320_131142",2026-09-02 13:11:00,"T0","32C",1,"plate_1_high","E11","Sample",8,"72hpf",NA,60,928,"sam counted live"
"60",20260320,"Resaz_plate1_high_T0_260320_131142",2026-09-02 13:11:00,"T0","32C",1,"plate_1_high","E12","Sample",3,"72hpf",NA,11,861,"sam counted live"
"61",20260320,"Resaz_plate1_high_T0_260320_131142",2026-09-02 13:11:00,"T0","32C",1,"plate_1_high","F1","Sample",54,"72hpf",NA,32,1108,"sam counted live"
"62",20260320,"Resaz_plate1_high_T0_260320_131142",2026-09-02 13:11:00,"T0","32C",1,"plate_1_high","F2","Sample",55,"72hpf",NA,53,950,"sam counted live"
"63",20260320,"Resaz_plate1_high_T0_260320_131142",2026-09-02 13:11:00,"T0","32C",1,"plate_1_high","F3","Sample",56,"72hpf",NA,20,967,"sam counted live"
"64",20260320,"Resaz_plate1_high_T0_260320_131142",2026-09-02 13:11:00,"T0","32C",1,"plate_1_high","F4","Sample",57,"72hpf",NA,113,1029,"sam counted live"
"65",20260320,"Resaz_plate1_high_T0_260320_131142",2026-09-02 13:11:00,"T0","32C",1,"plate_1_high","F5","Sample",53,"72hpf",NA,69,1094,"sam counted live"
"66",20260320,"Resaz_plate1_high_T0_260320_131142",2026-09-02 13:11:00,"T0","32C",1,"plate_1_high","F6","Sample",52,"72hpf",NA,75,958,"sam counted live"
"67",20260320,"Resaz_plate1_high_T0_260320_131142",2026-09-02 13:11:00,"T0","32C",1,"plate_1_high","F7","Sample",1,"72hpf",NA,53,893,"sam counted live"
"68",20260320,"Resaz_plate1_high_T0_260320_131142",2026-09-02 13:11:00,"T0","32C",1,"plate_1_high","F8","Sample",4,"72hpf",NA,37,1009,"sam counted live"
"69",20260320,"Resaz_plate1_high_T0_260320_131142",2026-09-02 13:11:00,"T0","32C",1,"plate_1_high","F9","Sample",6,"72hpf",NA,24,918,"sam counted live"
"70",20260320,"Resaz_plate1_high_T0_260320_131142",2026-09-02 13:11:00,"T0","32C",1,"plate_1_high","F10","Sample",5,"72hpf",NA,52,908,"sam counted live"
"71",20260320,"Resaz_plate1_high_T0_260320_131142",2026-09-02 13:11:00,"T0","32C",1,"plate_1_high","F11","Sample",8,"72hpf",NA,55,951,"sam counted live"
"72",20260320,"Resaz_plate1_high_T0_260320_131142",2026-09-02 13:11:00,"T0","32C",1,"plate_1_high","F12","Sample",3,"72hpf",NA,42,895,"sam counted live"
"73",20260320,"Resaz_plate1_high_T0_260320_131142",2026-09-02 13:11:00,"T0","32C",1,"plate_1_high","G1","Sample",54,"72hpf",NA,0,1342,"sam counted live"
"74",20260320,"Resaz_plate1_high_T0_260320_131142",2026-09-02 13:11:00,"T0","32C",1,"plate_1_high","G2","Sample",55,"72hpf",NA,76,946,"sam counted live"
"75",20260320,"Resaz_plate1_high_T0_260320_131142",2026-09-02 13:11:00,"T0","32C",1,"plate_1_high","G3","Sample",56,"72hpf",NA,15,934,"sam counted live"
"76",20260320,"Resaz_plate1_high_T0_260320_131142",2026-09-02 13:11:00,"T0","32C",1,"plate_1_high","G4","Sample",57,"72hpf",NA,104,910,"sam counted live"
"77",20260320,"Resaz_plate1_high_T0_260320_131142",2026-09-02 13:11:00,"T0","32C",1,"plate_1_high","G5","Sample",53,"72hpf",NA,105,983,"sam counted live"
"78",20260320,"Resaz_plate1_high_T0_260320_131142",2026-09-02 13:11:00,"T0","32C",1,"plate_1_high","G6","Sample",52,"72hpf",NA,92,1067,"sam counted live"
"79",20260320,"Resaz_plate1_high_T0_260320_131142",2026-09-02 13:11:00,"T0","32C",1,"plate_1_high","G7","Sample",1,"72hpf",NA,55,819,"sam counted live"
"80",20260320,"Resaz_plate1_high_T0_260320_131142",2026-09-02 13:11:00,"T0","32C",1,"plate_1_high","G8","Sample",4,"72hpf",NA,39,939,"sam counted live"
"81",20260320,"Resaz_plate1_high_T0_260320_131142",2026-09-02 13:11:00,"T0","32C",1,"plate_1_high","G9","Sample",6,"72hpf",NA,72,898,"sam counted live"
"82",20260320,"Resaz_plate1_high_T0_260320_131142",2026-09-02 13:11:00,"T0","32C",1,"plate_1_high","G10","Sample",5,"72hpf",NA,91,997,"sam counted live"
"83",20260320,"Resaz_plate1_high_T0_260320_131142",2026-09-02 13:11:00,"T0","32C",1,"plate_1_high","G11","Sample",8,"72hpf",NA,69,928,"sam counted live"
"84",20260320,"Resaz_plate1_high_T0_260320_131142",2026-09-02 13:11:00,"T0","32C",1,"plate_1_high","G12","Sample",3,"72hpf",NA,34,876,"sam counted live"
"85",20260320,"Resaz_plate1_high_T0_260320_131142",2026-09-02 13:11:00,"T0","32C",1,"plate_1_high","H1","Blank",NA,"72hpf",NA,NA,806,NA
"86",20260320,"Resaz_plate1_high_T0_260320_131142",2026-09-02 13:11:00,"T0","32C",1,"plate_1_high","H2","Blank",NA,"72hpf",NA,NA,871,NA
"87",20260320,"Resaz_plate1_high_T0_260320_131142",2026-09-02 13:11:00,"T0","32C",1,"plate_1_high","H3","Blank",NA,"72hpf",NA,NA,862,NA
"88",20260320,"Resaz_plate1_high_T0_260320_131142",2026-09-02 13:11:00,"T0","32C",1,"plate_1_high","H4","Blank",NA,"72hpf",NA,NA,879,NA
"89",20260320,"Resaz_plate1_high_T0_260320_131142",2026-09-02 13:11:00,"T0","32C",1,"plate_1_high","H5","Blank",NA,"72hpf",NA,NA,961,NA
"90",20260320,"Resaz_plate1_high_T0_260320_131142",2026-09-02 13:11:00,"T0","32C",1,"plate_1_high","H6","Blank",NA,"72hpf",NA,NA,873,NA
"91",20260320,"Resaz_plate1_high_T0_260320_131142",2026-09-02 13:11:00,"T0","32C",1,"plate_1_high","H7","Blank",NA,"72hpf",NA,NA,806,NA
"92",20260320,"Resaz_plate1_high_T0_260320_131142",2026-09-02 13:11:00,"T0","32C",1,"plate_1_high","H8","Blank",NA,"72hpf",NA,NA,919,NA
"93",20260320,"Resaz_plate1_high_T0_260320_131142",2026-09-02 13:11:00,"T0","32C",1,"plate_1_high","H9","Blank",NA,"72hpf",NA,NA,892,NA
"94",20260320,"Resaz_plate1_high_T0_260320_131142",2026-09-02 13:11:00,"T0","32C",1,"plate_1_high","H10","Blank",NA,"72hpf",NA,NA,824,NA
"95",20260320,"Resaz_plate1_high_T0_260320_131142",2026-09-02 13:11:00,"T0","32C",1,"plate_1_high","H11","Blank",NA,"72hpf",NA,NA,924,NA
"96",20260320,"Resaz_plate1_high_T0_260320_131142",2026-09-02 13:11:00,"T0","32C",1,"plate_1_high","H12","Blank",NA,"72hpf",NA,NA,817,NA
"97",20260320,"Resaz_plate1_high_T1_260320_1424",2026-09-02 14:24:00,"T1","32C",1,"plate_1_high","A1","Sample",54,"72hpf",NA,0,914,"sam counted live"
"98",20260320,"Resaz_plate1_high_T1_260320_1424",2026-09-02 14:24:00,"T1","32C",1,"plate_1_high","A2","Sample",55,"72hpf",NA,20,917,"sam counted live"
"99",20260320,"Resaz_plate1_high_T1_260320_1424",2026-09-02 14:24:00,"T1","32C",1,"plate_1_high","A3","Sample",56,"72hpf",NA,8,986,"sam counted live"
"100",20260320,"Resaz_plate1_high_T1_260320_1424",2026-09-02 14:24:00,"T1","32C",1,"plate_1_high","A4","Sample",57,"72hpf",NA,32,917,"sam counted live"
"101",20260320,"Resaz_plate1_high_T1_260320_1424",2026-09-02 14:24:00,"T1","32C",1,"plate_1_high","A5","Sample",53,"72hpf",NA,39,1072,"sam counted live"
"102",20260320,"Resaz_plate1_high_T1_260320_1424",2026-09-02 14:24:00,"T1","32C",1,"plate_1_high","A6","Sample",52,"72hpf",NA,30,977,"sam counted live"
"103",20260320,"Resaz_plate1_high_T1_260320_1424",2026-09-02 14:24:00,"T1","32C",1,"plate_1_high","A7","Sample",1,"72hpf",NA,24,1126,"sam counted live"
"104",20260320,"Resaz_plate1_high_T1_260320_1424",2026-09-02 14:24:00,"T1","32C",1,"plate_1_high","A8","Sample",4,"72hpf",NA,22,924,"sam counted live"
"105",20260320,"Resaz_plate1_high_T1_260320_1424",2026-09-02 14:24:00,"T1","32C",1,"plate_1_high","A9","Sample",6,"72hpf",NA,6,889,"sam counted live"
"106",20260320,"Resaz_plate1_high_T1_260320_1424",2026-09-02 14:24:00,"T1","32C",1,"plate_1_high","A10","Sample",5,"72hpf",NA,27,1086,"sam counted live"
"107",20260320,"Resaz_plate1_high_T1_260320_1424",2026-09-02 14:24:00,"T1","32C",1,"plate_1_high","A11","Sample",8,"72hpf",NA,29,1047,"sam counted live"
"108",20260320,"Resaz_plate1_high_T1_260320_1424",2026-09-02 14:24:00,"T1","32C",1,"plate_1_high","A12","Sample",3,"72hpf",NA,35,1155,"sam counted live"
"109",20260320,"Resaz_plate1_high_T1_260320_1424",2026-09-02 14:24:00,"T1","32C",1,"plate_1_high","B1","Sample",54,"72hpf",NA,50,1351,"sam counted live"
"110",20260320,"Resaz_plate1_high_T1_260320_1424",2026-09-02 14:24:00,"T1","32C",1,"plate_1_high","B2","Sample",55,"72hpf",NA,34,960,"sam counted live"
"111",20260320,"Resaz_plate1_high_T1_260320_1424",2026-09-02 14:24:00,"T1","32C",1,"plate_1_high","B3","Sample",56,"72hpf",NA,8,1033,"sam counted live"
"112",20260320,"Resaz_plate1_high_T1_260320_1424",2026-09-02 14:24:00,"T1","32C",1,"plate_1_high","B4","Sample",57,"72hpf",NA,56,955,"sam counted live"
"113",20260320,"Resaz_plate1_high_T1_260320_1424",2026-09-02 14:24:00,"T1","32C",1,"plate_1_high","B5","Sample",53,"72hpf",NA,27,1080,"sam counted live"
"114",20260320,"Resaz_plate1_high_T1_260320_1424",2026-09-02 14:24:00,"T1","32C",1,"plate_1_high","B6","Sample",52,"72hpf",NA,40,970,"sam counted live"
"115",20260320,"Resaz_plate1_high_T1_260320_1424",2026-09-02 14:24:00,"T1","32C",1,"plate_1_high","B7","Sample",1,"72hpf",NA,20,957,"sam counted live"
"116",20260320,"Resaz_plate1_high_T1_260320_1424",2026-09-02 14:24:00,"T1","32C",1,"plate_1_high","B8","Sample",4,"72hpf",NA,15,953,"sam counted live"
"117",20260320,"Resaz_plate1_high_T1_260320_1424",2026-09-02 14:24:00,"T1","32C",1,"plate_1_high","B9","Sample",6,"72hpf",NA,16,916,"sam counted live"
"118",20260320,"Resaz_plate1_high_T1_260320_1424",2026-09-02 14:24:00,"T1","32C",1,"plate_1_high","B10","Sample",5,"72hpf",NA,0,1322,"sam counted live"
"119",20260320,"Resaz_plate1_high_T1_260320_1424",2026-09-02 14:24:00,"T1","32C",1,"plate_1_high","B11","Sample",8,"72hpf",NA,14,1412,"sam counted live"
"120",20260320,"Resaz_plate1_high_T1_260320_1424",2026-09-02 14:24:00,"T1","32C",1,"plate_1_high","B12","Sample",3,"72hpf",NA,8,1027,"sam counted live"
"121",20260320,"Resaz_plate1_high_T1_260320_1424",2026-09-02 14:24:00,"T1","32C",1,"plate_1_high","C1","Sample",54,"72hpf",NA,0,1104,"sam counted live"
"122",20260320,"Resaz_plate1_high_T1_260320_1424",2026-09-02 14:24:00,"T1","32C",1,"plate_1_high","C2","Sample",55,"72hpf",NA,68,1103,"sam counted live"
"123",20260320,"Resaz_plate1_high_T1_260320_1424",2026-09-02 14:24:00,"T1","32C",1,"plate_1_high","C3","Sample",56,"72hpf",NA,13,1549,"sam counted live"
"124",20260320,"Resaz_plate1_high_T1_260320_1424",2026-09-02 14:24:00,"T1","32C",1,"plate_1_high","C4","Sample",57,"72hpf",NA,54,1011,"sam counted live"
"125",20260320,"Resaz_plate1_high_T1_260320_1424",2026-09-02 14:24:00,"T1","32C",1,"plate_1_high","C5","Sample",53,"72hpf",NA,50,1125,"sam counted live"
"126",20260320,"Resaz_plate1_high_T1_260320_1424",2026-09-02 14:24:00,"T1","32C",1,"plate_1_high","C6","Sample",52,"72hpf",NA,49,1087,"sam counted live"
"127",20260320,"Resaz_plate1_high_T1_260320_1424",2026-09-02 14:24:00,"T1","32C",1,"plate_1_high","C7","Sample",1,"72hpf",NA,31,1012,"sam counted live"
"128",20260320,"Resaz_plate1_high_T1_260320_1424",2026-09-02 14:24:00,"T1","32C",1,"plate_1_high","C8","Sample",4,"72hpf",NA,39,1050,"sam counted live"
"129",20260320,"Resaz_plate1_high_T1_260320_1424",2026-09-02 14:24:00,"T1","32C",1,"plate_1_high","C9","Sample",6,"72hpf",NA,25,990,"sam counted live"
"130",20260320,"Resaz_plate1_high_T1_260320_1424",2026-09-02 14:24:00,"T1","32C",1,"plate_1_high","C10","Sample",5,"72hpf",NA,56,1136,"sam counted live"
"131",20260320,"Resaz_plate1_high_T1_260320_1424",2026-09-02 14:24:00,"T1","32C",1,"plate_1_high","C11","Sample",8,"72hpf",NA,70,1070,"sam counted live"
"132",20260320,"Resaz_plate1_high_T1_260320_1424",2026-09-02 14:24:00,"T1","32C",1,"plate_1_high","C12","Sample",3,"72hpf",NA,49,1145,"sam counted live"
"133",20260320,"Resaz_plate1_high_T1_260320_1424",2026-09-02 14:24:00,"T1","32C",1,"plate_1_high","D1","Sample",54,"72hpf",NA,9,1269,"sam counted live"
"134",20260320,"Resaz_plate1_high_T1_260320_1424",2026-09-02 14:24:00,"T1","32C",1,"plate_1_high","D2","Sample",55,"72hpf",NA,64,1006,"sam counted live"
"135",20260320,"Resaz_plate1_high_T1_260320_1424",2026-09-02 14:24:00,"T1","32C",1,"plate_1_high","D3","Sample",56,"72hpf",NA,15,1133,"sam counted live"
"136",20260320,"Resaz_plate1_high_T1_260320_1424",2026-09-02 14:24:00,"T1","32C",1,"plate_1_high","D4","Sample",57,"72hpf",NA,62,970,"sam counted live"
"137",20260320,"Resaz_plate1_high_T1_260320_1424",2026-09-02 14:24:00,"T1","32C",1,"plate_1_high","D5","Sample",53,"72hpf",NA,91,1191,"sam counted live"
"138",20260320,"Resaz_plate1_high_T1_260320_1424",2026-09-02 14:24:00,"T1","32C",1,"plate_1_high","D6","Sample",52,"72hpf",NA,57,1150,"sam counted live"
"139",20260320,"Resaz_plate1_high_T1_260320_1424",2026-09-02 14:24:00,"T1","32C",1,"plate_1_high","D7","Sample",1,"72hpf",NA,39,1075,"sam counted live"
"140",20260320,"Resaz_plate1_high_T1_260320_1424",2026-09-02 14:24:00,"T1","32C",1,"plate_1_high","D8","Sample",4,"72hpf",NA,37,1036,"sam counted live"
"141",20260320,"Resaz_plate1_high_T1_260320_1424",2026-09-02 14:24:00,"T1","32C",1,"plate_1_high","D9","Sample",6,"72hpf",NA,26,973,"sam counted live"
"142",20260320,"Resaz_plate1_high_T1_260320_1424",2026-09-02 14:24:00,"T1","32C",1,"plate_1_high","D10","Sample",5,"72hpf",NA,36,1133,"sam counted live"
"143",20260320,"Resaz_plate1_high_T1_260320_1424",2026-09-02 14:24:00,"T1","32C",1,"plate_1_high","D11","Sample",8,"72hpf",NA,66,1043,"sam counted live"
"144",20260320,"Resaz_plate1_high_T1_260320_1424",2026-09-02 14:24:00,"T1","32C",1,"plate_1_high","D12","Sample",3,"72hpf",NA,46,1125,"sam counted live"
"145",20260320,"Resaz_plate1_high_T1_260320_1424",2026-09-02 14:24:00,"T1","32C",1,"plate_1_high","E1","Sample",54,"72hpf",NA,51,965,"sam counted live"
"146",20260320,"Resaz_plate1_high_T1_260320_1424",2026-09-02 14:24:00,"T1","32C",1,"plate_1_high","E2","Sample",55,"72hpf",NA,85,1064,"sam counted live"
"147",20260320,"Resaz_plate1_high_T1_260320_1424",2026-09-02 14:24:00,"T1","32C",1,"plate_1_high","E3","Sample",56,"72hpf",NA,15,964,"sam counted live"
"148",20260320,"Resaz_plate1_high_T1_260320_1424",2026-09-02 14:24:00,"T1","32C",1,"plate_1_high","E4","Sample",57,"72hpf",NA,120,1069,"sam counted live"
"149",20260320,"Resaz_plate1_high_T1_260320_1424",2026-09-02 14:24:00,"T1","32C",1,"plate_1_high","E5","Sample",53,"72hpf",NA,22,1183,"sam counted live"
"150",20260320,"Resaz_plate1_high_T1_260320_1424",2026-09-02 14:24:00,"T1","32C",1,"plate_1_high","E6","Sample",52,"72hpf",NA,72,1072,"sam counted live"
"151",20260320,"Resaz_plate1_high_T1_260320_1424",2026-09-02 14:24:00,"T1","32C",1,"plate_1_high","E7","Sample",1,"72hpf",NA,51,1025,"sam counted live"
"152",20260320,"Resaz_plate1_high_T1_260320_1424",2026-09-02 14:24:00,"T1","32C",1,"plate_1_high","E8","Sample",4,"72hpf",NA,53,1078,"sam counted live"
"153",20260320,"Resaz_plate1_high_T1_260320_1424",2026-09-02 14:24:00,"T1","32C",1,"plate_1_high","E9","Sample",6,"72hpf",NA,25,958,"sam counted live"
"154",20260320,"Resaz_plate1_high_T1_260320_1424",2026-09-02 14:24:00,"T1","32C",1,"plate_1_high","E10","Sample",5,"72hpf",NA,66,1099,"sam counted live"
"155",20260320,"Resaz_plate1_high_T1_260320_1424",2026-09-02 14:24:00,"T1","32C",1,"plate_1_high","E11","Sample",8,"72hpf",NA,60,1090,"sam counted live"
"156",20260320,"Resaz_plate1_high_T1_260320_1424",2026-09-02 14:24:00,"T1","32C",1,"plate_1_high","E12","Sample",3,"72hpf",NA,11,1053,"sam counted live"
"157",20260320,"Resaz_plate1_high_T1_260320_1424",2026-09-02 14:24:00,"T1","32C",1,"plate_1_high","F1","Sample",54,"72hpf",NA,32,1193,"sam counted live"
"158",20260320,"Resaz_plate1_high_T1_260320_1424",2026-09-02 14:24:00,"T1","32C",1,"plate_1_high","F2","Sample",55,"72hpf",NA,53,1034,"sam counted live"
"159",20260320,"Resaz_plate1_high_T1_260320_1424",2026-09-02 14:24:00,"T1","32C",1,"plate_1_high","F3","Sample",56,"72hpf",NA,20,1017,"sam counted live"
"160",20260320,"Resaz_plate1_high_T1_260320_1424",2026-09-02 14:24:00,"T1","32C",1,"plate_1_high","F4","Sample",57,"72hpf",NA,113,1212,"sam counted live"
"161",20260320,"Resaz_plate1_high_T1_260320_1424",2026-09-02 14:24:00,"T1","32C",1,"plate_1_high","F5","Sample",53,"72hpf",NA,69,1244,"sam counted live"
"162",20260320,"Resaz_plate1_high_T1_260320_1424",2026-09-02 14:24:00,"T1","32C",1,"plate_1_high","F6","Sample",52,"72hpf",NA,75,1096,"sam counted live"
"163",20260320,"Resaz_plate1_high_T1_260320_1424",2026-09-02 14:24:00,"T1","32C",1,"plate_1_high","F7","Sample",1,"72hpf",NA,53,990,"sam counted live"
"164",20260320,"Resaz_plate1_high_T1_260320_1424",2026-09-02 14:24:00,"T1","32C",1,"plate_1_high","F8","Sample",4,"72hpf",NA,37,1094,"sam counted live"
"165",20260320,"Resaz_plate1_high_T1_260320_1424",2026-09-02 14:24:00,"T1","32C",1,"plate_1_high","F9","Sample",6,"72hpf",NA,24,972,"sam counted live"
"166",20260320,"Resaz_plate1_high_T1_260320_1424",2026-09-02 14:24:00,"T1","32C",1,"plate_1_high","F10","Sample",5,"72hpf",NA,52,1018,"sam counted live"
"167",20260320,"Resaz_plate1_high_T1_260320_1424",2026-09-02 14:24:00,"T1","32C",1,"plate_1_high","F11","Sample",8,"72hpf",NA,55,1117,"sam counted live"
"168",20260320,"Resaz_plate1_high_T1_260320_1424",2026-09-02 14:24:00,"T1","32C",1,"plate_1_high","F12","Sample",3,"72hpf",NA,42,1167,"sam counted live"
"169",20260320,"Resaz_plate1_high_T1_260320_1424",2026-09-02 14:24:00,"T1","32C",1,"plate_1_high","G1","Sample",54,"72hpf",NA,0,1390,"sam counted live"
"170",20260320,"Resaz_plate1_high_T1_260320_1424",2026-09-02 14:24:00,"T1","32C",1,"plate_1_high","G2","Sample",55,"72hpf",NA,76,1073,"sam counted live"
"171",20260320,"Resaz_plate1_high_T1_260320_1424",2026-09-02 14:24:00,"T1","32C",1,"plate_1_high","G3","Sample",56,"72hpf",NA,15,1024,"sam counted live"
"172",20260320,"Resaz_plate1_high_T1_260320_1424",2026-09-02 14:24:00,"T1","32C",1,"plate_1_high","G4","Sample",57,"72hpf",NA,104,1084,"sam counted live"
"173",20260320,"Resaz_plate1_high_T1_260320_1424",2026-09-02 14:24:00,"T1","32C",1,"plate_1_high","G5","Sample",53,"72hpf",NA,105,1186,"sam counted live"
"174",20260320,"Resaz_plate1_high_T1_260320_1424",2026-09-02 14:24:00,"T1","32C",1,"plate_1_high","G6","Sample",52,"72hpf",NA,92,1236,"sam counted live"
"175",20260320,"Resaz_plate1_high_T1_260320_1424",2026-09-02 14:24:00,"T1","32C",1,"plate_1_high","G7","Sample",1,"72hpf",NA,55,929,"sam counted live"
"176",20260320,"Resaz_plate1_high_T1_260320_1424",2026-09-02 14:24:00,"T1","32C",1,"plate_1_high","G8","Sample",4,"72hpf",NA,39,1039,"sam counted live"
"177",20260320,"Resaz_plate1_high_T1_260320_1424",2026-09-02 14:24:00,"T1","32C",1,"plate_1_high","G9","Sample",6,"72hpf",NA,72,964,"sam counted live"
"178",20260320,"Resaz_plate1_high_T1_260320_1424",2026-09-02 14:24:00,"T1","32C",1,"plate_1_high","G10","Sample",5,"72hpf",NA,91,1169,"sam counted live"
"179",20260320,"Resaz_plate1_high_T1_260320_1424",2026-09-02 14:24:00,"T1","32C",1,"plate_1_high","G11","Sample",8,"72hpf",NA,69,1096,"sam counted live"
"180",20260320,"Resaz_plate1_high_T1_260320_1424",2026-09-02 14:24:00,"T1","32C",1,"plate_1_high","G12","Sample",3,"72hpf",NA,34,1116,"sam counted live"
"181",20260320,"Resaz_plate1_high_T1_260320_1424",2026-09-02 14:24:00,"T1","32C",1,"plate_1_high","H1","Blank",NA,"72hpf",NA,NA,865,NA
"182",20260320,"Resaz_plate1_high_T1_260320_1424",2026-09-02 14:24:00,"T1","32C",1,"plate_1_high","H2","Blank",NA,"72hpf",NA,NA,949,NA
"183",20260320,"Resaz_plate1_high_T1_260320_1424",2026-09-02 14:24:00,"T1","32C",1,"plate_1_high","H3","Blank",NA,"72hpf",NA,NA,959,NA
"184",20260320,"Resaz_plate1_high_T1_260320_1424",2026-09-02 14:24:00,"T1","32C",1,"plate_1_high","H4","Blank",NA,"72hpf",NA,NA,993,NA
"185",20260320,"Resaz_plate1_high_T1_260320_1424",2026-09-02 14:24:00,"T1","32C",1,"plate_1_high","H5","Blank",NA,"72hpf",NA,NA,1097,NA
"186",20260320,"Resaz_plate1_high_T1_260320_1424",2026-09-02 14:24:00,"T1","32C",1,"plate_1_high","H6","Blank",NA,"72hpf",NA,NA,1003,NA
"187",20260320,"Resaz_plate1_high_T1_260320_1424",2026-09-02 14:24:00,"T1","32C",1,"plate_1_high","H7","Blank",NA,"72hpf",NA,NA,923,NA
"188",20260320,"Resaz_plate1_high_T1_260320_1424",2026-09-02 14:24:00,"T1","32C",1,"plate_1_high","H8","Blank",NA,"72hpf",NA,NA,1036,NA
"189",20260320,"Resaz_plate1_high_T1_260320_1424",2026-09-02 14:24:00,"T1","32C",1,"plate_1_high","H9","Blank",NA,"72hpf",NA,NA,997,NA
"190",20260320,"Resaz_plate1_high_T1_260320_1424",2026-09-02 14:24:00,"T1","32C",1,"plate_1_high","H10","Blank",NA,"72hpf",NA,NA,923,NA
"191",20260320,"Resaz_plate1_high_T1_260320_1424",2026-09-02 14:24:00,"T1","32C",1,"plate_1_high","H11","Blank",NA,"72hpf",NA,NA,1061,NA
"192",20260320,"Resaz_plate1_high_T1_260320_1424",2026-09-02 14:24:00,"T1","32C",1,"plate_1_high","H12","Blank",NA,"72hpf",NA,NA,1019,NA
"193",20260320,"Resaz_plate1_high_T2_260320_1529",2026-09-02 15:29:00,"T2","32C",1,"plate_1_high","A1","Sample",54,"72hpf",NA,0,927,"sam counted live"
"194",20260320,"Resaz_plate1_high_T2_260320_1529",2026-09-02 15:29:00,"T2","32C",1,"plate_1_high","A2","Sample",55,"72hpf",NA,20,944,"sam counted live"
"195",20260320,"Resaz_plate1_high_T2_260320_1529",2026-09-02 15:29:00,"T2","32C",1,"plate_1_high","A3","Sample",56,"72hpf",NA,8,1004,"sam counted live"
"196",20260320,"Resaz_plate1_high_T2_260320_1529",2026-09-02 15:29:00,"T2","32C",1,"plate_1_high","A4","Sample",57,"72hpf",NA,32,961,"sam counted live"
"197",20260320,"Resaz_plate1_high_T2_260320_1529",2026-09-02 15:29:00,"T2","32C",1,"plate_1_high","A5","Sample",53,"72hpf",NA,39,1124,"sam counted live"
"198",20260320,"Resaz_plate1_high_T2_260320_1529",2026-09-02 15:29:00,"T2","32C",1,"plate_1_high","A6","Sample",52,"72hpf",NA,30,1016,"sam counted live"
"199",20260320,"Resaz_plate1_high_T2_260320_1529",2026-09-02 15:29:00,"T2","32C",1,"plate_1_high","A7","Sample",1,"72hpf",NA,24,1167,"sam counted live"
"200",20260320,"Resaz_plate1_high_T2_260320_1529",2026-09-02 15:29:00,"T2","32C",1,"plate_1_high","A8","Sample",4,"72hpf",NA,22,965,"sam counted live"
"201",20260320,"Resaz_plate1_high_T2_260320_1529",2026-09-02 15:29:00,"T2","32C",1,"plate_1_high","A9","Sample",6,"72hpf",NA,6,910,"sam counted live"
"202",20260320,"Resaz_plate1_high_T2_260320_1529",2026-09-02 15:29:00,"T2","32C",1,"plate_1_high","A10","Sample",5,"72hpf",NA,27,1138,"sam counted live"
"203",20260320,"Resaz_plate1_high_T2_260320_1529",2026-09-02 15:29:00,"T2","32C",1,"plate_1_high","A11","Sample",8,"72hpf",NA,29,1115,"sam counted live"
"204",20260320,"Resaz_plate1_high_T2_260320_1529",2026-09-02 15:29:00,"T2","32C",1,"plate_1_high","A12","Sample",3,"72hpf",NA,35,1255,"sam counted live"
"205",20260320,"Resaz_plate1_high_T2_260320_1529",2026-09-02 15:29:00,"T2","32C",1,"plate_1_high","B1","Sample",54,"72hpf",NA,50,1440,"sam counted live"
"206",20260320,"Resaz_plate1_high_T2_260320_1529",2026-09-02 15:29:00,"T2","32C",1,"plate_1_high","B2","Sample",55,"72hpf",NA,34,994,"sam counted live"
"207",20260320,"Resaz_plate1_high_T2_260320_1529",2026-09-02 15:29:00,"T2","32C",1,"plate_1_high","B3","Sample",56,"72hpf",NA,8,1064,"sam counted live"
"208",20260320,"Resaz_plate1_high_T2_260320_1529",2026-09-02 15:29:00,"T2","32C",1,"plate_1_high","B4","Sample",57,"72hpf",NA,56,1018,"sam counted live"
"209",20260320,"Resaz_plate1_high_T2_260320_1529",2026-09-02 15:29:00,"T2","32C",1,"plate_1_high","B5","Sample",53,"72hpf",NA,27,1121,"sam counted live"
"210",20260320,"Resaz_plate1_high_T2_260320_1529",2026-09-02 15:29:00,"T2","32C",1,"plate_1_high","B6","Sample",52,"72hpf",NA,40,1017,"sam counted live"
"211",20260320,"Resaz_plate1_high_T2_260320_1529",2026-09-02 15:29:00,"T2","32C",1,"plate_1_high","B7","Sample",1,"72hpf",NA,20,992,"sam counted live"
"212",20260320,"Resaz_plate1_high_T2_260320_1529",2026-09-02 15:29:00,"T2","32C",1,"plate_1_high","B8","Sample",4,"72hpf",NA,15,983,"sam counted live"
"213",20260320,"Resaz_plate1_high_T2_260320_1529",2026-09-02 15:29:00,"T2","32C",1,"plate_1_high","B9","Sample",6,"72hpf",NA,16,955,"sam counted live"
"214",20260320,"Resaz_plate1_high_T2_260320_1529",2026-09-02 15:29:00,"T2","32C",1,"plate_1_high","B10","Sample",5,"72hpf",NA,0,1354,"sam counted live"
"215",20260320,"Resaz_plate1_high_T2_260320_1529",2026-09-02 15:29:00,"T2","32C",1,"plate_1_high","B11","Sample",8,"72hpf",NA,14,1474,"sam counted live"
"216",20260320,"Resaz_plate1_high_T2_260320_1529",2026-09-02 15:29:00,"T2","32C",1,"plate_1_high","B12","Sample",3,"72hpf",NA,8,1139,"sam counted live"
"217",20260320,"Resaz_plate1_high_T2_260320_1529",2026-09-02 15:29:00,"T2","32C",1,"plate_1_high","C1","Sample",54,"72hpf",NA,0,1122,"sam counted live"
"218",20260320,"Resaz_plate1_high_T2_260320_1529",2026-09-02 15:29:00,"T2","32C",1,"plate_1_high","C2","Sample",55,"72hpf",NA,68,1175,"sam counted live"
"219",20260320,"Resaz_plate1_high_T2_260320_1529",2026-09-02 15:29:00,"T2","32C",1,"plate_1_high","C3","Sample",56,"72hpf",NA,13,1603,"sam counted live"
"220",20260320,"Resaz_plate1_high_T2_260320_1529",2026-09-02 15:29:00,"T2","32C",1,"plate_1_high","C4","Sample",57,"72hpf",NA,54,1069,"sam counted live"
"221",20260320,"Resaz_plate1_high_T2_260320_1529",2026-09-02 15:29:00,"T2","32C",1,"plate_1_high","C5","Sample",53,"72hpf",NA,50,1192,"sam counted live"
"222",20260320,"Resaz_plate1_high_T2_260320_1529",2026-09-02 15:29:00,"T2","32C",1,"plate_1_high","C6","Sample",52,"72hpf",NA,49,1153,"sam counted live"
"223",20260320,"Resaz_plate1_high_T2_260320_1529",2026-09-02 15:29:00,"T2","32C",1,"plate_1_high","C7","Sample",1,"72hpf",NA,31,1055,"sam counted live"
"224",20260320,"Resaz_plate1_high_T2_260320_1529",2026-09-02 15:29:00,"T2","32C",1,"plate_1_high","C8","Sample",4,"72hpf",NA,39,1110,"sam counted live"
"225",20260320,"Resaz_plate1_high_T2_260320_1529",2026-09-02 15:29:00,"T2","32C",1,"plate_1_high","C9","Sample",6,"72hpf",NA,25,1034,"sam counted live"
"226",20260320,"Resaz_plate1_high_T2_260320_1529",2026-09-02 15:29:00,"T2","32C",1,"plate_1_high","C10","Sample",5,"72hpf",NA,56,1230,"sam counted live"
"227",20260320,"Resaz_plate1_high_T2_260320_1529",2026-09-02 15:29:00,"T2","32C",1,"plate_1_high","C11","Sample",8,"72hpf",NA,70,1221,"sam counted live"
"228",20260320,"Resaz_plate1_high_T2_260320_1529",2026-09-02 15:29:00,"T2","32C",1,"plate_1_high","C12","Sample",3,"72hpf",NA,49,1368,"sam counted live"
"229",20260320,"Resaz_plate1_high_T2_260320_1529",2026-09-02 15:29:00,"T2","32C",1,"plate_1_high","D1","Sample",54,"72hpf",NA,9,1299,"sam counted live"
"230",20260320,"Resaz_plate1_high_T2_260320_1529",2026-09-02 15:29:00,"T2","32C",1,"plate_1_high","D2","Sample",55,"72hpf",NA,64,1071,"sam counted live"
"231",20260320,"Resaz_plate1_high_T2_260320_1529",2026-09-02 15:29:00,"T2","32C",1,"plate_1_high","D3","Sample",56,"72hpf",NA,15,1156,"sam counted live"
"232",20260320,"Resaz_plate1_high_T2_260320_1529",2026-09-02 15:29:00,"T2","32C",1,"plate_1_high","D4","Sample",57,"72hpf",NA,62,1010,"sam counted live"
"233",20260320,"Resaz_plate1_high_T2_260320_1529",2026-09-02 15:29:00,"T2","32C",1,"plate_1_high","D5","Sample",53,"72hpf",NA,91,1284,"sam counted live"
"234",20260320,"Resaz_plate1_high_T2_260320_1529",2026-09-02 15:29:00,"T2","32C",1,"plate_1_high","D6","Sample",52,"72hpf",NA,57,1210,"sam counted live"
"235",20260320,"Resaz_plate1_high_T2_260320_1529",2026-09-02 15:29:00,"T2","32C",1,"plate_1_high","D7","Sample",1,"72hpf",NA,39,1111,"sam counted live"
"236",20260320,"Resaz_plate1_high_T2_260320_1529",2026-09-02 15:29:00,"T2","32C",1,"plate_1_high","D8","Sample",4,"72hpf",NA,37,1088,"sam counted live"
"237",20260320,"Resaz_plate1_high_T2_260320_1529",2026-09-02 15:29:00,"T2","32C",1,"plate_1_high","D9","Sample",6,"72hpf",NA,26,1023,"sam counted live"
"238",20260320,"Resaz_plate1_high_T2_260320_1529",2026-09-02 15:29:00,"T2","32C",1,"plate_1_high","D10","Sample",5,"72hpf",NA,36,1210,"sam counted live"
"239",20260320,"Resaz_plate1_high_T2_260320_1529",2026-09-02 15:29:00,"T2","32C",1,"plate_1_high","D11","Sample",8,"72hpf",NA,66,1194,"sam counted live"
"240",20260320,"Resaz_plate1_high_T2_260320_1529",2026-09-02 15:29:00,"T2","32C",1,"plate_1_high","D12","Sample",3,"72hpf",NA,46,1371,"sam counted live"
"241",20260320,"Resaz_plate1_high_T2_260320_1529",2026-09-02 15:29:00,"T2","32C",1,"plate_1_high","E1","Sample",54,"72hpf",NA,51,1027,"sam counted live"
"242",20260320,"Resaz_plate1_high_T2_260320_1529",2026-09-02 15:29:00,"T2","32C",1,"plate_1_high","E2","Sample",55,"72hpf",NA,85,1148,"sam counted live"
"243",20260320,"Resaz_plate1_high_T2_260320_1529",2026-09-02 15:29:00,"T2","32C",1,"plate_1_high","E3","Sample",56,"72hpf",NA,15,989,"sam counted live"
"244",20260320,"Resaz_plate1_high_T2_260320_1529",2026-09-02 15:29:00,"T2","32C",1,"plate_1_high","E4","Sample",57,"72hpf",NA,120,1182,"sam counted live"
"245",20260320,"Resaz_plate1_high_T2_260320_1529",2026-09-02 15:29:00,"T2","32C",1,"plate_1_high","E5","Sample",53,"72hpf",NA,22,1218,"sam counted live"
"246",20260320,"Resaz_plate1_high_T2_260320_1529",2026-09-02 15:29:00,"T2","32C",1,"plate_1_high","E6","Sample",52,"72hpf",NA,72,1133,"sam counted live"
"247",20260320,"Resaz_plate1_high_T2_260320_1529",2026-09-02 15:29:00,"T2","32C",1,"plate_1_high","E7","Sample",1,"72hpf",NA,51,1087,"sam counted live"
"248",20260320,"Resaz_plate1_high_T2_260320_1529",2026-09-02 15:29:00,"T2","32C",1,"plate_1_high","E8","Sample",4,"72hpf",NA,53,1140,"sam counted live"
"249",20260320,"Resaz_plate1_high_T2_260320_1529",2026-09-02 15:29:00,"T2","32C",1,"plate_1_high","E9","Sample",6,"72hpf",NA,25,1005,"sam counted live"
"250",20260320,"Resaz_plate1_high_T2_260320_1529",2026-09-02 15:29:00,"T2","32C",1,"plate_1_high","E10","Sample",5,"72hpf",NA,66,1219,"sam counted live"
"251",20260320,"Resaz_plate1_high_T2_260320_1529",2026-09-02 15:29:00,"T2","32C",1,"plate_1_high","E11","Sample",8,"72hpf",NA,60,1261,"sam counted live"
"252",20260320,"Resaz_plate1_high_T2_260320_1529",2026-09-02 15:29:00,"T2","32C",1,"plate_1_high","E12","Sample",3,"72hpf",NA,11,1263,"sam counted live"
"253",20260320,"Resaz_plate1_high_T2_260320_1529",2026-09-02 15:29:00,"T2","32C",1,"plate_1_high","F1","Sample",54,"72hpf",NA,32,1261,"sam counted live"
"254",20260320,"Resaz_plate1_high_T2_260320_1529",2026-09-02 15:29:00,"T2","32C",1,"plate_1_high","F2","Sample",55,"72hpf",NA,53,1090,"sam counted live"
"255",20260320,"Resaz_plate1_high_T2_260320_1529",2026-09-02 15:29:00,"T2","32C",1,"plate_1_high","F3","Sample",56,"72hpf",NA,20,1061,"sam counted live"
"256",20260320,"Resaz_plate1_high_T2_260320_1529",2026-09-02 15:29:00,"T2","32C",1,"plate_1_high","F4","Sample",57,"72hpf",NA,113,1333,"sam counted live"
"257",20260320,"Resaz_plate1_high_T2_260320_1529",2026-09-02 15:29:00,"T2","32C",1,"plate_1_high","F5","Sample",53,"72hpf",NA,69,1358,"sam counted live"
"258",20260320,"Resaz_plate1_high_T2_260320_1529",2026-09-02 15:29:00,"T2","32C",1,"plate_1_high","F6","Sample",52,"72hpf",NA,75,1179,"sam counted live"
"259",20260320,"Resaz_plate1_high_T2_260320_1529",2026-09-02 15:29:00,"T2","32C",1,"plate_1_high","F7","Sample",1,"72hpf",NA,53,1063,"sam counted live"
"260",20260320,"Resaz_plate1_high_T2_260320_1529",2026-09-02 15:29:00,"T2","32C",1,"plate_1_high","F8","Sample",4,"72hpf",NA,37,1148,"sam counted live"
"261",20260320,"Resaz_plate1_high_T2_260320_1529",2026-09-02 15:29:00,"T2","32C",1,"plate_1_high","F9","Sample",6,"72hpf",NA,24,1017,"sam counted live"
"262",20260320,"Resaz_plate1_high_T2_260320_1529",2026-09-02 15:29:00,"T2","32C",1,"plate_1_high","F10","Sample",5,"72hpf",NA,52,1111,"sam counted live"
"263",20260320,"Resaz_plate1_high_T2_260320_1529",2026-09-02 15:29:00,"T2","32C",1,"plate_1_high","F11","Sample",8,"72hpf",NA,55,1272,"sam counted live"
"264",20260320,"Resaz_plate1_high_T2_260320_1529",2026-09-02 15:29:00,"T2","32C",1,"plate_1_high","F12","Sample",3,"72hpf",NA,42,1432,"sam counted live"
"265",20260320,"Resaz_plate1_high_T2_260320_1529",2026-09-02 15:29:00,"T2","32C",1,"plate_1_high","G1","Sample",54,"72hpf",NA,0,1408,"sam counted live"
"266",20260320,"Resaz_plate1_high_T2_260320_1529",2026-09-02 15:29:00,"T2","32C",1,"plate_1_high","G2","Sample",55,"72hpf",NA,76,1152,"sam counted live"
"267",20260320,"Resaz_plate1_high_T2_260320_1529",2026-09-02 15:29:00,"T2","32C",1,"plate_1_high","G3","Sample",56,"72hpf",NA,15,1067,"sam counted live"
"268",20260320,"Resaz_plate1_high_T2_260320_1529",2026-09-02 15:29:00,"T2","32C",1,"plate_1_high","G4","Sample",57,"72hpf",NA,104,1200,"sam counted live"
"269",20260320,"Resaz_plate1_high_T2_260320_1529",2026-09-02 15:29:00,"T2","32C",1,"plate_1_high","G5","Sample",53,"72hpf",NA,105,1319,"sam counted live"
"270",20260320,"Resaz_plate1_high_T2_260320_1529",2026-09-02 15:29:00,"T2","32C",1,"plate_1_high","G6","Sample",52,"72hpf",NA,92,1335,"sam counted live"
"271",20260320,"Resaz_plate1_high_T2_260320_1529",2026-09-02 15:29:00,"T2","32C",1,"plate_1_high","G7","Sample",1,"72hpf",NA,55,992,"sam counted live"
"272",20260320,"Resaz_plate1_high_T2_260320_1529",2026-09-02 15:29:00,"T2","32C",1,"plate_1_high","G8","Sample",4,"72hpf",NA,39,1088,"sam counted live"
"273",20260320,"Resaz_plate1_high_T2_260320_1529",2026-09-02 15:29:00,"T2","32C",1,"plate_1_high","G9","Sample",6,"72hpf",NA,72,1010,"sam counted live"
"274",20260320,"Resaz_plate1_high_T2_260320_1529",2026-09-02 15:29:00,"T2","32C",1,"plate_1_high","G10","Sample",5,"72hpf",NA,91,1320,"sam counted live"
"275",20260320,"Resaz_plate1_high_T2_260320_1529",2026-09-02 15:29:00,"T2","32C",1,"plate_1_high","G11","Sample",8,"72hpf",NA,69,1269,"sam counted live"
"276",20260320,"Resaz_plate1_high_T2_260320_1529",2026-09-02 15:29:00,"T2","32C",1,"plate_1_high","G12","Sample",3,"72hpf",NA,34,1343,"sam counted live"
"277",20260320,"Resaz_plate1_high_T2_260320_1529",2026-09-02 15:29:00,"T2","32C",1,"plate_1_high","H1","Blank",NA,"72hpf",NA,NA,877,NA
"278",20260320,"Resaz_plate1_high_T2_260320_1529",2026-09-02 15:29:00,"T2","32C",1,"plate_1_high","H2","Blank",NA,"72hpf",NA,NA,963,NA
"279",20260320,"Resaz_plate1_high_T2_260320_1529",2026-09-02 15:29:00,"T2","32C",1,"plate_1_high","H3","Blank",NA,"72hpf",NA,NA,974,NA
"280",20260320,"Resaz_plate1_high_T2_260320_1529",2026-09-02 15:29:00,"T2","32C",1,"plate_1_high","H4","Blank",NA,"72hpf",NA,NA,1011,NA
"281",20260320,"Resaz_plate1_high_T2_260320_1529",2026-09-02 15:29:00,"T2","32C",1,"plate_1_high","H5","Blank",NA,"72hpf",NA,NA,1112,NA
"282",20260320,"Resaz_plate1_high_T2_260320_1529",2026-09-02 15:29:00,"T2","32C",1,"plate_1_high","H6","Blank",NA,"72hpf",NA,NA,1021,NA
"283",20260320,"Resaz_plate1_high_T2_260320_1529",2026-09-02 15:29:00,"T2","32C",1,"plate_1_high","H7","Blank",NA,"72hpf",NA,NA,941,NA
"284",20260320,"Resaz_plate1_high_T2_260320_1529",2026-09-02 15:29:00,"T2","32C",1,"plate_1_high","H8","Blank",NA,"72hpf",NA,NA,1062,NA
"285",20260320,"Resaz_plate1_high_T2_260320_1529",2026-09-02 15:29:00,"T2","32C",1,"plate_1_high","H9","Blank",NA,"72hpf",NA,NA,1023,NA
"286",20260320,"Resaz_plate1_high_T2_260320_1529",2026-09-02 15:29:00,"T2","32C",1,"plate_1_high","H10","Blank",NA,"72hpf",NA,NA,959,NA
"287",20260320,"Resaz_plate1_high_T2_260320_1529",2026-09-02 15:29:00,"T2","32C",1,"plate_1_high","H11","Blank",NA,"72hpf",NA,NA,1133,NA
"288",20260320,"Resaz_plate1_high_T2_260320_1529",2026-09-02 15:29:00,"T2","32C",1,"plate_1_high","H12","Blank",NA,"72hpf",NA,NA,1168,NA
"289",20260320,"Resaz_plate1_high_T3_260320_1640",2026-09-02 16:40:00,"T3","32C",1,"plate_1_high","A1","Sample",54,"72hpf",NA,0,975,"sam counted live"
"290",20260320,"Resaz_plate1_high_T3_260320_1640",2026-09-02 16:40:00,"T3","32C",1,"plate_1_high","A2","Sample",55,"72hpf",NA,20,996,"sam counted live"
"291",20260320,"Resaz_plate1_high_T3_260320_1640",2026-09-02 16:40:00,"T3","32C",1,"plate_1_high","A3","Sample",56,"72hpf",NA,8,1058,"sam counted live"
"292",20260320,"Resaz_plate1_high_T3_260320_1640",2026-09-02 16:40:00,"T3","32C",1,"plate_1_high","A4","Sample",57,"72hpf",NA,32,1016,"sam counted live"
"293",20260320,"Resaz_plate1_high_T3_260320_1640",2026-09-02 16:40:00,"T3","32C",1,"plate_1_high","A5","Sample",53,"72hpf",NA,39,1206,"sam counted live"
"294",20260320,"Resaz_plate1_high_T3_260320_1640",2026-09-02 16:40:00,"T3","32C",1,"plate_1_high","A6","Sample",52,"72hpf",NA,30,1082,"sam counted live"
"295",20260320,"Resaz_plate1_high_T3_260320_1640",2026-09-02 16:40:00,"T3","32C",1,"plate_1_high","A7","Sample",1,"72hpf",NA,24,1226,"sam counted live"
"296",20260320,"Resaz_plate1_high_T3_260320_1640",2026-09-02 16:40:00,"T3","32C",1,"plate_1_high","A8","Sample",4,"72hpf",NA,22,1014,"sam counted live"
"297",20260320,"Resaz_plate1_high_T3_260320_1640",2026-09-02 16:40:00,"T3","32C",1,"plate_1_high","A9","Sample",6,"72hpf",NA,6,950,"sam counted live"
"298",20260320,"Resaz_plate1_high_T3_260320_1640",2026-09-02 16:40:00,"T3","32C",1,"plate_1_high","A10","Sample",5,"72hpf",NA,27,1197,"sam counted live"
"299",20260320,"Resaz_plate1_high_T3_260320_1640",2026-09-02 16:40:00,"T3","32C",1,"plate_1_high","A11","Sample",8,"72hpf",NA,29,1175,"sam counted live"
"300",20260320,"Resaz_plate1_high_T3_260320_1640",2026-09-02 16:40:00,"T3","32C",1,"plate_1_high","A12","Sample",3,"72hpf",NA,35,1343,"sam counted live"
"301",20260320,"Resaz_plate1_high_T3_260320_1640",2026-09-02 16:40:00,"T3","32C",1,"plate_1_high","B1","Sample",54,"72hpf",NA,50,1527,"sam counted live"
"302",20260320,"Resaz_plate1_high_T3_260320_1640",2026-09-02 16:40:00,"T3","32C",1,"plate_1_high","B2","Sample",55,"72hpf",NA,34,1053,"sam counted live"
"303",20260320,"Resaz_plate1_high_T3_260320_1640",2026-09-02 16:40:00,"T3","32C",1,"plate_1_high","B3","Sample",56,"72hpf",NA,8,1120,"sam counted live"
"304",20260320,"Resaz_plate1_high_T3_260320_1640",2026-09-02 16:40:00,"T3","32C",1,"plate_1_high","B4","Sample",57,"72hpf",NA,56,1083,"sam counted live"
"305",20260320,"Resaz_plate1_high_T3_260320_1640",2026-09-02 16:40:00,"T3","32C",1,"plate_1_high","B5","Sample",53,"72hpf",NA,27,1179,"sam counted live"
"306",20260320,"Resaz_plate1_high_T3_260320_1640",2026-09-02 16:40:00,"T3","32C",1,"plate_1_high","B6","Sample",52,"72hpf",NA,40,1081,"sam counted live"
"307",20260320,"Resaz_plate1_high_T3_260320_1640",2026-09-02 16:40:00,"T3","32C",1,"plate_1_high","B7","Sample",1,"72hpf",NA,20,1047,"sam counted live"
"308",20260320,"Resaz_plate1_high_T3_260320_1640",2026-09-02 16:40:00,"T3","32C",1,"plate_1_high","B8","Sample",4,"72hpf",NA,15,1034,"sam counted live"
"309",20260320,"Resaz_plate1_high_T3_260320_1640",2026-09-02 16:40:00,"T3","32C",1,"plate_1_high","B9","Sample",6,"72hpf",NA,16,1002,"sam counted live"
"310",20260320,"Resaz_plate1_high_T3_260320_1640",2026-09-02 16:40:00,"T3","32C",1,"plate_1_high","B10","Sample",5,"72hpf",NA,0,1421,"sam counted live"
"311",20260320,"Resaz_plate1_high_T3_260320_1640",2026-09-02 16:40:00,"T3","32C",1,"plate_1_high","B11","Sample",8,"72hpf",NA,14,1550,"sam counted live"
"312",20260320,"Resaz_plate1_high_T3_260320_1640",2026-09-02 16:40:00,"T3","32C",1,"plate_1_high","B12","Sample",3,"72hpf",NA,8,1220,"sam counted live"
"313",20260320,"Resaz_plate1_high_T3_260320_1640",2026-09-02 16:40:00,"T3","32C",1,"plate_1_high","C1","Sample",54,"72hpf",NA,0,1172,"sam counted live"
"314",20260320,"Resaz_plate1_high_T3_260320_1640",2026-09-02 16:40:00,"T3","32C",1,"plate_1_high","C2","Sample",55,"72hpf",NA,68,1267,"sam counted live"
"315",20260320,"Resaz_plate1_high_T3_260320_1640",2026-09-02 16:40:00,"T3","32C",1,"plate_1_high","C3","Sample",56,"72hpf",NA,13,1694,"sam counted live"
"316",20260320,"Resaz_plate1_high_T3_260320_1640",2026-09-02 16:40:00,"T3","32C",1,"plate_1_high","C4","Sample",57,"72hpf",NA,54,1151,"sam counted live"
"317",20260320,"Resaz_plate1_high_T3_260320_1640",2026-09-02 16:40:00,"T3","32C",1,"plate_1_high","C5","Sample",53,"72hpf",NA,50,1276,"sam counted live"
"318",20260320,"Resaz_plate1_high_T3_260320_1640",2026-09-02 16:40:00,"T3","32C",1,"plate_1_high","C6","Sample",52,"72hpf",NA,49,1257,"sam counted live"
"319",20260320,"Resaz_plate1_high_T3_260320_1640",2026-09-02 16:40:00,"T3","32C",1,"plate_1_high","C7","Sample",1,"72hpf",NA,31,1122,"sam counted live"
"320",20260320,"Resaz_plate1_high_T3_260320_1640",2026-09-02 16:40:00,"T3","32C",1,"plate_1_high","C8","Sample",4,"72hpf",NA,39,1186,"sam counted live"
"321",20260320,"Resaz_plate1_high_T3_260320_1640",2026-09-02 16:40:00,"T3","32C",1,"plate_1_high","C9","Sample",6,"72hpf",NA,25,1096,"sam counted live"
"322",20260320,"Resaz_plate1_high_T3_260320_1640",2026-09-02 16:40:00,"T3","32C",1,"plate_1_high","C10","Sample",5,"72hpf",NA,56,1315,"sam counted live"
"323",20260320,"Resaz_plate1_high_T3_260320_1640",2026-09-02 16:40:00,"T3","32C",1,"plate_1_high","C11","Sample",8,"72hpf",NA,70,1324,"sam counted live"
"324",20260320,"Resaz_plate1_high_T3_260320_1640",2026-09-02 16:40:00,"T3","32C",1,"plate_1_high","C12","Sample",3,"72hpf",NA,49,1514,"sam counted live"
"325",20260320,"Resaz_plate1_high_T3_260320_1640",2026-09-02 16:40:00,"T3","32C",1,"plate_1_high","D1","Sample",54,"72hpf",NA,9,1360,"sam counted live"
"326",20260320,"Resaz_plate1_high_T3_260320_1640",2026-09-02 16:40:00,"T3","32C",1,"plate_1_high","D2","Sample",55,"72hpf",NA,64,1147,"sam counted live"
"327",20260320,"Resaz_plate1_high_T3_260320_1640",2026-09-02 16:40:00,"T3","32C",1,"plate_1_high","D3","Sample",56,"72hpf",NA,15,1219,"sam counted live"
"328",20260320,"Resaz_plate1_high_T3_260320_1640",2026-09-02 16:40:00,"T3","32C",1,"plate_1_high","D4","Sample",57,"72hpf",NA,62,1088,"sam counted live"
"329",20260320,"Resaz_plate1_high_T3_260320_1640",2026-09-02 16:40:00,"T3","32C",1,"plate_1_high","D5","Sample",53,"72hpf",NA,91,1398,"sam counted live"
"330",20260320,"Resaz_plate1_high_T3_260320_1640",2026-09-02 16:40:00,"T3","32C",1,"plate_1_high","D6","Sample",52,"72hpf",NA,57,1320,"sam counted live"
"331",20260320,"Resaz_plate1_high_T3_260320_1640",2026-09-02 16:40:00,"T3","32C",1,"plate_1_high","D7","Sample",1,"72hpf",NA,39,1200,"sam counted live"
"332",20260320,"Resaz_plate1_high_T3_260320_1640",2026-09-02 16:40:00,"T3","32C",1,"plate_1_high","D8","Sample",4,"72hpf",NA,37,1161,"sam counted live"
"333",20260320,"Resaz_plate1_high_T3_260320_1640",2026-09-02 16:40:00,"T3","32C",1,"plate_1_high","D9","Sample",6,"72hpf",NA,26,1084,"sam counted live"
"334",20260320,"Resaz_plate1_high_T3_260320_1640",2026-09-02 16:40:00,"T3","32C",1,"plate_1_high","D10","Sample",5,"72hpf",NA,36,1289,"sam counted live"
"335",20260320,"Resaz_plate1_high_T3_260320_1640",2026-09-02 16:40:00,"T3","32C",1,"plate_1_high","D11","Sample",8,"72hpf",NA,66,1309,"sam counted live"
"336",20260320,"Resaz_plate1_high_T3_260320_1640",2026-09-02 16:40:00,"T3","32C",1,"plate_1_high","D12","Sample",3,"72hpf",NA,46,1560,"sam counted live"
"337",20260320,"Resaz_plate1_high_T3_260320_1640",2026-09-02 16:40:00,"T3","32C",1,"plate_1_high","E1","Sample",54,"72hpf",NA,51,1090,"sam counted live"
"338",20260320,"Resaz_plate1_high_T3_260320_1640",2026-09-02 16:40:00,"T3","32C",1,"plate_1_high","E2","Sample",55,"72hpf",NA,85,1244,"sam counted live"
"339",20260320,"Resaz_plate1_high_T3_260320_1640",2026-09-02 16:40:00,"T3","32C",1,"plate_1_high","E3","Sample",56,"72hpf",NA,15,1043,"sam counted live"
"340",20260320,"Resaz_plate1_high_T3_260320_1640",2026-09-02 16:40:00,"T3","32C",1,"plate_1_high","E4","Sample",57,"72hpf",NA,120,1314,"sam counted live"
"341",20260320,"Resaz_plate1_high_T3_260320_1640",2026-09-02 16:40:00,"T3","32C",1,"plate_1_high","E5","Sample",53,"72hpf",NA,22,1284,"sam counted live"
"342",20260320,"Resaz_plate1_high_T3_260320_1640",2026-09-02 16:40:00,"T3","32C",1,"plate_1_high","E6","Sample",52,"72hpf",NA,72,1250,"sam counted live"
"343",20260320,"Resaz_plate1_high_T3_260320_1640",2026-09-02 16:40:00,"T3","32C",1,"plate_1_high","E7","Sample",1,"72hpf",NA,51,1164,"sam counted live"
"344",20260320,"Resaz_plate1_high_T3_260320_1640",2026-09-02 16:40:00,"T3","32C",1,"plate_1_high","E8","Sample",4,"72hpf",NA,53,1224,"sam counted live"
"345",20260320,"Resaz_plate1_high_T3_260320_1640",2026-09-02 16:40:00,"T3","32C",1,"plate_1_high","E9","Sample",6,"72hpf",NA,25,1063,"sam counted live"
"346",20260320,"Resaz_plate1_high_T3_260320_1640",2026-09-02 16:40:00,"T3","32C",1,"plate_1_high","E10","Sample",5,"72hpf",NA,66,1327,"sam counted live"
"347",20260320,"Resaz_plate1_high_T3_260320_1640",2026-09-02 16:40:00,"T3","32C",1,"plate_1_high","E11","Sample",8,"72hpf",NA,60,1375,"sam counted live"
"348",20260320,"Resaz_plate1_high_T3_260320_1640",2026-09-02 16:40:00,"T3","32C",1,"plate_1_high","E12","Sample",3,"72hpf",NA,11,1423,"sam counted live"
"349",20260320,"Resaz_plate1_high_T3_260320_1640",2026-09-02 16:40:00,"T3","32C",1,"plate_1_high","F1","Sample",54,"72hpf",NA,32,1312,"sam counted live"
"350",20260320,"Resaz_plate1_high_T3_260320_1640",2026-09-02 16:40:00,"T3","32C",1,"plate_1_high","F2","Sample",55,"72hpf",NA,53,1164,"sam counted live"
"351",20260320,"Resaz_plate1_high_T3_260320_1640",2026-09-02 16:40:00,"T3","32C",1,"plate_1_high","F3","Sample",56,"72hpf",NA,20,1120,"sam counted live"
"352",20260320,"Resaz_plate1_high_T3_260320_1640",2026-09-02 16:40:00,"T3","32C",1,"plate_1_high","F4","Sample",57,"72hpf",NA,113,1463,"sam counted live"
"353",20260320,"Resaz_plate1_high_T3_260320_1640",2026-09-02 16:40:00,"T3","32C",1,"plate_1_high","F5","Sample",53,"72hpf",NA,69,1452,"sam counted live"
"354",20260320,"Resaz_plate1_high_T3_260320_1640",2026-09-02 16:40:00,"T3","32C",1,"plate_1_high","F6","Sample",52,"72hpf",NA,75,1279,"sam counted live"
"355",20260320,"Resaz_plate1_high_T3_260320_1640",2026-09-02 16:40:00,"T3","32C",1,"plate_1_high","F7","Sample",1,"72hpf",NA,53,1142,"sam counted live"
"356",20260320,"Resaz_plate1_high_T3_260320_1640",2026-09-02 16:40:00,"T3","32C",1,"plate_1_high","F8","Sample",4,"72hpf",NA,37,1226,"sam counted live"
"357",20260320,"Resaz_plate1_high_T3_260320_1640",2026-09-02 16:40:00,"T3","32C",1,"plate_1_high","F9","Sample",6,"72hpf",NA,24,1068,"sam counted live"
"358",20260320,"Resaz_plate1_high_T3_260320_1640",2026-09-02 16:40:00,"T3","32C",1,"plate_1_high","F10","Sample",5,"72hpf",NA,52,1197,"sam counted live"
"359",20260320,"Resaz_plate1_high_T3_260320_1640",2026-09-02 16:40:00,"T3","32C",1,"plate_1_high","F11","Sample",8,"72hpf",NA,55,1398,"sam counted live"
"360",20260320,"Resaz_plate1_high_T3_260320_1640",2026-09-02 16:40:00,"T3","32C",1,"plate_1_high","F12","Sample",3,"72hpf",NA,42,1669,"sam counted live"
"361",20260320,"Resaz_plate1_high_T3_260320_1640",2026-09-02 16:40:00,"T3","32C",1,"plate_1_high","G1","Sample",54,"72hpf",NA,0,1469,"sam counted live"
"362",20260320,"Resaz_plate1_high_T3_260320_1640",2026-09-02 16:40:00,"T3","32C",1,"plate_1_high","G2","Sample",55,"72hpf",NA,76,1242,"sam counted live"
"363",20260320,"Resaz_plate1_high_T3_260320_1640",2026-09-02 16:40:00,"T3","32C",1,"plate_1_high","G3","Sample",56,"72hpf",NA,15,1169,"sam counted live"
"364",20260320,"Resaz_plate1_high_T3_260320_1640",2026-09-02 16:40:00,"T3","32C",1,"plate_1_high","G4","Sample",57,"72hpf",NA,104,1327,"sam counted live"
"365",20260320,"Resaz_plate1_high_T3_260320_1640",2026-09-02 16:40:00,"T3","32C",1,"plate_1_high","G5","Sample",53,"72hpf",NA,105,1470,"sam counted live"
"366",20260320,"Resaz_plate1_high_T3_260320_1640",2026-09-02 16:40:00,"T3","32C",1,"plate_1_high","G6","Sample",52,"72hpf",NA,92,1487,"sam counted live"
"367",20260320,"Resaz_plate1_high_T3_260320_1640",2026-09-02 16:40:00,"T3","32C",1,"plate_1_high","G7","Sample",1,"72hpf",NA,55,1101,"sam counted live"
"368",20260320,"Resaz_plate1_high_T3_260320_1640",2026-09-02 16:40:00,"T3","32C",1,"plate_1_high","G8","Sample",4,"72hpf",NA,39,1188,"sam counted live"
"369",20260320,"Resaz_plate1_high_T3_260320_1640",2026-09-02 16:40:00,"T3","32C",1,"plate_1_high","G9","Sample",6,"72hpf",NA,72,1088,"sam counted live"
"370",20260320,"Resaz_plate1_high_T3_260320_1640",2026-09-02 16:40:00,"T3","32C",1,"plate_1_high","G10","Sample",5,"72hpf",NA,91,1468,"sam counted live"
"371",20260320,"Resaz_plate1_high_T3_260320_1640",2026-09-02 16:40:00,"T3","32C",1,"plate_1_high","G11","Sample",8,"72hpf",NA,69,1419,"sam counted live"
"372",20260320,"Resaz_plate1_high_T3_260320_1640",2026-09-02 16:40:00,"T3","32C",1,"plate_1_high","G12","Sample",3,"72hpf",NA,34,1578,"sam counted live"
"373",20260320,"Resaz_plate1_high_T3_260320_1640",2026-09-02 16:40:00,"T3","32C",1,"plate_1_high","H1","Blank",NA,"72hpf",NA,NA,935,NA
"374",20260320,"Resaz_plate1_high_T3_260320_1640",2026-09-02 16:40:00,"T3","32C",1,"plate_1_high","H2","Blank",NA,"72hpf",NA,NA,1029,NA
"375",20260320,"Resaz_plate1_high_T3_260320_1640",2026-09-02 16:40:00,"T3","32C",1,"plate_1_high","H3","Blank",NA,"72hpf",NA,NA,1062,NA
"376",20260320,"Resaz_plate1_high_T3_260320_1640",2026-09-02 16:40:00,"T3","32C",1,"plate_1_high","H4","Blank",NA,"72hpf",NA,NA,1122,NA
"377",20260320,"Resaz_plate1_high_T3_260320_1640",2026-09-02 16:40:00,"T3","32C",1,"plate_1_high","H5","Blank",NA,"72hpf",NA,NA,1258,NA
"378",20260320,"Resaz_plate1_high_T3_260320_1640",2026-09-02 16:40:00,"T3","32C",1,"plate_1_high","H6","Blank",NA,"72hpf",NA,NA,1174,NA
"379",20260320,"Resaz_plate1_high_T3_260320_1640",2026-09-02 16:40:00,"T3","32C",1,"plate_1_high","H7","Blank",NA,"72hpf",NA,NA,1092,NA
"380",20260320,"Resaz_plate1_high_T3_260320_1640",2026-09-02 16:40:00,"T3","32C",1,"plate_1_high","H8","Blank",NA,"72hpf",NA,NA,1235,NA
"381",20260320,"Resaz_plate1_high_T3_260320_1640",2026-09-02 16:40:00,"T3","32C",1,"plate_1_high","H9","Blank",NA,"72hpf",NA,NA,1186,NA
"382",20260320,"Resaz_plate1_high_T3_260320_1640",2026-09-02 16:40:00,"T3","32C",1,"plate_1_high","H10","Blank",NA,"72hpf",NA,NA,1112,NA
"383",20260320,"Resaz_plate1_high_T3_260320_1640",2026-09-02 16:40:00,"T3","32C",1,"plate_1_high","H11","Blank",NA,"72hpf",NA,NA,1316,NA
"384",20260320,"Resaz_plate1_high_T3_260320_1640",2026-09-02 16:40:00,"T3","32C",1,"plate_1_high","H12","Blank",NA,"72hpf",NA,NA,1402,NA
"385",20260320,"Resaz_plate1_high_T4_260320_1747",2026-09-02 17:47:00,"T4","32C",1,"plate_1_high","A1","Sample",54,"72hpf",NA,0,989,"sam counted live"
"386",20260320,"Resaz_plate1_high_T4_260320_1747",2026-09-02 17:47:00,"T4","32C",1,"plate_1_high","A2","Sample",55,"72hpf",NA,20,1016,"sam counted live"
"387",20260320,"Resaz_plate1_high_T4_260320_1747",2026-09-02 17:47:00,"T4","32C",1,"plate_1_high","A3","Sample",56,"72hpf",NA,8,1075,"sam counted live"
"388",20260320,"Resaz_plate1_high_T4_260320_1747",2026-09-02 17:47:00,"T4","32C",1,"plate_1_high","A4","Sample",57,"72hpf",NA,32,1045,"sam counted live"
"389",20260320,"Resaz_plate1_high_T4_260320_1747",2026-09-02 17:47:00,"T4","32C",1,"plate_1_high","A5","Sample",53,"72hpf",NA,39,1246,"sam counted live"
"390",20260320,"Resaz_plate1_high_T4_260320_1747",2026-09-02 17:47:00,"T4","32C",1,"plate_1_high","A6","Sample",52,"72hpf",NA,30,1114,"sam counted live"
"391",20260320,"Resaz_plate1_high_T4_260320_1747",2026-09-02 17:47:00,"T4","32C",1,"plate_1_high","A7","Sample",1,"72hpf",NA,24,1252,"sam counted live"
"392",20260320,"Resaz_plate1_high_T4_260320_1747",2026-09-02 17:47:00,"T4","32C",1,"plate_1_high","A8","Sample",4,"72hpf",NA,22,1041,"sam counted live"
"393",20260320,"Resaz_plate1_high_T4_260320_1747",2026-09-02 17:47:00,"T4","32C",1,"plate_1_high","A9","Sample",6,"72hpf",NA,6,971,"sam counted live"
"394",20260320,"Resaz_plate1_high_T4_260320_1747",2026-09-02 17:47:00,"T4","32C",1,"plate_1_high","A10","Sample",5,"72hpf",NA,27,1246,"sam counted live"
"395",20260320,"Resaz_plate1_high_T4_260320_1747",2026-09-02 17:47:00,"T4","32C",1,"plate_1_high","A11","Sample",8,"72hpf",NA,29,1231,"sam counted live"
"396",20260320,"Resaz_plate1_high_T4_260320_1747",2026-09-02 17:47:00,"T4","32C",1,"plate_1_high","A12","Sample",3,"72hpf",NA,35,1459,"sam counted live"
"397",20260320,"Resaz_plate1_high_T4_260320_1747",2026-09-02 17:47:00,"T4","32C",1,"plate_1_high","B1","Sample",54,"72hpf",NA,50,1607,"sam counted live"
"398",20260320,"Resaz_plate1_high_T4_260320_1747",2026-09-02 17:47:00,"T4","32C",1,"plate_1_high","B2","Sample",55,"72hpf",NA,34,1077,"sam counted live"
"399",20260320,"Resaz_plate1_high_T4_260320_1747",2026-09-02 17:47:00,"T4","32C",1,"plate_1_high","B3","Sample",56,"72hpf",NA,8,1139,"sam counted live"
"400",20260320,"Resaz_plate1_high_T4_260320_1747",2026-09-02 17:47:00,"T4","32C",1,"plate_1_high","B4","Sample",57,"72hpf",NA,56,1112,"sam counted live"
"401",20260320,"Resaz_plate1_high_T4_260320_1747",2026-09-02 17:47:00,"T4","32C",1,"plate_1_high","B5","Sample",53,"72hpf",NA,27,1199,"sam counted live"
"402",20260320,"Resaz_plate1_high_T4_260320_1747",2026-09-02 17:47:00,"T4","32C",1,"plate_1_high","B6","Sample",52,"72hpf",NA,40,1107,"sam counted live"
"403",20260320,"Resaz_plate1_high_T4_260320_1747",2026-09-02 17:47:00,"T4","32C",1,"plate_1_high","B7","Sample",1,"72hpf",NA,20,1077,"sam counted live"
"404",20260320,"Resaz_plate1_high_T4_260320_1747",2026-09-02 17:47:00,"T4","32C",1,"plate_1_high","B8","Sample",4,"72hpf",NA,15,1056,"sam counted live"
"405",20260320,"Resaz_plate1_high_T4_260320_1747",2026-09-02 17:47:00,"T4","32C",1,"plate_1_high","B9","Sample",6,"72hpf",NA,16,1033,"sam counted live"
"406",20260320,"Resaz_plate1_high_T4_260320_1747",2026-09-02 17:47:00,"T4","32C",1,"plate_1_high","B10","Sample",5,"72hpf",NA,0,1471,"sam counted live"
"407",20260320,"Resaz_plate1_high_T4_260320_1747",2026-09-02 17:47:00,"T4","32C",1,"plate_1_high","B11","Sample",8,"72hpf",NA,14,1640,"sam counted live"
"408",20260320,"Resaz_plate1_high_T4_260320_1747",2026-09-02 17:47:00,"T4","32C",1,"plate_1_high","B12","Sample",3,"72hpf",NA,8,1352,"sam counted live"
"409",20260320,"Resaz_plate1_high_T4_260320_1747",2026-09-02 17:47:00,"T4","32C",1,"plate_1_high","C1","Sample",54,"72hpf",NA,0,1207,"sam counted live"
"410",20260320,"Resaz_plate1_high_T4_260320_1747",2026-09-02 17:47:00,"T4","32C",1,"plate_1_high","C2","Sample",55,"72hpf",NA,68,1323,"sam counted live"
"411",20260320,"Resaz_plate1_high_T4_260320_1747",2026-09-02 17:47:00,"T4","32C",1,"plate_1_high","C3","Sample",56,"72hpf",NA,13,1760,"sam counted live"
"412",20260320,"Resaz_plate1_high_T4_260320_1747",2026-09-02 17:47:00,"T4","32C",1,"plate_1_high","C4","Sample",57,"72hpf",NA,54,1202,"sam counted live"
"413",20260320,"Resaz_plate1_high_T4_260320_1747",2026-09-02 17:47:00,"T4","32C",1,"plate_1_high","C5","Sample",53,"72hpf",NA,50,1324,"sam counted live"
"414",20260320,"Resaz_plate1_high_T4_260320_1747",2026-09-02 17:47:00,"T4","32C",1,"plate_1_high","C6","Sample",52,"72hpf",NA,49,1311,"sam counted live"
"415",20260320,"Resaz_plate1_high_T4_260320_1747",2026-09-02 17:47:00,"T4","32C",1,"plate_1_high","C7","Sample",1,"72hpf",NA,31,1159,"sam counted live"
"416",20260320,"Resaz_plate1_high_T4_260320_1747",2026-09-02 17:47:00,"T4","32C",1,"plate_1_high","C8","Sample",4,"72hpf",NA,39,1239,"sam counted live"
"417",20260320,"Resaz_plate1_high_T4_260320_1747",2026-09-02 17:47:00,"T4","32C",1,"plate_1_high","C9","Sample",6,"72hpf",NA,25,1128,"sam counted live"
"418",20260320,"Resaz_plate1_high_T4_260320_1747",2026-09-02 17:47:00,"T4","32C",1,"plate_1_high","C10","Sample",5,"72hpf",NA,56,1393,"sam counted live"
"419",20260320,"Resaz_plate1_high_T4_260320_1747",2026-09-02 17:47:00,"T4","32C",1,"plate_1_high","C11","Sample",8,"72hpf",NA,70,1457,"sam counted live"
"420",20260320,"Resaz_plate1_high_T4_260320_1747",2026-09-02 17:47:00,"T4","32C",1,"plate_1_high","C12","Sample",3,"72hpf",NA,49,1767,"sam counted live"
"421",20260320,"Resaz_plate1_high_T4_260320_1747",2026-09-02 17:47:00,"T4","32C",1,"plate_1_high","D1","Sample",54,"72hpf",NA,9,1400,"sam counted live"
"422",20260320,"Resaz_plate1_high_T4_260320_1747",2026-09-02 17:47:00,"T4","32C",1,"plate_1_high","D2","Sample",55,"72hpf",NA,64,1183,"sam counted live"
"423",20260320,"Resaz_plate1_high_T4_260320_1747",2026-09-02 17:47:00,"T4","32C",1,"plate_1_high","D3","Sample",56,"72hpf",NA,15,1231,"sam counted live"
"424",20260320,"Resaz_plate1_high_T4_260320_1747",2026-09-02 17:47:00,"T4","32C",1,"plate_1_high","D4","Sample",57,"72hpf",NA,62,1121,"sam counted live"
"425",20260320,"Resaz_plate1_high_T4_260320_1747",2026-09-02 17:47:00,"T4","32C",1,"plate_1_high","D5","Sample",53,"72hpf",NA,91,1458,"sam counted live"
"426",20260320,"Resaz_plate1_high_T4_260320_1747",2026-09-02 17:47:00,"T4","32C",1,"plate_1_high","D6","Sample",52,"72hpf",NA,57,1383,"sam counted live"
"427",20260320,"Resaz_plate1_high_T4_260320_1747",2026-09-02 17:47:00,"T4","32C",1,"plate_1_high","D7","Sample",1,"72hpf",NA,39,1245,"sam counted live"
"428",20260320,"Resaz_plate1_high_T4_260320_1747",2026-09-02 17:47:00,"T4","32C",1,"plate_1_high","D8","Sample",4,"72hpf",NA,37,1202,"sam counted live"
"429",20260320,"Resaz_plate1_high_T4_260320_1747",2026-09-02 17:47:00,"T4","32C",1,"plate_1_high","D9","Sample",6,"72hpf",NA,26,1124,"sam counted live"
"430",20260320,"Resaz_plate1_high_T4_260320_1747",2026-09-02 17:47:00,"T4","32C",1,"plate_1_high","D10","Sample",5,"72hpf",NA,36,1379,"sam counted live"
"431",20260320,"Resaz_plate1_high_T4_260320_1747",2026-09-02 17:47:00,"T4","32C",1,"plate_1_high","D11","Sample",8,"72hpf",NA,66,1464,"sam counted live"
"432",20260320,"Resaz_plate1_high_T4_260320_1747",2026-09-02 17:47:00,"T4","32C",1,"plate_1_high","D12","Sample",3,"72hpf",NA,46,1863,"sam counted live"
"433",20260320,"Resaz_plate1_high_T4_260320_1747",2026-09-02 17:47:00,"T4","32C",1,"plate_1_high","E1","Sample",54,"72hpf",NA,51,1146,"sam counted live"
"434",20260320,"Resaz_plate1_high_T4_260320_1747",2026-09-02 17:47:00,"T4","32C",1,"plate_1_high","E2","Sample",55,"72hpf",NA,85,1313,"sam counted live"
"435",20260320,"Resaz_plate1_high_T4_260320_1747",2026-09-02 17:47:00,"T4","32C",1,"plate_1_high","E3","Sample",56,"72hpf",NA,15,1070,"sam counted live"
"436",20260320,"Resaz_plate1_high_T4_260320_1747",2026-09-02 17:47:00,"T4","32C",1,"plate_1_high","E4","Sample",57,"72hpf",NA,120,1384,"sam counted live"
"437",20260320,"Resaz_plate1_high_T4_260320_1747",2026-09-02 17:47:00,"T4","32C",1,"plate_1_high","E5","Sample",53,"72hpf",NA,22,1330,"sam counted live"
"438",20260320,"Resaz_plate1_high_T4_260320_1747",2026-09-02 17:47:00,"T4","32C",1,"plate_1_high","E6","Sample",52,"72hpf",NA,72,1312,"sam counted live"
"439",20260320,"Resaz_plate1_high_T4_260320_1747",2026-09-02 17:47:00,"T4","32C",1,"plate_1_high","E7","Sample",1,"72hpf",NA,51,1224,"sam counted live"
"440",20260320,"Resaz_plate1_high_T4_260320_1747",2026-09-02 17:47:00,"T4","32C",1,"plate_1_high","E8","Sample",4,"72hpf",NA,53,1287,"sam counted live"
"441",20260320,"Resaz_plate1_high_T4_260320_1747",2026-09-02 17:47:00,"T4","32C",1,"plate_1_high","E9","Sample",6,"72hpf",NA,25,1103,"sam counted live"
"442",20260320,"Resaz_plate1_high_T4_260320_1747",2026-09-02 17:47:00,"T4","32C",1,"plate_1_high","E10","Sample",5,"72hpf",NA,66,1440,"sam counted live"
"443",20260320,"Resaz_plate1_high_T4_260320_1747",2026-09-02 17:47:00,"T4","32C",1,"plate_1_high","E11","Sample",8,"72hpf",NA,60,1544,"sam counted live"
"444",20260320,"Resaz_plate1_high_T4_260320_1747",2026-09-02 17:47:00,"T4","32C",1,"plate_1_high","E12","Sample",3,"72hpf",NA,11,1688,"sam counted live"
"445",20260320,"Resaz_plate1_high_T4_260320_1747",2026-09-02 17:47:00,"T4","32C",1,"plate_1_high","F1","Sample",54,"72hpf",NA,32,1355,"sam counted live"
"446",20260320,"Resaz_plate1_high_T4_260320_1747",2026-09-02 17:47:00,"T4","32C",1,"plate_1_high","F2","Sample",55,"72hpf",NA,53,1198,"sam counted live"
"447",20260320,"Resaz_plate1_high_T4_260320_1747",2026-09-02 17:47:00,"T4","32C",1,"plate_1_high","F3","Sample",56,"72hpf",NA,20,1143,"sam counted live"
"448",20260320,"Resaz_plate1_high_T4_260320_1747",2026-09-02 17:47:00,"T4","32C",1,"plate_1_high","F4","Sample",57,"72hpf",NA,113,1535,"sam counted live"
"449",20260320,"Resaz_plate1_high_T4_260320_1747",2026-09-02 17:47:00,"T4","32C",1,"plate_1_high","F5","Sample",53,"72hpf",NA,69,1515,"sam counted live"
"450",20260320,"Resaz_plate1_high_T4_260320_1747",2026-09-02 17:47:00,"T4","32C",1,"plate_1_high","F6","Sample",52,"72hpf",NA,75,1337,"sam counted live"
"451",20260320,"Resaz_plate1_high_T4_260320_1747",2026-09-02 17:47:00,"T4","32C",1,"plate_1_high","F7","Sample",1,"72hpf",NA,53,1185,"sam counted live"
"452",20260320,"Resaz_plate1_high_T4_260320_1747",2026-09-02 17:47:00,"T4","32C",1,"plate_1_high","F8","Sample",4,"72hpf",NA,37,1269,"sam counted live"
"453",20260320,"Resaz_plate1_high_T4_260320_1747",2026-09-02 17:47:00,"T4","32C",1,"plate_1_high","F9","Sample",6,"72hpf",NA,24,1101,"sam counted live"
"454",20260320,"Resaz_plate1_high_T4_260320_1747",2026-09-02 17:47:00,"T4","32C",1,"plate_1_high","F10","Sample",5,"72hpf",NA,52,1279,"sam counted live"
"455",20260320,"Resaz_plate1_high_T4_260320_1747",2026-09-02 17:47:00,"T4","32C",1,"plate_1_high","F11","Sample",8,"72hpf",NA,55,1553,"sam counted live"
"456",20260320,"Resaz_plate1_high_T4_260320_1747",2026-09-02 17:47:00,"T4","32C",1,"plate_1_high","F12","Sample",3,"72hpf",NA,42,2003,"sam counted live"
"457",20260320,"Resaz_plate1_high_T4_260320_1747",2026-09-02 17:47:00,"T4","32C",1,"plate_1_high","G1","Sample",54,"72hpf",NA,0,1514,"sam counted live"
"458",20260320,"Resaz_plate1_high_T4_260320_1747",2026-09-02 17:47:00,"T4","32C",1,"plate_1_high","G2","Sample",55,"72hpf",NA,76,1309,"sam counted live"
"459",20260320,"Resaz_plate1_high_T4_260320_1747",2026-09-02 17:47:00,"T4","32C",1,"plate_1_high","G3","Sample",56,"72hpf",NA,15,1204,"sam counted live"
"460",20260320,"Resaz_plate1_high_T4_260320_1747",2026-09-02 17:47:00,"T4","32C",1,"plate_1_high","G4","Sample",57,"72hpf",NA,104,1385,"sam counted live"
"461",20260320,"Resaz_plate1_high_T4_260320_1747",2026-09-02 17:47:00,"T4","32C",1,"plate_1_high","G5","Sample",53,"72hpf",NA,105,1552,"sam counted live"
"462",20260320,"Resaz_plate1_high_T4_260320_1747",2026-09-02 17:47:00,"T4","32C",1,"plate_1_high","G6","Sample",52,"72hpf",NA,92,1576,"sam counted live"
"463",20260320,"Resaz_plate1_high_T4_260320_1747",2026-09-02 17:47:00,"T4","32C",1,"plate_1_high","G7","Sample",1,"72hpf",NA,55,1160,"sam counted live"
"464",20260320,"Resaz_plate1_high_T4_260320_1747",2026-09-02 17:47:00,"T4","32C",1,"plate_1_high","G8","Sample",4,"72hpf",NA,39,1235,"sam counted live"
"465",20260320,"Resaz_plate1_high_T4_260320_1747",2026-09-02 17:47:00,"T4","32C",1,"plate_1_high","G9","Sample",6,"72hpf",NA,72,1133,"sam counted live"
"466",20260320,"Resaz_plate1_high_T4_260320_1747",2026-09-02 17:47:00,"T4","32C",1,"plate_1_high","G10","Sample",5,"72hpf",NA,91,1583,"sam counted live"
"467",20260320,"Resaz_plate1_high_T4_260320_1747",2026-09-02 17:47:00,"T4","32C",1,"plate_1_high","G11","Sample",8,"72hpf",NA,69,1572,"sam counted live"
"468",20260320,"Resaz_plate1_high_T4_260320_1747",2026-09-02 17:47:00,"T4","32C",1,"plate_1_high","G12","Sample",3,"72hpf",NA,34,1868,"sam counted live"
"469",20260320,"Resaz_plate1_high_T4_260320_1747",2026-09-02 17:47:00,"T4","32C",1,"plate_1_high","H1","Blank",NA,"72hpf",NA,NA,959,NA
"470",20260320,"Resaz_plate1_high_T4_260320_1747",2026-09-02 17:47:00,"T4","32C",1,"plate_1_high","H2","Blank",NA,"72hpf",NA,NA,1056,NA
"471",20260320,"Resaz_plate1_high_T4_260320_1747",2026-09-02 17:47:00,"T4","32C",1,"plate_1_high","H3","Blank",NA,"72hpf",NA,NA,1090,NA
"472",20260320,"Resaz_plate1_high_T4_260320_1747",2026-09-02 17:47:00,"T4","32C",1,"plate_1_high","H4","Blank",NA,"72hpf",NA,NA,1167,NA
"473",20260320,"Resaz_plate1_high_T4_260320_1747",2026-09-02 17:47:00,"T4","32C",1,"plate_1_high","H5","Blank",NA,"72hpf",NA,NA,1320,NA
"474",20260320,"Resaz_plate1_high_T4_260320_1747",2026-09-02 17:47:00,"T4","32C",1,"plate_1_high","H6","Blank",NA,"72hpf",NA,NA,1240,NA
"475",20260320,"Resaz_plate1_high_T4_260320_1747",2026-09-02 17:47:00,"T4","32C",1,"plate_1_high","H7","Blank",NA,"72hpf",NA,NA,1167,NA
"476",20260320,"Resaz_plate1_high_T4_260320_1747",2026-09-02 17:47:00,"T4","32C",1,"plate_1_high","H8","Blank",NA,"72hpf",NA,NA,1327,NA
"477",20260320,"Resaz_plate1_high_T4_260320_1747",2026-09-02 17:47:00,"T4","32C",1,"plate_1_high","H9","Blank",NA,"72hpf",NA,NA,1280,NA
"478",20260320,"Resaz_plate1_high_T4_260320_1747",2026-09-02 17:47:00,"T4","32C",1,"plate_1_high","H10","Blank",NA,"72hpf",NA,NA,1210,NA
"479",20260320,"Resaz_plate1_high_T4_260320_1747",2026-09-02 17:47:00,"T4","32C",1,"plate_1_high","H11","Blank",NA,"72hpf",NA,NA,1458,NA
"480",20260320,"Resaz_plate1_high_T4_260320_1747",2026-09-02 17:47:00,"T4","32C",1,"plate_1_high","H12","Blank",NA,"72hpf",NA,NA,1585,NA
"481",20260320,"Resaz_plate1_low_T0_260320_1328",2026-09-02 13:28:00,"T0","26C",1,"plate_1_low","A1","Sample",54,"72hpf",NA,4,1957,"has low volume"
"482",20260320,"Resaz_plate1_low_T0_260320_1328",2026-09-02 13:28:00,"T0","26C",1,"plate_1_low","A2","Sample",55,"72hpf",NA,4,2054,"has low volume"
"483",20260320,"Resaz_plate1_low_T0_260320_1328",2026-09-02 13:28:00,"T0","26C",1,"plate_1_low","A3","Sample",56,"72hpf",NA,0,1704,"has low volume"
"484",20260320,"Resaz_plate1_low_T0_260320_1328",2026-09-02 13:28:00,"T0","26C",1,"plate_1_low","A4","Sample",57,"72hpf",NA,9,1982,"has low volume"
"485",20260320,"Resaz_plate1_low_T0_260320_1328",2026-09-02 13:28:00,"T0","26C",1,"plate_1_low","A5","Sample",53,"72hpf",NA,0,1795,"has low volume"
"486",20260320,"Resaz_plate1_low_T0_260320_1328",2026-09-02 13:28:00,"T0","26C",1,"plate_1_low","A6","Sample",52,"72hpf",NA,0,1854,"has low volume"
"487",20260320,"Resaz_plate1_low_T0_260320_1328",2026-09-02 13:28:00,"T0","26C",1,"plate_1_low","A7","Sample",1,"72hpf",NA,0,2324,"has low volume"
"488",20260320,"Resaz_plate1_low_T0_260320_1328",2026-09-02 13:28:00,"T0","26C",1,"plate_1_low","A8","Sample",4,"72hpf",NA,0,1776,"has low volume"
"489",20260320,"Resaz_plate1_low_T0_260320_1328",2026-09-02 13:28:00,"T0","26C",1,"plate_1_low","A9","Sample",6,"72hpf",NA,0,1750,"has low volume"
"490",20260320,"Resaz_plate1_low_T0_260320_1328",2026-09-02 13:28:00,"T0","26C",1,"plate_1_low","A10","Sample",5,"72hpf",NA,1,1897,"has low volume"
"491",20260320,"Resaz_plate1_low_T0_260320_1328",2026-09-02 13:28:00,"T0","26C",1,"plate_1_low","A11","Sample",8,"72hpf",NA,1,1899,"has low volume"
"492",20260320,"Resaz_plate1_low_T0_260320_1328",2026-09-02 13:28:00,"T0","26C",1,"plate_1_low","A12","Sample",3,"72hpf",NA,2,1837,"has low volume"
"493",20260320,"Resaz_plate1_low_T0_260320_1328",2026-09-02 13:28:00,"T0","26C",1,"plate_1_low","B1","Sample",54,"72hpf",NA,1,2116,"has low volume"
"494",20260320,"Resaz_plate1_low_T0_260320_1328",2026-09-02 13:28:00,"T0","26C",1,"plate_1_low","B2","Sample",55,"72hpf",NA,3,2313,"has low volume"
"495",20260320,"Resaz_plate1_low_T0_260320_1328",2026-09-02 13:28:00,"T0","26C",1,"plate_1_low","B3","Sample",56,"72hpf",NA,1,2216,"has low volume"
"496",20260320,"Resaz_plate1_low_T0_260320_1328",2026-09-02 13:28:00,"T0","26C",1,"plate_1_low","B4","Sample",57,"72hpf",NA,22,2033,"has low volume"
"497",20260320,"Resaz_plate1_low_T0_260320_1328",2026-09-02 13:28:00,"T0","26C",1,"plate_1_low","B5","Sample",53,"72hpf",NA,0,2065,"has low volume"
"498",20260320,"Resaz_plate1_low_T0_260320_1328",2026-09-02 13:28:00,"T0","26C",1,"plate_1_low","B6","Sample",52,"72hpf",NA,1,2175,"has low volume"
"499",20260320,"Resaz_plate1_low_T0_260320_1328",2026-09-02 13:28:00,"T0","26C",1,"plate_1_low","B7","Sample",1,"72hpf",NA,0,3209,"has low volume"
"500",20260320,"Resaz_plate1_low_T0_260320_1328",2026-09-02 13:28:00,"T0","26C",1,"plate_1_low","B8","Sample",4,"72hpf",NA,0,1916,"has low volume"
"501",20260320,"Resaz_plate1_low_T0_260320_1328",2026-09-02 13:28:00,"T0","26C",1,"plate_1_low","B9","Sample",6,"72hpf",NA,0,2026,"has low volume"
"502",20260320,"Resaz_plate1_low_T0_260320_1328",2026-09-02 13:28:00,"T0","26C",1,"plate_1_low","B10","Sample",5,"72hpf",NA,1,2012,"has low volume"
"503",20260320,"Resaz_plate1_low_T0_260320_1328",2026-09-02 13:28:00,"T0","26C",1,"plate_1_low","B11","Sample",8,"72hpf",NA,1,2011,"has low volume"
"504",20260320,"Resaz_plate1_low_T0_260320_1328",2026-09-02 13:28:00,"T0","26C",1,"plate_1_low","B12","Sample",3,"72hpf",NA,0,2003,"has low volume"
"505",20260320,"Resaz_plate1_low_T0_260320_1328",2026-09-02 13:28:00,"T0","26C",1,"plate_1_low","C1","Sample",54,"72hpf",NA,6,2051,"has low volume"
"506",20260320,"Resaz_plate1_low_T0_260320_1328",2026-09-02 13:28:00,"T0","26C",1,"plate_1_low","C2","Sample",55,"72hpf",NA,2,2058,"has low volume"
"507",20260320,"Resaz_plate1_low_T0_260320_1328",2026-09-02 13:28:00,"T0","26C",1,"plate_1_low","C3","Sample",56,"72hpf",NA,2,2034,"has low volume"
"508",20260320,"Resaz_plate1_low_T0_260320_1328",2026-09-02 13:28:00,"T0","26C",1,"plate_1_low","C4","Sample",57,"72hpf",NA,21,2220,"has low volume"
"509",20260320,"Resaz_plate1_low_T0_260320_1328",2026-09-02 13:28:00,"T0","26C",1,"plate_1_low","C5","Sample",53,"72hpf",NA,10,2022,"has low volume"
"510",20260320,"Resaz_plate1_low_T0_260320_1328",2026-09-02 13:28:00,"T0","26C",1,"plate_1_low","C6","Sample",52,"72hpf",NA,3,2167,"has low volume"
"511",20260320,"Resaz_plate1_low_T0_260320_1328",2026-09-02 13:28:00,"T0","26C",1,"plate_1_low","C7","Sample",1,"72hpf",NA,2,3510,"has low volume"
"512",20260320,"Resaz_plate1_low_T0_260320_1328",2026-09-02 13:28:00,"T0","26C",1,"plate_1_low","C8","Sample",4,"72hpf",NA,7,1938,"has low volume"
"513",20260320,"Resaz_plate1_low_T0_260320_1328",2026-09-02 13:28:00,"T0","26C",1,"plate_1_low","C9","Sample",6,"72hpf",NA,7,2129,"has low volume"
"514",20260320,"Resaz_plate1_low_T0_260320_1328",2026-09-02 13:28:00,"T0","26C",1,"plate_1_low","C10","Sample",5,"72hpf",NA,9,2158,"has low volume"
"515",20260320,"Resaz_plate1_low_T0_260320_1328",2026-09-02 13:28:00,"T0","26C",1,"plate_1_low","C11","Sample",8,"72hpf",NA,1,2257,"has low volume"
"516",20260320,"Resaz_plate1_low_T0_260320_1328",2026-09-02 13:28:00,"T0","26C",1,"plate_1_low","C12","Sample",3,"72hpf",NA,0,2202,"has low volume"
"517",20260320,"Resaz_plate1_low_T0_260320_1328",2026-09-02 13:28:00,"T0","26C",1,"plate_1_low","D1","Sample",54,"72hpf",NA,10,1519,"has low volume"
"518",20260320,"Resaz_plate1_low_T0_260320_1328",2026-09-02 13:28:00,"T0","26C",1,"plate_1_low","D2","Sample",55,"72hpf",NA,13,1411,"has low volume"
"519",20260320,"Resaz_plate1_low_T0_260320_1328",2026-09-02 13:28:00,"T0","26C",1,"plate_1_low","D3","Sample",56,"72hpf",NA,0,1443,"has low volume"
"520",20260320,"Resaz_plate1_low_T0_260320_1328",2026-09-02 13:28:00,"T0","26C",1,"plate_1_low","D4","Sample",57,"72hpf",NA,50,1492,"has low volume"
"521",20260320,"Resaz_plate1_low_T0_260320_1328",2026-09-02 13:28:00,"T0","26C",1,"plate_1_low","D5","Sample",53,"72hpf",NA,7,1420,"has low volume"
"522",20260320,"Resaz_plate1_low_T0_260320_1328",2026-09-02 13:28:00,"T0","26C",1,"plate_1_low","D6","Sample",52,"72hpf",NA,4,1561,"has low volume"
"523",20260320,"Resaz_plate1_low_T0_260320_1328",2026-09-02 13:28:00,"T0","26C",1,"plate_1_low","D7","Sample",1,"72hpf",NA,0,3255,"has low volume"
"524",20260320,"Resaz_plate1_low_T0_260320_1328",2026-09-02 13:28:00,"T0","26C",1,"plate_1_low","D8","Sample",4,"72hpf",NA,0,3528,"has low volume"
"525",20260320,"Resaz_plate1_low_T0_260320_1328",2026-09-02 13:28:00,"T0","26C",1,"plate_1_low","D9","Sample",6,"72hpf",NA,33,1371,"has low volume"
"526",20260320,"Resaz_plate1_low_T0_260320_1328",2026-09-02 13:28:00,"T0","26C",1,"plate_1_low","D10","Sample",5,"72hpf",NA,2,1487,"has low volume"
"527",20260320,"Resaz_plate1_low_T0_260320_1328",2026-09-02 13:28:00,"T0","26C",1,"plate_1_low","D11","Sample",8,"72hpf",NA,0,1396,"has low volume"
"528",20260320,"Resaz_plate1_low_T0_260320_1328",2026-09-02 13:28:00,"T0","26C",1,"plate_1_low","D12","Sample",3,"72hpf",NA,2,1378,"has low volume"
"529",20260320,"Resaz_plate1_low_T0_260320_1328",2026-09-02 13:28:00,"T0","26C",1,"plate_1_low","E1","Sample",54,"72hpf",NA,17,884,"has low volume"
"530",20260320,"Resaz_plate1_low_T0_260320_1328",2026-09-02 13:28:00,"T0","26C",1,"plate_1_low","E2","Sample",55,"72hpf",NA,28,944,"has low volume"
"531",20260320,"Resaz_plate1_low_T0_260320_1328",2026-09-02 13:28:00,"T0","26C",1,"plate_1_low","E3","Sample",56,"72hpf",NA,2,1221,"has low volume"
"532",20260320,"Resaz_plate1_low_T0_260320_1328",2026-09-02 13:28:00,"T0","26C",1,"plate_1_low","E4","Sample",57,"72hpf",NA,56,948,"has low volume"
"533",20260320,"Resaz_plate1_low_T0_260320_1328",2026-09-02 13:28:00,"T0","26C",1,"plate_1_low","E5","Sample",53,"72hpf",NA,35,987,"has low volume"
"534",20260320,"Resaz_plate1_low_T0_260320_1328",2026-09-02 13:28:00,"T0","26C",1,"plate_1_low","E6","Sample",52,"72hpf",NA,17,958,"has low volume"
"535",20260320,"Resaz_plate1_low_T0_260320_1328",2026-09-02 13:28:00,"T0","26C",1,"plate_1_low","E7","Sample",1,"72hpf",NA,2,2022,"has low volume"
"536",20260320,"Resaz_plate1_low_T0_260320_1328",2026-09-02 13:28:00,"T0","26C",1,"plate_1_low","E8","Sample",4,"72hpf",NA,0,1234,"has low volume"
"537",20260320,"Resaz_plate1_low_T0_260320_1328",2026-09-02 13:28:00,"T0","26C",1,"plate_1_low","E9","Sample",6,"72hpf",NA,14,970,"has low volume"
"538",20260320,"Resaz_plate1_low_T0_260320_1328",2026-09-02 13:28:00,"T0","26C",1,"plate_1_low","E10","Sample",5,"72hpf",NA,17,968,"has low volume"
"539",20260320,"Resaz_plate1_low_T0_260320_1328",2026-09-02 13:28:00,"T0","26C",1,"plate_1_low","E11","Sample",8,"72hpf",NA,0,3461,"has low volume"
"540",20260320,"Resaz_plate1_low_T0_260320_1328",2026-09-02 13:28:00,"T0","26C",1,"plate_1_low","E12","Sample",3,"72hpf",NA,58,935,"has low volume"
"541",20260320,"Resaz_plate1_low_T0_260320_1328",2026-09-02 13:28:00,"T0","26C",1,"plate_1_low","F1","Sample",54,"72hpf",NA,16,985,""
"542",20260320,"Resaz_plate1_low_T0_260320_1328",2026-09-02 13:28:00,"T0","26C",1,"plate_1_low","F2","Sample",55,"72hpf",NA,22,900,""
"543",20260320,"Resaz_plate1_low_T0_260320_1328",2026-09-02 13:28:00,"T0","26C",1,"plate_1_low","F3","Sample",56,"72hpf",NA,5,1147,""
"544",20260320,"Resaz_plate1_low_T0_260320_1328",2026-09-02 13:28:00,"T0","26C",1,"plate_1_low","F4","Sample",57,"72hpf",NA,26,932,""
"545",20260320,"Resaz_plate1_low_T0_260320_1328",2026-09-02 13:28:00,"T0","26C",1,"plate_1_low","F5","Sample",53,"72hpf",NA,67,871,""
"546",20260320,"Resaz_plate1_low_T0_260320_1328",2026-09-02 13:28:00,"T0","26C",1,"plate_1_low","F6","Sample",52,"72hpf",NA,24,1092,""
"547",20260320,"Resaz_plate1_low_T0_260320_1328",2026-09-02 13:28:00,"T0","26C",1,"plate_1_low","F7","Sample",1,"72hpf",NA,9,2298,""
"548",20260320,"Resaz_plate1_low_T0_260320_1328",2026-09-02 13:28:00,"T0","26C",1,"plate_1_low","F8","Sample",4,"72hpf",NA,4,992,""
"549",20260320,"Resaz_plate1_low_T0_260320_1328",2026-09-02 13:28:00,"T0","26C",1,"plate_1_low","F9","Sample",6,"72hpf",NA,0,3503,"has no volume"
"550",20260320,"Resaz_plate1_low_T0_260320_1328",2026-09-02 13:28:00,"T0","26C",1,"plate_1_low","F10","Sample",5,"72hpf",NA,34,955,""
"551",20260320,"Resaz_plate1_low_T0_260320_1328",2026-09-02 13:28:00,"T0","26C",1,"plate_1_low","F11","Sample",8,"72hpf",NA,23,887,""
"552",20260320,"Resaz_plate1_low_T0_260320_1328",2026-09-02 13:28:00,"T0","26C",1,"plate_1_low","F12","Sample",3,"72hpf",NA,31,1011,""
"553",20260320,"Resaz_plate1_low_T0_260320_1328",2026-09-02 13:28:00,"T0","26C",1,"plate_1_low","G1","Sample",54,"72hpf",NA,36,897,""
"554",20260320,"Resaz_plate1_low_T0_260320_1328",2026-09-02 13:28:00,"T0","26C",1,"plate_1_low","G2","Sample",55,"72hpf",NA,70,920,""
"555",20260320,"Resaz_plate1_low_T0_260320_1328",2026-09-02 13:28:00,"T0","26C",1,"plate_1_low","G3","Sample",56,"72hpf",NA,0,3510,"has no volume"
"556",20260320,"Resaz_plate1_low_T0_260320_1328",2026-09-02 13:28:00,"T0","26C",1,"plate_1_low","G4","Sample",57,"72hpf",NA,57,902,""
"557",20260320,"Resaz_plate1_low_T0_260320_1328",2026-09-02 13:28:00,"T0","26C",1,"plate_1_low","G5","Sample",53,"72hpf",NA,31,978,""
"558",20260320,"Resaz_plate1_low_T0_260320_1328",2026-09-02 13:28:00,"T0","26C",1,"plate_1_low","G6","Sample",52,"72hpf",NA,20,1008,""
"559",20260320,"Resaz_plate1_low_T0_260320_1328",2026-09-02 13:28:00,"T0","26C",1,"plate_1_low","G7","Sample",1,"72hpf",NA,0,3289,"has no volume"
"560",20260320,"Resaz_plate1_low_T0_260320_1328",2026-09-02 13:28:00,"T0","26C",1,"plate_1_low","G8","Sample",4,"72hpf",NA,0,3508,"has no volume"
"561",20260320,"Resaz_plate1_low_T0_260320_1328",2026-09-02 13:28:00,"T0","26C",1,"plate_1_low","G9","Sample",6,"72hpf",NA,16,920,""
"562",20260320,"Resaz_plate1_low_T0_260320_1328",2026-09-02 13:28:00,"T0","26C",1,"plate_1_low","G10","Sample",5,"72hpf",NA,70,939,""
"563",20260320,"Resaz_plate1_low_T0_260320_1328",2026-09-02 13:28:00,"T0","26C",1,"plate_1_low","G11","Sample",8,"72hpf",NA,9,993,""
"564",20260320,"Resaz_plate1_low_T0_260320_1328",2026-09-02 13:28:00,"T0","26C",1,"plate_1_low","G12","Sample",3,"72hpf",NA,16,891,""
"565",20260320,"Resaz_plate1_low_T0_260320_1328",2026-09-02 13:28:00,"T0","26C",1,"plate_1_low","H1","Blank",NA,"72hpf",NA,NA,914,""
"566",20260320,"Resaz_plate1_low_T0_260320_1328",2026-09-02 13:28:00,"T0","26C",1,"plate_1_low","H2","Blank",NA,"72hpf",NA,NA,933,""
"567",20260320,"Resaz_plate1_low_T0_260320_1328",2026-09-02 13:28:00,"T0","26C",1,"plate_1_low","H3","Blank",NA,"72hpf",NA,NA,884,""
"568",20260320,"Resaz_plate1_low_T0_260320_1328",2026-09-02 13:28:00,"T0","26C",1,"plate_1_low","H4","Blank",NA,"72hpf",NA,NA,891,""
"569",20260320,"Resaz_plate1_low_T0_260320_1328",2026-09-02 13:28:00,"T0","26C",1,"plate_1_low","H5","Blank",NA,"72hpf",NA,NA,933,""
"570",20260320,"Resaz_plate1_low_T0_260320_1328",2026-09-02 13:28:00,"T0","26C",1,"plate_1_low","H6","Blank",NA,"72hpf",NA,NA,900,""
"571",20260320,"Resaz_plate1_low_T0_260320_1328",2026-09-02 13:28:00,"T0","26C",1,"plate_1_low","H7","Blank",NA,"72hpf",NA,NA,960,""
"572",20260320,"Resaz_plate1_low_T0_260320_1328",2026-09-02 13:28:00,"T0","26C",1,"plate_1_low","H8","Blank",NA,"72hpf",NA,NA,961,""
"573",20260320,"Resaz_plate1_low_T0_260320_1328",2026-09-02 13:28:00,"T0","26C",1,"plate_1_low","H9","Blank",NA,"72hpf",NA,NA,856,""
"574",20260320,"Resaz_plate1_low_T0_260320_1328",2026-09-02 13:28:00,"T0","26C",1,"plate_1_low","H10","Blank",NA,"72hpf",NA,NA,853,""
"575",20260320,"Resaz_plate1_low_T0_260320_1328",2026-09-02 13:28:00,"T0","26C",1,"plate_1_low","H11","Blank",NA,"72hpf",NA,NA,874,""
"576",20260320,"Resaz_plate1_low_T0_260320_1328",2026-09-02 13:28:00,"T0","26C",1,"plate_1_low","H12","Blank",NA,"72hpf",NA,NA,870,""
"577",20260320,"Resaz_plate1_low_T1_260320_1436",2026-09-02 14:36:00,"T1","26C",1,"plate_1_low","A1","Sample",54,"72hpf",NA,4,2006,"has low volume"
"578",20260320,"Resaz_plate1_low_T1_260320_1436",2026-09-02 14:36:00,"T1","26C",1,"plate_1_low","A2","Sample",55,"72hpf",NA,4,2093,"has low volume"
"579",20260320,"Resaz_plate1_low_T1_260320_1436",2026-09-02 14:36:00,"T1","26C",1,"plate_1_low","A3","Sample",56,"72hpf",NA,0,1736,"has low volume"
"580",20260320,"Resaz_plate1_low_T1_260320_1436",2026-09-02 14:36:00,"T1","26C",1,"plate_1_low","A4","Sample",57,"72hpf",NA,9,2033,"has low volume"
"581",20260320,"Resaz_plate1_low_T1_260320_1436",2026-09-02 14:36:00,"T1","26C",1,"plate_1_low","A5","Sample",53,"72hpf",NA,0,1835,"has low volume"
"582",20260320,"Resaz_plate1_low_T1_260320_1436",2026-09-02 14:36:00,"T1","26C",1,"plate_1_low","A6","Sample",52,"72hpf",NA,0,1902,"has low volume"
"583",20260320,"Resaz_plate1_low_T1_260320_1436",2026-09-02 14:36:00,"T1","26C",1,"plate_1_low","A7","Sample",1,"72hpf",NA,0,2416,"has low volume"
"584",20260320,"Resaz_plate1_low_T1_260320_1436",2026-09-02 14:36:00,"T1","26C",1,"plate_1_low","A8","Sample",4,"72hpf",NA,0,1850,"has low volume"
"585",20260320,"Resaz_plate1_low_T1_260320_1436",2026-09-02 14:36:00,"T1","26C",1,"plate_1_low","A9","Sample",6,"72hpf",NA,0,1819,"has low volume"
"586",20260320,"Resaz_plate1_low_T1_260320_1436",2026-09-02 14:36:00,"T1","26C",1,"plate_1_low","A10","Sample",5,"72hpf",NA,1,1952,"has low volume"
"587",20260320,"Resaz_plate1_low_T1_260320_1436",2026-09-02 14:36:00,"T1","26C",1,"plate_1_low","A11","Sample",8,"72hpf",NA,1,1945,"has low volume"
"588",20260320,"Resaz_plate1_low_T1_260320_1436",2026-09-02 14:36:00,"T1","26C",1,"plate_1_low","A12","Sample",3,"72hpf",NA,2,1879,"has low volume"
"589",20260320,"Resaz_plate1_low_T1_260320_1436",2026-09-02 14:36:00,"T1","26C",1,"plate_1_low","B1","Sample",54,"72hpf",NA,1,2149,"has low volume"
"590",20260320,"Resaz_plate1_low_T1_260320_1436",2026-09-02 14:36:00,"T1","26C",1,"plate_1_low","B2","Sample",55,"72hpf",NA,3,2339,"has low volume"
"591",20260320,"Resaz_plate1_low_T1_260320_1436",2026-09-02 14:36:00,"T1","26C",1,"plate_1_low","B3","Sample",56,"72hpf",NA,1,2249,"has low volume"
"592",20260320,"Resaz_plate1_low_T1_260320_1436",2026-09-02 14:36:00,"T1","26C",1,"plate_1_low","B4","Sample",57,"72hpf",NA,22,2095,"has low volume"
"593",20260320,"Resaz_plate1_low_T1_260320_1436",2026-09-02 14:36:00,"T1","26C",1,"plate_1_low","B5","Sample",53,"72hpf",NA,0,2097,"has low volume"
"594",20260320,"Resaz_plate1_low_T1_260320_1436",2026-09-02 14:36:00,"T1","26C",1,"plate_1_low","B6","Sample",52,"72hpf",NA,1,2206,"has low volume"
"595",20260320,"Resaz_plate1_low_T1_260320_1436",2026-09-02 14:36:00,"T1","26C",1,"plate_1_low","B7","Sample",1,"72hpf",NA,0,3256,"has low volume"
"596",20260320,"Resaz_plate1_low_T1_260320_1436",2026-09-02 14:36:00,"T1","26C",1,"plate_1_low","B8","Sample",4,"72hpf",NA,0,1965,"has low volume"
"597",20260320,"Resaz_plate1_low_T1_260320_1436",2026-09-02 14:36:00,"T1","26C",1,"plate_1_low","B9","Sample",6,"72hpf",NA,0,2061,"has low volume"
"598",20260320,"Resaz_plate1_low_T1_260320_1436",2026-09-02 14:36:00,"T1","26C",1,"plate_1_low","B10","Sample",5,"72hpf",NA,1,2054,"has low volume"
"599",20260320,"Resaz_plate1_low_T1_260320_1436",2026-09-02 14:36:00,"T1","26C",1,"plate_1_low","B11","Sample",8,"72hpf",NA,1,2038,"has low volume"
"600",20260320,"Resaz_plate1_low_T1_260320_1436",2026-09-02 14:36:00,"T1","26C",1,"plate_1_low","B12","Sample",3,"72hpf",NA,0,2030,"has low volume"
"601",20260320,"Resaz_plate1_low_T1_260320_1436",2026-09-02 14:36:00,"T1","26C",1,"plate_1_low","C1","Sample",54,"72hpf",NA,6,2088,"has low volume"
"602",20260320,"Resaz_plate1_low_T1_260320_1436",2026-09-02 14:36:00,"T1","26C",1,"plate_1_low","C2","Sample",55,"72hpf",NA,2,2076,"has low volume"
"603",20260320,"Resaz_plate1_low_T1_260320_1436",2026-09-02 14:36:00,"T1","26C",1,"plate_1_low","C3","Sample",56,"72hpf",NA,2,2065,"has low volume"
"604",20260320,"Resaz_plate1_low_T1_260320_1436",2026-09-02 14:36:00,"T1","26C",1,"plate_1_low","C4","Sample",57,"72hpf",NA,21,2298,"has low volume"
"605",20260320,"Resaz_plate1_low_T1_260320_1436",2026-09-02 14:36:00,"T1","26C",1,"plate_1_low","C5","Sample",53,"72hpf",NA,10,2068,"has low volume"
"606",20260320,"Resaz_plate1_low_T1_260320_1436",2026-09-02 14:36:00,"T1","26C",1,"plate_1_low","C6","Sample",52,"72hpf",NA,3,2207,"has low volume"
"607",20260320,"Resaz_plate1_low_T1_260320_1436",2026-09-02 14:36:00,"T1","26C",1,"plate_1_low","C7","Sample",1,"72hpf",NA,2,3537,"has low volume"
"608",20260320,"Resaz_plate1_low_T1_260320_1436",2026-09-02 14:36:00,"T1","26C",1,"plate_1_low","C8","Sample",4,"72hpf",NA,7,1983,"has low volume"
"609",20260320,"Resaz_plate1_low_T1_260320_1436",2026-09-02 14:36:00,"T1","26C",1,"plate_1_low","C9","Sample",6,"72hpf",NA,7,2173,"has low volume"
"610",20260320,"Resaz_plate1_low_T1_260320_1436",2026-09-02 14:36:00,"T1","26C",1,"plate_1_low","C10","Sample",5,"72hpf",NA,9,2211,"has low volume"
"611",20260320,"Resaz_plate1_low_T1_260320_1436",2026-09-02 14:36:00,"T1","26C",1,"plate_1_low","C11","Sample",8,"72hpf",NA,1,2286,"has low volume"
"612",20260320,"Resaz_plate1_low_T1_260320_1436",2026-09-02 14:36:00,"T1","26C",1,"plate_1_low","C12","Sample",3,"72hpf",NA,0,2230,"has low volume"
"613",20260320,"Resaz_plate1_low_T1_260320_1436",2026-09-02 14:36:00,"T1","26C",1,"plate_1_low","D1","Sample",54,"72hpf",NA,10,1557,"has low volume"
"614",20260320,"Resaz_plate1_low_T1_260320_1436",2026-09-02 14:36:00,"T1","26C",1,"plate_1_low","D2","Sample",55,"72hpf",NA,13,1439,"has low volume"
"615",20260320,"Resaz_plate1_low_T1_260320_1436",2026-09-02 14:36:00,"T1","26C",1,"plate_1_low","D3","Sample",56,"72hpf",NA,0,1464,"has low volume"
"616",20260320,"Resaz_plate1_low_T1_260320_1436",2026-09-02 14:36:00,"T1","26C",1,"plate_1_low","D4","Sample",57,"72hpf",NA,50,1575,"has low volume"
"617",20260320,"Resaz_plate1_low_T1_260320_1436",2026-09-02 14:36:00,"T1","26C",1,"plate_1_low","D5","Sample",53,"72hpf",NA,7,1449,"has low volume"
"618",20260320,"Resaz_plate1_low_T1_260320_1436",2026-09-02 14:36:00,"T1","26C",1,"plate_1_low","D6","Sample",52,"72hpf",NA,4,1595,"has low volume"
"619",20260320,"Resaz_plate1_low_T1_260320_1436",2026-09-02 14:36:00,"T1","26C",1,"plate_1_low","D7","Sample",1,"72hpf",NA,0,3301,"has low volume"
"620",20260320,"Resaz_plate1_low_T1_260320_1436",2026-09-02 14:36:00,"T1","26C",1,"plate_1_low","D8","Sample",4,"72hpf",NA,0,3536,"has low volume"
"621",20260320,"Resaz_plate1_low_T1_260320_1436",2026-09-02 14:36:00,"T1","26C",1,"plate_1_low","D9","Sample",6,"72hpf",NA,33,1439,"has low volume"
"622",20260320,"Resaz_plate1_low_T1_260320_1436",2026-09-02 14:36:00,"T1","26C",1,"plate_1_low","D10","Sample",5,"72hpf",NA,2,1509,"has low volume"
"623",20260320,"Resaz_plate1_low_T1_260320_1436",2026-09-02 14:36:00,"T1","26C",1,"plate_1_low","D11","Sample",8,"72hpf",NA,0,1411,"has low volume"
"624",20260320,"Resaz_plate1_low_T1_260320_1436",2026-09-02 14:36:00,"T1","26C",1,"plate_1_low","D12","Sample",3,"72hpf",NA,2,1394,"has low volume"
"625",20260320,"Resaz_plate1_low_T1_260320_1436",2026-09-02 14:36:00,"T1","26C",1,"plate_1_low","E1","Sample",54,"72hpf",NA,17,926,"has low volume"
"626",20260320,"Resaz_plate1_low_T1_260320_1436",2026-09-02 14:36:00,"T1","26C",1,"plate_1_low","E2","Sample",55,"72hpf",NA,28,985,"has low volume"
"627",20260320,"Resaz_plate1_low_T1_260320_1436",2026-09-02 14:36:00,"T1","26C",1,"plate_1_low","E3","Sample",56,"72hpf",NA,2,1253,"has low volume"
"628",20260320,"Resaz_plate1_low_T1_260320_1436",2026-09-02 14:36:00,"T1","26C",1,"plate_1_low","E4","Sample",57,"72hpf",NA,56,1023,"has low volume"
"629",20260320,"Resaz_plate1_low_T1_260320_1436",2026-09-02 14:36:00,"T1","26C",1,"plate_1_low","E5","Sample",53,"72hpf",NA,35,1052,"has low volume"
"630",20260320,"Resaz_plate1_low_T1_260320_1436",2026-09-02 14:36:00,"T1","26C",1,"plate_1_low","E6","Sample",52,"72hpf",NA,17,994,"has low volume"
"631",20260320,"Resaz_plate1_low_T1_260320_1436",2026-09-02 14:36:00,"T1","26C",1,"plate_1_low","E7","Sample",1,"72hpf",NA,2,2108,"has low volume"
"632",20260320,"Resaz_plate1_low_T1_260320_1436",2026-09-02 14:36:00,"T1","26C",1,"plate_1_low","E8","Sample",4,"72hpf",NA,0,1268,"has low volume"
"633",20260320,"Resaz_plate1_low_T1_260320_1436",2026-09-02 14:36:00,"T1","26C",1,"plate_1_low","E9","Sample",6,"72hpf",NA,14,1009,"has low volume"
"634",20260320,"Resaz_plate1_low_T1_260320_1436",2026-09-02 14:36:00,"T1","26C",1,"plate_1_low","E10","Sample",5,"72hpf",NA,17,1005,"has low volume"
"635",20260320,"Resaz_plate1_low_T1_260320_1436",2026-09-02 14:36:00,"T1","26C",1,"plate_1_low","E11","Sample",8,"72hpf",NA,0,3479,"has low volume"
"636",20260320,"Resaz_plate1_low_T1_260320_1436",2026-09-02 14:36:00,"T1","26C",1,"plate_1_low","E12","Sample",3,"72hpf",NA,58,1013,"has low volume"
"637",20260320,"Resaz_plate1_low_T1_260320_1436",2026-09-02 14:36:00,"T1","26C",1,"plate_1_low","F1","Sample",54,"72hpf",NA,16,1019,""
"638",20260320,"Resaz_plate1_low_T1_260320_1436",2026-09-02 14:36:00,"T1","26C",1,"plate_1_low","F2","Sample",55,"72hpf",NA,22,922,""
"639",20260320,"Resaz_plate1_low_T1_260320_1436",2026-09-02 14:36:00,"T1","26C",1,"plate_1_low","F3","Sample",56,"72hpf",NA,5,1170,""
"640",20260320,"Resaz_plate1_low_T1_260320_1436",2026-09-02 14:36:00,"T1","26C",1,"plate_1_low","F4","Sample",57,"72hpf",NA,26,964,""
"641",20260320,"Resaz_plate1_low_T1_260320_1436",2026-09-02 14:36:00,"T1","26C",1,"plate_1_low","F5","Sample",53,"72hpf",NA,67,952,""
"642",20260320,"Resaz_plate1_low_T1_260320_1436",2026-09-02 14:36:00,"T1","26C",1,"plate_1_low","F6","Sample",52,"72hpf",NA,24,1135,""
"643",20260320,"Resaz_plate1_low_T1_260320_1436",2026-09-02 14:36:00,"T1","26C",1,"plate_1_low","F7","Sample",1,"72hpf",NA,9,2396,""
"644",20260320,"Resaz_plate1_low_T1_260320_1436",2026-09-02 14:36:00,"T1","26C",1,"plate_1_low","F8","Sample",4,"72hpf",NA,4,1018,""
"645",20260320,"Resaz_plate1_low_T1_260320_1436",2026-09-02 14:36:00,"T1","26C",1,"plate_1_low","F9","Sample",6,"72hpf",NA,0,3513,"has no volume"
"646",20260320,"Resaz_plate1_low_T1_260320_1436",2026-09-02 14:36:00,"T1","26C",1,"plate_1_low","F10","Sample",5,"72hpf",NA,34,997,""
"647",20260320,"Resaz_plate1_low_T1_260320_1436",2026-09-02 14:36:00,"T1","26C",1,"plate_1_low","F11","Sample",8,"72hpf",NA,23,921,""
"648",20260320,"Resaz_plate1_low_T1_260320_1436",2026-09-02 14:36:00,"T1","26C",1,"plate_1_low","F12","Sample",3,"72hpf",NA,31,1059,""
"649",20260320,"Resaz_plate1_low_T1_260320_1436",2026-09-02 14:36:00,"T1","26C",1,"plate_1_low","G1","Sample",54,"72hpf",NA,36,947,""
"650",20260320,"Resaz_plate1_low_T1_260320_1436",2026-09-02 14:36:00,"T1","26C",1,"plate_1_low","G2","Sample",55,"72hpf",NA,70,1005,""
"651",20260320,"Resaz_plate1_low_T1_260320_1436",2026-09-02 14:36:00,"T1","26C",1,"plate_1_low","G3","Sample",56,"72hpf",NA,0,3518,"has no volume"
"652",20260320,"Resaz_plate1_low_T1_260320_1436",2026-09-02 14:36:00,"T1","26C",1,"plate_1_low","G4","Sample",57,"72hpf",NA,57,975,""
"653",20260320,"Resaz_plate1_low_T1_260320_1436",2026-09-02 14:36:00,"T1","26C",1,"plate_1_low","G5","Sample",53,"72hpf",NA,31,1041,""
"654",20260320,"Resaz_plate1_low_T1_260320_1436",2026-09-02 14:36:00,"T1","26C",1,"plate_1_low","G6","Sample",52,"72hpf",NA,20,1060,""
"655",20260320,"Resaz_plate1_low_T1_260320_1436",2026-09-02 14:36:00,"T1","26C",1,"plate_1_low","G7","Sample",1,"72hpf",NA,0,3259,"has no volume"
"656",20260320,"Resaz_plate1_low_T1_260320_1436",2026-09-02 14:36:00,"T1","26C",1,"plate_1_low","G8","Sample",4,"72hpf",NA,0,3523,"has no volume"
"657",20260320,"Resaz_plate1_low_T1_260320_1436",2026-09-02 14:36:00,"T1","26C",1,"plate_1_low","G9","Sample",6,"72hpf",NA,16,972,""
"658",20260320,"Resaz_plate1_low_T1_260320_1436",2026-09-02 14:36:00,"T1","26C",1,"plate_1_low","G10","Sample",5,"72hpf",NA,70,1028,""
"659",20260320,"Resaz_plate1_low_T1_260320_1436",2026-09-02 14:36:00,"T1","26C",1,"plate_1_low","G11","Sample",8,"72hpf",NA,9,1034,""
"660",20260320,"Resaz_plate1_low_T1_260320_1436",2026-09-02 14:36:00,"T1","26C",1,"plate_1_low","G12","Sample",3,"72hpf",NA,16,943,""
"661",20260320,"Resaz_plate1_low_T1_260320_1436",2026-09-02 14:36:00,"T1","26C",1,"plate_1_low","H1","Blank",NA,"72hpf",NA,NA,945,""
"662",20260320,"Resaz_plate1_low_T1_260320_1436",2026-09-02 14:36:00,"T1","26C",1,"plate_1_low","H2","Blank",NA,"72hpf",NA,NA,952,""
"663",20260320,"Resaz_plate1_low_T1_260320_1436",2026-09-02 14:36:00,"T1","26C",1,"plate_1_low","H3","Blank",NA,"72hpf",NA,NA,909,""
"664",20260320,"Resaz_plate1_low_T1_260320_1436",2026-09-02 14:36:00,"T1","26C",1,"plate_1_low","H4","Blank",NA,"72hpf",NA,NA,932,""
"665",20260320,"Resaz_plate1_low_T1_260320_1436",2026-09-02 14:36:00,"T1","26C",1,"plate_1_low","H5","Blank",NA,"72hpf",NA,NA,983,""
"666",20260320,"Resaz_plate1_low_T1_260320_1436",2026-09-02 14:36:00,"T1","26C",1,"plate_1_low","H6","Blank",NA,"72hpf",NA,NA,949,""
"667",20260320,"Resaz_plate1_low_T1_260320_1436",2026-09-02 14:36:00,"T1","26C",1,"plate_1_low","H7","Blank",NA,"72hpf",NA,NA,1020,""
"668",20260320,"Resaz_plate1_low_T1_260320_1436",2026-09-02 14:36:00,"T1","26C",1,"plate_1_low","H8","Blank",NA,"72hpf",NA,NA,1043,""
"669",20260320,"Resaz_plate1_low_T1_260320_1436",2026-09-02 14:36:00,"T1","26C",1,"plate_1_low","H9","Blank",NA,"72hpf",NA,NA,932,""
"670",20260320,"Resaz_plate1_low_T1_260320_1436",2026-09-02 14:36:00,"T1","26C",1,"plate_1_low","H10","Blank",NA,"72hpf",NA,NA,923,""
"671",20260320,"Resaz_plate1_low_T1_260320_1436",2026-09-02 14:36:00,"T1","26C",1,"plate_1_low","H11","Blank",NA,"72hpf",NA,NA,933,""
"672",20260320,"Resaz_plate1_low_T1_260320_1436",2026-09-02 14:36:00,"T1","26C",1,"plate_1_low","H12","Blank",NA,"72hpf",NA,NA,913,""
"673",20260320,"Resaz_plate1_low_T2_260320_1542",2026-09-02 15:42:00,"T2","26C",1,"plate_1_low","A1","Sample",54,"72hpf",NA,4,2034,"has low volume"
"674",20260320,"Resaz_plate1_low_T2_260320_1542",2026-09-02 15:42:00,"T2","26C",1,"plate_1_low","A2","Sample",55,"72hpf",NA,4,2129,"has low volume"
"675",20260320,"Resaz_plate1_low_T2_260320_1542",2026-09-02 15:42:00,"T2","26C",1,"plate_1_low","A3","Sample",56,"72hpf",NA,0,1785,"has low volume"
"676",20260320,"Resaz_plate1_low_T2_260320_1542",2026-09-02 15:42:00,"T2","26C",1,"plate_1_low","A4","Sample",57,"72hpf",NA,9,2073,"has low volume"
"677",20260320,"Resaz_plate1_low_T2_260320_1542",2026-09-02 15:42:00,"T2","26C",1,"plate_1_low","A5","Sample",53,"72hpf",NA,0,1910,"has low volume"
"678",20260320,"Resaz_plate1_low_T2_260320_1542",2026-09-02 15:42:00,"T2","26C",1,"plate_1_low","A6","Sample",52,"72hpf",NA,0,1940,"has low volume"
"679",20260320,"Resaz_plate1_low_T2_260320_1542",2026-09-02 15:42:00,"T2","26C",1,"plate_1_low","A7","Sample",1,"72hpf",NA,0,2570,"has low volume"
"680",20260320,"Resaz_plate1_low_T2_260320_1542",2026-09-02 15:42:00,"T2","26C",1,"plate_1_low","A8","Sample",4,"72hpf",NA,0,1979,"has low volume"
"681",20260320,"Resaz_plate1_low_T2_260320_1542",2026-09-02 15:42:00,"T2","26C",1,"plate_1_low","A9","Sample",6,"72hpf",NA,0,1925,"has low volume"
"682",20260320,"Resaz_plate1_low_T2_260320_1542",2026-09-02 15:42:00,"T2","26C",1,"plate_1_low","A10","Sample",5,"72hpf",NA,1,2001,"has low volume"
"683",20260320,"Resaz_plate1_low_T2_260320_1542",2026-09-02 15:42:00,"T2","26C",1,"plate_1_low","A11","Sample",8,"72hpf",NA,1,2003,"has low volume"
"684",20260320,"Resaz_plate1_low_T2_260320_1542",2026-09-02 15:42:00,"T2","26C",1,"plate_1_low","A12","Sample",3,"72hpf",NA,2,1921,"has low volume"
"685",20260320,"Resaz_plate1_low_T2_260320_1542",2026-09-02 15:42:00,"T2","26C",1,"plate_1_low","B1","Sample",54,"72hpf",NA,1,2170,"has low volume"
"686",20260320,"Resaz_plate1_low_T2_260320_1542",2026-09-02 15:42:00,"T2","26C",1,"plate_1_low","B2","Sample",55,"72hpf",NA,3,2366,"has low volume"
"687",20260320,"Resaz_plate1_low_T2_260320_1542",2026-09-02 15:42:00,"T2","26C",1,"plate_1_low","B3","Sample",56,"72hpf",NA,1,2268,"has low volume"
"688",20260320,"Resaz_plate1_low_T2_260320_1542",2026-09-02 15:42:00,"T2","26C",1,"plate_1_low","B4","Sample",57,"72hpf",NA,22,2195,"has low volume"
"689",20260320,"Resaz_plate1_low_T2_260320_1542",2026-09-02 15:42:00,"T2","26C",1,"plate_1_low","B5","Sample",53,"72hpf",NA,0,2224,"has low volume"
"690",20260320,"Resaz_plate1_low_T2_260320_1542",2026-09-02 15:42:00,"T2","26C",1,"plate_1_low","B6","Sample",52,"72hpf",NA,1,2243,"has low volume"
"691",20260320,"Resaz_plate1_low_T2_260320_1542",2026-09-02 15:42:00,"T2","26C",1,"plate_1_low","B7","Sample",1,"72hpf",NA,0,3363,"has low volume"
"692",20260320,"Resaz_plate1_low_T2_260320_1542",2026-09-02 15:42:00,"T2","26C",1,"plate_1_low","B8","Sample",4,"72hpf",NA,0,2091,"has low volume"
"693",20260320,"Resaz_plate1_low_T2_260320_1542",2026-09-02 15:42:00,"T2","26C",1,"plate_1_low","B9","Sample",6,"72hpf",NA,0,2134,"has low volume"
"694",20260320,"Resaz_plate1_low_T2_260320_1542",2026-09-02 15:42:00,"T2","26C",1,"plate_1_low","B10","Sample",5,"72hpf",NA,1,2116,"has low volume"
"695",20260320,"Resaz_plate1_low_T2_260320_1542",2026-09-02 15:42:00,"T2","26C",1,"plate_1_low","B11","Sample",8,"72hpf",NA,1,2067,"has low volume"
"696",20260320,"Resaz_plate1_low_T2_260320_1542",2026-09-02 15:42:00,"T2","26C",1,"plate_1_low","B12","Sample",3,"72hpf",NA,0,2097,"has low volume"
"697",20260320,"Resaz_plate1_low_T2_260320_1542",2026-09-02 15:42:00,"T2","26C",1,"plate_1_low","C1","Sample",54,"72hpf",NA,6,2121,"has low volume"
"698",20260320,"Resaz_plate1_low_T2_260320_1542",2026-09-02 15:42:00,"T2","26C",1,"plate_1_low","C2","Sample",55,"72hpf",NA,2,2099,"has low volume"
"699",20260320,"Resaz_plate1_low_T2_260320_1542",2026-09-02 15:42:00,"T2","26C",1,"plate_1_low","C3","Sample",56,"72hpf",NA,2,2089,"has low volume"
"700",20260320,"Resaz_plate1_low_T2_260320_1542",2026-09-02 15:42:00,"T2","26C",1,"plate_1_low","C4","Sample",57,"72hpf",NA,21,2389,"has low volume"
"701",20260320,"Resaz_plate1_low_T2_260320_1542",2026-09-02 15:42:00,"T2","26C",1,"plate_1_low","C5","Sample",53,"72hpf",NA,10,2169,"has low volume"
"702",20260320,"Resaz_plate1_low_T2_260320_1542",2026-09-02 15:42:00,"T2","26C",1,"plate_1_low","C6","Sample",52,"72hpf",NA,3,2257,"has low volume"
"703",20260320,"Resaz_plate1_low_T2_260320_1542",2026-09-02 15:42:00,"T2","26C",1,"plate_1_low","C7","Sample",1,"72hpf",NA,2,3607,"has low volume"
"704",20260320,"Resaz_plate1_low_T2_260320_1542",2026-09-02 15:42:00,"T2","26C",1,"plate_1_low","C8","Sample",4,"72hpf",NA,7,2033,"has low volume"
"705",20260320,"Resaz_plate1_low_T2_260320_1542",2026-09-02 15:42:00,"T2","26C",1,"plate_1_low","C9","Sample",6,"72hpf",NA,7,2210,"has low volume"
"706",20260320,"Resaz_plate1_low_T2_260320_1542",2026-09-02 15:42:00,"T2","26C",1,"plate_1_low","C10","Sample",5,"72hpf",NA,9,2276,"has low volume"
"707",20260320,"Resaz_plate1_low_T2_260320_1542",2026-09-02 15:42:00,"T2","26C",1,"plate_1_low","C11","Sample",8,"72hpf",NA,1,2312,"has low volume"
"708",20260320,"Resaz_plate1_low_T2_260320_1542",2026-09-02 15:42:00,"T2","26C",1,"plate_1_low","C12","Sample",3,"72hpf",NA,0,2271,"has low volume"
"709",20260320,"Resaz_plate1_low_T2_260320_1542",2026-09-02 15:42:00,"T2","26C",1,"plate_1_low","D1","Sample",54,"72hpf",NA,10,1605,"has low volume"
"710",20260320,"Resaz_plate1_low_T2_260320_1542",2026-09-02 15:42:00,"T2","26C",1,"plate_1_low","D2","Sample",55,"72hpf",NA,13,1477,"has low volume"
"711",20260320,"Resaz_plate1_low_T2_260320_1542",2026-09-02 15:42:00,"T2","26C",1,"plate_1_low","D3","Sample",56,"72hpf",NA,0,1497,"has low volume"
"712",20260320,"Resaz_plate1_low_T2_260320_1542",2026-09-02 15:42:00,"T2","26C",1,"plate_1_low","D4","Sample",57,"72hpf",NA,50,1676,"has low volume"
"713",20260320,"Resaz_plate1_low_T2_260320_1542",2026-09-02 15:42:00,"T2","26C",1,"plate_1_low","D5","Sample",53,"72hpf",NA,7,1504,"has low volume"
"714",20260320,"Resaz_plate1_low_T2_260320_1542",2026-09-02 15:42:00,"T2","26C",1,"plate_1_low","D6","Sample",52,"72hpf",NA,4,1636,"has low volume"
"715",20260320,"Resaz_plate1_low_T2_260320_1542",2026-09-02 15:42:00,"T2","26C",1,"plate_1_low","D7","Sample",1,"72hpf",NA,0,3346,"has low volume"
"716",20260320,"Resaz_plate1_low_T2_260320_1542",2026-09-02 15:42:00,"T2","26C",1,"plate_1_low","D8","Sample",4,"72hpf",NA,0,3554,"has low volume"
"717",20260320,"Resaz_plate1_low_T2_260320_1542",2026-09-02 15:42:00,"T2","26C",1,"plate_1_low","D9","Sample",6,"72hpf",NA,33,1497,"has low volume"
"718",20260320,"Resaz_plate1_low_T2_260320_1542",2026-09-02 15:42:00,"T2","26C",1,"plate_1_low","D10","Sample",5,"72hpf",NA,2,1549,"has low volume"
"719",20260320,"Resaz_plate1_low_T2_260320_1542",2026-09-02 15:42:00,"T2","26C",1,"plate_1_low","D11","Sample",8,"72hpf",NA,0,1435,"has low volume"
"720",20260320,"Resaz_plate1_low_T2_260320_1542",2026-09-02 15:42:00,"T2","26C",1,"plate_1_low","D12","Sample",3,"72hpf",NA,2,1430,"has low volume"
"721",20260320,"Resaz_plate1_low_T2_260320_1542",2026-09-02 15:42:00,"T2","26C",1,"plate_1_low","E1","Sample",54,"72hpf",NA,17,956,"has low volume"
"722",20260320,"Resaz_plate1_low_T2_260320_1542",2026-09-02 15:42:00,"T2","26C",1,"plate_1_low","E2","Sample",55,"72hpf",NA,28,1033,"has low volume"
"723",20260320,"Resaz_plate1_low_T2_260320_1542",2026-09-02 15:42:00,"T2","26C",1,"plate_1_low","E3","Sample",56,"72hpf",NA,2,1303,"has low volume"
"724",20260320,"Resaz_plate1_low_T2_260320_1542",2026-09-02 15:42:00,"T2","26C",1,"plate_1_low","E4","Sample",57,"72hpf",NA,56,1088,"has low volume"
"725",20260320,"Resaz_plate1_low_T2_260320_1542",2026-09-02 15:42:00,"T2","26C",1,"plate_1_low","E5","Sample",53,"72hpf",NA,35,1122,"has low volume"
"726",20260320,"Resaz_plate1_low_T2_260320_1542",2026-09-02 15:42:00,"T2","26C",1,"plate_1_low","E6","Sample",52,"72hpf",NA,17,1040,"has low volume"
"727",20260320,"Resaz_plate1_low_T2_260320_1542",2026-09-02 15:42:00,"T2","26C",1,"plate_1_low","E7","Sample",1,"72hpf",NA,2,2178,"has low volume"
"728",20260320,"Resaz_plate1_low_T2_260320_1542",2026-09-02 15:42:00,"T2","26C",1,"plate_1_low","E8","Sample",4,"72hpf",NA,0,1309,"has low volume"
"729",20260320,"Resaz_plate1_low_T2_260320_1542",2026-09-02 15:42:00,"T2","26C",1,"plate_1_low","E9","Sample",6,"72hpf",NA,14,1052,"has low volume"
"730",20260320,"Resaz_plate1_low_T2_260320_1542",2026-09-02 15:42:00,"T2","26C",1,"plate_1_low","E10","Sample",5,"72hpf",NA,17,1059,"has low volume"
"731",20260320,"Resaz_plate1_low_T2_260320_1542",2026-09-02 15:42:00,"T2","26C",1,"plate_1_low","E11","Sample",8,"72hpf",NA,0,3524,"has low volume"
"732",20260320,"Resaz_plate1_low_T2_260320_1542",2026-09-02 15:42:00,"T2","26C",1,"plate_1_low","E12","Sample",3,"72hpf",NA,58,1105,"has low volume"
"733",20260320,"Resaz_plate1_low_T2_260320_1542",2026-09-02 15:42:00,"T2","26C",1,"plate_1_low","F1","Sample",54,"72hpf",NA,16,1049,""
"734",20260320,"Resaz_plate1_low_T2_260320_1542",2026-09-02 15:42:00,"T2","26C",1,"plate_1_low","F2","Sample",55,"72hpf",NA,22,959,""
"735",20260320,"Resaz_plate1_low_T2_260320_1542",2026-09-02 15:42:00,"T2","26C",1,"plate_1_low","F3","Sample",56,"72hpf",NA,5,1202,""
"736",20260320,"Resaz_plate1_low_T2_260320_1542",2026-09-02 15:42:00,"T2","26C",1,"plate_1_low","F4","Sample",57,"72hpf",NA,26,1012,""
"737",20260320,"Resaz_plate1_low_T2_260320_1542",2026-09-02 15:42:00,"T2","26C",1,"plate_1_low","F5","Sample",53,"72hpf",NA,67,1044,""
"738",20260320,"Resaz_plate1_low_T2_260320_1542",2026-09-02 15:42:00,"T2","26C",1,"plate_1_low","F6","Sample",52,"72hpf",NA,24,1209,""
"739",20260320,"Resaz_plate1_low_T2_260320_1542",2026-09-02 15:42:00,"T2","26C",1,"plate_1_low","F7","Sample",1,"72hpf",NA,9,2519,""
"740",20260320,"Resaz_plate1_low_T2_260320_1542",2026-09-02 15:42:00,"T2","26C",1,"plate_1_low","F8","Sample",4,"72hpf",NA,4,1064,""
"741",20260320,"Resaz_plate1_low_T2_260320_1542",2026-09-02 15:42:00,"T2","26C",1,"plate_1_low","F9","Sample",6,"72hpf",NA,0,3542,"has no volume"
"742",20260320,"Resaz_plate1_low_T2_260320_1542",2026-09-02 15:42:00,"T2","26C",1,"plate_1_low","F10","Sample",5,"72hpf",NA,34,1053,""
"743",20260320,"Resaz_plate1_low_T2_260320_1542",2026-09-02 15:42:00,"T2","26C",1,"plate_1_low","F11","Sample",8,"72hpf",NA,23,964,""
"744",20260320,"Resaz_plate1_low_T2_260320_1542",2026-09-02 15:42:00,"T2","26C",1,"plate_1_low","F12","Sample",3,"72hpf",NA,31,1114,""
"745",20260320,"Resaz_plate1_low_T2_260320_1542",2026-09-02 15:42:00,"T2","26C",1,"plate_1_low","G1","Sample",54,"72hpf",NA,36,996,""
"746",20260320,"Resaz_plate1_low_T2_260320_1542",2026-09-02 15:42:00,"T2","26C",1,"plate_1_low","G2","Sample",55,"72hpf",NA,70,1083,""
"747",20260320,"Resaz_plate1_low_T2_260320_1542",2026-09-02 15:42:00,"T2","26C",1,"plate_1_low","G3","Sample",56,"72hpf",NA,0,3543,"has no volume"
"748",20260320,"Resaz_plate1_low_T2_260320_1542",2026-09-02 15:42:00,"T2","26C",1,"plate_1_low","G4","Sample",57,"72hpf",NA,57,1072,""
"749",20260320,"Resaz_plate1_low_T2_260320_1542",2026-09-02 15:42:00,"T2","26C",1,"plate_1_low","G5","Sample",53,"72hpf",NA,31,1152,""
"750",20260320,"Resaz_plate1_low_T2_260320_1542",2026-09-02 15:42:00,"T2","26C",1,"plate_1_low","G6","Sample",52,"72hpf",NA,20,1150,""
"751",20260320,"Resaz_plate1_low_T2_260320_1542",2026-09-02 15:42:00,"T2","26C",1,"plate_1_low","G7","Sample",1,"72hpf",NA,0,3182,"has no volume"
"752",20260320,"Resaz_plate1_low_T2_260320_1542",2026-09-02 15:42:00,"T2","26C",1,"plate_1_low","G8","Sample",4,"72hpf",NA,0,3541,"has no volume"
"753",20260320,"Resaz_plate1_low_T2_260320_1542",2026-09-02 15:42:00,"T2","26C",1,"plate_1_low","G9","Sample",6,"72hpf",NA,16,1045,""
"754",20260320,"Resaz_plate1_low_T2_260320_1542",2026-09-02 15:42:00,"T2","26C",1,"plate_1_low","G10","Sample",5,"72hpf",NA,70,1130,""
"755",20260320,"Resaz_plate1_low_T2_260320_1542",2026-09-02 15:42:00,"T2","26C",1,"plate_1_low","G11","Sample",8,"72hpf",NA,9,1081,""
"756",20260320,"Resaz_plate1_low_T2_260320_1542",2026-09-02 15:42:00,"T2","26C",1,"plate_1_low","G12","Sample",3,"72hpf",NA,16,982,""
"757",20260320,"Resaz_plate1_low_T2_260320_1542",2026-09-02 15:42:00,"T2","26C",1,"plate_1_low","H1","Blank",NA,"72hpf",NA,NA,978,""
"758",20260320,"Resaz_plate1_low_T2_260320_1542",2026-09-02 15:42:00,"T2","26C",1,"plate_1_low","H2","Blank",NA,"72hpf",NA,NA,1006,""
"759",20260320,"Resaz_plate1_low_T2_260320_1542",2026-09-02 15:42:00,"T2","26C",1,"plate_1_low","H3","Blank",NA,"72hpf",NA,NA,991,""
"760",20260320,"Resaz_plate1_low_T2_260320_1542",2026-09-02 15:42:00,"T2","26C",1,"plate_1_low","H4","Blank",NA,"72hpf",NA,NA,1040,""
"761",20260320,"Resaz_plate1_low_T2_260320_1542",2026-09-02 15:42:00,"T2","26C",1,"plate_1_low","H5","Blank",NA,"72hpf",NA,NA,1111,""
"762",20260320,"Resaz_plate1_low_T2_260320_1542",2026-09-02 15:42:00,"T2","26C",1,"plate_1_low","H6","Blank",NA,"72hpf",NA,NA,1074,""
"763",20260320,"Resaz_plate1_low_T2_260320_1542",2026-09-02 15:42:00,"T2","26C",1,"plate_1_low","H7","Blank",NA,"72hpf",NA,NA,1132,""
"764",20260320,"Resaz_plate1_low_T2_260320_1542",2026-09-02 15:42:00,"T2","26C",1,"plate_1_low","H8","Blank",NA,"72hpf",NA,NA,1176,""
"765",20260320,"Resaz_plate1_low_T2_260320_1542",2026-09-02 15:42:00,"T2","26C",1,"plate_1_low","H9","Blank",NA,"72hpf",NA,NA,1042,""
"766",20260320,"Resaz_plate1_low_T2_260320_1542",2026-09-02 15:42:00,"T2","26C",1,"plate_1_low","H10","Blank",NA,"72hpf",NA,NA,1011,""
"767",20260320,"Resaz_plate1_low_T2_260320_1542",2026-09-02 15:42:00,"T2","26C",1,"plate_1_low","H11","Blank",NA,"72hpf",NA,NA,994,""
"768",20260320,"Resaz_plate1_low_T2_260320_1542",2026-09-02 15:42:00,"T2","26C",1,"plate_1_low","H12","Blank",NA,"72hpf",NA,NA,952,""
"769",20260320,"Resaz_plate1_low_T3_260320_1649",2026-09-02 16:49:00,"T3","26C",1,"plate_1_low","A1","Sample",54,"72hpf",NA,4,2072,"has low volume"
"770",20260320,"Resaz_plate1_low_T3_260320_1649",2026-09-02 16:49:00,"T3","26C",1,"plate_1_low","A2","Sample",55,"72hpf",NA,4,2163,"has low volume"
"771",20260320,"Resaz_plate1_low_T3_260320_1649",2026-09-02 16:49:00,"T3","26C",1,"plate_1_low","A3","Sample",56,"72hpf",NA,0,1813,"has low volume"
"772",20260320,"Resaz_plate1_low_T3_260320_1649",2026-09-02 16:49:00,"T3","26C",1,"plate_1_low","A4","Sample",57,"72hpf",NA,9,2111,"has low volume"
"773",20260320,"Resaz_plate1_low_T3_260320_1649",2026-09-02 16:49:00,"T3","26C",1,"plate_1_low","A5","Sample",53,"72hpf",NA,0,1940,"has low volume"
"774",20260320,"Resaz_plate1_low_T3_260320_1649",2026-09-02 16:49:00,"T3","26C",1,"plate_1_low","A6","Sample",52,"72hpf",NA,0,1977,"has low volume"
"775",20260320,"Resaz_plate1_low_T3_260320_1649",2026-09-02 16:49:00,"T3","26C",1,"plate_1_low","A7","Sample",1,"72hpf",NA,0,2612,"has low volume"
"776",20260320,"Resaz_plate1_low_T3_260320_1649",2026-09-02 16:49:00,"T3","26C",1,"plate_1_low","A8","Sample",4,"72hpf",NA,0,2017,"has low volume"
"777",20260320,"Resaz_plate1_low_T3_260320_1649",2026-09-02 16:49:00,"T3","26C",1,"plate_1_low","A9","Sample",6,"72hpf",NA,0,1962,"has low volume"
"778",20260320,"Resaz_plate1_low_T3_260320_1649",2026-09-02 16:49:00,"T3","26C",1,"plate_1_low","A10","Sample",5,"72hpf",NA,1,2031,"has low volume"
"779",20260320,"Resaz_plate1_low_T3_260320_1649",2026-09-02 16:49:00,"T3","26C",1,"plate_1_low","A11","Sample",8,"72hpf",NA,1,2030,"has low volume"
"780",20260320,"Resaz_plate1_low_T3_260320_1649",2026-09-02 16:49:00,"T3","26C",1,"plate_1_low","A12","Sample",3,"72hpf",NA,2,1952,"has low volume"
"781",20260320,"Resaz_plate1_low_T3_260320_1649",2026-09-02 16:49:00,"T3","26C",1,"plate_1_low","B1","Sample",54,"72hpf",NA,1,2197,"has low volume"
"782",20260320,"Resaz_plate1_low_T3_260320_1649",2026-09-02 16:49:00,"T3","26C",1,"plate_1_low","B2","Sample",55,"72hpf",NA,3,2390,"has low volume"
"783",20260320,"Resaz_plate1_low_T3_260320_1649",2026-09-02 16:49:00,"T3","26C",1,"plate_1_low","B3","Sample",56,"72hpf",NA,1,2291,"has low volume"
"784",20260320,"Resaz_plate1_low_T3_260320_1649",2026-09-02 16:49:00,"T3","26C",1,"plate_1_low","B4","Sample",57,"72hpf",NA,22,2223,"has low volume"
"785",20260320,"Resaz_plate1_low_T3_260320_1649",2026-09-02 16:49:00,"T3","26C",1,"plate_1_low","B5","Sample",53,"72hpf",NA,0,2253,"has low volume"
"786",20260320,"Resaz_plate1_low_T3_260320_1649",2026-09-02 16:49:00,"T3","26C",1,"plate_1_low","B6","Sample",52,"72hpf",NA,1,2263,"has low volume"
"787",20260320,"Resaz_plate1_low_T3_260320_1649",2026-09-02 16:49:00,"T3","26C",1,"plate_1_low","B7","Sample",1,"72hpf",NA,0,3399,"has low volume"
"788",20260320,"Resaz_plate1_low_T3_260320_1649",2026-09-02 16:49:00,"T3","26C",1,"plate_1_low","B8","Sample",4,"72hpf",NA,0,2117,"has low volume"
"789",20260320,"Resaz_plate1_low_T3_260320_1649",2026-09-02 16:49:00,"T3","26C",1,"plate_1_low","B9","Sample",6,"72hpf",NA,0,2167,"has low volume"
"790",20260320,"Resaz_plate1_low_T3_260320_1649",2026-09-02 16:49:00,"T3","26C",1,"plate_1_low","B10","Sample",5,"72hpf",NA,1,2148,"has low volume"
"791",20260320,"Resaz_plate1_low_T3_260320_1649",2026-09-02 16:49:00,"T3","26C",1,"plate_1_low","B11","Sample",8,"72hpf",NA,1,2093,"has low volume"
"792",20260320,"Resaz_plate1_low_T3_260320_1649",2026-09-02 16:49:00,"T3","26C",1,"plate_1_low","B12","Sample",3,"72hpf",NA,0,2142,"has low volume"
"793",20260320,"Resaz_plate1_low_T3_260320_1649",2026-09-02 16:49:00,"T3","26C",1,"plate_1_low","C1","Sample",54,"72hpf",NA,6,2156,"has low volume"
"794",20260320,"Resaz_plate1_low_T3_260320_1649",2026-09-02 16:49:00,"T3","26C",1,"plate_1_low","C2","Sample",55,"72hpf",NA,2,2125,"has low volume"
"795",20260320,"Resaz_plate1_low_T3_260320_1649",2026-09-02 16:49:00,"T3","26C",1,"plate_1_low","C3","Sample",56,"72hpf",NA,2,2115,"has low volume"
"796",20260320,"Resaz_plate1_low_T3_260320_1649",2026-09-02 16:49:00,"T3","26C",1,"plate_1_low","C4","Sample",57,"72hpf",NA,21,2426,"has low volume"
"797",20260320,"Resaz_plate1_low_T3_260320_1649",2026-09-02 16:49:00,"T3","26C",1,"plate_1_low","C5","Sample",53,"72hpf",NA,10,2204,"has low volume"
"798",20260320,"Resaz_plate1_low_T3_260320_1649",2026-09-02 16:49:00,"T3","26C",1,"plate_1_low","C6","Sample",52,"72hpf",NA,3,2286,"has low volume"
"799",20260320,"Resaz_plate1_low_T3_260320_1649",2026-09-02 16:49:00,"T3","26C",1,"plate_1_low","C7","Sample",1,"72hpf",NA,2,3610,"has low volume"
"800",20260320,"Resaz_plate1_low_T3_260320_1649",2026-09-02 16:49:00,"T3","26C",1,"plate_1_low","C8","Sample",4,"72hpf",NA,7,2075,"has low volume"
"801",20260320,"Resaz_plate1_low_T3_260320_1649",2026-09-02 16:49:00,"T3","26C",1,"plate_1_low","C9","Sample",6,"72hpf",NA,7,2248,"has low volume"
"802",20260320,"Resaz_plate1_low_T3_260320_1649",2026-09-02 16:49:00,"T3","26C",1,"plate_1_low","C10","Sample",5,"72hpf",NA,9,2323,"has low volume"
"803",20260320,"Resaz_plate1_low_T3_260320_1649",2026-09-02 16:49:00,"T3","26C",1,"plate_1_low","C11","Sample",8,"72hpf",NA,1,2343,"has low volume"
"804",20260320,"Resaz_plate1_low_T3_260320_1649",2026-09-02 16:49:00,"T3","26C",1,"plate_1_low","C12","Sample",3,"72hpf",NA,0,2310,"has low volume"
"805",20260320,"Resaz_plate1_low_T3_260320_1649",2026-09-02 16:49:00,"T3","26C",1,"plate_1_low","D1","Sample",54,"72hpf",NA,10,1634,"has low volume"
"806",20260320,"Resaz_plate1_low_T3_260320_1649",2026-09-02 16:49:00,"T3","26C",1,"plate_1_low","D2","Sample",55,"72hpf",NA,13,1505,"has low volume"
"807",20260320,"Resaz_plate1_low_T3_260320_1649",2026-09-02 16:49:00,"T3","26C",1,"plate_1_low","D3","Sample",56,"72hpf",NA,0,1516,"has low volume"
"808",20260320,"Resaz_plate1_low_T3_260320_1649",2026-09-02 16:49:00,"T3","26C",1,"plate_1_low","D4","Sample",57,"72hpf",NA,50,1739,"has low volume"
"809",20260320,"Resaz_plate1_low_T3_260320_1649",2026-09-02 16:49:00,"T3","26C",1,"plate_1_low","D5","Sample",53,"72hpf",NA,7,1535,"has low volume"
"810",20260320,"Resaz_plate1_low_T3_260320_1649",2026-09-02 16:49:00,"T3","26C",1,"plate_1_low","D6","Sample",52,"72hpf",NA,4,1663,"has low volume"
"811",20260320,"Resaz_plate1_low_T3_260320_1649",2026-09-02 16:49:00,"T3","26C",1,"plate_1_low","D7","Sample",1,"72hpf",NA,0,3385,"has low volume"
"812",20260320,"Resaz_plate1_low_T3_260320_1649",2026-09-02 16:49:00,"T3","26C",1,"plate_1_low","D8","Sample",4,"72hpf",NA,0,3574,"has low volume"
"813",20260320,"Resaz_plate1_low_T3_260320_1649",2026-09-02 16:49:00,"T3","26C",1,"plate_1_low","D9","Sample",6,"72hpf",NA,33,1554,"has low volume"
"814",20260320,"Resaz_plate1_low_T3_260320_1649",2026-09-02 16:49:00,"T3","26C",1,"plate_1_low","D10","Sample",5,"72hpf",NA,2,1579,"has low volume"
"815",20260320,"Resaz_plate1_low_T3_260320_1649",2026-09-02 16:49:00,"T3","26C",1,"plate_1_low","D11","Sample",8,"72hpf",NA,0,1454,"has low volume"
"816",20260320,"Resaz_plate1_low_T3_260320_1649",2026-09-02 16:49:00,"T3","26C",1,"plate_1_low","D12","Sample",3,"72hpf",NA,2,1455,"has low volume"
"817",20260320,"Resaz_plate1_low_T3_260320_1649",2026-09-02 16:49:00,"T3","26C",1,"plate_1_low","E1","Sample",54,"72hpf",NA,17,977,"has low volume"
"818",20260320,"Resaz_plate1_low_T3_260320_1649",2026-09-02 16:49:00,"T3","26C",1,"plate_1_low","E2","Sample",55,"72hpf",NA,28,1065,"has low volume"
"819",20260320,"Resaz_plate1_low_T3_260320_1649",2026-09-02 16:49:00,"T3","26C",1,"plate_1_low","E3","Sample",56,"72hpf",NA,2,1324,"has low volume"
"820",20260320,"Resaz_plate1_low_T3_260320_1649",2026-09-02 16:49:00,"T3","26C",1,"plate_1_low","E4","Sample",57,"72hpf",NA,56,1122,"has low volume"
"821",20260320,"Resaz_plate1_low_T3_260320_1649",2026-09-02 16:49:00,"T3","26C",1,"plate_1_low","E5","Sample",53,"72hpf",NA,35,1164,"has low volume"
"822",20260320,"Resaz_plate1_low_T3_260320_1649",2026-09-02 16:49:00,"T3","26C",1,"plate_1_low","E6","Sample",52,"72hpf",NA,17,1066,"has low volume"
"823",20260320,"Resaz_plate1_low_T3_260320_1649",2026-09-02 16:49:00,"T3","26C",1,"plate_1_low","E7","Sample",1,"72hpf",NA,2,2222,"has low volume"
"824",20260320,"Resaz_plate1_low_T3_260320_1649",2026-09-02 16:49:00,"T3","26C",1,"plate_1_low","E8","Sample",4,"72hpf",NA,0,1344,"has low volume"
"825",20260320,"Resaz_plate1_low_T3_260320_1649",2026-09-02 16:49:00,"T3","26C",1,"plate_1_low","E9","Sample",6,"72hpf",NA,14,1088,"has low volume"
"826",20260320,"Resaz_plate1_low_T3_260320_1649",2026-09-02 16:49:00,"T3","26C",1,"plate_1_low","E10","Sample",5,"72hpf",NA,17,1089,"has low volume"
"827",20260320,"Resaz_plate1_low_T3_260320_1649",2026-09-02 16:49:00,"T3","26C",1,"plate_1_low","E11","Sample",8,"72hpf",NA,0,3545,"has low volume"
"828",20260320,"Resaz_plate1_low_T3_260320_1649",2026-09-02 16:49:00,"T3","26C",1,"plate_1_low","E12","Sample",3,"72hpf",NA,58,1151,"has low volume"
"829",20260320,"Resaz_plate1_low_T3_260320_1649",2026-09-02 16:49:00,"T3","26C",1,"plate_1_low","F1","Sample",54,"72hpf",NA,16,1073,""
"830",20260320,"Resaz_plate1_low_T3_260320_1649",2026-09-02 16:49:00,"T3","26C",1,"plate_1_low","F2","Sample",55,"72hpf",NA,22,983,""
"831",20260320,"Resaz_plate1_low_T3_260320_1649",2026-09-02 16:49:00,"T3","26C",1,"plate_1_low","F3","Sample",56,"72hpf",NA,5,1225,""
"832",20260320,"Resaz_plate1_low_T3_260320_1649",2026-09-02 16:49:00,"T3","26C",1,"plate_1_low","F4","Sample",57,"72hpf",NA,26,1041,""
"833",20260320,"Resaz_plate1_low_T3_260320_1649",2026-09-02 16:49:00,"T3","26C",1,"plate_1_low","F5","Sample",53,"72hpf",NA,67,1101,""
"834",20260320,"Resaz_plate1_low_T3_260320_1649",2026-09-02 16:49:00,"T3","26C",1,"plate_1_low","F6","Sample",52,"72hpf",NA,24,1251,""
"835",20260320,"Resaz_plate1_low_T3_260320_1649",2026-09-02 16:49:00,"T3","26C",1,"plate_1_low","F7","Sample",1,"72hpf",NA,9,2623,""
"836",20260320,"Resaz_plate1_low_T3_260320_1649",2026-09-02 16:49:00,"T3","26C",1,"plate_1_low","F8","Sample",4,"72hpf",NA,4,1109,""
"837",20260320,"Resaz_plate1_low_T3_260320_1649",2026-09-02 16:49:00,"T3","26C",1,"plate_1_low","F9","Sample",6,"72hpf",NA,0,3568,"has no volume"
"838",20260320,"Resaz_plate1_low_T3_260320_1649",2026-09-02 16:49:00,"T3","26C",1,"plate_1_low","F10","Sample",5,"72hpf",NA,34,1100,""
"839",20260320,"Resaz_plate1_low_T3_260320_1649",2026-09-02 16:49:00,"T3","26C",1,"plate_1_low","F11","Sample",8,"72hpf",NA,23,1002,""
"840",20260320,"Resaz_plate1_low_T3_260320_1649",2026-09-02 16:49:00,"T3","26C",1,"plate_1_low","F12","Sample",3,"72hpf",NA,31,1152,""
"841",20260320,"Resaz_plate1_low_T3_260320_1649",2026-09-02 16:49:00,"T3","26C",1,"plate_1_low","G1","Sample",54,"72hpf",NA,36,1029,""
"842",20260320,"Resaz_plate1_low_T3_260320_1649",2026-09-02 16:49:00,"T3","26C",1,"plate_1_low","G2","Sample",55,"72hpf",NA,70,1134,""
"843",20260320,"Resaz_plate1_low_T3_260320_1649",2026-09-02 16:49:00,"T3","26C",1,"plate_1_low","G3","Sample",56,"72hpf",NA,0,3569,"has no volume"
"844",20260320,"Resaz_plate1_low_T3_260320_1649",2026-09-02 16:49:00,"T3","26C",1,"plate_1_low","G4","Sample",57,"72hpf",NA,57,1116,""
"845",20260320,"Resaz_plate1_low_T3_260320_1649",2026-09-02 16:49:00,"T3","26C",1,"plate_1_low","G5","Sample",53,"72hpf",NA,31,1203,""
"846",20260320,"Resaz_plate1_low_T3_260320_1649",2026-09-02 16:49:00,"T3","26C",1,"plate_1_low","G6","Sample",52,"72hpf",NA,20,1204,""
"847",20260320,"Resaz_plate1_low_T3_260320_1649",2026-09-02 16:49:00,"T3","26C",1,"plate_1_low","G7","Sample",1,"72hpf",NA,0,3149,"has no volume"
"848",20260320,"Resaz_plate1_low_T3_260320_1649",2026-09-02 16:49:00,"T3","26C",1,"plate_1_low","G8","Sample",4,"72hpf",NA,0,3557,"has no volume"
"849",20260320,"Resaz_plate1_low_T3_260320_1649",2026-09-02 16:49:00,"T3","26C",1,"plate_1_low","G9","Sample",6,"72hpf",NA,16,1114,""
"850",20260320,"Resaz_plate1_low_T3_260320_1649",2026-09-02 16:49:00,"T3","26C",1,"plate_1_low","G10","Sample",5,"72hpf",NA,70,1220,""
"851",20260320,"Resaz_plate1_low_T3_260320_1649",2026-09-02 16:49:00,"T3","26C",1,"plate_1_low","G11","Sample",8,"72hpf",NA,9,1134,""
"852",20260320,"Resaz_plate1_low_T3_260320_1649",2026-09-02 16:49:00,"T3","26C",1,"plate_1_low","G12","Sample",3,"72hpf",NA,16,1022,""
"853",20260320,"Resaz_plate1_low_T3_260320_1649",2026-09-02 16:49:00,"T3","26C",1,"plate_1_low","H1","Blank",NA,"72hpf",NA,NA,996,""
"854",20260320,"Resaz_plate1_low_T3_260320_1649",2026-09-02 16:49:00,"T3","26C",1,"plate_1_low","H2","Blank",NA,"72hpf",NA,NA,1025,""
"855",20260320,"Resaz_plate1_low_T3_260320_1649",2026-09-02 16:49:00,"T3","26C",1,"plate_1_low","H3","Blank",NA,"72hpf",NA,NA,1020,""
"856",20260320,"Resaz_plate1_low_T3_260320_1649",2026-09-02 16:49:00,"T3","26C",1,"plate_1_low","H4","Blank",NA,"72hpf",NA,NA,1081,""
"857",20260320,"Resaz_plate1_low_T3_260320_1649",2026-09-02 16:49:00,"T3","26C",1,"plate_1_low","H5","Blank",NA,"72hpf",NA,NA,1177,""
"858",20260320,"Resaz_plate1_low_T3_260320_1649",2026-09-02 16:49:00,"T3","26C",1,"plate_1_low","H6","Blank",NA,"72hpf",NA,NA,1156,""
"859",20260320,"Resaz_plate1_low_T3_260320_1649",2026-09-02 16:49:00,"T3","26C",1,"plate_1_low","H7","Blank",NA,"72hpf",NA,NA,1242,""
"860",20260320,"Resaz_plate1_low_T3_260320_1649",2026-09-02 16:49:00,"T3","26C",1,"plate_1_low","H8","Blank",NA,"72hpf",NA,NA,1309,""
"861",20260320,"Resaz_plate1_low_T3_260320_1649",2026-09-02 16:49:00,"T3","26C",1,"plate_1_low","H9","Blank",NA,"72hpf",NA,NA,1166,""
"862",20260320,"Resaz_plate1_low_T3_260320_1649",2026-09-02 16:49:00,"T3","26C",1,"plate_1_low","H10","Blank",NA,"72hpf",NA,NA,1126,""
"863",20260320,"Resaz_plate1_low_T3_260320_1649",2026-09-02 16:49:00,"T3","26C",1,"plate_1_low","H11","Blank",NA,"72hpf",NA,NA,1092,""
"864",20260320,"Resaz_plate1_low_T3_260320_1649",2026-09-02 16:49:00,"T3","26C",1,"plate_1_low","H12","Blank",NA,"72hpf",NA,NA,1015,""
"865",20260320,"Resaz_plate1_low_T4_260320_1758",2026-09-02 17:58:00,"T4","26C",1,"plate_1_low","A1","Sample",54,"72hpf",NA,4,2109,"has low volume"
"866",20260320,"Resaz_plate1_low_T4_260320_1758",2026-09-02 17:58:00,"T4","26C",1,"plate_1_low","A2","Sample",55,"72hpf",NA,4,2187,"has low volume"
"867",20260320,"Resaz_plate1_low_T4_260320_1758",2026-09-02 17:58:00,"T4","26C",1,"plate_1_low","A3","Sample",56,"72hpf",NA,0,1834,"has low volume"
"868",20260320,"Resaz_plate1_low_T4_260320_1758",2026-09-02 17:58:00,"T4","26C",1,"plate_1_low","A4","Sample",57,"72hpf",NA,9,2148,"has low volume"
"869",20260320,"Resaz_plate1_low_T4_260320_1758",2026-09-02 17:58:00,"T4","26C",1,"plate_1_low","A5","Sample",53,"72hpf",NA,0,1976,"has low volume"
"870",20260320,"Resaz_plate1_low_T4_260320_1758",2026-09-02 17:58:00,"T4","26C",1,"plate_1_low","A6","Sample",52,"72hpf",NA,0,2010,"has low volume"
"871",20260320,"Resaz_plate1_low_T4_260320_1758",2026-09-02 17:58:00,"T4","26C",1,"plate_1_low","A7","Sample",1,"72hpf",NA,0,2652,"has low volume"
"872",20260320,"Resaz_plate1_low_T4_260320_1758",2026-09-02 17:58:00,"T4","26C",1,"plate_1_low","A8","Sample",4,"72hpf",NA,0,2051,"has low volume"
"873",20260320,"Resaz_plate1_low_T4_260320_1758",2026-09-02 17:58:00,"T4","26C",1,"plate_1_low","A9","Sample",6,"72hpf",NA,0,2008,"has low volume"
"874",20260320,"Resaz_plate1_low_T4_260320_1758",2026-09-02 17:58:00,"T4","26C",1,"plate_1_low","A10","Sample",5,"72hpf",NA,1,2068,"has low volume"
"875",20260320,"Resaz_plate1_low_T4_260320_1758",2026-09-02 17:58:00,"T4","26C",1,"plate_1_low","A11","Sample",8,"72hpf",NA,1,2066,"has low volume"
"876",20260320,"Resaz_plate1_low_T4_260320_1758",2026-09-02 17:58:00,"T4","26C",1,"plate_1_low","A12","Sample",3,"72hpf",NA,2,1995,"has low volume"
"877",20260320,"Resaz_plate1_low_T4_260320_1758",2026-09-02 17:58:00,"T4","26C",1,"plate_1_low","B1","Sample",54,"72hpf",NA,1,2223,"has low volume"
"878",20260320,"Resaz_plate1_low_T4_260320_1758",2026-09-02 17:58:00,"T4","26C",1,"plate_1_low","B2","Sample",55,"72hpf",NA,3,2414,"has low volume"
"879",20260320,"Resaz_plate1_low_T4_260320_1758",2026-09-02 17:58:00,"T4","26C",1,"plate_1_low","B3","Sample",56,"72hpf",NA,1,2314,"has low volume"
"880",20260320,"Resaz_plate1_low_T4_260320_1758",2026-09-02 17:58:00,"T4","26C",1,"plate_1_low","B4","Sample",57,"72hpf",NA,22,2273,"has low volume"
"881",20260320,"Resaz_plate1_low_T4_260320_1758",2026-09-02 17:58:00,"T4","26C",1,"plate_1_low","B5","Sample",53,"72hpf",NA,0,2285,"has low volume"
"882",20260320,"Resaz_plate1_low_T4_260320_1758",2026-09-02 17:58:00,"T4","26C",1,"plate_1_low","B6","Sample",52,"72hpf",NA,1,2298,"has low volume"
"883",20260320,"Resaz_plate1_low_T4_260320_1758",2026-09-02 17:58:00,"T4","26C",1,"plate_1_low","B7","Sample",1,"72hpf",NA,0,3425,"has low volume"
"884",20260320,"Resaz_plate1_low_T4_260320_1758",2026-09-02 17:58:00,"T4","26C",1,"plate_1_low","B8","Sample",4,"72hpf",NA,0,2150,"has low volume"
"885",20260320,"Resaz_plate1_low_T4_260320_1758",2026-09-02 17:58:00,"T4","26C",1,"plate_1_low","B9","Sample",6,"72hpf",NA,0,2204,"has low volume"
"886",20260320,"Resaz_plate1_low_T4_260320_1758",2026-09-02 17:58:00,"T4","26C",1,"plate_1_low","B10","Sample",5,"72hpf",NA,1,2182,"has low volume"
"887",20260320,"Resaz_plate1_low_T4_260320_1758",2026-09-02 17:58:00,"T4","26C",1,"plate_1_low","B11","Sample",8,"72hpf",NA,1,2119,"has low volume"
"888",20260320,"Resaz_plate1_low_T4_260320_1758",2026-09-02 17:58:00,"T4","26C",1,"plate_1_low","B12","Sample",3,"72hpf",NA,0,2178,"has low volume"
"889",20260320,"Resaz_plate1_low_T4_260320_1758",2026-09-02 17:58:00,"T4","26C",1,"plate_1_low","C1","Sample",54,"72hpf",NA,6,2187,"has low volume"
"890",20260320,"Resaz_plate1_low_T4_260320_1758",2026-09-02 17:58:00,"T4","26C",1,"plate_1_low","C2","Sample",55,"72hpf",NA,2,2154,"has low volume"
"891",20260320,"Resaz_plate1_low_T4_260320_1758",2026-09-02 17:58:00,"T4","26C",1,"plate_1_low","C3","Sample",56,"72hpf",NA,2,2142,"has low volume"
"892",20260320,"Resaz_plate1_low_T4_260320_1758",2026-09-02 17:58:00,"T4","26C",1,"plate_1_low","C4","Sample",57,"72hpf",NA,21,2473,"has low volume"
"893",20260320,"Resaz_plate1_low_T4_260320_1758",2026-09-02 17:58:00,"T4","26C",1,"plate_1_low","C5","Sample",53,"72hpf",NA,10,2244,"has low volume"
"894",20260320,"Resaz_plate1_low_T4_260320_1758",2026-09-02 17:58:00,"T4","26C",1,"plate_1_low","C6","Sample",52,"72hpf",NA,3,2323,"has low volume"
"895",20260320,"Resaz_plate1_low_T4_260320_1758",2026-09-02 17:58:00,"T4","26C",1,"plate_1_low","C7","Sample",1,"72hpf",NA,2,3638,"has low volume"
"896",20260320,"Resaz_plate1_low_T4_260320_1758",2026-09-02 17:58:00,"T4","26C",1,"plate_1_low","C8","Sample",4,"72hpf",NA,7,2120,"has low volume"
"897",20260320,"Resaz_plate1_low_T4_260320_1758",2026-09-02 17:58:00,"T4","26C",1,"plate_1_low","C9","Sample",6,"72hpf",NA,7,2309,"has low volume"
"898",20260320,"Resaz_plate1_low_T4_260320_1758",2026-09-02 17:58:00,"T4","26C",1,"plate_1_low","C10","Sample",5,"72hpf",NA,9,2370,"has low volume"
"899",20260320,"Resaz_plate1_low_T4_260320_1758",2026-09-02 17:58:00,"T4","26C",1,"plate_1_low","C11","Sample",8,"72hpf",NA,1,2378,"has low volume"
"900",20260320,"Resaz_plate1_low_T4_260320_1758",2026-09-02 17:58:00,"T4","26C",1,"plate_1_low","C12","Sample",3,"72hpf",NA,0,2357,"has low volume"
"901",20260320,"Resaz_plate1_low_T4_260320_1758",2026-09-02 17:58:00,"T4","26C",1,"plate_1_low","D1","Sample",54,"72hpf",NA,10,1658,"has low volume"
"902",20260320,"Resaz_plate1_low_T4_260320_1758",2026-09-02 17:58:00,"T4","26C",1,"plate_1_low","D2","Sample",55,"72hpf",NA,13,1529,"has low volume"
"903",20260320,"Resaz_plate1_low_T4_260320_1758",2026-09-02 17:58:00,"T4","26C",1,"plate_1_low","D3","Sample",56,"72hpf",NA,0,1537,"has low volume"
"904",20260320,"Resaz_plate1_low_T4_260320_1758",2026-09-02 17:58:00,"T4","26C",1,"plate_1_low","D4","Sample",57,"72hpf",NA,50,1795,"has low volume"
"905",20260320,"Resaz_plate1_low_T4_260320_1758",2026-09-02 17:58:00,"T4","26C",1,"plate_1_low","D5","Sample",53,"72hpf",NA,7,1561,"has low volume"
"906",20260320,"Resaz_plate1_low_T4_260320_1758",2026-09-02 17:58:00,"T4","26C",1,"plate_1_low","D6","Sample",52,"72hpf",NA,4,1694,"has low volume"
"907",20260320,"Resaz_plate1_low_T4_260320_1758",2026-09-02 17:58:00,"T4","26C",1,"plate_1_low","D7","Sample",1,"72hpf",NA,0,3423,"has low volume"
"908",20260320,"Resaz_plate1_low_T4_260320_1758",2026-09-02 17:58:00,"T4","26C",1,"plate_1_low","D8","Sample",4,"72hpf",NA,0,3596,"has low volume"
"909",20260320,"Resaz_plate1_low_T4_260320_1758",2026-09-02 17:58:00,"T4","26C",1,"plate_1_low","D9","Sample",6,"72hpf",NA,33,1600,"has low volume"
"910",20260320,"Resaz_plate1_low_T4_260320_1758",2026-09-02 17:58:00,"T4","26C",1,"plate_1_low","D10","Sample",5,"72hpf",NA,2,1608,"has low volume"
"911",20260320,"Resaz_plate1_low_T4_260320_1758",2026-09-02 17:58:00,"T4","26C",1,"plate_1_low","D11","Sample",8,"72hpf",NA,0,1475,"has low volume"
"912",20260320,"Resaz_plate1_low_T4_260320_1758",2026-09-02 17:58:00,"T4","26C",1,"plate_1_low","D12","Sample",3,"72hpf",NA,2,1478,"has low volume"
"913",20260320,"Resaz_plate1_low_T4_260320_1758",2026-09-02 17:58:00,"T4","26C",1,"plate_1_low","E1","Sample",54,"72hpf",NA,17,997,"has low volume"
"914",20260320,"Resaz_plate1_low_T4_260320_1758",2026-09-02 17:58:00,"T4","26C",1,"plate_1_low","E2","Sample",55,"72hpf",NA,28,1089,"has low volume"
"915",20260320,"Resaz_plate1_low_T4_260320_1758",2026-09-02 17:58:00,"T4","26C",1,"plate_1_low","E3","Sample",56,"72hpf",NA,2,1345,"has low volume"
"916",20260320,"Resaz_plate1_low_T4_260320_1758",2026-09-02 17:58:00,"T4","26C",1,"plate_1_low","E4","Sample",57,"72hpf",NA,56,1163,"has low volume"
"917",20260320,"Resaz_plate1_low_T4_260320_1758",2026-09-02 17:58:00,"T4","26C",1,"plate_1_low","E5","Sample",53,"72hpf",NA,35,1204,"has low volume"
"918",20260320,"Resaz_plate1_low_T4_260320_1758",2026-09-02 17:58:00,"T4","26C",1,"plate_1_low","E6","Sample",52,"72hpf",NA,17,1094,"has low volume"
"919",20260320,"Resaz_plate1_low_T4_260320_1758",2026-09-02 17:58:00,"T4","26C",1,"plate_1_low","E7","Sample",1,"72hpf",NA,2,2284,"has low volume"
"920",20260320,"Resaz_plate1_low_T4_260320_1758",2026-09-02 17:58:00,"T4","26C",1,"plate_1_low","E8","Sample",4,"72hpf",NA,0,1390,"has low volume"
"921",20260320,"Resaz_plate1_low_T4_260320_1758",2026-09-02 17:58:00,"T4","26C",1,"plate_1_low","E9","Sample",6,"72hpf",NA,14,1122,"has low volume"
"922",20260320,"Resaz_plate1_low_T4_260320_1758",2026-09-02 17:58:00,"T4","26C",1,"plate_1_low","E10","Sample",5,"72hpf",NA,17,1121,"has low volume"
"923",20260320,"Resaz_plate1_low_T4_260320_1758",2026-09-02 17:58:00,"T4","26C",1,"plate_1_low","E11","Sample",8,"72hpf",NA,0,3578,"has low volume"
"924",20260320,"Resaz_plate1_low_T4_260320_1758",2026-09-02 17:58:00,"T4","26C",1,"plate_1_low","E12","Sample",3,"72hpf",NA,58,1198,"has low volume"
"925",20260320,"Resaz_plate1_low_T4_260320_1758",2026-09-02 17:58:00,"T4","26C",1,"plate_1_low","F1","Sample",54,"72hpf",NA,16,1096,""
"926",20260320,"Resaz_plate1_low_T4_260320_1758",2026-09-02 17:58:00,"T4","26C",1,"plate_1_low","F2","Sample",55,"72hpf",NA,22,1007,""
"927",20260320,"Resaz_plate1_low_T4_260320_1758",2026-09-02 17:58:00,"T4","26C",1,"plate_1_low","F3","Sample",56,"72hpf",NA,5,1253,""
"928",20260320,"Resaz_plate1_low_T4_260320_1758",2026-09-02 17:58:00,"T4","26C",1,"plate_1_low","F4","Sample",57,"72hpf",NA,26,1076,""
"929",20260320,"Resaz_plate1_low_T4_260320_1758",2026-09-02 17:58:00,"T4","26C",1,"plate_1_low","F5","Sample",53,"72hpf",NA,67,1162,""
"930",20260320,"Resaz_plate1_low_T4_260320_1758",2026-09-02 17:58:00,"T4","26C",1,"plate_1_low","F6","Sample",52,"72hpf",NA,24,1308,""
"931",20260320,"Resaz_plate1_low_T4_260320_1758",2026-09-02 17:58:00,"T4","26C",1,"plate_1_low","F7","Sample",1,"72hpf",NA,9,2721,""
"932",20260320,"Resaz_plate1_low_T4_260320_1758",2026-09-02 17:58:00,"T4","26C",1,"plate_1_low","F8","Sample",4,"72hpf",NA,4,1162,""
"933",20260320,"Resaz_plate1_low_T4_260320_1758",2026-09-02 17:58:00,"T4","26C",1,"plate_1_low","F9","Sample",6,"72hpf",NA,0,3585,"has no volume"
"934",20260320,"Resaz_plate1_low_T4_260320_1758",2026-09-02 17:58:00,"T4","26C",1,"plate_1_low","F10","Sample",5,"72hpf",NA,34,1145,""
"935",20260320,"Resaz_plate1_low_T4_260320_1758",2026-09-02 17:58:00,"T4","26C",1,"plate_1_low","F11","Sample",8,"72hpf",NA,23,1033,""
"936",20260320,"Resaz_plate1_low_T4_260320_1758",2026-09-02 17:58:00,"T4","26C",1,"plate_1_low","F12","Sample",3,"72hpf",NA,31,1192,""
"937",20260320,"Resaz_plate1_low_T4_260320_1758",2026-09-02 17:58:00,"T4","26C",1,"plate_1_low","G1","Sample",54,"72hpf",NA,36,1063,""
"938",20260320,"Resaz_plate1_low_T4_260320_1758",2026-09-02 17:58:00,"T4","26C",1,"plate_1_low","G2","Sample",55,"72hpf",NA,70,1188,""
"939",20260320,"Resaz_plate1_low_T4_260320_1758",2026-09-02 17:58:00,"T4","26C",1,"plate_1_low","G3","Sample",56,"72hpf",NA,0,3590,"has no volume"
"940",20260320,"Resaz_plate1_low_T4_260320_1758",2026-09-02 17:58:00,"T4","26C",1,"plate_1_low","G4","Sample",57,"72hpf",NA,57,1186,""
"941",20260320,"Resaz_plate1_low_T4_260320_1758",2026-09-02 17:58:00,"T4","26C",1,"plate_1_low","G5","Sample",53,"72hpf",NA,31,1280,""
"942",20260320,"Resaz_plate1_low_T4_260320_1758",2026-09-02 17:58:00,"T4","26C",1,"plate_1_low","G6","Sample",52,"72hpf",NA,20,1277,""
"943",20260320,"Resaz_plate1_low_T4_260320_1758",2026-09-02 17:58:00,"T4","26C",1,"plate_1_low","G7","Sample",1,"72hpf",NA,0,3099,"has no volume"
"944",20260320,"Resaz_plate1_low_T4_260320_1758",2026-09-02 17:58:00,"T4","26C",1,"plate_1_low","G8","Sample",4,"72hpf",NA,0,3557,"has no volume"
"945",20260320,"Resaz_plate1_low_T4_260320_1758",2026-09-02 17:58:00,"T4","26C",1,"plate_1_low","G9","Sample",6,"72hpf",NA,16,1190,""
"946",20260320,"Resaz_plate1_low_T4_260320_1758",2026-09-02 17:58:00,"T4","26C",1,"plate_1_low","G10","Sample",5,"72hpf",NA,70,1312,""
"947",20260320,"Resaz_plate1_low_T4_260320_1758",2026-09-02 17:58:00,"T4","26C",1,"plate_1_low","G11","Sample",8,"72hpf",NA,9,1178,""
"948",20260320,"Resaz_plate1_low_T4_260320_1758",2026-09-02 17:58:00,"T4","26C",1,"plate_1_low","G12","Sample",3,"72hpf",NA,16,1056,""
"949",20260320,"Resaz_plate1_low_T4_260320_1758",2026-09-02 17:58:00,"T4","26C",1,"plate_1_low","H1","Blank",NA,"72hpf",NA,NA,1033,""
"950",20260320,"Resaz_plate1_low_T4_260320_1758",2026-09-02 17:58:00,"T4","26C",1,"plate_1_low","H2","Blank",NA,"72hpf",NA,NA,1067,""
"951",20260320,"Resaz_plate1_low_T4_260320_1758",2026-09-02 17:58:00,"T4","26C",1,"plate_1_low","H3","Blank",NA,"72hpf",NA,NA,1081,""
"952",20260320,"Resaz_plate1_low_T4_260320_1758",2026-09-02 17:58:00,"T4","26C",1,"plate_1_low","H4","Blank",NA,"72hpf",NA,NA,1170,""
"953",20260320,"Resaz_plate1_low_T4_260320_1758",2026-09-02 17:58:00,"T4","26C",1,"plate_1_low","H5","Blank",NA,"72hpf",NA,NA,1294,""
"954",20260320,"Resaz_plate1_low_T4_260320_1758",2026-09-02 17:58:00,"T4","26C",1,"plate_1_low","H6","Blank",NA,"72hpf",NA,NA,1283,""
"955",20260320,"Resaz_plate1_low_T4_260320_1758",2026-09-02 17:58:00,"T4","26C",1,"plate_1_low","H7","Blank",NA,"72hpf",NA,NA,1378,""
"956",20260320,"Resaz_plate1_low_T4_260320_1758",2026-09-02 17:58:00,"T4","26C",1,"plate_1_low","H8","Blank",NA,"72hpf",NA,NA,1460,""
"957",20260320,"Resaz_plate1_low_T4_260320_1758",2026-09-02 17:58:00,"T4","26C",1,"plate_1_low","H9","Blank",NA,"72hpf",NA,NA,1296,""
"958",20260320,"Resaz_plate1_low_T4_260320_1758",2026-09-02 17:58:00,"T4","26C",1,"plate_1_low","H10","Blank",NA,"72hpf",NA,NA,1238,""
"959",20260320,"Resaz_plate1_low_T4_260320_1758",2026-09-02 17:58:00,"T4","26C",1,"plate_1_low","H11","Blank",NA,"72hpf",NA,NA,1179,""
"960",20260320,"Resaz_plate1_low_T4_260320_1758",2026-09-02 17:58:00,"T4","26C",1,"plate_1_low","H12","Blank",NA,"72hpf",NA,NA,1069,""
"961",20260320,"Resaz_plate2_high_T0_260320_1316",2026-09-02 13:16:00,"T0","32C",2,"plate_2_high","A1","Sample",54,"72hpf",NA,35,1053,""
"962",20260320,"Resaz_plate2_high_T0_260320_1316",2026-09-02 13:16:00,"T0","32C",2,"plate_2_high","A2","Sample",55,"72hpf",NA,26,895,""
"963",20260320,"Resaz_plate2_high_T0_260320_1316",2026-09-02 13:16:00,"T0","32C",2,"plate_2_high","A3","Sample",56,"72hpf",NA,53,946,""
"964",20260320,"Resaz_plate2_high_T0_260320_1316",2026-09-02 13:16:00,"T0","32C",2,"plate_2_high","A4","Sample",57,"72hpf",NA,35,940,""
"965",20260320,"Resaz_plate2_high_T0_260320_1316",2026-09-02 13:16:00,"T0","32C",2,"plate_2_high","A5","Sample",53,"72hpf",NA,43,1133,""
"966",20260320,"Resaz_plate2_high_T0_260320_1316",2026-09-02 13:16:00,"T0","32C",2,"plate_2_high","A6","Sample",52,"72hpf",NA,48,1166,""
"967",20260320,"Resaz_plate2_high_T0_260320_1316",2026-09-02 13:16:00,"T0","32C",2,"plate_2_high","A7","Sample",1,"72hpf",NA,126,1065,""
"968",20260320,"Resaz_plate2_high_T0_260320_1316",2026-09-02 13:16:00,"T0","32C",2,"plate_2_high","A8","Sample",4,"72hpf",NA,30,998,""
"969",20260320,"Resaz_plate2_high_T0_260320_1316",2026-09-02 13:16:00,"T0","32C",2,"plate_2_high","A9","Sample",6,"72hpf",NA,40,920,""
"970",20260320,"Resaz_plate2_high_T0_260320_1316",2026-09-02 13:16:00,"T0","32C",2,"plate_2_high","A10","Sample",5,"72hpf",NA,69,1124,""
"971",20260320,"Resaz_plate2_high_T0_260320_1316",2026-09-02 13:16:00,"T0","32C",2,"plate_2_high","A11","Sample",8,"72hpf",NA,44,1078,""
"972",20260320,"Resaz_plate2_high_T0_260320_1316",2026-09-02 13:16:00,"T0","32C",2,"plate_2_high","A12","Sample",3,"72hpf",NA,32,1140,""
"973",20260320,"Resaz_plate2_high_T0_260320_1316",2026-09-02 13:16:00,"T0","32C",2,"plate_2_high","B1","Sample",54,"72hpf",NA,36,905,""
"974",20260320,"Resaz_plate2_high_T0_260320_1316",2026-09-02 13:16:00,"T0","32C",2,"plate_2_high","B2","Sample",55,"72hpf",NA,41,907,""
"975",20260320,"Resaz_plate2_high_T0_260320_1316",2026-09-02 13:16:00,"T0","32C",2,"plate_2_high","B3","Sample",56,"72hpf",NA,53,984,""
"976",20260320,"Resaz_plate2_high_T0_260320_1316",2026-09-02 13:16:00,"T0","32C",2,"plate_2_high","B4","Sample",57,"72hpf",NA,13,986,""
"977",20260320,"Resaz_plate2_high_T0_260320_1316",2026-09-02 13:16:00,"T0","32C",2,"plate_2_high","B5","Sample",53,"72hpf",NA,37,1196,""
"978",20260320,"Resaz_plate2_high_T0_260320_1316",2026-09-02 13:16:00,"T0","32C",2,"plate_2_high","B6","Sample",52,"72hpf",NA,48,985,""
"979",20260320,"Resaz_plate2_high_T0_260320_1316",2026-09-02 13:16:00,"T0","32C",2,"plate_2_high","B7","Sample",1,"72hpf",NA,98,1024,""
"980",20260320,"Resaz_plate2_high_T0_260320_1316",2026-09-02 13:16:00,"T0","32C",2,"plate_2_high","B8","Sample",4,"72hpf",NA,27,937,""
"981",20260320,"Resaz_plate2_high_T0_260320_1316",2026-09-02 13:16:00,"T0","32C",2,"plate_2_high","B9","Sample",6,"72hpf",NA,32,1048,""
"982",20260320,"Resaz_plate2_high_T0_260320_1316",2026-09-02 13:16:00,"T0","32C",2,"plate_2_high","B10","Sample",5,"72hpf",NA,112,925,""
"983",20260320,"Resaz_plate2_high_T0_260320_1316",2026-09-02 13:16:00,"T0","32C",2,"plate_2_high","B11","Sample",8,"72hpf",NA,76,900,""
"984",20260320,"Resaz_plate2_high_T0_260320_1316",2026-09-02 13:16:00,"T0","32C",2,"plate_2_high","B12","Sample",3,"72hpf",NA,54,901,""
"985",20260320,"Resaz_plate2_high_T0_260320_1316",2026-09-02 13:16:00,"T0","32C",2,"plate_2_high","C1","Sample",54,"72hpf",NA,52,911,""
"986",20260320,"Resaz_plate2_high_T0_260320_1316",2026-09-02 13:16:00,"T0","32C",2,"plate_2_high","C2","Sample",55,"72hpf",NA,38,937,""
"987",20260320,"Resaz_plate2_high_T0_260320_1316",2026-09-02 13:16:00,"T0","32C",2,"plate_2_high","C3","Sample",56,"72hpf",NA,119,1012,""
"988",20260320,"Resaz_plate2_high_T0_260320_1316",2026-09-02 13:16:00,"T0","32C",2,"plate_2_high","C4","Sample",57,"72hpf",NA,34,927,""
"989",20260320,"Resaz_plate2_high_T0_260320_1316",2026-09-02 13:16:00,"T0","32C",2,"plate_2_high","C5","Sample",53,"72hpf",NA,39,1000,""
"990",20260320,"Resaz_plate2_high_T0_260320_1316",2026-09-02 13:16:00,"T0","32C",2,"plate_2_high","C6","Sample",52,"72hpf",NA,48,974,""
"991",20260320,"Resaz_plate2_high_T0_260320_1316",2026-09-02 13:16:00,"T0","32C",2,"plate_2_high","C7","Sample",1,"72hpf",NA,165,904,""
"992",20260320,"Resaz_plate2_high_T0_260320_1316",2026-09-02 13:16:00,"T0","32C",2,"plate_2_high","C8","Sample",4,"72hpf",NA,36,939,""
"993",20260320,"Resaz_plate2_high_T0_260320_1316",2026-09-02 13:16:00,"T0","32C",2,"plate_2_high","C9","Sample",6,"72hpf",NA,60,973,""
"994",20260320,"Resaz_plate2_high_T0_260320_1316",2026-09-02 13:16:00,"T0","32C",2,"plate_2_high","C10","Sample",5,"72hpf",NA,121,943,""
"995",20260320,"Resaz_plate2_high_T0_260320_1316",2026-09-02 13:16:00,"T0","32C",2,"plate_2_high","C11","Sample",8,"72hpf",NA,90,910,""
"996",20260320,"Resaz_plate2_high_T0_260320_1316",2026-09-02 13:16:00,"T0","32C",2,"plate_2_high","C12","Sample",3,"72hpf",NA,59,1109,""
"997",20260320,"Resaz_plate2_high_T0_260320_1316",2026-09-02 13:16:00,"T0","32C",2,"plate_2_high","D1","Sample",54,"72hpf",NA,77,970,""
"998",20260320,"Resaz_plate2_high_T0_260320_1316",2026-09-02 13:16:00,"T0","32C",2,"plate_2_high","D2","Sample",55,"72hpf",NA,26,1006,""
"999",20260320,"Resaz_plate2_high_T0_260320_1316",2026-09-02 13:16:00,"T0","32C",2,"plate_2_high","D3","Sample",56,"72hpf",NA,87,943,""
"1000",20260320,"Resaz_plate2_high_T0_260320_1316",2026-09-02 13:16:00,"T0","32C",2,"plate_2_high","D4","Sample",57,"72hpf",NA,54,1002,""
"1001",20260320,"Resaz_plate2_high_T0_260320_1316",2026-09-02 13:16:00,"T0","32C",2,"plate_2_high","D5","Sample",53,"72hpf",NA,57,996,""
"1002",20260320,"Resaz_plate2_high_T0_260320_1316",2026-09-02 13:16:00,"T0","32C",2,"plate_2_high","D6","Sample",52,"72hpf",NA,68,1265,""
"1003",20260320,"Resaz_plate2_high_T0_260320_1316",2026-09-02 13:16:00,"T0","32C",2,"plate_2_high","D7","Sample",1,"72hpf",NA,156,1362,""
"1004",20260320,"Resaz_plate2_high_T0_260320_1316",2026-09-02 13:16:00,"T0","32C",2,"plate_2_high","D8","Sample",4,"72hpf",NA,28,1010,""
"1005",20260320,"Resaz_plate2_high_T0_260320_1316",2026-09-02 13:16:00,"T0","32C",2,"plate_2_high","D9","Sample",6,"72hpf",NA,73,1015,""
"1006",20260320,"Resaz_plate2_high_T0_260320_1316",2026-09-02 13:16:00,"T0","32C",2,"plate_2_high","D10","Sample",5,"72hpf",NA,90,968,""
"1007",20260320,"Resaz_plate2_high_T0_260320_1316",2026-09-02 13:16:00,"T0","32C",2,"plate_2_high","D11","Sample",8,"72hpf",NA,62,944,""
"1008",20260320,"Resaz_plate2_high_T0_260320_1316",2026-09-02 13:16:00,"T0","32C",2,"plate_2_high","D12","Sample",3,"72hpf",NA,0,3472,"has no volume"
"1009",20260320,"Resaz_plate2_high_T0_260320_1316",2026-09-02 13:16:00,"T0","32C",2,"plate_2_high","E1","Sample",54,"72hpf",NA,134,928,""
"1010",20260320,"Resaz_plate2_high_T0_260320_1316",2026-09-02 13:16:00,"T0","32C",2,"plate_2_high","E2","Sample",55,"72hpf",NA,45,980,""
"1011",20260320,"Resaz_plate2_high_T0_260320_1316",2026-09-02 13:16:00,"T0","32C",2,"plate_2_high","E3","Sample",56,"72hpf",NA,128,1030,""
"1012",20260320,"Resaz_plate2_high_T0_260320_1316",2026-09-02 13:16:00,"T0","32C",2,"plate_2_high","E4","Sample",57,"72hpf",NA,0,3475,"has no volume"
"1013",20260320,"Resaz_plate2_high_T0_260320_1316",2026-09-02 13:16:00,"T0","32C",2,"plate_2_high","E5","Sample",53,"72hpf",NA,88,1026,""
"1014",20260320,"Resaz_plate2_high_T0_260320_1316",2026-09-02 13:16:00,"T0","32C",2,"plate_2_high","E6","Sample",52,"72hpf",NA,73,1012,""
"1015",20260320,"Resaz_plate2_high_T0_260320_1316",2026-09-02 13:16:00,"T0","32C",2,"plate_2_high","E7","Sample",1,"72hpf",NA,168,946,""
"1016",20260320,"Resaz_plate2_high_T0_260320_1316",2026-09-02 13:16:00,"T0","32C",2,"plate_2_high","E8","Sample",4,"72hpf",NA,49,985,""
"1017",20260320,"Resaz_plate2_high_T0_260320_1316",2026-09-02 13:16:00,"T0","32C",2,"plate_2_high","E9","Sample",6,"72hpf",NA,0,3513,"has no volume"
"1018",20260320,"Resaz_plate2_high_T0_260320_1316",2026-09-02 13:16:00,"T0","32C",2,"plate_2_high","E10","Sample",5,"72hpf",NA,106,994,""
"1019",20260320,"Resaz_plate2_high_T0_260320_1316",2026-09-02 13:16:00,"T0","32C",2,"plate_2_high","E11","Sample",8,"72hpf",NA,72,926,""
"1020",20260320,"Resaz_plate2_high_T0_260320_1316",2026-09-02 13:16:00,"T0","32C",2,"plate_2_high","E12","Sample",3,"72hpf",NA,0,3496,"has no volume"
"1021",20260320,"Resaz_plate2_high_T0_260320_1316",2026-09-02 13:16:00,"T0","32C",2,"plate_2_high","F1","Sample",54,"72hpf",NA,27,1060,""
"1022",20260320,"Resaz_plate2_high_T0_260320_1316",2026-09-02 13:16:00,"T0","32C",2,"plate_2_high","F2","Sample",55,"72hpf",NA,19,1182,""
"1023",20260320,"Resaz_plate2_high_T0_260320_1316",2026-09-02 13:16:00,"T0","32C",2,"plate_2_high","F3","Sample",56,"72hpf",NA,62,911,""
"1024",20260320,"Resaz_plate2_high_T0_260320_1316",2026-09-02 13:16:00,"T0","32C",2,"plate_2_high","F4","Sample",57,"72hpf",NA,67,933,""
"1025",20260320,"Resaz_plate2_high_T0_260320_1316",2026-09-02 13:16:00,"T0","32C",2,"plate_2_high","F5","Sample",53,"72hpf",NA,0,3497,"has no volume"
"1026",20260320,"Resaz_plate2_high_T0_260320_1316",2026-09-02 13:16:00,"T0","32C",2,"plate_2_high","F6","Sample",52,"72hpf",NA,65,954,""
"1027",20260320,"Resaz_plate2_high_T0_260320_1316",2026-09-02 13:16:00,"T0","32C",2,"plate_2_high","F7","Sample",1,"72hpf",NA,130,869,""
"1028",20260320,"Resaz_plate2_high_T0_260320_1316",2026-09-02 13:16:00,"T0","32C",2,"plate_2_high","F8","Sample",4,"72hpf",NA,41,909,""
"1029",20260320,"Resaz_plate2_high_T0_260320_1316",2026-09-02 13:16:00,"T0","32C",2,"plate_2_high","F9","Sample",6,"72hpf",NA,0,3507,"has no volume"
"1030",20260320,"Resaz_plate2_high_T0_260320_1316",2026-09-02 13:16:00,"T0","32C",2,"plate_2_high","F10","Sample",5,"72hpf",NA,109,949,""
"1031",20260320,"Resaz_plate2_high_T0_260320_1316",2026-09-02 13:16:00,"T0","32C",2,"plate_2_high","F11","Sample",8,"72hpf",NA,51,943,""
"1032",20260320,"Resaz_plate2_high_T0_260320_1316",2026-09-02 13:16:00,"T0","32C",2,"plate_2_high","F12","Sample",3,"72hpf",NA,0,3489,"has no volume"
"1033",20260320,"Resaz_plate2_high_T0_260320_1316",2026-09-02 13:16:00,"T0","32C",2,"plate_2_high","G1","Sample",54,"72hpf",NA,17,863,""
"1034",20260320,"Resaz_plate2_high_T0_260320_1316",2026-09-02 13:16:00,"T0","32C",2,"plate_2_high","G2","Sample",55,"72hpf",NA,4,911,""
"1035",20260320,"Resaz_plate2_high_T0_260320_1316",2026-09-02 13:16:00,"T0","32C",2,"plate_2_high","G3","Sample",56,"72hpf",NA,9,921,""
"1036",20260320,"Resaz_plate2_high_T0_260320_1316",2026-09-02 13:16:00,"T0","32C",2,"plate_2_high","G4","Sample",57,"72hpf",NA,0,3420,"has no volume"
"1037",20260320,"Resaz_plate2_high_T0_260320_1316",2026-09-02 13:16:00,"T0","32C",2,"plate_2_high","G5","Sample",53,"72hpf",NA,0,3473,"has no volume"
"1038",20260320,"Resaz_plate2_high_T0_260320_1316",2026-09-02 13:16:00,"T0","32C",2,"plate_2_high","G6","Sample",52,"72hpf",NA,85,858,""
"1039",20260320,"Resaz_plate2_high_T0_260320_1316",2026-09-02 13:16:00,"T0","32C",2,"plate_2_high","G7","Sample",1,"72hpf",NA,127,835,""
"1040",20260320,"Resaz_plate2_high_T0_260320_1316",2026-09-02 13:16:00,"T0","32C",2,"plate_2_high","G8","Sample",4,"72hpf",NA,52,868,""
"1041",20260320,"Resaz_plate2_high_T0_260320_1316",2026-09-02 13:16:00,"T0","32C",2,"plate_2_high","G9","Sample",6,"72hpf",NA,57,969,""
"1042",20260320,"Resaz_plate2_high_T0_260320_1316",2026-09-02 13:16:00,"T0","32C",2,"plate_2_high","G10","Sample",5,"72hpf",NA,0,3452,"has no volume "
"1043",20260320,"Resaz_plate2_high_T0_260320_1316",2026-09-02 13:16:00,"T0","32C",2,"plate_2_high","G11","Sample",8,"72hpf",NA,0,3485,"has no volume "
"1044",20260320,"Resaz_plate2_high_T0_260320_1316",2026-09-02 13:16:00,"T0","32C",2,"plate_2_high","G12","Sample",3,"72hpf",NA,54,912,""
"1045",20260320,"Resaz_plate2_high_T0_260320_1316",2026-09-02 13:16:00,"T0","32C",2,"plate_2_high","H1","Blank",NA,"72hpf",NA,NA,824,""
"1046",20260320,"Resaz_plate2_high_T0_260320_1316",2026-09-02 13:16:00,"T0","32C",2,"plate_2_high","H2","Blank",NA,"72hpf",NA,NA,893,""
"1047",20260320,"Resaz_plate2_high_T0_260320_1316",2026-09-02 13:16:00,"T0","32C",2,"plate_2_high","H3","Blank",NA,"72hpf",NA,NA,896,""
"1048",20260320,"Resaz_plate2_high_T0_260320_1316",2026-09-02 13:16:00,"T0","32C",2,"plate_2_high","H4","Blank",NA,"72hpf",NA,NA,881,""
"1049",20260320,"Resaz_plate2_high_T0_260320_1316",2026-09-02 13:16:00,"T0","32C",2,"plate_2_high","H5","Blank",NA,"72hpf",NA,NA,889,""
"1050",20260320,"Resaz_plate2_high_T0_260320_1316",2026-09-02 13:16:00,"T0","32C",2,"plate_2_high","H6","Blank",NA,"72hpf",NA,NA,858,""
"1051",20260320,"Resaz_plate2_high_T0_260320_1316",2026-09-02 13:16:00,"T0","32C",2,"plate_2_high","H7","Blank",NA,"72hpf",NA,NA,810,""
"1052",20260320,"Resaz_plate2_high_T0_260320_1316",2026-09-02 13:16:00,"T0","32C",2,"plate_2_high","H8","Blank",NA,"72hpf",NA,NA,878,""
"1053",20260320,"Resaz_plate2_high_T0_260320_1316",2026-09-02 13:16:00,"T0","32C",2,"plate_2_high","H9","Blank",NA,"72hpf",NA,NA,945,""
"1054",20260320,"Resaz_plate2_high_T0_260320_1316",2026-09-02 13:16:00,"T0","32C",2,"plate_2_high","H10","Blank",NA,"72hpf",NA,NA,875,""
"1055",20260320,"Resaz_plate2_high_T0_260320_1316",2026-09-02 13:16:00,"T0","32C",2,"plate_2_high","H11","Blank",NA,"72hpf",NA,NA,873,""
"1056",20260320,"Resaz_plate2_high_T0_260320_1316",2026-09-02 13:16:00,"T0","32C",2,"plate_2_high","H12","Blank",NA,"72hpf",NA,NA,962,""
"1057",20260320,"Resaz_plate2_high_T1_260320_1420",2026-09-02 14:20:00,"T1","32C",2,"plate_2_high","A1","Sample",54,"72hpf",NA,35,1119,""
"1058",20260320,"Resaz_plate2_high_T1_260320_1420",2026-09-02 14:20:00,"T1","32C",2,"plate_2_high","A2","Sample",55,"72hpf",NA,26,941,""
"1059",20260320,"Resaz_plate2_high_T1_260320_1420",2026-09-02 14:20:00,"T1","32C",2,"plate_2_high","A3","Sample",56,"72hpf",NA,53,1006,""
"1060",20260320,"Resaz_plate2_high_T1_260320_1420",2026-09-02 14:20:00,"T1","32C",2,"plate_2_high","A4","Sample",57,"72hpf",NA,35,993,""
"1061",20260320,"Resaz_plate2_high_T1_260320_1420",2026-09-02 14:20:00,"T1","32C",2,"plate_2_high","A5","Sample",53,"72hpf",NA,43,1199,""
"1062",20260320,"Resaz_plate2_high_T1_260320_1420",2026-09-02 14:20:00,"T1","32C",2,"plate_2_high","A6","Sample",52,"72hpf",NA,48,1258,""
"1063",20260320,"Resaz_plate2_high_T1_260320_1420",2026-09-02 14:20:00,"T1","32C",2,"plate_2_high","A7","Sample",1,"72hpf",NA,126,1247,""
"1064",20260320,"Resaz_plate2_high_T1_260320_1420",2026-09-02 14:20:00,"T1","32C",2,"plate_2_high","A8","Sample",4,"72hpf",NA,30,1061,""
"1065",20260320,"Resaz_plate2_high_T1_260320_1420",2026-09-02 14:20:00,"T1","32C",2,"plate_2_high","A9","Sample",6,"72hpf",NA,40,1005,""
"1066",20260320,"Resaz_plate2_high_T1_260320_1420",2026-09-02 14:20:00,"T1","32C",2,"plate_2_high","A10","Sample",5,"72hpf",NA,69,1277,""
"1067",20260320,"Resaz_plate2_high_T1_260320_1420",2026-09-02 14:20:00,"T1","32C",2,"plate_2_high","A11","Sample",8,"72hpf",NA,44,1219,""
"1068",20260320,"Resaz_plate2_high_T1_260320_1420",2026-09-02 14:20:00,"T1","32C",2,"plate_2_high","A12","Sample",3,"72hpf",NA,32,1324,""
"1069",20260320,"Resaz_plate2_high_T1_260320_1420",2026-09-02 14:20:00,"T1","32C",2,"plate_2_high","B1","Sample",54,"72hpf",NA,36,960,""
"1070",20260320,"Resaz_plate2_high_T1_260320_1420",2026-09-02 14:20:00,"T1","32C",2,"plate_2_high","B2","Sample",55,"72hpf",NA,41,953,""
"1071",20260320,"Resaz_plate2_high_T1_260320_1420",2026-09-02 14:20:00,"T1","32C",2,"plate_2_high","B3","Sample",56,"72hpf",NA,53,1050,""
"1072",20260320,"Resaz_plate2_high_T1_260320_1420",2026-09-02 14:20:00,"T1","32C",2,"plate_2_high","B4","Sample",57,"72hpf",NA,13,1011,""
"1073",20260320,"Resaz_plate2_high_T1_260320_1420",2026-09-02 14:20:00,"T1","32C",2,"plate_2_high","B5","Sample",53,"72hpf",NA,37,1262,""
"1074",20260320,"Resaz_plate2_high_T1_260320_1420",2026-09-02 14:20:00,"T1","32C",2,"plate_2_high","B6","Sample",52,"72hpf",NA,48,1047,""
"1075",20260320,"Resaz_plate2_high_T1_260320_1420",2026-09-02 14:20:00,"T1","32C",2,"plate_2_high","B7","Sample",1,"72hpf",NA,98,1157,""
"1076",20260320,"Resaz_plate2_high_T1_260320_1420",2026-09-02 14:20:00,"T1","32C",2,"plate_2_high","B8","Sample",4,"72hpf",NA,27,997,""
"1077",20260320,"Resaz_plate2_high_T1_260320_1420",2026-09-02 14:20:00,"T1","32C",2,"plate_2_high","B9","Sample",6,"72hpf",NA,32,1118,""
"1078",20260320,"Resaz_plate2_high_T1_260320_1420",2026-09-02 14:20:00,"T1","32C",2,"plate_2_high","B10","Sample",5,"72hpf",NA,112,1106,""
"1079",20260320,"Resaz_plate2_high_T1_260320_1420",2026-09-02 14:20:00,"T1","32C",2,"plate_2_high","B11","Sample",8,"72hpf",NA,76,1071,""
"1080",20260320,"Resaz_plate2_high_T1_260320_1420",2026-09-02 14:20:00,"T1","32C",2,"plate_2_high","B12","Sample",3,"72hpf",NA,54,1146,""
"1081",20260320,"Resaz_plate2_high_T1_260320_1420",2026-09-02 14:20:00,"T1","32C",2,"plate_2_high","C1","Sample",54,"72hpf",NA,52,976,""
"1082",20260320,"Resaz_plate2_high_T1_260320_1420",2026-09-02 14:20:00,"T1","32C",2,"plate_2_high","C2","Sample",55,"72hpf",NA,38,971,""
"1083",20260320,"Resaz_plate2_high_T1_260320_1420",2026-09-02 14:20:00,"T1","32C",2,"plate_2_high","C3","Sample",56,"72hpf",NA,119,1133,""
"1084",20260320,"Resaz_plate2_high_T1_260320_1420",2026-09-02 14:20:00,"T1","32C",2,"plate_2_high","C4","Sample",57,"72hpf",NA,34,961,""
"1085",20260320,"Resaz_plate2_high_T1_260320_1420",2026-09-02 14:20:00,"T1","32C",2,"plate_2_high","C5","Sample",53,"72hpf",NA,39,1042,""
"1086",20260320,"Resaz_plate2_high_T1_260320_1420",2026-09-02 14:20:00,"T1","32C",2,"plate_2_high","C6","Sample",52,"72hpf",NA,48,1023,""
"1087",20260320,"Resaz_plate2_high_T1_260320_1420",2026-09-02 14:20:00,"T1","32C",2,"plate_2_high","C7","Sample",1,"72hpf",NA,165,1084,""
"1088",20260320,"Resaz_plate2_high_T1_260320_1420",2026-09-02 14:20:00,"T1","32C",2,"plate_2_high","C8","Sample",4,"72hpf",NA,36,1003,""
"1089",20260320,"Resaz_plate2_high_T1_260320_1420",2026-09-02 14:20:00,"T1","32C",2,"plate_2_high","C9","Sample",6,"72hpf",NA,60,1080,""
"1090",20260320,"Resaz_plate2_high_T1_260320_1420",2026-09-02 14:20:00,"T1","32C",2,"plate_2_high","C10","Sample",5,"72hpf",NA,121,1139,""
"1091",20260320,"Resaz_plate2_high_T1_260320_1420",2026-09-02 14:20:00,"T1","32C",2,"plate_2_high","C11","Sample",8,"72hpf",NA,90,1131,""
"1092",20260320,"Resaz_plate2_high_T1_260320_1420",2026-09-02 14:20:00,"T1","32C",2,"plate_2_high","C12","Sample",3,"72hpf",NA,59,1436,""
"1093",20260320,"Resaz_plate2_high_T1_260320_1420",2026-09-02 14:20:00,"T1","32C",2,"plate_2_high","D1","Sample",54,"72hpf",NA,77,1065,""
"1094",20260320,"Resaz_plate2_high_T1_260320_1420",2026-09-02 14:20:00,"T1","32C",2,"plate_2_high","D2","Sample",55,"72hpf",NA,26,1045,""
"1095",20260320,"Resaz_plate2_high_T1_260320_1420",2026-09-02 14:20:00,"T1","32C",2,"plate_2_high","D3","Sample",56,"72hpf",NA,87,1031,""
"1096",20260320,"Resaz_plate2_high_T1_260320_1420",2026-09-02 14:20:00,"T1","32C",2,"plate_2_high","D4","Sample",57,"72hpf",NA,54,1049,""
"1097",20260320,"Resaz_plate2_high_T1_260320_1420",2026-09-02 14:20:00,"T1","32C",2,"plate_2_high","D5","Sample",53,"72hpf",NA,57,1064,""
"1098",20260320,"Resaz_plate2_high_T1_260320_1420",2026-09-02 14:20:00,"T1","32C",2,"plate_2_high","D6","Sample",52,"72hpf",NA,68,1352,""
"1099",20260320,"Resaz_plate2_high_T1_260320_1420",2026-09-02 14:20:00,"T1","32C",2,"plate_2_high","D7","Sample",1,"72hpf",NA,156,1653,""
"1100",20260320,"Resaz_plate2_high_T1_260320_1420",2026-09-02 14:20:00,"T1","32C",2,"plate_2_high","D8","Sample",4,"72hpf",NA,28,1199,""
"1101",20260320,"Resaz_plate2_high_T1_260320_1420",2026-09-02 14:20:00,"T1","32C",2,"plate_2_high","D9","Sample",6,"72hpf",NA,73,1134,""
"1102",20260320,"Resaz_plate2_high_T1_260320_1420",2026-09-02 14:20:00,"T1","32C",2,"plate_2_high","D10","Sample",5,"72hpf",NA,90,1158,""
"1103",20260320,"Resaz_plate2_high_T1_260320_1420",2026-09-02 14:20:00,"T1","32C",2,"plate_2_high","D11","Sample",8,"72hpf",NA,62,1157,""
"1104",20260320,"Resaz_plate2_high_T1_260320_1420",2026-09-02 14:20:00,"T1","32C",2,"plate_2_high","D12","Sample",3,"72hpf",NA,0,3499,"has no volume"
"1105",20260320,"Resaz_plate2_high_T1_260320_1420",2026-09-02 14:20:00,"T1","32C",2,"plate_2_high","E1","Sample",54,"72hpf",NA,134,1095,""
"1106",20260320,"Resaz_plate2_high_T1_260320_1420",2026-09-02 14:20:00,"T1","32C",2,"plate_2_high","E2","Sample",55,"72hpf",NA,45,1034,""
"1107",20260320,"Resaz_plate2_high_T1_260320_1420",2026-09-02 14:20:00,"T1","32C",2,"plate_2_high","E3","Sample",56,"72hpf",NA,128,1164,""
"1108",20260320,"Resaz_plate2_high_T1_260320_1420",2026-09-02 14:20:00,"T1","32C",2,"plate_2_high","E4","Sample",57,"72hpf",NA,0,3495,"has no volume"
"1109",20260320,"Resaz_plate2_high_T1_260320_1420",2026-09-02 14:20:00,"T1","32C",2,"plate_2_high","E5","Sample",53,"72hpf",NA,88,1129,""
"1110",20260320,"Resaz_plate2_high_T1_260320_1420",2026-09-02 14:20:00,"T1","32C",2,"plate_2_high","E6","Sample",52,"72hpf",NA,73,1102,""
"1111",20260320,"Resaz_plate2_high_T1_260320_1420",2026-09-02 14:20:00,"T1","32C",2,"plate_2_high","E7","Sample",1,"72hpf",NA,168,1144,""
"1112",20260320,"Resaz_plate2_high_T1_260320_1420",2026-09-02 14:20:00,"T1","32C",2,"plate_2_high","E8","Sample",4,"72hpf",NA,49,1076,""
"1113",20260320,"Resaz_plate2_high_T1_260320_1420",2026-09-02 14:20:00,"T1","32C",2,"plate_2_high","E9","Sample",6,"72hpf",NA,0,3546,"has no volume"
"1114",20260320,"Resaz_plate2_high_T1_260320_1420",2026-09-02 14:20:00,"T1","32C",2,"plate_2_high","E10","Sample",5,"72hpf",NA,106,1211,""
"1115",20260320,"Resaz_plate2_high_T1_260320_1420",2026-09-02 14:20:00,"T1","32C",2,"plate_2_high","E11","Sample",8,"72hpf",NA,72,1156,""
"1116",20260320,"Resaz_plate2_high_T1_260320_1420",2026-09-02 14:20:00,"T1","32C",2,"plate_2_high","E12","Sample",3,"72hpf",NA,0,3505,"has no volume"
"1117",20260320,"Resaz_plate2_high_T1_260320_1420",2026-09-02 14:20:00,"T1","32C",2,"plate_2_high","F1","Sample",54,"72hpf",NA,27,1113,""
"1118",20260320,"Resaz_plate2_high_T1_260320_1420",2026-09-02 14:20:00,"T1","32C",2,"plate_2_high","F2","Sample",55,"72hpf",NA,19,1218,""
"1119",20260320,"Resaz_plate2_high_T1_260320_1420",2026-09-02 14:20:00,"T1","32C",2,"plate_2_high","F3","Sample",56,"72hpf",NA,62,983,""
"1120",20260320,"Resaz_plate2_high_T1_260320_1420",2026-09-02 14:20:00,"T1","32C",2,"plate_2_high","F4","Sample",57,"72hpf",NA,67,1019,""
"1121",20260320,"Resaz_plate2_high_T1_260320_1420",2026-09-02 14:20:00,"T1","32C",2,"plate_2_high","F5","Sample",53,"72hpf",NA,0,3522,"has no volume"
"1122",20260320,"Resaz_plate2_high_T1_260320_1420",2026-09-02 14:20:00,"T1","32C",2,"plate_2_high","F6","Sample",52,"72hpf",NA,65,1024,""
"1123",20260320,"Resaz_plate2_high_T1_260320_1420",2026-09-02 14:20:00,"T1","32C",2,"plate_2_high","F7","Sample",1,"72hpf",NA,130,997,""
"1124",20260320,"Resaz_plate2_high_T1_260320_1420",2026-09-02 14:20:00,"T1","32C",2,"plate_2_high","F8","Sample",4,"72hpf",NA,41,974,""
"1125",20260320,"Resaz_plate2_high_T1_260320_1420",2026-09-02 14:20:00,"T1","32C",2,"plate_2_high","F9","Sample",6,"72hpf",NA,0,3546,"has no volume"
"1126",20260320,"Resaz_plate2_high_T1_260320_1420",2026-09-02 14:20:00,"T1","32C",2,"plate_2_high","F10","Sample",5,"72hpf",NA,109,1144,""
"1127",20260320,"Resaz_plate2_high_T1_260320_1420",2026-09-02 14:20:00,"T1","32C",2,"plate_2_high","F11","Sample",8,"72hpf",NA,51,1133,""
"1128",20260320,"Resaz_plate2_high_T1_260320_1420",2026-09-02 14:20:00,"T1","32C",2,"plate_2_high","F12","Sample",3,"72hpf",NA,0,3539,"has no volume"
"1129",20260320,"Resaz_plate2_high_T1_260320_1420",2026-09-02 14:20:00,"T1","32C",2,"plate_2_high","G1","Sample",54,"72hpf",NA,17,897,""
"1130",20260320,"Resaz_plate2_high_T1_260320_1420",2026-09-02 14:20:00,"T1","32C",2,"plate_2_high","G2","Sample",55,"72hpf",NA,4,928,""
"1131",20260320,"Resaz_plate2_high_T1_260320_1420",2026-09-02 14:20:00,"T1","32C",2,"plate_2_high","G3","Sample",56,"72hpf",NA,9,948,""
"1132",20260320,"Resaz_plate2_high_T1_260320_1420",2026-09-02 14:20:00,"T1","32C",2,"plate_2_high","G4","Sample",57,"72hpf",NA,0,3463,"has no volume"
"1133",20260320,"Resaz_plate2_high_T1_260320_1420",2026-09-02 14:20:00,"T1","32C",2,"plate_2_high","G5","Sample",53,"72hpf",NA,0,3521,"has no volume"
"1134",20260320,"Resaz_plate2_high_T1_260320_1420",2026-09-02 14:20:00,"T1","32C",2,"plate_2_high","G6","Sample",52,"72hpf",NA,85,954,""
"1135",20260320,"Resaz_plate2_high_T1_260320_1420",2026-09-02 14:20:00,"T1","32C",2,"plate_2_high","G7","Sample",1,"72hpf",NA,127,976,""
"1136",20260320,"Resaz_plate2_high_T1_260320_1420",2026-09-02 14:20:00,"T1","32C",2,"plate_2_high","G8","Sample",4,"72hpf",NA,52,942,""
"1137",20260320,"Resaz_plate2_high_T1_260320_1420",2026-09-02 14:20:00,"T1","32C",2,"plate_2_high","G9","Sample",6,"72hpf",NA,57,1072,""
"1138",20260320,"Resaz_plate2_high_T1_260320_1420",2026-09-02 14:20:00,"T1","32C",2,"plate_2_high","G10","Sample",5,"72hpf",NA,0,3520,"has no volume "
"1139",20260320,"Resaz_plate2_high_T1_260320_1420",2026-09-02 14:20:00,"T1","32C",2,"plate_2_high","G11","Sample",8,"72hpf",NA,0,3563,"has no volume "
"1140",20260320,"Resaz_plate2_high_T1_260320_1420",2026-09-02 14:20:00,"T1","32C",2,"plate_2_high","G12","Sample",3,"72hpf",NA,54,1207,""
"1141",20260320,"Resaz_plate2_high_T1_260320_1420",2026-09-02 14:20:00,"T1","32C",2,"plate_2_high","H1","Blank",NA,"72hpf",NA,NA,859,""
"1142",20260320,"Resaz_plate2_high_T1_260320_1420",2026-09-02 14:20:00,"T1","32C",2,"plate_2_high","H2","Blank",NA,"72hpf",NA,NA,932,""
"1143",20260320,"Resaz_plate2_high_T1_260320_1420",2026-09-02 14:20:00,"T1","32C",2,"plate_2_high","H3","Blank",NA,"72hpf",NA,NA,948,""
"1144",20260320,"Resaz_plate2_high_T1_260320_1420",2026-09-02 14:20:00,"T1","32C",2,"plate_2_high","H4","Blank",NA,"72hpf",NA,NA,952,""
"1145",20260320,"Resaz_plate2_high_T1_260320_1420",2026-09-02 14:20:00,"T1","32C",2,"plate_2_high","H5","Blank",NA,"72hpf",NA,NA,970,""
"1146",20260320,"Resaz_plate2_high_T1_260320_1420",2026-09-02 14:20:00,"T1","32C",2,"plate_2_high","H6","Blank",NA,"72hpf",NA,NA,942,""
"1147",20260320,"Resaz_plate2_high_T1_260320_1420",2026-09-02 14:20:00,"T1","32C",2,"plate_2_high","H7","Blank",NA,"72hpf",NA,NA,890,""
"1148",20260320,"Resaz_plate2_high_T1_260320_1420",2026-09-02 14:20:00,"T1","32C",2,"plate_2_high","H8","Blank",NA,"72hpf",NA,NA,960,""
"1149",20260320,"Resaz_plate2_high_T1_260320_1420",2026-09-02 14:20:00,"T1","32C",2,"plate_2_high","H9","Blank",NA,"72hpf",NA,NA,1027,""
"1150",20260320,"Resaz_plate2_high_T1_260320_1420",2026-09-02 14:20:00,"T1","32C",2,"plate_2_high","H10","Blank",NA,"72hpf",NA,NA,969,""
"1151",20260320,"Resaz_plate2_high_T1_260320_1420",2026-09-02 14:20:00,"T1","32C",2,"plate_2_high","H11","Blank",NA,"72hpf",NA,NA,1005,""
"1152",20260320,"Resaz_plate2_high_T1_260320_1420",2026-09-02 14:20:00,"T1","32C",2,"plate_2_high","H12","Blank",NA,"72hpf",NA,NA,1176,""
"1153",20260320,"Resaz_plate2_high_T2_260320_1532",2026-09-02 15:32:00,"T2","32C",2,"plate_2_high","A1","Sample",54,"72hpf",NA,35,1203,""
"1154",20260320,"Resaz_plate2_high_T2_260320_1532",2026-09-02 15:32:00,"T2","32C",2,"plate_2_high","A2","Sample",55,"72hpf",NA,26,996,""
"1155",20260320,"Resaz_plate2_high_T2_260320_1532",2026-09-02 15:32:00,"T2","32C",2,"plate_2_high","A3","Sample",56,"72hpf",NA,53,1096,""
"1156",20260320,"Resaz_plate2_high_T2_260320_1532",2026-09-02 15:32:00,"T2","32C",2,"plate_2_high","A4","Sample",57,"72hpf",NA,35,1059,""
"1157",20260320,"Resaz_plate2_high_T2_260320_1532",2026-09-02 15:32:00,"T2","32C",2,"plate_2_high","A5","Sample",53,"72hpf",NA,43,1321,""
"1158",20260320,"Resaz_plate2_high_T2_260320_1532",2026-09-02 15:32:00,"T2","32C",2,"plate_2_high","A6","Sample",52,"72hpf",NA,48,1344,""
"1159",20260320,"Resaz_plate2_high_T2_260320_1532",2026-09-02 15:32:00,"T2","32C",2,"plate_2_high","A7","Sample",1,"72hpf",NA,126,1445,""
"1160",20260320,"Resaz_plate2_high_T2_260320_1532",2026-09-02 15:32:00,"T2","32C",2,"plate_2_high","A8","Sample",4,"72hpf",NA,30,1143,""
"1161",20260320,"Resaz_plate2_high_T2_260320_1532",2026-09-02 15:32:00,"T2","32C",2,"plate_2_high","A9","Sample",6,"72hpf",NA,40,1100,""
"1162",20260320,"Resaz_plate2_high_T2_260320_1532",2026-09-02 15:32:00,"T2","32C",2,"plate_2_high","A10","Sample",5,"72hpf",NA,69,1432,""
"1163",20260320,"Resaz_plate2_high_T2_260320_1532",2026-09-02 15:32:00,"T2","32C",2,"plate_2_high","A11","Sample",8,"72hpf",NA,44,1374,""
"1164",20260320,"Resaz_plate2_high_T2_260320_1532",2026-09-02 15:32:00,"T2","32C",2,"plate_2_high","A12","Sample",3,"72hpf",NA,32,1504,""
"1165",20260320,"Resaz_plate2_high_T2_260320_1532",2026-09-02 15:32:00,"T2","32C",2,"plate_2_high","B1","Sample",54,"72hpf",NA,36,1020,""
"1166",20260320,"Resaz_plate2_high_T2_260320_1532",2026-09-02 15:32:00,"T2","32C",2,"plate_2_high","B2","Sample",55,"72hpf",NA,41,1013,""
"1167",20260320,"Resaz_plate2_high_T2_260320_1532",2026-09-02 15:32:00,"T2","32C",2,"plate_2_high","B3","Sample",56,"72hpf",NA,53,1113,""
"1168",20260320,"Resaz_plate2_high_T2_260320_1532",2026-09-02 15:32:00,"T2","32C",2,"plate_2_high","B4","Sample",57,"72hpf",NA,13,1054,""
"1169",20260320,"Resaz_plate2_high_T2_260320_1532",2026-09-02 15:32:00,"T2","32C",2,"plate_2_high","B5","Sample",53,"72hpf",NA,37,1344,""
"1170",20260320,"Resaz_plate2_high_T2_260320_1532",2026-09-02 15:32:00,"T2","32C",2,"plate_2_high","B6","Sample",52,"72hpf",NA,48,1113,""
"1171",20260320,"Resaz_plate2_high_T2_260320_1532",2026-09-02 15:32:00,"T2","32C",2,"plate_2_high","B7","Sample",1,"72hpf",NA,98,1289,""
"1172",20260320,"Resaz_plate2_high_T2_260320_1532",2026-09-02 15:32:00,"T2","32C",2,"plate_2_high","B8","Sample",4,"72hpf",NA,27,1057,""
"1173",20260320,"Resaz_plate2_high_T2_260320_1532",2026-09-02 15:32:00,"T2","32C",2,"plate_2_high","B9","Sample",6,"72hpf",NA,32,1205,""
"1174",20260320,"Resaz_plate2_high_T2_260320_1532",2026-09-02 15:32:00,"T2","32C",2,"plate_2_high","B10","Sample",5,"72hpf",NA,112,1266,""
"1175",20260320,"Resaz_plate2_high_T2_260320_1532",2026-09-02 15:32:00,"T2","32C",2,"plate_2_high","B11","Sample",8,"72hpf",NA,76,1248,""
"1176",20260320,"Resaz_plate2_high_T2_260320_1532",2026-09-02 15:32:00,"T2","32C",2,"plate_2_high","B12","Sample",3,"72hpf",NA,54,1363,""
"1177",20260320,"Resaz_plate2_high_T2_260320_1532",2026-09-02 15:32:00,"T2","32C",2,"plate_2_high","C1","Sample",54,"72hpf",NA,52,1049,""
"1178",20260320,"Resaz_plate2_high_T2_260320_1532",2026-09-02 15:32:00,"T2","32C",2,"plate_2_high","C2","Sample",55,"72hpf",NA,38,1028,""
"1179",20260320,"Resaz_plate2_high_T2_260320_1532",2026-09-02 15:32:00,"T2","32C",2,"plate_2_high","C3","Sample",56,"72hpf",NA,119,1273,""
"1180",20260320,"Resaz_plate2_high_T2_260320_1532",2026-09-02 15:32:00,"T2","32C",2,"plate_2_high","C4","Sample",57,"72hpf",NA,34,1015,""
"1181",20260320,"Resaz_plate2_high_T2_260320_1532",2026-09-02 15:32:00,"T2","32C",2,"plate_2_high","C5","Sample",53,"72hpf",NA,39,1108,""
"1182",20260320,"Resaz_plate2_high_T2_260320_1532",2026-09-02 15:32:00,"T2","32C",2,"plate_2_high","C6","Sample",52,"72hpf",NA,48,1101,""
"1183",20260320,"Resaz_plate2_high_T2_260320_1532",2026-09-02 15:32:00,"T2","32C",2,"plate_2_high","C7","Sample",1,"72hpf",NA,165,1269,""
"1184",20260320,"Resaz_plate2_high_T2_260320_1532",2026-09-02 15:32:00,"T2","32C",2,"plate_2_high","C8","Sample",4,"72hpf",NA,36,1064,""
"1185",20260320,"Resaz_plate2_high_T2_260320_1532",2026-09-02 15:32:00,"T2","32C",2,"plate_2_high","C9","Sample",6,"72hpf",NA,60,1180,""
"1186",20260320,"Resaz_plate2_high_T2_260320_1532",2026-09-02 15:32:00,"T2","32C",2,"plate_2_high","C10","Sample",5,"72hpf",NA,121,1327,""
"1187",20260320,"Resaz_plate2_high_T2_260320_1532",2026-09-02 15:32:00,"T2","32C",2,"plate_2_high","C11","Sample",8,"72hpf",NA,90,1367,""
"1188",20260320,"Resaz_plate2_high_T2_260320_1532",2026-09-02 15:32:00,"T2","32C",2,"plate_2_high","C12","Sample",3,"72hpf",NA,59,1774,""
"1189",20260320,"Resaz_plate2_high_T2_260320_1532",2026-09-02 15:32:00,"T2","32C",2,"plate_2_high","D1","Sample",54,"72hpf",NA,77,1170,""
"1190",20260320,"Resaz_plate2_high_T2_260320_1532",2026-09-02 15:32:00,"T2","32C",2,"plate_2_high","D2","Sample",55,"72hpf",NA,26,1088,""
"1191",20260320,"Resaz_plate2_high_T2_260320_1532",2026-09-02 15:32:00,"T2","32C",2,"plate_2_high","D3","Sample",56,"72hpf",NA,87,1135,""
"1192",20260320,"Resaz_plate2_high_T2_260320_1532",2026-09-02 15:32:00,"T2","32C",2,"plate_2_high","D4","Sample",57,"72hpf",NA,54,1134,""
"1193",20260320,"Resaz_plate2_high_T2_260320_1532",2026-09-02 15:32:00,"T2","32C",2,"plate_2_high","D5","Sample",53,"72hpf",NA,57,1172,""
"1194",20260320,"Resaz_plate2_high_T2_260320_1532",2026-09-02 15:32:00,"T2","32C",2,"plate_2_high","D6","Sample",52,"72hpf",NA,68,1510,""
"1195",20260320,"Resaz_plate2_high_T2_260320_1532",2026-09-02 15:32:00,"T2","32C",2,"plate_2_high","D7","Sample",1,"72hpf",NA,156,1914,""
"1196",20260320,"Resaz_plate2_high_T2_260320_1532",2026-09-02 15:32:00,"T2","32C",2,"plate_2_high","D8","Sample",4,"72hpf",NA,28,1411,""
"1197",20260320,"Resaz_plate2_high_T2_260320_1532",2026-09-02 15:32:00,"T2","32C",2,"plate_2_high","D9","Sample",6,"72hpf",NA,73,1267,""
"1198",20260320,"Resaz_plate2_high_T2_260320_1532",2026-09-02 15:32:00,"T2","32C",2,"plate_2_high","D10","Sample",5,"72hpf",NA,90,1332,""
"1199",20260320,"Resaz_plate2_high_T2_260320_1532",2026-09-02 15:32:00,"T2","32C",2,"plate_2_high","D11","Sample",8,"72hpf",NA,62,1391,""
"1200",20260320,"Resaz_plate2_high_T2_260320_1532",2026-09-02 15:32:00,"T2","32C",2,"plate_2_high","D12","Sample",3,"72hpf",NA,0,3454,"has no volume"
"1201",20260320,"Resaz_plate2_high_T2_260320_1532",2026-09-02 15:32:00,"T2","32C",2,"plate_2_high","E1","Sample",54,"72hpf",NA,134,1246,""
"1202",20260320,"Resaz_plate2_high_T2_260320_1532",2026-09-02 15:32:00,"T2","32C",2,"plate_2_high","E2","Sample",55,"72hpf",NA,45,1099,""
"1203",20260320,"Resaz_plate2_high_T2_260320_1532",2026-09-02 15:32:00,"T2","32C",2,"plate_2_high","E3","Sample",56,"72hpf",NA,128,1332,""
"1204",20260320,"Resaz_plate2_high_T2_260320_1532",2026-09-02 15:32:00,"T2","32C",2,"plate_2_high","E4","Sample",57,"72hpf",NA,0,3553,"has no volume"
"1205",20260320,"Resaz_plate2_high_T2_260320_1532",2026-09-02 15:32:00,"T2","32C",2,"plate_2_high","E5","Sample",53,"72hpf",NA,88,1253,""
"1206",20260320,"Resaz_plate2_high_T2_260320_1532",2026-09-02 15:32:00,"T2","32C",2,"plate_2_high","E6","Sample",52,"72hpf",NA,73,1200,""
"1207",20260320,"Resaz_plate2_high_T2_260320_1532",2026-09-02 15:32:00,"T2","32C",2,"plate_2_high","E7","Sample",1,"72hpf",NA,168,1332,""
"1208",20260320,"Resaz_plate2_high_T2_260320_1532",2026-09-02 15:32:00,"T2","32C",2,"plate_2_high","E8","Sample",4,"72hpf",NA,49,1165,""
"1209",20260320,"Resaz_plate2_high_T2_260320_1532",2026-09-02 15:32:00,"T2","32C",2,"plate_2_high","E9","Sample",6,"72hpf",NA,0,3606,"has no volume"
"1210",20260320,"Resaz_plate2_high_T2_260320_1532",2026-09-02 15:32:00,"T2","32C",2,"plate_2_high","E10","Sample",5,"72hpf",NA,106,1417,""
"1211",20260320,"Resaz_plate2_high_T2_260320_1532",2026-09-02 15:32:00,"T2","32C",2,"plate_2_high","E11","Sample",8,"72hpf",NA,72,1415,""
"1212",20260320,"Resaz_plate2_high_T2_260320_1532",2026-09-02 15:32:00,"T2","32C",2,"plate_2_high","E12","Sample",3,"72hpf",NA,0,3439,"has no volume"
"1213",20260320,"Resaz_plate2_high_T2_260320_1532",2026-09-02 15:32:00,"T2","32C",2,"plate_2_high","F1","Sample",54,"72hpf",NA,27,1170,""
"1214",20260320,"Resaz_plate2_high_T2_260320_1532",2026-09-02 15:32:00,"T2","32C",2,"plate_2_high","F2","Sample",55,"72hpf",NA,19,1268,""
"1215",20260320,"Resaz_plate2_high_T2_260320_1532",2026-09-02 15:32:00,"T2","32C",2,"plate_2_high","F3","Sample",56,"72hpf",NA,62,1051,""
"1216",20260320,"Resaz_plate2_high_T2_260320_1532",2026-09-02 15:32:00,"T2","32C",2,"plate_2_high","F4","Sample",57,"72hpf",NA,67,1082,""
"1217",20260320,"Resaz_plate2_high_T2_260320_1532",2026-09-02 15:32:00,"T2","32C",2,"plate_2_high","F5","Sample",53,"72hpf",NA,0,3584,"has no volume"
"1218",20260320,"Resaz_plate2_high_T2_260320_1532",2026-09-02 15:32:00,"T2","32C",2,"plate_2_high","F6","Sample",52,"72hpf",NA,65,1115,""
"1219",20260320,"Resaz_plate2_high_T2_260320_1532",2026-09-02 15:32:00,"T2","32C",2,"plate_2_high","F7","Sample",1,"72hpf",NA,130,1142,""
"1220",20260320,"Resaz_plate2_high_T2_260320_1532",2026-09-02 15:32:00,"T2","32C",2,"plate_2_high","F8","Sample",4,"72hpf",NA,41,1067,""
"1221",20260320,"Resaz_plate2_high_T2_260320_1532",2026-09-02 15:32:00,"T2","32C",2,"plate_2_high","F9","Sample",6,"72hpf",NA,0,3599,"has no volume"
"1222",20260320,"Resaz_plate2_high_T2_260320_1532",2026-09-02 15:32:00,"T2","32C",2,"plate_2_high","F10","Sample",5,"72hpf",NA,109,1343,""
"1223",20260320,"Resaz_plate2_high_T2_260320_1532",2026-09-02 15:32:00,"T2","32C",2,"plate_2_high","F11","Sample",8,"72hpf",NA,51,1354,""
"1224",20260320,"Resaz_plate2_high_T2_260320_1532",2026-09-02 15:32:00,"T2","32C",2,"plate_2_high","F12","Sample",3,"72hpf",NA,0,3468,"has no volume"
"1225",20260320,"Resaz_plate2_high_T2_260320_1532",2026-09-02 15:32:00,"T2","32C",2,"plate_2_high","G1","Sample",54,"72hpf",NA,17,939,""
"1226",20260320,"Resaz_plate2_high_T2_260320_1532",2026-09-02 15:32:00,"T2","32C",2,"plate_2_high","G2","Sample",55,"72hpf",NA,4,953,""
"1227",20260320,"Resaz_plate2_high_T2_260320_1532",2026-09-02 15:32:00,"T2","32C",2,"plate_2_high","G3","Sample",56,"72hpf",NA,9,976,""
"1228",20260320,"Resaz_plate2_high_T2_260320_1532",2026-09-02 15:32:00,"T2","32C",2,"plate_2_high","G4","Sample",57,"72hpf",NA,0,3531,"has no volume"
"1229",20260320,"Resaz_plate2_high_T2_260320_1532",2026-09-02 15:32:00,"T2","32C",2,"plate_2_high","G5","Sample",53,"72hpf",NA,0,3579,"has no volume"
"1230",20260320,"Resaz_plate2_high_T2_260320_1532",2026-09-02 15:32:00,"T2","32C",2,"plate_2_high","G6","Sample",52,"72hpf",NA,85,1048,""
"1231",20260320,"Resaz_plate2_high_T2_260320_1532",2026-09-02 15:32:00,"T2","32C",2,"plate_2_high","G7","Sample",1,"72hpf",NA,127,1104,""
"1232",20260320,"Resaz_plate2_high_T2_260320_1532",2026-09-02 15:32:00,"T2","32C",2,"plate_2_high","G8","Sample",4,"72hpf",NA,52,1032,""
"1233",20260320,"Resaz_plate2_high_T2_260320_1532",2026-09-02 15:32:00,"T2","32C",2,"plate_2_high","G9","Sample",6,"72hpf",NA,57,1185,""
"1234",20260320,"Resaz_plate2_high_T2_260320_1532",2026-09-02 15:32:00,"T2","32C",2,"plate_2_high","G10","Sample",5,"72hpf",NA,0,3572,"has no volume "
"1235",20260320,"Resaz_plate2_high_T2_260320_1532",2026-09-02 15:32:00,"T2","32C",2,"plate_2_high","G11","Sample",8,"72hpf",NA,0,3608,"has no volume "
"1236",20260320,"Resaz_plate2_high_T2_260320_1532",2026-09-02 15:32:00,"T2","32C",2,"plate_2_high","G12","Sample",3,"72hpf",NA,54,1503,""
"1237",20260320,"Resaz_plate2_high_T2_260320_1532",2026-09-02 15:32:00,"T2","32C",2,"plate_2_high","H1","Blank",NA,"72hpf",NA,NA,891,""
"1238",20260320,"Resaz_plate2_high_T2_260320_1532",2026-09-02 15:32:00,"T2","32C",2,"plate_2_high","H2","Blank",NA,"72hpf",NA,NA,969,""
"1239",20260320,"Resaz_plate2_high_T2_260320_1532",2026-09-02 15:32:00,"T2","32C",2,"plate_2_high","H3","Blank",NA,"72hpf",NA,NA,992,""
"1240",20260320,"Resaz_plate2_high_T2_260320_1532",2026-09-02 15:32:00,"T2","32C",2,"plate_2_high","H4","Blank",NA,"72hpf",NA,NA,1001,""
"1241",20260320,"Resaz_plate2_high_T2_260320_1532",2026-09-02 15:32:00,"T2","32C",2,"plate_2_high","H5","Blank",NA,"72hpf",NA,NA,1026,""
"1242",20260320,"Resaz_plate2_high_T2_260320_1532",2026-09-02 15:32:00,"T2","32C",2,"plate_2_high","H6","Blank",NA,"72hpf",NA,NA,1002,""
"1243",20260320,"Resaz_plate2_high_T2_260320_1532",2026-09-02 15:32:00,"T2","32C",2,"plate_2_high","H7","Blank",NA,"72hpf",NA,NA,947,""
"1244",20260320,"Resaz_plate2_high_T2_260320_1532",2026-09-02 15:32:00,"T2","32C",2,"plate_2_high","H8","Blank",NA,"72hpf",NA,NA,1026,""
"1245",20260320,"Resaz_plate2_high_T2_260320_1532",2026-09-02 15:32:00,"T2","32C",2,"plate_2_high","H9","Blank",NA,"72hpf",NA,NA,1105,""
"1246",20260320,"Resaz_plate2_high_T2_260320_1532",2026-09-02 15:32:00,"T2","32C",2,"plate_2_high","H10","Blank",NA,"72hpf",NA,NA,1062,""
"1247",20260320,"Resaz_plate2_high_T2_260320_1532",2026-09-02 15:32:00,"T2","32C",2,"plate_2_high","H11","Blank",NA,"72hpf",NA,NA,1138,""
"1248",20260320,"Resaz_plate2_high_T2_260320_1532",2026-09-02 15:32:00,"T2","32C",2,"plate_2_high","H12","Blank",NA,"72hpf",NA,NA,1398,""
"1249",20260320,"Resaz_plate2_high_T3_260320_1637",2026-09-02 16:37:00,"T3","32C",2,"plate_2_high","A1","Sample",54,"72hpf",NA,35,1244,""
"1250",20260320,"Resaz_plate2_high_T3_260320_1637",2026-09-02 16:37:00,"T3","32C",2,"plate_2_high","A2","Sample",55,"72hpf",NA,26,1019,""
"1251",20260320,"Resaz_plate2_high_T3_260320_1637",2026-09-02 16:37:00,"T3","32C",2,"plate_2_high","A3","Sample",56,"72hpf",NA,53,1139,""
"1252",20260320,"Resaz_plate2_high_T3_260320_1637",2026-09-02 16:37:00,"T3","32C",2,"plate_2_high","A4","Sample",57,"72hpf",NA,35,1089,""
"1253",20260320,"Resaz_plate2_high_T3_260320_1637",2026-09-02 16:37:00,"T3","32C",2,"plate_2_high","A5","Sample",53,"72hpf",NA,43,1364,""
"1254",20260320,"Resaz_plate2_high_T3_260320_1637",2026-09-02 16:37:00,"T3","32C",2,"plate_2_high","A6","Sample",52,"72hpf",NA,48,1390,""
"1255",20260320,"Resaz_plate2_high_T3_260320_1637",2026-09-02 16:37:00,"T3","32C",2,"plate_2_high","A7","Sample",1,"72hpf",NA,126,1565,""
"1256",20260320,"Resaz_plate2_high_T3_260320_1637",2026-09-02 16:37:00,"T3","32C",2,"plate_2_high","A8","Sample",4,"72hpf",NA,30,1171,""
"1257",20260320,"Resaz_plate2_high_T3_260320_1637",2026-09-02 16:37:00,"T3","32C",2,"plate_2_high","A9","Sample",6,"72hpf",NA,40,1135,""
"1258",20260320,"Resaz_plate2_high_T3_260320_1637",2026-09-02 16:37:00,"T3","32C",2,"plate_2_high","A10","Sample",5,"72hpf",NA,69,1487,""
"1259",20260320,"Resaz_plate2_high_T3_260320_1637",2026-09-02 16:37:00,"T3","32C",2,"plate_2_high","A11","Sample",8,"72hpf",NA,44,1435,""
"1260",20260320,"Resaz_plate2_high_T3_260320_1637",2026-09-02 16:37:00,"T3","32C",2,"plate_2_high","A12","Sample",3,"72hpf",NA,32,1567,""
"1261",20260320,"Resaz_plate2_high_T3_260320_1637",2026-09-02 16:37:00,"T3","32C",2,"plate_2_high","B1","Sample",54,"72hpf",NA,36,1046,""
"1262",20260320,"Resaz_plate2_high_T3_260320_1637",2026-09-02 16:37:00,"T3","32C",2,"plate_2_high","B2","Sample",55,"72hpf",NA,41,1043,""
"1263",20260320,"Resaz_plate2_high_T3_260320_1637",2026-09-02 16:37:00,"T3","32C",2,"plate_2_high","B3","Sample",56,"72hpf",NA,53,1162,""
"1264",20260320,"Resaz_plate2_high_T3_260320_1637",2026-09-02 16:37:00,"T3","32C",2,"plate_2_high","B4","Sample",57,"72hpf",NA,13,1062,""
"1265",20260320,"Resaz_plate2_high_T3_260320_1637",2026-09-02 16:37:00,"T3","32C",2,"plate_2_high","B5","Sample",53,"72hpf",NA,37,1377,""
"1266",20260320,"Resaz_plate2_high_T3_260320_1637",2026-09-02 16:37:00,"T3","32C",2,"plate_2_high","B6","Sample",52,"72hpf",NA,48,1143,""
"1267",20260320,"Resaz_plate2_high_T3_260320_1637",2026-09-02 16:37:00,"T3","32C",2,"plate_2_high","B7","Sample",1,"72hpf",NA,98,1363,""
"1268",20260320,"Resaz_plate2_high_T3_260320_1637",2026-09-02 16:37:00,"T3","32C",2,"plate_2_high","B8","Sample",4,"72hpf",NA,27,1088,""
"1269",20260320,"Resaz_plate2_high_T3_260320_1637",2026-09-02 16:37:00,"T3","32C",2,"plate_2_high","B9","Sample",6,"72hpf",NA,32,1233,""
"1270",20260320,"Resaz_plate2_high_T3_260320_1637",2026-09-02 16:37:00,"T3","32C",2,"plate_2_high","B10","Sample",5,"72hpf",NA,112,1354,""
"1271",20260320,"Resaz_plate2_high_T3_260320_1637",2026-09-02 16:37:00,"T3","32C",2,"plate_2_high","B11","Sample",8,"72hpf",NA,76,1331,""
"1272",20260320,"Resaz_plate2_high_T3_260320_1637",2026-09-02 16:37:00,"T3","32C",2,"plate_2_high","B12","Sample",3,"72hpf",NA,54,1461,""
"1273",20260320,"Resaz_plate2_high_T3_260320_1637",2026-09-02 16:37:00,"T3","32C",2,"plate_2_high","C1","Sample",54,"72hpf",NA,52,1082,""
"1274",20260320,"Resaz_plate2_high_T3_260320_1637",2026-09-02 16:37:00,"T3","32C",2,"plate_2_high","C2","Sample",55,"72hpf",NA,38,1048,""
"1275",20260320,"Resaz_plate2_high_T3_260320_1637",2026-09-02 16:37:00,"T3","32C",2,"plate_2_high","C3","Sample",56,"72hpf",NA,119,1361,""
"1276",20260320,"Resaz_plate2_high_T3_260320_1637",2026-09-02 16:37:00,"T3","32C",2,"plate_2_high","C4","Sample",57,"72hpf",NA,34,1039,""
"1277",20260320,"Resaz_plate2_high_T3_260320_1637",2026-09-02 16:37:00,"T3","32C",2,"plate_2_high","C5","Sample",53,"72hpf",NA,39,1151,""
"1278",20260320,"Resaz_plate2_high_T3_260320_1637",2026-09-02 16:37:00,"T3","32C",2,"plate_2_high","C6","Sample",52,"72hpf",NA,48,1134,""
"1279",20260320,"Resaz_plate2_high_T3_260320_1637",2026-09-02 16:37:00,"T3","32C",2,"plate_2_high","C7","Sample",1,"72hpf",NA,165,1393,""
"1280",20260320,"Resaz_plate2_high_T3_260320_1637",2026-09-02 16:37:00,"T3","32C",2,"plate_2_high","C8","Sample",4,"72hpf",NA,36,1094,""
"1281",20260320,"Resaz_plate2_high_T3_260320_1637",2026-09-02 16:37:00,"T3","32C",2,"plate_2_high","C9","Sample",6,"72hpf",NA,60,1221,""
"1282",20260320,"Resaz_plate2_high_T3_260320_1637",2026-09-02 16:37:00,"T3","32C",2,"plate_2_high","C10","Sample",5,"72hpf",NA,121,1426,""
"1283",20260320,"Resaz_plate2_high_T3_260320_1637",2026-09-02 16:37:00,"T3","32C",2,"plate_2_high","C11","Sample",8,"72hpf",NA,90,1485,""
"1284",20260320,"Resaz_plate2_high_T3_260320_1637",2026-09-02 16:37:00,"T3","32C",2,"plate_2_high","C12","Sample",3,"72hpf",NA,59,1950,""
"1285",20260320,"Resaz_plate2_high_T3_260320_1637",2026-09-02 16:37:00,"T3","32C",2,"plate_2_high","D1","Sample",54,"72hpf",NA,77,1218,""
"1286",20260320,"Resaz_plate2_high_T3_260320_1637",2026-09-02 16:37:00,"T3","32C",2,"plate_2_high","D2","Sample",55,"72hpf",NA,26,1112,""
"1287",20260320,"Resaz_plate2_high_T3_260320_1637",2026-09-02 16:37:00,"T3","32C",2,"plate_2_high","D3","Sample",56,"72hpf",NA,87,1201,""
"1288",20260320,"Resaz_plate2_high_T3_260320_1637",2026-09-02 16:37:00,"T3","32C",2,"plate_2_high","D4","Sample",57,"72hpf",NA,54,1175,""
"1289",20260320,"Resaz_plate2_high_T3_260320_1637",2026-09-02 16:37:00,"T3","32C",2,"plate_2_high","D5","Sample",53,"72hpf",NA,57,1234,""
"1290",20260320,"Resaz_plate2_high_T3_260320_1637",2026-09-02 16:37:00,"T3","32C",2,"plate_2_high","D6","Sample",52,"72hpf",NA,68,1576,""
"1291",20260320,"Resaz_plate2_high_T3_260320_1637",2026-09-02 16:37:00,"T3","32C",2,"plate_2_high","D7","Sample",1,"72hpf",NA,156,2094,""
"1292",20260320,"Resaz_plate2_high_T3_260320_1637",2026-09-02 16:37:00,"T3","32C",2,"plate_2_high","D8","Sample",4,"72hpf",NA,28,1672,""
"1293",20260320,"Resaz_plate2_high_T3_260320_1637",2026-09-02 16:37:00,"T3","32C",2,"plate_2_high","D9","Sample",6,"72hpf",NA,73,1338,""
"1294",20260320,"Resaz_plate2_high_T3_260320_1637",2026-09-02 16:37:00,"T3","32C",2,"plate_2_high","D10","Sample",5,"72hpf",NA,90,1414,""
"1295",20260320,"Resaz_plate2_high_T3_260320_1637",2026-09-02 16:37:00,"T3","32C",2,"plate_2_high","D11","Sample",8,"72hpf",NA,62,1497,""
"1296",20260320,"Resaz_plate2_high_T3_260320_1637",2026-09-02 16:37:00,"T3","32C",2,"plate_2_high","D12","Sample",3,"72hpf",NA,0,3401,"has no volume"
"1297",20260320,"Resaz_plate2_high_T3_260320_1637",2026-09-02 16:37:00,"T3","32C",2,"plate_2_high","E1","Sample",54,"72hpf",NA,134,1333,""
"1298",20260320,"Resaz_plate2_high_T3_260320_1637",2026-09-02 16:37:00,"T3","32C",2,"plate_2_high","E2","Sample",55,"72hpf",NA,45,1129,""
"1299",20260320,"Resaz_plate2_high_T3_260320_1637",2026-09-02 16:37:00,"T3","32C",2,"plate_2_high","E3","Sample",56,"72hpf",NA,128,1437,""
"1300",20260320,"Resaz_plate2_high_T3_260320_1637",2026-09-02 16:37:00,"T3","32C",2,"plate_2_high","E4","Sample",57,"72hpf",NA,0,3564,"has no volume"
"1301",20260320,"Resaz_plate2_high_T3_260320_1637",2026-09-02 16:37:00,"T3","32C",2,"plate_2_high","E5","Sample",53,"72hpf",NA,88,1335,""
"1302",20260320,"Resaz_plate2_high_T3_260320_1637",2026-09-02 16:37:00,"T3","32C",2,"plate_2_high","E6","Sample",52,"72hpf",NA,73,1263,""
"1303",20260320,"Resaz_plate2_high_T3_260320_1637",2026-09-02 16:37:00,"T3","32C",2,"plate_2_high","E7","Sample",1,"72hpf",NA,168,1468,""
"1304",20260320,"Resaz_plate2_high_T3_260320_1637",2026-09-02 16:37:00,"T3","32C",2,"plate_2_high","E8","Sample",4,"72hpf",NA,49,1223,""
"1305",20260320,"Resaz_plate2_high_T3_260320_1637",2026-09-02 16:37:00,"T3","32C",2,"plate_2_high","E9","Sample",6,"72hpf",NA,0,3613,"has no volume"
"1306",20260320,"Resaz_plate2_high_T3_260320_1637",2026-09-02 16:37:00,"T3","32C",2,"plate_2_high","E10","Sample",5,"72hpf",NA,106,1527,""
"1307",20260320,"Resaz_plate2_high_T3_260320_1637",2026-09-02 16:37:00,"T3","32C",2,"plate_2_high","E11","Sample",8,"72hpf",NA,72,1537,""
"1308",20260320,"Resaz_plate2_high_T3_260320_1637",2026-09-02 16:37:00,"T3","32C",2,"plate_2_high","E12","Sample",3,"72hpf",NA,0,3371,"has no volume"
"1309",20260320,"Resaz_plate2_high_T3_260320_1637",2026-09-02 16:37:00,"T3","32C",2,"plate_2_high","F1","Sample",54,"72hpf",NA,27,1188,""
"1310",20260320,"Resaz_plate2_high_T3_260320_1637",2026-09-02 16:37:00,"T3","32C",2,"plate_2_high","F2","Sample",55,"72hpf",NA,19,1290,""
"1311",20260320,"Resaz_plate2_high_T3_260320_1637",2026-09-02 16:37:00,"T3","32C",2,"plate_2_high","F3","Sample",56,"72hpf",NA,62,1103,""
"1312",20260320,"Resaz_plate2_high_T3_260320_1637",2026-09-02 16:37:00,"T3","32C",2,"plate_2_high","F4","Sample",57,"72hpf",NA,67,1140,""
"1313",20260320,"Resaz_plate2_high_T3_260320_1637",2026-09-02 16:37:00,"T3","32C",2,"plate_2_high","F5","Sample",53,"72hpf",NA,0,3597,"has no volume"
"1314",20260320,"Resaz_plate2_high_T3_260320_1637",2026-09-02 16:37:00,"T3","32C",2,"plate_2_high","F6","Sample",52,"72hpf",NA,65,1173,""
"1315",20260320,"Resaz_plate2_high_T3_260320_1637",2026-09-02 16:37:00,"T3","32C",2,"plate_2_high","F7","Sample",1,"72hpf",NA,130,1238,""
"1316",20260320,"Resaz_plate2_high_T3_260320_1637",2026-09-02 16:37:00,"T3","32C",2,"plate_2_high","F8","Sample",4,"72hpf",NA,41,1119,""
"1317",20260320,"Resaz_plate2_high_T3_260320_1637",2026-09-02 16:37:00,"T3","32C",2,"plate_2_high","F9","Sample",6,"72hpf",NA,0,3608,"has no volume"
"1318",20260320,"Resaz_plate2_high_T3_260320_1637",2026-09-02 16:37:00,"T3","32C",2,"plate_2_high","F10","Sample",5,"72hpf",NA,109,1444,""
"1319",20260320,"Resaz_plate2_high_T3_260320_1637",2026-09-02 16:37:00,"T3","32C",2,"plate_2_high","F11","Sample",8,"72hpf",NA,51,1451,""
"1320",20260320,"Resaz_plate2_high_T3_260320_1637",2026-09-02 16:37:00,"T3","32C",2,"plate_2_high","F12","Sample",3,"72hpf",NA,0,3390,"has no volume"
"1321",20260320,"Resaz_plate2_high_T3_260320_1637",2026-09-02 16:37:00,"T3","32C",2,"plate_2_high","G1","Sample",54,"72hpf",NA,17,956,""
"1322",20260320,"Resaz_plate2_high_T3_260320_1637",2026-09-02 16:37:00,"T3","32C",2,"plate_2_high","G2","Sample",55,"72hpf",NA,4,972,""
"1323",20260320,"Resaz_plate2_high_T3_260320_1637",2026-09-02 16:37:00,"T3","32C",2,"plate_2_high","G3","Sample",56,"72hpf",NA,9,1006,""
"1324",20260320,"Resaz_plate2_high_T3_260320_1637",2026-09-02 16:37:00,"T3","32C",2,"plate_2_high","G4","Sample",57,"72hpf",NA,0,3551,"has no volume"
"1325",20260320,"Resaz_plate2_high_T3_260320_1637",2026-09-02 16:37:00,"T3","32C",2,"plate_2_high","G5","Sample",53,"72hpf",NA,0,3595,"has no volume"
"1326",20260320,"Resaz_plate2_high_T3_260320_1637",2026-09-02 16:37:00,"T3","32C",2,"plate_2_high","G6","Sample",52,"72hpf",NA,85,1135,""
"1327",20260320,"Resaz_plate2_high_T3_260320_1637",2026-09-02 16:37:00,"T3","32C",2,"plate_2_high","G7","Sample",1,"72hpf",NA,127,1231,""
"1328",20260320,"Resaz_plate2_high_T3_260320_1637",2026-09-02 16:37:00,"T3","32C",2,"plate_2_high","G8","Sample",4,"72hpf",NA,52,1105,""
"1329",20260320,"Resaz_plate2_high_T3_260320_1637",2026-09-02 16:37:00,"T3","32C",2,"plate_2_high","G9","Sample",6,"72hpf",NA,57,1265,""
"1330",20260320,"Resaz_plate2_high_T3_260320_1637",2026-09-02 16:37:00,"T3","32C",2,"plate_2_high","G10","Sample",5,"72hpf",NA,0,3587,"has no volume "
"1331",20260320,"Resaz_plate2_high_T3_260320_1637",2026-09-02 16:37:00,"T3","32C",2,"plate_2_high","G11","Sample",8,"72hpf",NA,0,3615,"has no volume "
"1332",20260320,"Resaz_plate2_high_T3_260320_1637",2026-09-02 16:37:00,"T3","32C",2,"plate_2_high","G12","Sample",3,"72hpf",NA,54,1693,""
"1333",20260320,"Resaz_plate2_high_T3_260320_1637",2026-09-02 16:37:00,"T3","32C",2,"plate_2_high","H1","Blank",NA,"72hpf",NA,NA,932,""
"1334",20260320,"Resaz_plate2_high_T3_260320_1637",2026-09-02 16:37:00,"T3","32C",2,"plate_2_high","H2","Blank",NA,"72hpf",NA,NA,1019,""
"1335",20260320,"Resaz_plate2_high_T3_260320_1637",2026-09-02 16:37:00,"T3","32C",2,"plate_2_high","H3","Blank",NA,"72hpf",NA,NA,1062,""
"1336",20260320,"Resaz_plate2_high_T3_260320_1637",2026-09-02 16:37:00,"T3","32C",2,"plate_2_high","H4","Blank",NA,"72hpf",NA,NA,1095,""
"1337",20260320,"Resaz_plate2_high_T3_260320_1637",2026-09-02 16:37:00,"T3","32C",2,"plate_2_high","H5","Blank",NA,"72hpf",NA,NA,1144,""
"1338",20260320,"Resaz_plate2_high_T3_260320_1637",2026-09-02 16:37:00,"T3","32C",2,"plate_2_high","H6","Blank",NA,"72hpf",NA,NA,1127,""
"1339",20260320,"Resaz_plate2_high_T3_260320_1637",2026-09-02 16:37:00,"T3","32C",2,"plate_2_high","H7","Blank",NA,"72hpf",NA,NA,1075,""
"1340",20260320,"Resaz_plate2_high_T3_260320_1637",2026-09-02 16:37:00,"T3","32C",2,"plate_2_high","H8","Blank",NA,"72hpf",NA,NA,1158,""
"1341",20260320,"Resaz_plate2_high_T3_260320_1637",2026-09-02 16:37:00,"T3","32C",2,"plate_2_high","H9","Blank",NA,"72hpf",NA,NA,1240,""
"1342",20260320,"Resaz_plate2_high_T3_260320_1637",2026-09-02 16:37:00,"T3","32C",2,"plate_2_high","H10","Blank",NA,"72hpf",NA,NA,1188,""
"1343",20260320,"Resaz_plate2_high_T3_260320_1637",2026-09-02 16:37:00,"T3","32C",2,"plate_2_high","H11","Blank",NA,"72hpf",NA,NA,1268,""
"1344",20260320,"Resaz_plate2_high_T3_260320_1637",2026-09-02 16:37:00,"T3","32C",2,"plate_2_high","H12","Blank",NA,"72hpf",NA,NA,1605,""
"1345",20260320,"Resaz_plate2_high_T4_260320_1743",2026-09-02 17:43:00,"T4","32C",2,"plate_2_high","A1","Sample",54,"72hpf",NA,35,1291,""
"1346",20260320,"Resaz_plate2_high_T4_260320_1743",2026-09-02 17:43:00,"T4","32C",2,"plate_2_high","A2","Sample",55,"72hpf",NA,26,1047,""
"1347",20260320,"Resaz_plate2_high_T4_260320_1743",2026-09-02 17:43:00,"T4","32C",2,"plate_2_high","A3","Sample",56,"72hpf",NA,53,1190,""
"1348",20260320,"Resaz_plate2_high_T4_260320_1743",2026-09-02 17:43:00,"T4","32C",2,"plate_2_high","A4","Sample",57,"72hpf",NA,35,1119,""
"1349",20260320,"Resaz_plate2_high_T4_260320_1743",2026-09-02 17:43:00,"T4","32C",2,"plate_2_high","A5","Sample",53,"72hpf",NA,43,1408,""
"1350",20260320,"Resaz_plate2_high_T4_260320_1743",2026-09-02 17:43:00,"T4","32C",2,"plate_2_high","A6","Sample",52,"72hpf",NA,48,1444,""
"1351",20260320,"Resaz_plate2_high_T4_260320_1743",2026-09-02 17:43:00,"T4","32C",2,"plate_2_high","A7","Sample",1,"72hpf",NA,126,1659,""
"1352",20260320,"Resaz_plate2_high_T4_260320_1743",2026-09-02 17:43:00,"T4","32C",2,"plate_2_high","A8","Sample",4,"72hpf",NA,30,1219,""
"1353",20260320,"Resaz_plate2_high_T4_260320_1743",2026-09-02 17:43:00,"T4","32C",2,"plate_2_high","A9","Sample",6,"72hpf",NA,40,1179,""
"1354",20260320,"Resaz_plate2_high_T4_260320_1743",2026-09-02 17:43:00,"T4","32C",2,"plate_2_high","A10","Sample",5,"72hpf",NA,69,1560,""
"1355",20260320,"Resaz_plate2_high_T4_260320_1743",2026-09-02 17:43:00,"T4","32C",2,"plate_2_high","A11","Sample",8,"72hpf",NA,44,1506,""
"1356",20260320,"Resaz_plate2_high_T4_260320_1743",2026-09-02 17:43:00,"T4","32C",2,"plate_2_high","A12","Sample",3,"72hpf",NA,32,1672,""
"1357",20260320,"Resaz_plate2_high_T4_260320_1743",2026-09-02 17:43:00,"T4","32C",2,"plate_2_high","B1","Sample",54,"72hpf",NA,36,1077,""
"1358",20260320,"Resaz_plate2_high_T4_260320_1743",2026-09-02 17:43:00,"T4","32C",2,"plate_2_high","B2","Sample",55,"72hpf",NA,41,1070,""
"1359",20260320,"Resaz_plate2_high_T4_260320_1743",2026-09-02 17:43:00,"T4","32C",2,"plate_2_high","B3","Sample",56,"72hpf",NA,53,1206,""
"1360",20260320,"Resaz_plate2_high_T4_260320_1743",2026-09-02 17:43:00,"T4","32C",2,"plate_2_high","B4","Sample",57,"72hpf",NA,13,1089,""
"1361",20260320,"Resaz_plate2_high_T4_260320_1743",2026-09-02 17:43:00,"T4","32C",2,"plate_2_high","B5","Sample",53,"72hpf",NA,37,1420,""
"1362",20260320,"Resaz_plate2_high_T4_260320_1743",2026-09-02 17:43:00,"T4","32C",2,"plate_2_high","B6","Sample",52,"72hpf",NA,48,1182,""
"1363",20260320,"Resaz_plate2_high_T4_260320_1743",2026-09-02 17:43:00,"T4","32C",2,"plate_2_high","B7","Sample",1,"72hpf",NA,98,1443,""
"1364",20260320,"Resaz_plate2_high_T4_260320_1743",2026-09-02 17:43:00,"T4","32C",2,"plate_2_high","B8","Sample",4,"72hpf",NA,27,1130,""
"1365",20260320,"Resaz_plate2_high_T4_260320_1743",2026-09-02 17:43:00,"T4","32C",2,"plate_2_high","B9","Sample",6,"72hpf",NA,32,1273,""
"1366",20260320,"Resaz_plate2_high_T4_260320_1743",2026-09-02 17:43:00,"T4","32C",2,"plate_2_high","B10","Sample",5,"72hpf",NA,112,1432,""
"1367",20260320,"Resaz_plate2_high_T4_260320_1743",2026-09-02 17:43:00,"T4","32C",2,"plate_2_high","B11","Sample",8,"72hpf",NA,76,1421,""
"1368",20260320,"Resaz_plate2_high_T4_260320_1743",2026-09-02 17:43:00,"T4","32C",2,"plate_2_high","B12","Sample",3,"72hpf",NA,54,1619,""
"1369",20260320,"Resaz_plate2_high_T4_260320_1743",2026-09-02 17:43:00,"T4","32C",2,"plate_2_high","C1","Sample",54,"72hpf",NA,52,1122,""
"1370",20260320,"Resaz_plate2_high_T4_260320_1743",2026-09-02 17:43:00,"T4","32C",2,"plate_2_high","C2","Sample",55,"72hpf",NA,38,1083,""
"1371",20260320,"Resaz_plate2_high_T4_260320_1743",2026-09-02 17:43:00,"T4","32C",2,"plate_2_high","C3","Sample",56,"72hpf",NA,119,1451,""
"1372",20260320,"Resaz_plate2_high_T4_260320_1743",2026-09-02 17:43:00,"T4","32C",2,"plate_2_high","C4","Sample",57,"72hpf",NA,34,1074,""
"1373",20260320,"Resaz_plate2_high_T4_260320_1743",2026-09-02 17:43:00,"T4","32C",2,"plate_2_high","C5","Sample",53,"72hpf",NA,39,1191,""
"1374",20260320,"Resaz_plate2_high_T4_260320_1743",2026-09-02 17:43:00,"T4","32C",2,"plate_2_high","C6","Sample",52,"72hpf",NA,48,1183,""
"1375",20260320,"Resaz_plate2_high_T4_260320_1743",2026-09-02 17:43:00,"T4","32C",2,"plate_2_high","C7","Sample",1,"72hpf",NA,165,1498,""
"1376",20260320,"Resaz_plate2_high_T4_260320_1743",2026-09-02 17:43:00,"T4","32C",2,"plate_2_high","C8","Sample",4,"72hpf",NA,36,1135,""
"1377",20260320,"Resaz_plate2_high_T4_260320_1743",2026-09-02 17:43:00,"T4","32C",2,"plate_2_high","C9","Sample",6,"72hpf",NA,60,1278,""
"1378",20260320,"Resaz_plate2_high_T4_260320_1743",2026-09-02 17:43:00,"T4","32C",2,"plate_2_high","C10","Sample",5,"72hpf",NA,121,1520,""
"1379",20260320,"Resaz_plate2_high_T4_260320_1743",2026-09-02 17:43:00,"T4","32C",2,"plate_2_high","C11","Sample",8,"72hpf",NA,90,1607,""
"1380",20260320,"Resaz_plate2_high_T4_260320_1743",2026-09-02 17:43:00,"T4","32C",2,"plate_2_high","C12","Sample",3,"72hpf",NA,59,2207,""
"1381",20260320,"Resaz_plate2_high_T4_260320_1743",2026-09-02 17:43:00,"T4","32C",2,"plate_2_high","D1","Sample",54,"72hpf",NA,77,1265,""
"1382",20260320,"Resaz_plate2_high_T4_260320_1743",2026-09-02 17:43:00,"T4","32C",2,"plate_2_high","D2","Sample",55,"72hpf",NA,26,1144,""
"1383",20260320,"Resaz_plate2_high_T4_260320_1743",2026-09-02 17:43:00,"T4","32C",2,"plate_2_high","D3","Sample",56,"72hpf",NA,87,1250,""
"1384",20260320,"Resaz_plate2_high_T4_260320_1743",2026-09-02 17:43:00,"T4","32C",2,"plate_2_high","D4","Sample",57,"72hpf",NA,54,1211,""
"1385",20260320,"Resaz_plate2_high_T4_260320_1743",2026-09-02 17:43:00,"T4","32C",2,"plate_2_high","D5","Sample",53,"72hpf",NA,57,1282,""
"1386",20260320,"Resaz_plate2_high_T4_260320_1743",2026-09-02 17:43:00,"T4","32C",2,"plate_2_high","D6","Sample",52,"72hpf",NA,68,1636,""
"1387",20260320,"Resaz_plate2_high_T4_260320_1743",2026-09-02 17:43:00,"T4","32C",2,"plate_2_high","D7","Sample",1,"72hpf",NA,156,2229,""
"1388",20260320,"Resaz_plate2_high_T4_260320_1743",2026-09-02 17:43:00,"T4","32C",2,"plate_2_high","D8","Sample",4,"72hpf",NA,28,1751,""
"1389",20260320,"Resaz_plate2_high_T4_260320_1743",2026-09-02 17:43:00,"T4","32C",2,"plate_2_high","D9","Sample",6,"72hpf",NA,73,1403,""
"1390",20260320,"Resaz_plate2_high_T4_260320_1743",2026-09-02 17:43:00,"T4","32C",2,"plate_2_high","D10","Sample",5,"72hpf",NA,90,1510,""
"1391",20260320,"Resaz_plate2_high_T4_260320_1743",2026-09-02 17:43:00,"T4","32C",2,"plate_2_high","D11","Sample",8,"72hpf",NA,62,1641,""
"1392",20260320,"Resaz_plate2_high_T4_260320_1743",2026-09-02 17:43:00,"T4","32C",2,"plate_2_high","D12","Sample",3,"72hpf",NA,0,3304,"has no volume"
"1393",20260320,"Resaz_plate2_high_T4_260320_1743",2026-09-02 17:43:00,"T4","32C",2,"plate_2_high","E1","Sample",54,"72hpf",NA,134,1406,""
"1394",20260320,"Resaz_plate2_high_T4_260320_1743",2026-09-02 17:43:00,"T4","32C",2,"plate_2_high","E2","Sample",55,"72hpf",NA,45,1164,""
"1395",20260320,"Resaz_plate2_high_T4_260320_1743",2026-09-02 17:43:00,"T4","32C",2,"plate_2_high","E3","Sample",56,"72hpf",NA,128,1525,""
"1396",20260320,"Resaz_plate2_high_T4_260320_1743",2026-09-02 17:43:00,"T4","32C",2,"plate_2_high","E4","Sample",57,"72hpf",NA,0,3593,"has no volume"
"1397",20260320,"Resaz_plate2_high_T4_260320_1743",2026-09-02 17:43:00,"T4","32C",2,"plate_2_high","E5","Sample",53,"72hpf",NA,88,1404,""
"1398",20260320,"Resaz_plate2_high_T4_260320_1743",2026-09-02 17:43:00,"T4","32C",2,"plate_2_high","E6","Sample",52,"72hpf",NA,73,1322,""
"1399",20260320,"Resaz_plate2_high_T4_260320_1743",2026-09-02 17:43:00,"T4","32C",2,"plate_2_high","E7","Sample",1,"72hpf",NA,168,1570,""
"1400",20260320,"Resaz_plate2_high_T4_260320_1743",2026-09-02 17:43:00,"T4","32C",2,"plate_2_high","E8","Sample",4,"72hpf",NA,49,1277,""
"1401",20260320,"Resaz_plate2_high_T4_260320_1743",2026-09-02 17:43:00,"T4","32C",2,"plate_2_high","E9","Sample",6,"72hpf",NA,0,3639,"has no volume"
"1402",20260320,"Resaz_plate2_high_T4_260320_1743",2026-09-02 17:43:00,"T4","32C",2,"plate_2_high","E10","Sample",5,"72hpf",NA,106,1636,""
"1403",20260320,"Resaz_plate2_high_T4_260320_1743",2026-09-02 17:43:00,"T4","32C",2,"plate_2_high","E11","Sample",8,"72hpf",NA,72,1700,""
"1404",20260320,"Resaz_plate2_high_T4_260320_1743",2026-09-02 17:43:00,"T4","32C",2,"plate_2_high","E12","Sample",3,"72hpf",NA,0,3264,"has no volume"
"1405",20260320,"Resaz_plate2_high_T4_260320_1743",2026-09-02 17:43:00,"T4","32C",2,"plate_2_high","F1","Sample",54,"72hpf",NA,27,1224,""
"1406",20260320,"Resaz_plate2_high_T4_260320_1743",2026-09-02 17:43:00,"T4","32C",2,"plate_2_high","F2","Sample",55,"72hpf",NA,19,1322,""
"1407",20260320,"Resaz_plate2_high_T4_260320_1743",2026-09-02 17:43:00,"T4","32C",2,"plate_2_high","F3","Sample",56,"72hpf",NA,62,1162,""
"1408",20260320,"Resaz_plate2_high_T4_260320_1743",2026-09-02 17:43:00,"T4","32C",2,"plate_2_high","F4","Sample",57,"72hpf",NA,67,1199,""
"1409",20260320,"Resaz_plate2_high_T4_260320_1743",2026-09-02 17:43:00,"T4","32C",2,"plate_2_high","F5","Sample",53,"72hpf",NA,0,3620,"has no volume"
"1410",20260320,"Resaz_plate2_high_T4_260320_1743",2026-09-02 17:43:00,"T4","32C",2,"plate_2_high","F6","Sample",52,"72hpf",NA,65,1239,""
"1411",20260320,"Resaz_plate2_high_T4_260320_1743",2026-09-02 17:43:00,"T4","32C",2,"plate_2_high","F7","Sample",1,"72hpf",NA,130,1334,""
"1412",20260320,"Resaz_plate2_high_T4_260320_1743",2026-09-02 17:43:00,"T4","32C",2,"plate_2_high","F8","Sample",4,"72hpf",NA,41,1177,""
"1413",20260320,"Resaz_plate2_high_T4_260320_1743",2026-09-02 17:43:00,"T4","32C",2,"plate_2_high","F9","Sample",6,"72hpf",NA,0,3629,"has no volume"
"1414",20260320,"Resaz_plate2_high_T4_260320_1743",2026-09-02 17:43:00,"T4","32C",2,"plate_2_high","F10","Sample",5,"72hpf",NA,109,1546,""
"1415",20260320,"Resaz_plate2_high_T4_260320_1743",2026-09-02 17:43:00,"T4","32C",2,"plate_2_high","F11","Sample",8,"72hpf",NA,51,1589,""
"1416",20260320,"Resaz_plate2_high_T4_260320_1743",2026-09-02 17:43:00,"T4","32C",2,"plate_2_high","F12","Sample",3,"72hpf",NA,0,3273,"has no volume"
"1417",20260320,"Resaz_plate2_high_T4_260320_1743",2026-09-02 17:43:00,"T4","32C",2,"plate_2_high","G1","Sample",54,"72hpf",NA,17,987,""
"1418",20260320,"Resaz_plate2_high_T4_260320_1743",2026-09-02 17:43:00,"T4","32C",2,"plate_2_high","G2","Sample",55,"72hpf",NA,4,1001,""
"1419",20260320,"Resaz_plate2_high_T4_260320_1743",2026-09-02 17:43:00,"T4","32C",2,"plate_2_high","G3","Sample",56,"72hpf",NA,9,1049,""
"1420",20260320,"Resaz_plate2_high_T4_260320_1743",2026-09-02 17:43:00,"T4","32C",2,"plate_2_high","G4","Sample",57,"72hpf",NA,0,3589,"has no volume"
"1421",20260320,"Resaz_plate2_high_T4_260320_1743",2026-09-02 17:43:00,"T4","32C",2,"plate_2_high","G5","Sample",53,"72hpf",NA,0,3623,"has no volume"
"1422",20260320,"Resaz_plate2_high_T4_260320_1743",2026-09-02 17:43:00,"T4","32C",2,"plate_2_high","G6","Sample",52,"72hpf",NA,85,1233,""
"1423",20260320,"Resaz_plate2_high_T4_260320_1743",2026-09-02 17:43:00,"T4","32C",2,"plate_2_high","G7","Sample",1,"72hpf",NA,127,1352,""
"1424",20260320,"Resaz_plate2_high_T4_260320_1743",2026-09-02 17:43:00,"T4","32C",2,"plate_2_high","G8","Sample",4,"72hpf",NA,52,1182,""
"1425",20260320,"Resaz_plate2_high_T4_260320_1743",2026-09-02 17:43:00,"T4","32C",2,"plate_2_high","G9","Sample",6,"72hpf",NA,57,1351,""
"1426",20260320,"Resaz_plate2_high_T4_260320_1743",2026-09-02 17:43:00,"T4","32C",2,"plate_2_high","G10","Sample",5,"72hpf",NA,0,3601,"has no volume "
"1427",20260320,"Resaz_plate2_high_T4_260320_1743",2026-09-02 17:43:00,"T4","32C",2,"plate_2_high","G11","Sample",8,"72hpf",NA,0,3626,"has no volume "
"1428",20260320,"Resaz_plate2_high_T4_260320_1743",2026-09-02 17:43:00,"T4","32C",2,"plate_2_high","G12","Sample",3,"72hpf",NA,54,1875,""
"1429",20260320,"Resaz_plate2_high_T4_260320_1743",2026-09-02 17:43:00,"T4","32C",2,"plate_2_high","H1","Blank",NA,"72hpf",NA,NA,981,""
"1430",20260320,"Resaz_plate2_high_T4_260320_1743",2026-09-02 17:43:00,"T4","32C",2,"plate_2_high","H2","Blank",NA,"72hpf",NA,NA,1089,""
"1431",20260320,"Resaz_plate2_high_T4_260320_1743",2026-09-02 17:43:00,"T4","32C",2,"plate_2_high","H3","Blank",NA,"72hpf",NA,NA,1157,""
"1432",20260320,"Resaz_plate2_high_T4_260320_1743",2026-09-02 17:43:00,"T4","32C",2,"plate_2_high","H4","Blank",NA,"72hpf",NA,NA,1215,""
"1433",20260320,"Resaz_plate2_high_T4_260320_1743",2026-09-02 17:43:00,"T4","32C",2,"plate_2_high","H5","Blank",NA,"72hpf",NA,NA,1278,""
"1434",20260320,"Resaz_plate2_high_T4_260320_1743",2026-09-02 17:43:00,"T4","32C",2,"plate_2_high","H6","Blank",NA,"72hpf",NA,NA,1264,""
"1435",20260320,"Resaz_plate2_high_T4_260320_1743",2026-09-02 17:43:00,"T4","32C",2,"plate_2_high","H7","Blank",NA,"72hpf",NA,NA,1205,""
"1436",20260320,"Resaz_plate2_high_T4_260320_1743",2026-09-02 17:43:00,"T4","32C",2,"plate_2_high","H8","Blank",NA,"72hpf",NA,NA,1302,""
"1437",20260320,"Resaz_plate2_high_T4_260320_1743",2026-09-02 17:43:00,"T4","32C",2,"plate_2_high","H9","Blank",NA,"72hpf",NA,NA,1379,""
"1438",20260320,"Resaz_plate2_high_T4_260320_1743",2026-09-02 17:43:00,"T4","32C",2,"plate_2_high","H10","Blank",NA,"72hpf",NA,NA,1309,""
"1439",20260320,"Resaz_plate2_high_T4_260320_1743",2026-09-02 17:43:00,"T4","32C",2,"plate_2_high","H11","Blank",NA,"72hpf",NA,NA,1407,""
"1440",20260320,"Resaz_plate2_high_T4_260320_1743",2026-09-02 17:43:00,"T4","32C",2,"plate_2_high","H12","Blank",NA,"72hpf",NA,NA,1845,""
"1441",20260320,"Resaz_plate2_low_T0_260320_1331",2026-09-02 13:31:00,"T0","26C",2,"plate_2_low","A1","Sample",54,"72hpf",NA,24,898,""
"1442",20260320,"Resaz_plate2_low_T0_260320_1331",2026-09-02 13:31:00,"T0","26C",2,"plate_2_low","A2","Sample",55,"72hpf",NA,80,965,""
"1443",20260320,"Resaz_plate2_low_T0_260320_1331",2026-09-02 13:31:00,"T0","26C",2,"plate_2_low","A3","Sample",56,"72hpf",NA,15,847,""
"1444",20260320,"Resaz_plate2_low_T0_260320_1331",2026-09-02 13:31:00,"T0","26C",2,"plate_2_low","A4","Sample",57,"72hpf",NA,84,950,""
"1445",20260320,"Resaz_plate2_low_T0_260320_1331",2026-09-02 13:31:00,"T0","26C",2,"plate_2_low","A5","Sample",53,"72hpf",NA,61,939,""
"1446",20260320,"Resaz_plate2_low_T0_260320_1331",2026-09-02 13:31:00,"T0","26C",2,"plate_2_low","A6","Sample",52,"72hpf",NA,46,973,""
"1447",20260320,"Resaz_plate2_low_T0_260320_1331",2026-09-02 13:31:00,"T0","26C",2,"plate_2_low","A7","Sample",1,"72hpf",NA,11,944,""
"1448",20260320,"Resaz_plate2_low_T0_260320_1331",2026-09-02 13:31:00,"T0","26C",2,"plate_2_low","A8","Sample",4,"72hpf",NA,16,904,""
"1449",20260320,"Resaz_plate2_low_T0_260320_1331",2026-09-02 13:31:00,"T0","26C",2,"plate_2_low","A9","Sample",6,"72hpf",NA,36,888,""
"1450",20260320,"Resaz_plate2_low_T0_260320_1331",2026-09-02 13:31:00,"T0","26C",2,"plate_2_low","A10","Sample",5,"72hpf",NA,48,1187,"has no volume"
"1451",20260320,"Resaz_plate2_low_T0_260320_1331",2026-09-02 13:31:00,"T0","26C",2,"plate_2_low","A11","Sample",8,"72hpf",NA,19,1233,"has no volume"
"1452",20260320,"Resaz_plate2_low_T0_260320_1331",2026-09-02 13:31:00,"T0","26C",2,"plate_2_low","A12","Sample",3,"72hpf",NA,7,1440,"has no volume"
"1453",20260320,"Resaz_plate2_low_T0_260320_1331",2026-09-02 13:31:00,"T0","26C",2,"plate_2_low","B1","Sample",54,"72hpf",NA,9,901,""
"1454",20260320,"Resaz_plate2_low_T0_260320_1331",2026-09-02 13:31:00,"T0","26C",2,"plate_2_low","B2","Sample",55,"72hpf",NA,66,978,""
"1455",20260320,"Resaz_plate2_low_T0_260320_1331",2026-09-02 13:31:00,"T0","26C",2,"plate_2_low","B3","Sample",56,"72hpf",NA,0,3473,"has no volume"
"1456",20260320,"Resaz_plate2_low_T0_260320_1331",2026-09-02 13:31:00,"T0","26C",2,"plate_2_low","B4","Sample",57,"72hpf",NA,65,922,""
"1457",20260320,"Resaz_plate2_low_T0_260320_1331",2026-09-02 13:31:00,"T0","26C",2,"plate_2_low","B5","Sample",53,"72hpf",NA,56,962,""
"1458",20260320,"Resaz_plate2_low_T0_260320_1331",2026-09-02 13:31:00,"T0","26C",2,"plate_2_low","B6","Sample",52,"72hpf",NA,49,993,""
"1459",20260320,"Resaz_plate2_low_T0_260320_1331",2026-09-02 13:31:00,"T0","26C",2,"plate_2_low","B7","Sample",1,"72hpf",NA,26,1014,""
"1460",20260320,"Resaz_plate2_low_T0_260320_1331",2026-09-02 13:31:00,"T0","26C",2,"plate_2_low","B8","Sample",4,"72hpf",NA,0,3501,"has no volume"
"1461",20260320,"Resaz_plate2_low_T0_260320_1331",2026-09-02 13:31:00,"T0","26C",2,"plate_2_low","B9","Sample",6,"72hpf",NA,34,882,""
"1462",20260320,"Resaz_plate2_low_T0_260320_1331",2026-09-02 13:31:00,"T0","26C",2,"plate_2_low","B10","Sample",5,"72hpf",NA,54,1501,"has less volume"
"1463",20260320,"Resaz_plate2_low_T0_260320_1331",2026-09-02 13:31:00,"T0","26C",2,"plate_2_low","B11","Sample",8,"72hpf",NA,0,3423,"has no volume"
"1464",20260320,"Resaz_plate2_low_T0_260320_1331",2026-09-02 13:31:00,"T0","26C",2,"plate_2_low","B12","Sample",3,"72hpf",NA,1,3372,"has no volume"
"1465",20260320,"Resaz_plate2_low_T0_260320_1331",2026-09-02 13:31:00,"T0","26C",2,"plate_2_low","C1","Sample",54,"72hpf",NA,9,887,""
"1466",20260320,"Resaz_plate2_low_T0_260320_1331",2026-09-02 13:31:00,"T0","26C",2,"plate_2_low","C2","Sample",55,"72hpf",NA,68,1078,""
"1467",20260320,"Resaz_plate2_low_T0_260320_1331",2026-09-02 13:31:00,"T0","26C",2,"plate_2_low","C3","Sample",56,"72hpf",NA,35,976,""
"1468",20260320,"Resaz_plate2_low_T0_260320_1331",2026-09-02 13:31:00,"T0","26C",2,"plate_2_low","C4","Sample",57,"72hpf",NA,98,951,""
"1469",20260320,"Resaz_plate2_low_T0_260320_1331",2026-09-02 13:31:00,"T0","26C",2,"plate_2_low","C5","Sample",53,"72hpf",NA,70,982,""
"1470",20260320,"Resaz_plate2_low_T0_260320_1331",2026-09-02 13:31:00,"T0","26C",2,"plate_2_low","C6","Sample",52,"72hpf",NA,43,1000,""
"1471",20260320,"Resaz_plate2_low_T0_260320_1331",2026-09-02 13:31:00,"T0","26C",2,"plate_2_low","C7","Sample",1,"72hpf",NA,36,1132,""
"1472",20260320,"Resaz_plate2_low_T0_260320_1331",2026-09-02 13:31:00,"T0","26C",2,"plate_2_low","C8","Sample",4,"72hpf",NA,35,2054,"has less volume"
"1473",20260320,"Resaz_plate2_low_T0_260320_1331",2026-09-02 13:31:00,"T0","26C",2,"plate_2_low","C9","Sample",6,"72hpf",NA,4,918,""
"1474",20260320,"Resaz_plate2_low_T0_260320_1331",2026-09-02 13:31:00,"T0","26C",2,"plate_2_low","C10","Sample",5,"72hpf",NA,23,1081,""
"1475",20260320,"Resaz_plate2_low_T0_260320_1331",2026-09-02 13:31:00,"T0","26C",2,"plate_2_low","C11","Sample",8,"72hpf",NA,112,889,""
"1476",20260320,"Resaz_plate2_low_T0_260320_1331",2026-09-02 13:31:00,"T0","26C",2,"plate_2_low","C12","Sample",3,"72hpf",NA,0,3382,"has no volume"
"1477",20260320,"Resaz_plate2_low_T0_260320_1331",2026-09-02 13:31:00,"T0","26C",2,"plate_2_low","D1","Sample",54,"72hpf",NA,6,795,""
"1478",20260320,"Resaz_plate2_low_T0_260320_1331",2026-09-02 13:31:00,"T0","26C",2,"plate_2_low","D2","Sample",55,"72hpf",NA,96,977,""
"1479",20260320,"Resaz_plate2_low_T0_260320_1331",2026-09-02 13:31:00,"T0","26C",2,"plate_2_low","D3","Sample",56,"72hpf",NA,1,3446,"has no volume"
"1480",20260320,"Resaz_plate2_low_T0_260320_1331",2026-09-02 13:31:00,"T0","26C",2,"plate_2_low","D4","Sample",57,"72hpf",NA,1,1015,""
"1481",20260320,"Resaz_plate2_low_T0_260320_1331",2026-09-02 13:31:00,"T0","26C",2,"plate_2_low","D5","Sample",53,"72hpf",NA,74,1042,""
"1482",20260320,"Resaz_plate2_low_T0_260320_1331",2026-09-02 13:31:00,"T0","26C",2,"plate_2_low","D6","Sample",52,"72hpf",NA,0,3537,"has no volume"
"1483",20260320,"Resaz_plate2_low_T0_260320_1331",2026-09-02 13:31:00,"T0","26C",2,"plate_2_low","D7","Sample",1,"72hpf",NA,67,1027,""
"1484",20260320,"Resaz_plate2_low_T0_260320_1331",2026-09-02 13:31:00,"T0","26C",2,"plate_2_low","D8","Sample",4,"72hpf",NA,33,966,""
"1485",20260320,"Resaz_plate2_low_T0_260320_1331",2026-09-02 13:31:00,"T0","26C",2,"plate_2_low","D9","Sample",6,"72hpf",NA,0,3519,"has no volume"
"1486",20260320,"Resaz_plate2_low_T0_260320_1331",2026-09-02 13:31:00,"T0","26C",2,"plate_2_low","D10","Sample",5,"72hpf",NA,69,939,""
"1487",20260320,"Resaz_plate2_low_T0_260320_1331",2026-09-02 13:31:00,"T0","26C",2,"plate_2_low","D11","Sample",8,"72hpf",NA,92,903,""
"1488",20260320,"Resaz_plate2_low_T0_260320_1331",2026-09-02 13:31:00,"T0","26C",2,"plate_2_low","D12","Sample",3,"72hpf",NA,0,3363,"has no volume"
"1489",20260320,"Resaz_plate2_low_T0_260320_1331",2026-09-02 13:31:00,"T0","26C",2,"plate_2_low","E1","Sample",54,"72hpf",NA,33,839,""
"1490",20260320,"Resaz_plate2_low_T0_260320_1331",2026-09-02 13:31:00,"T0","26C",2,"plate_2_low","E2","Sample",55,"72hpf",NA,116,1019,""
"1491",20260320,"Resaz_plate2_low_T0_260320_1331",2026-09-02 13:31:00,"T0","26C",2,"plate_2_low","E3","Sample",56,"72hpf",NA,18,904,""
"1492",20260320,"Resaz_plate2_low_T0_260320_1331",2026-09-02 13:31:00,"T0","26C",2,"plate_2_low","E4","Sample",57,"72hpf",NA,84,1011,""
"1493",20260320,"Resaz_plate2_low_T0_260320_1331",2026-09-02 13:31:00,"T0","26C",2,"plate_2_low","E5","Sample",53,"72hpf",NA,68,1078,""
"1494",20260320,"Resaz_plate2_low_T0_260320_1331",2026-09-02 13:31:00,"T0","26C",2,"plate_2_low","E6","Sample",52,"72hpf",NA,43,1045,""
"1495",20260320,"Resaz_plate2_low_T0_260320_1331",2026-09-02 13:31:00,"T0","26C",2,"plate_2_low","E7","Sample",1,"72hpf",NA,64,969,""
"1496",20260320,"Resaz_plate2_low_T0_260320_1331",2026-09-02 13:31:00,"T0","26C",2,"plate_2_low","E8","Sample",4,"72hpf",NA,34,1036,""
"1497",20260320,"Resaz_plate2_low_T0_260320_1331",2026-09-02 13:31:00,"T0","26C",2,"plate_2_low","E9","Sample",6,"72hpf",NA,0,3469,"has no volume"
"1498",20260320,"Resaz_plate2_low_T0_260320_1331",2026-09-02 13:31:00,"T0","26C",2,"plate_2_low","E10","Sample",5,"72hpf",NA,85,923,""
"1499",20260320,"Resaz_plate2_low_T0_260320_1331",2026-09-02 13:31:00,"T0","26C",2,"plate_2_low","E11","Sample",8,"72hpf",NA,94,977,""
"1500",20260320,"Resaz_plate2_low_T0_260320_1331",2026-09-02 13:31:00,"T0","26C",2,"plate_2_low","E12","Sample",3,"72hpf",NA,0,3392,"has no volume"
"1501",20260320,"Resaz_plate2_low_T0_260320_1331",2026-09-02 13:31:00,"T0","26C",2,"plate_2_low","F1","Sample",54,"72hpf",NA,29,815,""
"1502",20260320,"Resaz_plate2_low_T0_260320_1331",2026-09-02 13:31:00,"T0","26C",2,"plate_2_low","F2","Sample",55,"72hpf",NA,0,3502,"has no volume"
"1503",20260320,"Resaz_plate2_low_T0_260320_1331",2026-09-02 13:31:00,"T0","26C",2,"plate_2_low","F3","Sample",56,"72hpf",NA,22,869,""
"1504",20260320,"Resaz_plate2_low_T0_260320_1331",2026-09-02 13:31:00,"T0","26C",2,"plate_2_low","F4","Sample",57,"72hpf",NA,83,1054,""
"1505",20260320,"Resaz_plate2_low_T0_260320_1331",2026-09-02 13:31:00,"T0","26C",2,"plate_2_low","F5","Sample",53,"72hpf",NA,0,3471,"has no volume"
"1506",20260320,"Resaz_plate2_low_T0_260320_1331",2026-09-02 13:31:00,"T0","26C",2,"plate_2_low","F6","Sample",52,"72hpf",NA,36,967,""
"1507",20260320,"Resaz_plate2_low_T0_260320_1331",2026-09-02 13:31:00,"T0","26C",2,"plate_2_low","F7","Sample",1,"72hpf",NA,14,2052,"has less volume"
"1508",20260320,"Resaz_plate2_low_T0_260320_1331",2026-09-02 13:31:00,"T0","26C",2,"plate_2_low","F8","Sample",4,"72hpf",NA,42,962,""
"1509",20260320,"Resaz_plate2_low_T0_260320_1331",2026-09-02 13:31:00,"T0","26C",2,"plate_2_low","F9","Sample",6,"72hpf",NA,0,3486,"has no volume"
"1510",20260320,"Resaz_plate2_low_T0_260320_1331",2026-09-02 13:31:00,"T0","26C",2,"plate_2_low","F10","Sample",5,"72hpf",NA,71,862,""
"1511",20260320,"Resaz_plate2_low_T0_260320_1331",2026-09-02 13:31:00,"T0","26C",2,"plate_2_low","F11","Sample",8,"72hpf",NA,76,891,""
"1512",20260320,"Resaz_plate2_low_T0_260320_1331",2026-09-02 13:31:00,"T0","26C",2,"plate_2_low","F12","Sample",3,"72hpf",NA,52,900,""
"1513",20260320,"Resaz_plate2_low_T0_260320_1331",2026-09-02 13:31:00,"T0","26C",2,"plate_2_low","G1","Sample",54,"72hpf",NA,31,815,""
"1514",20260320,"Resaz_plate2_low_T0_260320_1331",2026-09-02 13:31:00,"T0","26C",2,"plate_2_low","G2","Sample",55,"72hpf",NA,115,889,""
"1515",20260320,"Resaz_plate2_low_T0_260320_1331",2026-09-02 13:31:00,"T0","26C",2,"plate_2_low","G3","Sample",56,"72hpf",NA,0,3444,""
"1516",20260320,"Resaz_plate2_low_T0_260320_1331",2026-09-02 13:31:00,"T0","26C",2,"plate_2_low","G4","Sample",57,"72hpf",NA,82,961,""
"1517",20260320,"Resaz_plate2_low_T0_260320_1331",2026-09-02 13:31:00,"T0","26C",2,"plate_2_low","G5","Sample",53,"72hpf",NA,0,3467,""
"1518",20260320,"Resaz_plate2_low_T0_260320_1331",2026-09-02 13:31:00,"T0","26C",2,"plate_2_low","G6","Sample",52,"72hpf",NA,49,891,""
"1519",20260320,"Resaz_plate2_low_T0_260320_1331",2026-09-02 13:31:00,"T0","26C",2,"plate_2_low","G7","Sample",1,"72hpf",NA,31,1024,""
"1520",20260320,"Resaz_plate2_low_T0_260320_1331",2026-09-02 13:31:00,"T0","26C",2,"plate_2_low","G8","Sample",4,"72hpf",NA,0,3484,""
"1521",20260320,"Resaz_plate2_low_T0_260320_1331",2026-09-02 13:31:00,"T0","26C",2,"plate_2_low","G9","Sample",6,"72hpf",NA,0,3406,""
"1522",20260320,"Resaz_plate2_low_T0_260320_1331",2026-09-02 13:31:00,"T0","26C",2,"plate_2_low","G10","Sample",5,"72hpf",NA,99,869,""
"1523",20260320,"Resaz_plate2_low_T0_260320_1331",2026-09-02 13:31:00,"T0","26C",2,"plate_2_low","G11","Sample",8,"72hpf",NA,78,873,""
"1524",20260320,"Resaz_plate2_low_T0_260320_1331",2026-09-02 13:31:00,"T0","26C",2,"plate_2_low","G12","Sample",3,"72hpf",NA,40,1087,""
"1525",20260320,"Resaz_plate2_low_T0_260320_1331",2026-09-02 13:31:00,"T0","26C",2,"plate_2_low","H1","Blank",NA,"72hpf",NA,NA,746,""
"1526",20260320,"Resaz_plate2_low_T0_260320_1331",2026-09-02 13:31:00,"T0","26C",2,"plate_2_low","H2","Blank",NA,"72hpf",NA,NA,894,""
"1527",20260320,"Resaz_plate2_low_T0_260320_1331",2026-09-02 13:31:00,"T0","26C",2,"plate_2_low","H3","Blank",NA,"72hpf",NA,NA,861,""
"1528",20260320,"Resaz_plate2_low_T0_260320_1331",2026-09-02 13:31:00,"T0","26C",2,"plate_2_low","H4","Blank",NA,"72hpf",NA,NA,938,""
"1529",20260320,"Resaz_plate2_low_T0_260320_1331",2026-09-02 13:31:00,"T0","26C",2,"plate_2_low","H5","Blank",NA,"72hpf",NA,NA,854,""
"1530",20260320,"Resaz_plate2_low_T0_260320_1331",2026-09-02 13:31:00,"T0","26C",2,"plate_2_low","H6","Blank",NA,"72hpf",NA,NA,931,""
"1531",20260320,"Resaz_plate2_low_T0_260320_1331",2026-09-02 13:31:00,"T0","26C",2,"plate_2_low","H7","Blank",NA,"72hpf",NA,NA,887,""
"1532",20260320,"Resaz_plate2_low_T0_260320_1331",2026-09-02 13:31:00,"T0","26C",2,"plate_2_low","H8","Blank",NA,"72hpf",NA,NA,893,""
"1533",20260320,"Resaz_plate2_low_T0_260320_1331",2026-09-02 13:31:00,"T0","26C",2,"plate_2_low","H9","Blank",NA,"72hpf",NA,NA,882,""
"1534",20260320,"Resaz_plate2_low_T0_260320_1331",2026-09-02 13:31:00,"T0","26C",2,"plate_2_low","H10","Blank",NA,"72hpf",NA,NA,852,""
"1535",20260320,"Resaz_plate2_low_T0_260320_1331",2026-09-02 13:31:00,"T0","26C",2,"plate_2_low","H11","Blank",NA,"72hpf",NA,NA,864,""
"1536",20260320,"Resaz_plate2_low_T0_260320_1331",2026-09-02 13:31:00,"T0","26C",2,"plate_2_low","H12","Blank",NA,"72hpf",NA,NA,882,""
"1537",20260320,"Resaz_plate2_low_T1_260320_1433",2026-09-02 14:33:00,"T1","26C",2,"plate_2_low","A1","Sample",54,"72hpf",NA,24,944,""
"1538",20260320,"Resaz_plate2_low_T1_260320_1433",2026-09-02 14:33:00,"T1","26C",2,"plate_2_low","A2","Sample",55,"72hpf",NA,80,1038,""
"1539",20260320,"Resaz_plate2_low_T1_260320_1433",2026-09-02 14:33:00,"T1","26C",2,"plate_2_low","A3","Sample",56,"72hpf",NA,15,868,""
"1540",20260320,"Resaz_plate2_low_T1_260320_1433",2026-09-02 14:33:00,"T1","26C",2,"plate_2_low","A4","Sample",57,"72hpf",NA,84,1040,""
"1541",20260320,"Resaz_plate2_low_T1_260320_1433",2026-09-02 14:33:00,"T1","26C",2,"plate_2_low","A5","Sample",53,"72hpf",NA,61,995,""
"1542",20260320,"Resaz_plate2_low_T1_260320_1433",2026-09-02 14:33:00,"T1","26C",2,"plate_2_low","A6","Sample",52,"72hpf",NA,46,1017,""
"1543",20260320,"Resaz_plate2_low_T1_260320_1433",2026-09-02 14:33:00,"T1","26C",2,"plate_2_low","A7","Sample",1,"72hpf",NA,11,966,""
"1544",20260320,"Resaz_plate2_low_T1_260320_1433",2026-09-02 14:33:00,"T1","26C",2,"plate_2_low","A8","Sample",4,"72hpf",NA,16,931,""
"1545",20260320,"Resaz_plate2_low_T1_260320_1433",2026-09-02 14:33:00,"T1","26C",2,"plate_2_low","A9","Sample",6,"72hpf",NA,36,925,""
"1546",20260320,"Resaz_plate2_low_T1_260320_1433",2026-09-02 14:33:00,"T1","26C",2,"plate_2_low","A10","Sample",5,"72hpf",NA,48,1252,"has no volume"
"1547",20260320,"Resaz_plate2_low_T1_260320_1433",2026-09-02 14:33:00,"T1","26C",2,"plate_2_low","A11","Sample",8,"72hpf",NA,19,1284,"has no volume"
"1548",20260320,"Resaz_plate2_low_T1_260320_1433",2026-09-02 14:33:00,"T1","26C",2,"plate_2_low","A12","Sample",3,"72hpf",NA,7,1488,"has no volume"
"1549",20260320,"Resaz_plate2_low_T1_260320_1433",2026-09-02 14:33:00,"T1","26C",2,"plate_2_low","B1","Sample",54,"72hpf",NA,9,925,""
"1550",20260320,"Resaz_plate2_low_T1_260320_1433",2026-09-02 14:33:00,"T1","26C",2,"plate_2_low","B2","Sample",55,"72hpf",NA,66,1029,""
"1551",20260320,"Resaz_plate2_low_T1_260320_1433",2026-09-02 14:33:00,"T1","26C",2,"plate_2_low","B3","Sample",56,"72hpf",NA,0,3484,"has no volume"
"1552",20260320,"Resaz_plate2_low_T1_260320_1433",2026-09-02 14:33:00,"T1","26C",2,"plate_2_low","B4","Sample",57,"72hpf",NA,65,982,""
"1553",20260320,"Resaz_plate2_low_T1_260320_1433",2026-09-02 14:33:00,"T1","26C",2,"plate_2_low","B5","Sample",53,"72hpf",NA,56,1026,""
"1554",20260320,"Resaz_plate2_low_T1_260320_1433",2026-09-02 14:33:00,"T1","26C",2,"plate_2_low","B6","Sample",52,"72hpf",NA,49,1055,""
"1555",20260320,"Resaz_plate2_low_T1_260320_1433",2026-09-02 14:33:00,"T1","26C",2,"plate_2_low","B7","Sample",1,"72hpf",NA,26,1058,""
"1556",20260320,"Resaz_plate2_low_T1_260320_1433",2026-09-02 14:33:00,"T1","26C",2,"plate_2_low","B8","Sample",4,"72hpf",NA,0,3512,"has no volume"
"1557",20260320,"Resaz_plate2_low_T1_260320_1433",2026-09-02 14:33:00,"T1","26C",2,"plate_2_low","B9","Sample",6,"72hpf",NA,34,919,""
"1558",20260320,"Resaz_plate2_low_T1_260320_1433",2026-09-02 14:33:00,"T1","26C",2,"plate_2_low","B10","Sample",5,"72hpf",NA,54,1606,"has less volume"
"1559",20260320,"Resaz_plate2_low_T1_260320_1433",2026-09-02 14:33:00,"T1","26C",2,"plate_2_low","B11","Sample",8,"72hpf",NA,0,3450,"has no volume"
"1560",20260320,"Resaz_plate2_low_T1_260320_1433",2026-09-02 14:33:00,"T1","26C",2,"plate_2_low","B12","Sample",3,"72hpf",NA,1,3401,"has no volume"
"1561",20260320,"Resaz_plate2_low_T1_260320_1433",2026-09-02 14:33:00,"T1","26C",2,"plate_2_low","C1","Sample",54,"72hpf",NA,9,909,""
"1562",20260320,"Resaz_plate2_low_T1_260320_1433",2026-09-02 14:33:00,"T1","26C",2,"plate_2_low","C2","Sample",55,"72hpf",NA,68,1152,""
"1563",20260320,"Resaz_plate2_low_T1_260320_1433",2026-09-02 14:33:00,"T1","26C",2,"plate_2_low","C3","Sample",56,"72hpf",NA,35,1016,""
"1564",20260320,"Resaz_plate2_low_T1_260320_1433",2026-09-02 14:33:00,"T1","26C",2,"plate_2_low","C4","Sample",57,"72hpf",NA,98,1049,""
"1565",20260320,"Resaz_plate2_low_T1_260320_1433",2026-09-02 14:33:00,"T1","26C",2,"plate_2_low","C5","Sample",53,"72hpf",NA,70,1055,""
"1566",20260320,"Resaz_plate2_low_T1_260320_1433",2026-09-02 14:33:00,"T1","26C",2,"plate_2_low","C6","Sample",52,"72hpf",NA,43,1047,""
"1567",20260320,"Resaz_plate2_low_T1_260320_1433",2026-09-02 14:33:00,"T1","26C",2,"plate_2_low","C7","Sample",1,"72hpf",NA,36,1193,""
"1568",20260320,"Resaz_plate2_low_T1_260320_1433",2026-09-02 14:33:00,"T1","26C",2,"plate_2_low","C8","Sample",4,"72hpf",NA,35,2160,"has less volume"
"1569",20260320,"Resaz_plate2_low_T1_260320_1433",2026-09-02 14:33:00,"T1","26C",2,"plate_2_low","C9","Sample",6,"72hpf",NA,4,934,""
"1570",20260320,"Resaz_plate2_low_T1_260320_1433",2026-09-02 14:33:00,"T1","26C",2,"plate_2_low","C10","Sample",5,"72hpf",NA,23,1113,""
"1571",20260320,"Resaz_plate2_low_T1_260320_1433",2026-09-02 14:33:00,"T1","26C",2,"plate_2_low","C11","Sample",8,"72hpf",NA,112,981,""
"1572",20260320,"Resaz_plate2_low_T1_260320_1433",2026-09-02 14:33:00,"T1","26C",2,"plate_2_low","C12","Sample",3,"72hpf",NA,0,3412,"has no volume"
"1573",20260320,"Resaz_plate2_low_T1_260320_1433",2026-09-02 14:33:00,"T1","26C",2,"plate_2_low","D1","Sample",54,"72hpf",NA,6,821,""
"1574",20260320,"Resaz_plate2_low_T1_260320_1433",2026-09-02 14:33:00,"T1","26C",2,"plate_2_low","D2","Sample",55,"72hpf",NA,96,1065,""
"1575",20260320,"Resaz_plate2_low_T1_260320_1433",2026-09-02 14:33:00,"T1","26C",2,"plate_2_low","D3","Sample",56,"72hpf",NA,1,3475,"has no volume"
"1576",20260320,"Resaz_plate2_low_T1_260320_1433",2026-09-02 14:33:00,"T1","26C",2,"plate_2_low","D4","Sample",57,"72hpf",NA,1,1041,""
"1577",20260320,"Resaz_plate2_low_T1_260320_1433",2026-09-02 14:33:00,"T1","26C",2,"plate_2_low","D5","Sample",53,"72hpf",NA,74,1132,""
"1578",20260320,"Resaz_plate2_low_T1_260320_1433",2026-09-02 14:33:00,"T1","26C",2,"plate_2_low","D6","Sample",52,"72hpf",NA,0,3546,"has no volume"
"1579",20260320,"Resaz_plate2_low_T1_260320_1433",2026-09-02 14:33:00,"T1","26C",2,"plate_2_low","D7","Sample",1,"72hpf",NA,67,1110,""
"1580",20260320,"Resaz_plate2_low_T1_260320_1433",2026-09-02 14:33:00,"T1","26C",2,"plate_2_low","D8","Sample",4,"72hpf",NA,33,1010,""
"1581",20260320,"Resaz_plate2_low_T1_260320_1433",2026-09-02 14:33:00,"T1","26C",2,"plate_2_low","D9","Sample",6,"72hpf",NA,0,3532,"has no volume"
"1582",20260320,"Resaz_plate2_low_T1_260320_1433",2026-09-02 14:33:00,"T1","26C",2,"plate_2_low","D10","Sample",5,"72hpf",NA,69,1011,""
"1583",20260320,"Resaz_plate2_low_T1_260320_1433",2026-09-02 14:33:00,"T1","26C",2,"plate_2_low","D11","Sample",8,"72hpf",NA,92,1006,""
"1584",20260320,"Resaz_plate2_low_T1_260320_1433",2026-09-02 14:33:00,"T1","26C",2,"plate_2_low","D12","Sample",3,"72hpf",NA,0,3388,"has no volume"
"1585",20260320,"Resaz_plate2_low_T1_260320_1433",2026-09-02 14:33:00,"T1","26C",2,"plate_2_low","E1","Sample",54,"72hpf",NA,33,885,""
"1586",20260320,"Resaz_plate2_low_T1_260320_1433",2026-09-02 14:33:00,"T1","26C",2,"plate_2_low","E2","Sample",55,"72hpf",NA,116,1116,""
"1587",20260320,"Resaz_plate2_low_T1_260320_1433",2026-09-02 14:33:00,"T1","26C",2,"plate_2_low","E3","Sample",56,"72hpf",NA,18,946,""
"1588",20260320,"Resaz_plate2_low_T1_260320_1433",2026-09-02 14:33:00,"T1","26C",2,"plate_2_low","E4","Sample",57,"72hpf",NA,84,1134,""
"1589",20260320,"Resaz_plate2_low_T1_260320_1433",2026-09-02 14:33:00,"T1","26C",2,"plate_2_low","E5","Sample",53,"72hpf",NA,68,1173,""
"1590",20260320,"Resaz_plate2_low_T1_260320_1433",2026-09-02 14:33:00,"T1","26C",2,"plate_2_low","E6","Sample",52,"72hpf",NA,43,1115,""
"1591",20260320,"Resaz_plate2_low_T1_260320_1433",2026-09-02 14:33:00,"T1","26C",2,"plate_2_low","E7","Sample",1,"72hpf",NA,64,1040,""
"1592",20260320,"Resaz_plate2_low_T1_260320_1433",2026-09-02 14:33:00,"T1","26C",2,"plate_2_low","E8","Sample",4,"72hpf",NA,34,1093,""
"1593",20260320,"Resaz_plate2_low_T1_260320_1433",2026-09-02 14:33:00,"T1","26C",2,"plate_2_low","E9","Sample",6,"72hpf",NA,0,3501,"has no volume"
"1594",20260320,"Resaz_plate2_low_T1_260320_1433",2026-09-02 14:33:00,"T1","26C",2,"plate_2_low","E10","Sample",5,"72hpf",NA,85,1015,""
"1595",20260320,"Resaz_plate2_low_T1_260320_1433",2026-09-02 14:33:00,"T1","26C",2,"plate_2_low","E11","Sample",8,"72hpf",NA,94,1090,""
"1596",20260320,"Resaz_plate2_low_T1_260320_1433",2026-09-02 14:33:00,"T1","26C",2,"plate_2_low","E12","Sample",3,"72hpf",NA,0,3421,"has no volume"
"1597",20260320,"Resaz_plate2_low_T1_260320_1433",2026-09-02 14:33:00,"T1","26C",2,"plate_2_low","F1","Sample",54,"72hpf",NA,29,861,""
"1598",20260320,"Resaz_plate2_low_T1_260320_1433",2026-09-02 14:33:00,"T1","26C",2,"plate_2_low","F2","Sample",55,"72hpf",NA,0,3522,"has no volume"
"1599",20260320,"Resaz_plate2_low_T1_260320_1433",2026-09-02 14:33:00,"T1","26C",2,"plate_2_low","F3","Sample",56,"72hpf",NA,22,916,""
"1600",20260320,"Resaz_plate2_low_T1_260320_1433",2026-09-02 14:33:00,"T1","26C",2,"plate_2_low","F4","Sample",57,"72hpf",NA,83,1165,""
"1601",20260320,"Resaz_plate2_low_T1_260320_1433",2026-09-02 14:33:00,"T1","26C",2,"plate_2_low","F5","Sample",53,"72hpf",NA,0,3506,"has no volume"
"1602",20260320,"Resaz_plate2_low_T1_260320_1433",2026-09-02 14:33:00,"T1","26C",2,"plate_2_low","F6","Sample",52,"72hpf",NA,36,1022,""
"1603",20260320,"Resaz_plate2_low_T1_260320_1433",2026-09-02 14:33:00,"T1","26C",2,"plate_2_low","F7","Sample",1,"72hpf",NA,14,2196,"has less volume"
"1604",20260320,"Resaz_plate2_low_T1_260320_1433",2026-09-02 14:33:00,"T1","26C",2,"plate_2_low","F8","Sample",4,"72hpf",NA,42,1034,""
"1605",20260320,"Resaz_plate2_low_T1_260320_1433",2026-09-02 14:33:00,"T1","26C",2,"plate_2_low","F9","Sample",6,"72hpf",NA,0,3522,"has no volume"
"1606",20260320,"Resaz_plate2_low_T1_260320_1433",2026-09-02 14:33:00,"T1","26C",2,"plate_2_low","F10","Sample",5,"72hpf",NA,71,925,""
"1607",20260320,"Resaz_plate2_low_T1_260320_1433",2026-09-02 14:33:00,"T1","26C",2,"plate_2_low","F11","Sample",8,"72hpf",NA,76,981,""
"1608",20260320,"Resaz_plate2_low_T1_260320_1433",2026-09-02 14:33:00,"T1","26C",2,"plate_2_low","F12","Sample",3,"72hpf",NA,52,968,""
"1609",20260320,"Resaz_plate2_low_T1_260320_1433",2026-09-02 14:33:00,"T1","26C",2,"plate_2_low","G1","Sample",54,"72hpf",NA,31,857,""
"1610",20260320,"Resaz_plate2_low_T1_260320_1433",2026-09-02 14:33:00,"T1","26C",2,"plate_2_low","G2","Sample",55,"72hpf",NA,115,1013,""
"1611",20260320,"Resaz_plate2_low_T1_260320_1433",2026-09-02 14:33:00,"T1","26C",2,"plate_2_low","G3","Sample",56,"72hpf",NA,0,3488,""
"1612",20260320,"Resaz_plate2_low_T1_260320_1433",2026-09-02 14:33:00,"T1","26C",2,"plate_2_low","G4","Sample",57,"72hpf",NA,82,1086,""
"1613",20260320,"Resaz_plate2_low_T1_260320_1433",2026-09-02 14:33:00,"T1","26C",2,"plate_2_low","G5","Sample",53,"72hpf",NA,0,3514,""
"1614",20260320,"Resaz_plate2_low_T1_260320_1433",2026-09-02 14:33:00,"T1","26C",2,"plate_2_low","G6","Sample",52,"72hpf",NA,49,986,""
"1615",20260320,"Resaz_plate2_low_T1_260320_1433",2026-09-02 14:33:00,"T1","26C",2,"plate_2_low","G7","Sample",1,"72hpf",NA,31,1103,""
"1616",20260320,"Resaz_plate2_low_T1_260320_1433",2026-09-02 14:33:00,"T1","26C",2,"plate_2_low","G8","Sample",4,"72hpf",NA,0,3523,""
"1617",20260320,"Resaz_plate2_low_T1_260320_1433",2026-09-02 14:33:00,"T1","26C",2,"plate_2_low","G9","Sample",6,"72hpf",NA,0,3469,""
"1618",20260320,"Resaz_plate2_low_T1_260320_1433",2026-09-02 14:33:00,"T1","26C",2,"plate_2_low","G10","Sample",5,"72hpf",NA,99,970,""
"1619",20260320,"Resaz_plate2_low_T1_260320_1433",2026-09-02 14:33:00,"T1","26C",2,"plate_2_low","G11","Sample",8,"72hpf",NA,78,969,""
"1620",20260320,"Resaz_plate2_low_T1_260320_1433",2026-09-02 14:33:00,"T1","26C",2,"plate_2_low","G12","Sample",3,"72hpf",NA,40,1158,""
"1621",20260320,"Resaz_plate2_low_T1_260320_1433",2026-09-02 14:33:00,"T1","26C",2,"plate_2_low","H1","Blank",NA,"72hpf",NA,NA,776,""
"1622",20260320,"Resaz_plate2_low_T1_260320_1433",2026-09-02 14:33:00,"T1","26C",2,"plate_2_low","H2","Blank",NA,"72hpf",NA,NA,939,""
"1623",20260320,"Resaz_plate2_low_T1_260320_1433",2026-09-02 14:33:00,"T1","26C",2,"plate_2_low","H3","Blank",NA,"72hpf",NA,NA,924,""
"1624",20260320,"Resaz_plate2_low_T1_260320_1433",2026-09-02 14:33:00,"T1","26C",2,"plate_2_low","H4","Blank",NA,"72hpf",NA,NA,1031,""
"1625",20260320,"Resaz_plate2_low_T1_260320_1433",2026-09-02 14:33:00,"T1","26C",2,"plate_2_low","H5","Blank",NA,"72hpf",NA,NA,954,""
"1626",20260320,"Resaz_plate2_low_T1_260320_1433",2026-09-02 14:33:00,"T1","26C",2,"plate_2_low","H6","Blank",NA,"72hpf",NA,NA,1036,""
"1627",20260320,"Resaz_plate2_low_T1_260320_1433",2026-09-02 14:33:00,"T1","26C",2,"plate_2_low","H7","Blank",NA,"72hpf",NA,NA,986,""
"1628",20260320,"Resaz_plate2_low_T1_260320_1433",2026-09-02 14:33:00,"T1","26C",2,"plate_2_low","H8","Blank",NA,"72hpf",NA,NA,1004,""
"1629",20260320,"Resaz_plate2_low_T1_260320_1433",2026-09-02 14:33:00,"T1","26C",2,"plate_2_low","H9","Blank",NA,"72hpf",NA,NA,979,""
"1630",20260320,"Resaz_plate2_low_T1_260320_1433",2026-09-02 14:33:00,"T1","26C",2,"plate_2_low","H10","Blank",NA,"72hpf",NA,NA,928,""
"1631",20260320,"Resaz_plate2_low_T1_260320_1433",2026-09-02 14:33:00,"T1","26C",2,"plate_2_low","H11","Blank",NA,"72hpf",NA,NA,928,""
"1632",20260320,"Resaz_plate2_low_T1_260320_1433",2026-09-02 14:33:00,"T1","26C",2,"plate_2_low","H12","Blank",NA,"72hpf",NA,NA,925,""
"1633",20260320,"Resaz_plate2_low_T2_260320_1544",2026-09-02 15:44:00,"T2","26C",2,"plate_2_low","A1","Sample",54,"72hpf",NA,24,1001,""
"1634",20260320,"Resaz_plate2_low_T2_260320_1544",2026-09-02 15:44:00,"T2","26C",2,"plate_2_low","A2","Sample",55,"72hpf",NA,80,1156,""
"1635",20260320,"Resaz_plate2_low_T2_260320_1544",2026-09-02 15:44:00,"T2","26C",2,"plate_2_low","A3","Sample",56,"72hpf",NA,15,905,""
"1636",20260320,"Resaz_plate2_low_T2_260320_1544",2026-09-02 15:44:00,"T2","26C",2,"plate_2_low","A4","Sample",57,"72hpf",NA,84,1159,""
"1637",20260320,"Resaz_plate2_low_T2_260320_1544",2026-09-02 15:44:00,"T2","26C",2,"plate_2_low","A5","Sample",53,"72hpf",NA,61,1105,""
"1638",20260320,"Resaz_plate2_low_T2_260320_1544",2026-09-02 15:44:00,"T2","26C",2,"plate_2_low","A6","Sample",52,"72hpf",NA,46,1121,""
"1639",20260320,"Resaz_plate2_low_T2_260320_1544",2026-09-02 15:44:00,"T2","26C",2,"plate_2_low","A7","Sample",1,"72hpf",NA,11,1046,""
"1640",20260320,"Resaz_plate2_low_T2_260320_1544",2026-09-02 15:44:00,"T2","26C",2,"plate_2_low","A8","Sample",4,"72hpf",NA,16,1018,""
"1641",20260320,"Resaz_plate2_low_T2_260320_1544",2026-09-02 15:44:00,"T2","26C",2,"plate_2_low","A9","Sample",6,"72hpf",NA,36,1035,""
"1642",20260320,"Resaz_plate2_low_T2_260320_1544",2026-09-02 15:44:00,"T2","26C",2,"plate_2_low","A10","Sample",5,"72hpf",NA,48,1424,"has no volume"
"1643",20260320,"Resaz_plate2_low_T2_260320_1544",2026-09-02 15:44:00,"T2","26C",2,"plate_2_low","A11","Sample",8,"72hpf",NA,19,1409,"has no volume"
"1644",20260320,"Resaz_plate2_low_T2_260320_1544",2026-09-02 15:44:00,"T2","26C",2,"plate_2_low","A12","Sample",3,"72hpf",NA,7,1602,"has no volume"
"1645",20260320,"Resaz_plate2_low_T2_260320_1544",2026-09-02 15:44:00,"T2","26C",2,"plate_2_low","B1","Sample",54,"72hpf",NA,9,967,""
"1646",20260320,"Resaz_plate2_low_T2_260320_1544",2026-09-02 15:44:00,"T2","26C",2,"plate_2_low","B2","Sample",55,"72hpf",NA,66,1132,""
"1647",20260320,"Resaz_plate2_low_T2_260320_1544",2026-09-02 15:44:00,"T2","26C",2,"plate_2_low","B3","Sample",56,"72hpf",NA,0,3507,"has no volume"
"1648",20260320,"Resaz_plate2_low_T2_260320_1544",2026-09-02 15:44:00,"T2","26C",2,"plate_2_low","B4","Sample",57,"72hpf",NA,65,1055,""
"1649",20260320,"Resaz_plate2_low_T2_260320_1544",2026-09-02 15:44:00,"T2","26C",2,"plate_2_low","B5","Sample",53,"72hpf",NA,56,1100,""
"1650",20260320,"Resaz_plate2_low_T2_260320_1544",2026-09-02 15:44:00,"T2","26C",2,"plate_2_low","B6","Sample",52,"72hpf",NA,49,1152,""
"1651",20260320,"Resaz_plate2_low_T2_260320_1544",2026-09-02 15:44:00,"T2","26C",2,"plate_2_low","B7","Sample",1,"72hpf",NA,26,1121,""
"1652",20260320,"Resaz_plate2_low_T2_260320_1544",2026-09-02 15:44:00,"T2","26C",2,"plate_2_low","B8","Sample",4,"72hpf",NA,0,3536,"has no volume"
"1653",20260320,"Resaz_plate2_low_T2_260320_1544",2026-09-02 15:44:00,"T2","26C",2,"plate_2_low","B9","Sample",6,"72hpf",NA,34,970,""
"1654",20260320,"Resaz_plate2_low_T2_260320_1544",2026-09-02 15:44:00,"T2","26C",2,"plate_2_low","B10","Sample",5,"72hpf",NA,54,1777,"has less volume"
"1655",20260320,"Resaz_plate2_low_T2_260320_1544",2026-09-02 15:44:00,"T2","26C",2,"plate_2_low","B11","Sample",8,"72hpf",NA,0,3419,"has no volume"
"1656",20260320,"Resaz_plate2_low_T2_260320_1544",2026-09-02 15:44:00,"T2","26C",2,"plate_2_low","B12","Sample",3,"72hpf",NA,1,3462,"has no volume"
"1657",20260320,"Resaz_plate2_low_T2_260320_1544",2026-09-02 15:44:00,"T2","26C",2,"plate_2_low","C1","Sample",54,"72hpf",NA,9,952,""
"1658",20260320,"Resaz_plate2_low_T2_260320_1544",2026-09-02 15:44:00,"T2","26C",2,"plate_2_low","C2","Sample",55,"72hpf",NA,68,1246,""
"1659",20260320,"Resaz_plate2_low_T2_260320_1544",2026-09-02 15:44:00,"T2","26C",2,"plate_2_low","C3","Sample",56,"72hpf",NA,35,1072,""
"1660",20260320,"Resaz_plate2_low_T2_260320_1544",2026-09-02 15:44:00,"T2","26C",2,"plate_2_low","C4","Sample",57,"72hpf",NA,98,1158,""
"1661",20260320,"Resaz_plate2_low_T2_260320_1544",2026-09-02 15:44:00,"T2","26C",2,"plate_2_low","C5","Sample",53,"72hpf",NA,70,1153,""
"1662",20260320,"Resaz_plate2_low_T2_260320_1544",2026-09-02 15:44:00,"T2","26C",2,"plate_2_low","C6","Sample",52,"72hpf",NA,43,1121,""
"1663",20260320,"Resaz_plate2_low_T2_260320_1544",2026-09-02 15:44:00,"T2","26C",2,"plate_2_low","C7","Sample",1,"72hpf",NA,36,1262,""
"1664",20260320,"Resaz_plate2_low_T2_260320_1544",2026-09-02 15:44:00,"T2","26C",2,"plate_2_low","C8","Sample",4,"72hpf",NA,35,2331,"has less volume"
"1665",20260320,"Resaz_plate2_low_T2_260320_1544",2026-09-02 15:44:00,"T2","26C",2,"plate_2_low","C9","Sample",6,"72hpf",NA,4,956,""
"1666",20260320,"Resaz_plate2_low_T2_260320_1544",2026-09-02 15:44:00,"T2","26C",2,"plate_2_low","C10","Sample",5,"72hpf",NA,23,1159,""
"1667",20260320,"Resaz_plate2_low_T2_260320_1544",2026-09-02 15:44:00,"T2","26C",2,"plate_2_low","C11","Sample",8,"72hpf",NA,112,1113,""
"1668",20260320,"Resaz_plate2_low_T2_260320_1544",2026-09-02 15:44:00,"T2","26C",2,"plate_2_low","C12","Sample",3,"72hpf",NA,0,3468,"has no volume"
"1669",20260320,"Resaz_plate2_low_T2_260320_1544",2026-09-02 15:44:00,"T2","26C",2,"plate_2_low","D1","Sample",54,"72hpf",NA,6,857,""
"1670",20260320,"Resaz_plate2_low_T2_260320_1544",2026-09-02 15:44:00,"T2","26C",2,"plate_2_low","D2","Sample",55,"72hpf",NA,96,1171,""
"1671",20260320,"Resaz_plate2_low_T2_260320_1544",2026-09-02 15:44:00,"T2","26C",2,"plate_2_low","D3","Sample",56,"72hpf",NA,1,3511,"has no volume"
"1672",20260320,"Resaz_plate2_low_T2_260320_1544",2026-09-02 15:44:00,"T2","26C",2,"plate_2_low","D4","Sample",57,"72hpf",NA,1,1066,""
"1673",20260320,"Resaz_plate2_low_T2_260320_1544",2026-09-02 15:44:00,"T2","26C",2,"plate_2_low","D5","Sample",53,"72hpf",NA,74,1239,""
"1674",20260320,"Resaz_plate2_low_T2_260320_1544",2026-09-02 15:44:00,"T2","26C",2,"plate_2_low","D6","Sample",52,"72hpf",NA,0,3544,"has no volume"
"1675",20260320,"Resaz_plate2_low_T2_260320_1544",2026-09-02 15:44:00,"T2","26C",2,"plate_2_low","D7","Sample",1,"72hpf",NA,67,1210,""
"1676",20260320,"Resaz_plate2_low_T2_260320_1544",2026-09-02 15:44:00,"T2","26C",2,"plate_2_low","D8","Sample",4,"72hpf",NA,33,1055,""
"1677",20260320,"Resaz_plate2_low_T2_260320_1544",2026-09-02 15:44:00,"T2","26C",2,"plate_2_low","D9","Sample",6,"72hpf",NA,0,3542,"has no volume"
"1678",20260320,"Resaz_plate2_low_T2_260320_1544",2026-09-02 15:44:00,"T2","26C",2,"plate_2_low","D10","Sample",5,"72hpf",NA,69,1087,""
"1679",20260320,"Resaz_plate2_low_T2_260320_1544",2026-09-02 15:44:00,"T2","26C",2,"plate_2_low","D11","Sample",8,"72hpf",NA,92,1127,""
"1680",20260320,"Resaz_plate2_low_T2_260320_1544",2026-09-02 15:44:00,"T2","26C",2,"plate_2_low","D12","Sample",3,"72hpf",NA,0,3428,"has no volume"
"1681",20260320,"Resaz_plate2_low_T2_260320_1544",2026-09-02 15:44:00,"T2","26C",2,"plate_2_low","E1","Sample",54,"72hpf",NA,33,933,""
"1682",20260320,"Resaz_plate2_low_T2_260320_1544",2026-09-02 15:44:00,"T2","26C",2,"plate_2_low","E2","Sample",55,"72hpf",NA,116,1195,""
"1683",20260320,"Resaz_plate2_low_T2_260320_1544",2026-09-02 15:44:00,"T2","26C",2,"plate_2_low","E3","Sample",56,"72hpf",NA,18,994,""
"1684",20260320,"Resaz_plate2_low_T2_260320_1544",2026-09-02 15:44:00,"T2","26C",2,"plate_2_low","E4","Sample",57,"72hpf",NA,84,1238,""
"1685",20260320,"Resaz_plate2_low_T2_260320_1544",2026-09-02 15:44:00,"T2","26C",2,"plate_2_low","E5","Sample",53,"72hpf",NA,68,1282,""
"1686",20260320,"Resaz_plate2_low_T2_260320_1544",2026-09-02 15:44:00,"T2","26C",2,"plate_2_low","E6","Sample",52,"72hpf",NA,43,1183,""
"1687",20260320,"Resaz_plate2_low_T2_260320_1544",2026-09-02 15:44:00,"T2","26C",2,"plate_2_low","E7","Sample",1,"72hpf",NA,64,1128,""
"1688",20260320,"Resaz_plate2_low_T2_260320_1544",2026-09-02 15:44:00,"T2","26C",2,"plate_2_low","E8","Sample",4,"72hpf",NA,34,1153,""
"1689",20260320,"Resaz_plate2_low_T2_260320_1544",2026-09-02 15:44:00,"T2","26C",2,"plate_2_low","E9","Sample",6,"72hpf",NA,0,3534,"has no volume"
"1690",20260320,"Resaz_plate2_low_T2_260320_1544",2026-09-02 15:44:00,"T2","26C",2,"plate_2_low","E10","Sample",5,"72hpf",NA,85,1091,""
"1691",20260320,"Resaz_plate2_low_T2_260320_1544",2026-09-02 15:44:00,"T2","26C",2,"plate_2_low","E11","Sample",8,"72hpf",NA,94,1226,""
"1692",20260320,"Resaz_plate2_low_T2_260320_1544",2026-09-02 15:44:00,"T2","26C",2,"plate_2_low","E12","Sample",3,"72hpf",NA,0,3484,"has no volume"
"1693",20260320,"Resaz_plate2_low_T2_260320_1544",2026-09-02 15:44:00,"T2","26C",2,"plate_2_low","F1","Sample",54,"72hpf",NA,29,918,""
"1694",20260320,"Resaz_plate2_low_T2_260320_1544",2026-09-02 15:44:00,"T2","26C",2,"plate_2_low","F2","Sample",55,"72hpf",NA,0,3546,"has no volume"
"1695",20260320,"Resaz_plate2_low_T2_260320_1544",2026-09-02 15:44:00,"T2","26C",2,"plate_2_low","F3","Sample",56,"72hpf",NA,22,973,""
"1696",20260320,"Resaz_plate2_low_T2_260320_1544",2026-09-02 15:44:00,"T2","26C",2,"plate_2_low","F4","Sample",57,"72hpf",NA,83,1281,""
"1697",20260320,"Resaz_plate2_low_T2_260320_1544",2026-09-02 15:44:00,"T2","26C",2,"plate_2_low","F5","Sample",53,"72hpf",NA,0,3539,"has no volume"
"1698",20260320,"Resaz_plate2_low_T2_260320_1544",2026-09-02 15:44:00,"T2","26C",2,"plate_2_low","F6","Sample",52,"72hpf",NA,36,1071,""
"1699",20260320,"Resaz_plate2_low_T2_260320_1544",2026-09-02 15:44:00,"T2","26C",2,"plate_2_low","F7","Sample",1,"72hpf",NA,14,2287,"has less volume"
"1700",20260320,"Resaz_plate2_low_T2_260320_1544",2026-09-02 15:44:00,"T2","26C",2,"plate_2_low","F8","Sample",4,"72hpf",NA,42,1093,""
"1701",20260320,"Resaz_plate2_low_T2_260320_1544",2026-09-02 15:44:00,"T2","26C",2,"plate_2_low","F9","Sample",6,"72hpf",NA,0,3547,"has no volume"
"1702",20260320,"Resaz_plate2_low_T2_260320_1544",2026-09-02 15:44:00,"T2","26C",2,"plate_2_low","F10","Sample",5,"72hpf",NA,71,992,""
"1703",20260320,"Resaz_plate2_low_T2_260320_1544",2026-09-02 15:44:00,"T2","26C",2,"plate_2_low","F11","Sample",8,"72hpf",NA,76,1092,""
"1704",20260320,"Resaz_plate2_low_T2_260320_1544",2026-09-02 15:44:00,"T2","26C",2,"plate_2_low","F12","Sample",3,"72hpf",NA,52,1042,""
"1705",20260320,"Resaz_plate2_low_T2_260320_1544",2026-09-02 15:44:00,"T2","26C",2,"plate_2_low","G1","Sample",54,"72hpf",NA,31,912,""
"1706",20260320,"Resaz_plate2_low_T2_260320_1544",2026-09-02 15:44:00,"T2","26C",2,"plate_2_low","G2","Sample",55,"72hpf",NA,115,1121,""
"1707",20260320,"Resaz_plate2_low_T2_260320_1544",2026-09-02 15:44:00,"T2","26C",2,"plate_2_low","G3","Sample",56,"72hpf",NA,0,3524,""
"1708",20260320,"Resaz_plate2_low_T2_260320_1544",2026-09-02 15:44:00,"T2","26C",2,"plate_2_low","G4","Sample",57,"72hpf",NA,82,1174,""
"1709",20260320,"Resaz_plate2_low_T2_260320_1544",2026-09-02 15:44:00,"T2","26C",2,"plate_2_low","G5","Sample",53,"72hpf",NA,0,3535,""
"1710",20260320,"Resaz_plate2_low_T2_260320_1544",2026-09-02 15:44:00,"T2","26C",2,"plate_2_low","G6","Sample",52,"72hpf",NA,49,1042,""
"1711",20260320,"Resaz_plate2_low_T2_260320_1544",2026-09-02 15:44:00,"T2","26C",2,"plate_2_low","G7","Sample",1,"72hpf",NA,31,1172,""
"1712",20260320,"Resaz_plate2_low_T2_260320_1544",2026-09-02 15:44:00,"T2","26C",2,"plate_2_low","G8","Sample",4,"72hpf",NA,0,3550,""
"1713",20260320,"Resaz_plate2_low_T2_260320_1544",2026-09-02 15:44:00,"T2","26C",2,"plate_2_low","G9","Sample",6,"72hpf",NA,0,3516,""
"1714",20260320,"Resaz_plate2_low_T2_260320_1544",2026-09-02 15:44:00,"T2","26C",2,"plate_2_low","G10","Sample",5,"72hpf",NA,99,1086,""
"1715",20260320,"Resaz_plate2_low_T2_260320_1544",2026-09-02 15:44:00,"T2","26C",2,"plate_2_low","G11","Sample",8,"72hpf",NA,78,1078,""
"1716",20260320,"Resaz_plate2_low_T2_260320_1544",2026-09-02 15:44:00,"T2","26C",2,"plate_2_low","G12","Sample",3,"72hpf",NA,40,1245,""
"1717",20260320,"Resaz_plate2_low_T2_260320_1544",2026-09-02 15:44:00,"T2","26C",2,"plate_2_low","H1","Blank",NA,"72hpf",NA,NA,817,""
"1718",20260320,"Resaz_plate2_low_T2_260320_1544",2026-09-02 15:44:00,"T2","26C",2,"plate_2_low","H2","Blank",NA,"72hpf",NA,NA,970,""
"1719",20260320,"Resaz_plate2_low_T2_260320_1544",2026-09-02 15:44:00,"T2","26C",2,"plate_2_low","H3","Blank",NA,"72hpf",NA,NA,956,""
"1720",20260320,"Resaz_plate2_low_T2_260320_1544",2026-09-02 15:44:00,"T2","26C",2,"plate_2_low","H4","Blank",NA,"72hpf",NA,NA,1075,""
"1721",20260320,"Resaz_plate2_low_T2_260320_1544",2026-09-02 15:44:00,"T2","26C",2,"plate_2_low","H5","Blank",NA,"72hpf",NA,NA,1013,""
"1722",20260320,"Resaz_plate2_low_T2_260320_1544",2026-09-02 15:44:00,"T2","26C",2,"plate_2_low","H6","Blank",NA,"72hpf",NA,NA,1101,""
"1723",20260320,"Resaz_plate2_low_T2_260320_1544",2026-09-02 15:44:00,"T2","26C",2,"plate_2_low","H7","Blank",NA,"72hpf",NA,NA,1052,""
"1724",20260320,"Resaz_plate2_low_T2_260320_1544",2026-09-02 15:44:00,"T2","26C",2,"plate_2_low","H8","Blank",NA,"72hpf",NA,NA,1067,""
"1725",20260320,"Resaz_plate2_low_T2_260320_1544",2026-09-02 15:44:00,"T2","26C",2,"plate_2_low","H9","Blank",NA,"72hpf",NA,NA,1031,""
"1726",20260320,"Resaz_plate2_low_T2_260320_1544",2026-09-02 15:44:00,"T2","26C",2,"plate_2_low","H10","Blank",NA,"72hpf",NA,NA,971,""
"1727",20260320,"Resaz_plate2_low_T2_260320_1544",2026-09-02 15:44:00,"T2","26C",2,"plate_2_low","H11","Blank",NA,"72hpf",NA,NA,969,""
"1728",20260320,"Resaz_plate2_low_T2_260320_1544",2026-09-02 15:44:00,"T2","26C",2,"plate_2_low","H12","Blank",NA,"72hpf",NA,NA,954,""
"1729",20260320,"Resaz_plate2_low_T3_260320_1653",2026-09-02 16:53:00,"T3","26C",2,"plate_2_low","A1","Sample",54,"72hpf",NA,24,1043,""
"1730",20260320,"Resaz_plate2_low_T3_260320_1653",2026-09-02 16:53:00,"T3","26C",2,"plate_2_low","A2","Sample",55,"72hpf",NA,80,1229,""
"1731",20260320,"Resaz_plate2_low_T3_260320_1653",2026-09-02 16:53:00,"T3","26C",2,"plate_2_low","A3","Sample",56,"72hpf",NA,15,931,""
"1732",20260320,"Resaz_plate2_low_T3_260320_1653",2026-09-02 16:53:00,"T3","26C",2,"plate_2_low","A4","Sample",57,"72hpf",NA,84,1239,""
"1733",20260320,"Resaz_plate2_low_T3_260320_1653",2026-09-02 16:53:00,"T3","26C",2,"plate_2_low","A5","Sample",53,"72hpf",NA,61,1166,""
"1734",20260320,"Resaz_plate2_low_T3_260320_1653",2026-09-02 16:53:00,"T3","26C",2,"plate_2_low","A6","Sample",52,"72hpf",NA,46,1171,""
"1735",20260320,"Resaz_plate2_low_T3_260320_1653",2026-09-02 16:53:00,"T3","26C",2,"plate_2_low","A7","Sample",1,"72hpf",NA,11,1075,""
"1736",20260320,"Resaz_plate2_low_T3_260320_1653",2026-09-02 16:53:00,"T3","26C",2,"plate_2_low","A8","Sample",4,"72hpf",NA,16,1051,""
"1737",20260320,"Resaz_plate2_low_T3_260320_1653",2026-09-02 16:53:00,"T3","26C",2,"plate_2_low","A9","Sample",6,"72hpf",NA,36,1078,""
"1738",20260320,"Resaz_plate2_low_T3_260320_1653",2026-09-02 16:53:00,"T3","26C",2,"plate_2_low","A10","Sample",5,"72hpf",NA,48,1493,"has no volume"
"1739",20260320,"Resaz_plate2_low_T3_260320_1653",2026-09-02 16:53:00,"T3","26C",2,"plate_2_low","A11","Sample",8,"72hpf",NA,19,1452,"has no volume"
"1740",20260320,"Resaz_plate2_low_T3_260320_1653",2026-09-02 16:53:00,"T3","26C",2,"plate_2_low","A12","Sample",3,"72hpf",NA,7,1634,"has no volume"
"1741",20260320,"Resaz_plate2_low_T3_260320_1653",2026-09-02 16:53:00,"T3","26C",2,"plate_2_low","B1","Sample",54,"72hpf",NA,9,983,""
"1742",20260320,"Resaz_plate2_low_T3_260320_1653",2026-09-02 16:53:00,"T3","26C",2,"plate_2_low","B2","Sample",55,"72hpf",NA,66,1181,""
"1743",20260320,"Resaz_plate2_low_T3_260320_1653",2026-09-02 16:53:00,"T3","26C",2,"plate_2_low","B3","Sample",56,"72hpf",NA,0,3522,"has no volume"
"1744",20260320,"Resaz_plate2_low_T3_260320_1653",2026-09-02 16:53:00,"T3","26C",2,"plate_2_low","B4","Sample",57,"72hpf",NA,65,1099,""
"1745",20260320,"Resaz_plate2_low_T3_260320_1653",2026-09-02 16:53:00,"T3","26C",2,"plate_2_low","B5","Sample",53,"72hpf",NA,56,1147,""
"1746",20260320,"Resaz_plate2_low_T3_260320_1653",2026-09-02 16:53:00,"T3","26C",2,"plate_2_low","B6","Sample",52,"72hpf",NA,49,1201,""
"1747",20260320,"Resaz_plate2_low_T3_260320_1653",2026-09-02 16:53:00,"T3","26C",2,"plate_2_low","B7","Sample",1,"72hpf",NA,26,1156,""
"1748",20260320,"Resaz_plate2_low_T3_260320_1653",2026-09-02 16:53:00,"T3","26C",2,"plate_2_low","B8","Sample",4,"72hpf",NA,0,3557,"has no volume"
"1749",20260320,"Resaz_plate2_low_T3_260320_1653",2026-09-02 16:53:00,"T3","26C",2,"plate_2_low","B9","Sample",6,"72hpf",NA,34,1005,""
"1750",20260320,"Resaz_plate2_low_T3_260320_1653",2026-09-02 16:53:00,"T3","26C",2,"plate_2_low","B10","Sample",5,"72hpf",NA,54,1859,"has less volume"
"1751",20260320,"Resaz_plate2_low_T3_260320_1653",2026-09-02 16:53:00,"T3","26C",2,"plate_2_low","B11","Sample",8,"72hpf",NA,0,3407,"has no volume"
"1752",20260320,"Resaz_plate2_low_T3_260320_1653",2026-09-02 16:53:00,"T3","26C",2,"plate_2_low","B12","Sample",3,"72hpf",NA,1,3484,"has no volume"
"1753",20260320,"Resaz_plate2_low_T3_260320_1653",2026-09-02 16:53:00,"T3","26C",2,"plate_2_low","C1","Sample",54,"72hpf",NA,9,968,""
"1754",20260320,"Resaz_plate2_low_T3_260320_1653",2026-09-02 16:53:00,"T3","26C",2,"plate_2_low","C2","Sample",55,"72hpf",NA,68,1295,""
"1755",20260320,"Resaz_plate2_low_T3_260320_1653",2026-09-02 16:53:00,"T3","26C",2,"plate_2_low","C3","Sample",56,"72hpf",NA,35,1110,""
"1756",20260320,"Resaz_plate2_low_T3_260320_1653",2026-09-02 16:53:00,"T3","26C",2,"plate_2_low","C4","Sample",57,"72hpf",NA,98,1228,""
"1757",20260320,"Resaz_plate2_low_T3_260320_1653",2026-09-02 16:53:00,"T3","26C",2,"plate_2_low","C5","Sample",53,"72hpf",NA,70,1205,""
"1758",20260320,"Resaz_plate2_low_T3_260320_1653",2026-09-02 16:53:00,"T3","26C",2,"plate_2_low","C6","Sample",52,"72hpf",NA,43,1154,""
"1759",20260320,"Resaz_plate2_low_T3_260320_1653",2026-09-02 16:53:00,"T3","26C",2,"plate_2_low","C7","Sample",1,"72hpf",NA,36,1307,""
"1760",20260320,"Resaz_plate2_low_T3_260320_1653",2026-09-02 16:53:00,"T3","26C",2,"plate_2_low","C8","Sample",4,"72hpf",NA,35,2410,"has less volume"
"1761",20260320,"Resaz_plate2_low_T3_260320_1653",2026-09-02 16:53:00,"T3","26C",2,"plate_2_low","C9","Sample",6,"72hpf",NA,4,965,""
"1762",20260320,"Resaz_plate2_low_T3_260320_1653",2026-09-02 16:53:00,"T3","26C",2,"plate_2_low","C10","Sample",5,"72hpf",NA,23,1186,""
"1763",20260320,"Resaz_plate2_low_T3_260320_1653",2026-09-02 16:53:00,"T3","26C",2,"plate_2_low","C11","Sample",8,"72hpf",NA,112,1204,""
"1764",20260320,"Resaz_plate2_low_T3_260320_1653",2026-09-02 16:53:00,"T3","26C",2,"plate_2_low","C12","Sample",3,"72hpf",NA,0,3488,"has no volume"
"1765",20260320,"Resaz_plate2_low_T3_260320_1653",2026-09-02 16:53:00,"T3","26C",2,"plate_2_low","D1","Sample",54,"72hpf",NA,6,870,""
"1766",20260320,"Resaz_plate2_low_T3_260320_1653",2026-09-02 16:53:00,"T3","26C",2,"plate_2_low","D2","Sample",55,"72hpf",NA,96,1237,""
"1767",20260320,"Resaz_plate2_low_T3_260320_1653",2026-09-02 16:53:00,"T3","26C",2,"plate_2_low","D3","Sample",56,"72hpf",NA,1,3531,"has no volume"
"1768",20260320,"Resaz_plate2_low_T3_260320_1653",2026-09-02 16:53:00,"T3","26C",2,"plate_2_low","D4","Sample",57,"72hpf",NA,1,1078,""
"1769",20260320,"Resaz_plate2_low_T3_260320_1653",2026-09-02 16:53:00,"T3","26C",2,"plate_2_low","D5","Sample",53,"72hpf",NA,74,1309,""
"1770",20260320,"Resaz_plate2_low_T3_260320_1653",2026-09-02 16:53:00,"T3","26C",2,"plate_2_low","D6","Sample",52,"72hpf",NA,0,3558,"has no volume"
"1771",20260320,"Resaz_plate2_low_T3_260320_1653",2026-09-02 16:53:00,"T3","26C",2,"plate_2_low","D7","Sample",1,"72hpf",NA,67,1274,""
"1772",20260320,"Resaz_plate2_low_T3_260320_1653",2026-09-02 16:53:00,"T3","26C",2,"plate_2_low","D8","Sample",4,"72hpf",NA,33,1090,""
"1773",20260320,"Resaz_plate2_low_T3_260320_1653",2026-09-02 16:53:00,"T3","26C",2,"plate_2_low","D9","Sample",6,"72hpf",NA,0,3563,"has no volume"
"1774",20260320,"Resaz_plate2_low_T3_260320_1653",2026-09-02 16:53:00,"T3","26C",2,"plate_2_low","D10","Sample",5,"72hpf",NA,69,1142,""
"1775",20260320,"Resaz_plate2_low_T3_260320_1653",2026-09-02 16:53:00,"T3","26C",2,"plate_2_low","D11","Sample",8,"72hpf",NA,92,1209,""
"1776",20260320,"Resaz_plate2_low_T3_260320_1653",2026-09-02 16:53:00,"T3","26C",2,"plate_2_low","D12","Sample",3,"72hpf",NA,0,3467,"has no volume"
"1777",20260320,"Resaz_plate2_low_T3_260320_1653",2026-09-02 16:53:00,"T3","26C",2,"plate_2_low","E1","Sample",54,"72hpf",NA,33,962,""
"1778",20260320,"Resaz_plate2_low_T3_260320_1653",2026-09-02 16:53:00,"T3","26C",2,"plate_2_low","E2","Sample",55,"72hpf",NA,116,1260,""
"1779",20260320,"Resaz_plate2_low_T3_260320_1653",2026-09-02 16:53:00,"T3","26C",2,"plate_2_low","E3","Sample",56,"72hpf",NA,18,1014,""
"1780",20260320,"Resaz_plate2_low_T3_260320_1653",2026-09-02 16:53:00,"T3","26C",2,"plate_2_low","E4","Sample",57,"72hpf",NA,84,1301,""
"1781",20260320,"Resaz_plate2_low_T3_260320_1653",2026-09-02 16:53:00,"T3","26C",2,"plate_2_low","E5","Sample",53,"72hpf",NA,68,1340,""
"1782",20260320,"Resaz_plate2_low_T3_260320_1653",2026-09-02 16:53:00,"T3","26C",2,"plate_2_low","E6","Sample",52,"72hpf",NA,43,1223,""
"1783",20260320,"Resaz_plate2_low_T3_260320_1653",2026-09-02 16:53:00,"T3","26C",2,"plate_2_low","E7","Sample",1,"72hpf",NA,64,1183,""
"1784",20260320,"Resaz_plate2_low_T3_260320_1653",2026-09-02 16:53:00,"T3","26C",2,"plate_2_low","E8","Sample",4,"72hpf",NA,34,1191,""
"1785",20260320,"Resaz_plate2_low_T3_260320_1653",2026-09-02 16:53:00,"T3","26C",2,"plate_2_low","E9","Sample",6,"72hpf",NA,0,3554,"has no volume"
"1786",20260320,"Resaz_plate2_low_T3_260320_1653",2026-09-02 16:53:00,"T3","26C",2,"plate_2_low","E10","Sample",5,"72hpf",NA,85,1157,""
"1787",20260320,"Resaz_plate2_low_T3_260320_1653",2026-09-02 16:53:00,"T3","26C",2,"plate_2_low","E11","Sample",8,"72hpf",NA,94,1318,""
"1788",20260320,"Resaz_plate2_low_T3_260320_1653",2026-09-02 16:53:00,"T3","26C",2,"plate_2_low","E12","Sample",3,"72hpf",NA,0,3506,"has no volume"
"1789",20260320,"Resaz_plate2_low_T3_260320_1653",2026-09-02 16:53:00,"T3","26C",2,"plate_2_low","F1","Sample",54,"72hpf",NA,29,946,""
"1790",20260320,"Resaz_plate2_low_T3_260320_1653",2026-09-02 16:53:00,"T3","26C",2,"plate_2_low","F2","Sample",55,"72hpf",NA,0,3563,"has no volume"
"1791",20260320,"Resaz_plate2_low_T3_260320_1653",2026-09-02 16:53:00,"T3","26C",2,"plate_2_low","F3","Sample",56,"72hpf",NA,22,991,""
"1792",20260320,"Resaz_plate2_low_T3_260320_1653",2026-09-02 16:53:00,"T3","26C",2,"plate_2_low","F4","Sample",57,"72hpf",NA,83,1352,""
"1793",20260320,"Resaz_plate2_low_T3_260320_1653",2026-09-02 16:53:00,"T3","26C",2,"plate_2_low","F5","Sample",53,"72hpf",NA,0,3559,"has no volume"
"1794",20260320,"Resaz_plate2_low_T3_260320_1653",2026-09-02 16:53:00,"T3","26C",2,"plate_2_low","F6","Sample",52,"72hpf",NA,36,1107,""
"1795",20260320,"Resaz_plate2_low_T3_260320_1653",2026-09-02 16:53:00,"T3","26C",2,"plate_2_low","F7","Sample",1,"72hpf",NA,14,2342,"has less volume"
"1796",20260320,"Resaz_plate2_low_T3_260320_1653",2026-09-02 16:53:00,"T3","26C",2,"plate_2_low","F8","Sample",4,"72hpf",NA,42,1135,""
"1797",20260320,"Resaz_plate2_low_T3_260320_1653",2026-09-02 16:53:00,"T3","26C",2,"plate_2_low","F9","Sample",6,"72hpf",NA,0,3562,"has no volume"
"1798",20260320,"Resaz_plate2_low_T3_260320_1653",2026-09-02 16:53:00,"T3","26C",2,"plate_2_low","F10","Sample",5,"72hpf",NA,71,1038,""
"1799",20260320,"Resaz_plate2_low_T3_260320_1653",2026-09-02 16:53:00,"T3","26C",2,"plate_2_low","F11","Sample",8,"72hpf",NA,76,1171,""
"1800",20260320,"Resaz_plate2_low_T3_260320_1653",2026-09-02 16:53:00,"T3","26C",2,"plate_2_low","F12","Sample",3,"72hpf",NA,52,1094,""
"1801",20260320,"Resaz_plate2_low_T3_260320_1653",2026-09-02 16:53:00,"T3","26C",2,"plate_2_low","G1","Sample",54,"72hpf",NA,31,938,""
"1802",20260320,"Resaz_plate2_low_T3_260320_1653",2026-09-02 16:53:00,"T3","26C",2,"plate_2_low","G2","Sample",55,"72hpf",NA,115,1208,""
"1803",20260320,"Resaz_plate2_low_T3_260320_1653",2026-09-02 16:53:00,"T3","26C",2,"plate_2_low","G3","Sample",56,"72hpf",NA,0,3545,""
"1804",20260320,"Resaz_plate2_low_T3_260320_1653",2026-09-02 16:53:00,"T3","26C",2,"plate_2_low","G4","Sample",57,"72hpf",NA,82,1233,""
"1805",20260320,"Resaz_plate2_low_T3_260320_1653",2026-09-02 16:53:00,"T3","26C",2,"plate_2_low","G5","Sample",53,"72hpf",NA,0,3555,""
"1806",20260320,"Resaz_plate2_low_T3_260320_1653",2026-09-02 16:53:00,"T3","26C",2,"plate_2_low","G6","Sample",52,"72hpf",NA,49,1087,""
"1807",20260320,"Resaz_plate2_low_T3_260320_1653",2026-09-02 16:53:00,"T3","26C",2,"plate_2_low","G7","Sample",1,"72hpf",NA,31,1218,""
"1808",20260320,"Resaz_plate2_low_T3_260320_1653",2026-09-02 16:53:00,"T3","26C",2,"plate_2_low","G8","Sample",4,"72hpf",NA,0,3564,""
"1809",20260320,"Resaz_plate2_low_T3_260320_1653",2026-09-02 16:53:00,"T3","26C",2,"plate_2_low","G9","Sample",6,"72hpf",NA,0,3535,""
"1810",20260320,"Resaz_plate2_low_T3_260320_1653",2026-09-02 16:53:00,"T3","26C",2,"plate_2_low","G10","Sample",5,"72hpf",NA,99,1165,""
"1811",20260320,"Resaz_plate2_low_T3_260320_1653",2026-09-02 16:53:00,"T3","26C",2,"plate_2_low","G11","Sample",8,"72hpf",NA,78,1160,""
"1812",20260320,"Resaz_plate2_low_T3_260320_1653",2026-09-02 16:53:00,"T3","26C",2,"plate_2_low","G12","Sample",3,"72hpf",NA,40,1296,""
"1813",20260320,"Resaz_plate2_low_T3_260320_1653",2026-09-02 16:53:00,"T3","26C",2,"plate_2_low","H1","Blank",NA,"72hpf",NA,NA,835,""
"1814",20260320,"Resaz_plate2_low_T3_260320_1653",2026-09-02 16:53:00,"T3","26C",2,"plate_2_low","H2","Blank",NA,"72hpf",NA,NA,984,""
"1815",20260320,"Resaz_plate2_low_T3_260320_1653",2026-09-02 16:53:00,"T3","26C",2,"plate_2_low","H3","Blank",NA,"72hpf",NA,NA,972,""
"1816",20260320,"Resaz_plate2_low_T3_260320_1653",2026-09-02 16:53:00,"T3","26C",2,"plate_2_low","H4","Blank",NA,"72hpf",NA,NA,1094,""
"1817",20260320,"Resaz_plate2_low_T3_260320_1653",2026-09-02 16:53:00,"T3","26C",2,"plate_2_low","H5","Blank",NA,"72hpf",NA,NA,1034,""
"1818",20260320,"Resaz_plate2_low_T3_260320_1653",2026-09-02 16:53:00,"T3","26C",2,"plate_2_low","H6","Blank",NA,"72hpf",NA,NA,1133,""
"1819",20260320,"Resaz_plate2_low_T3_260320_1653",2026-09-02 16:53:00,"T3","26C",2,"plate_2_low","H7","Blank",NA,"72hpf",NA,NA,1089,""
"1820",20260320,"Resaz_plate2_low_T3_260320_1653",2026-09-02 16:53:00,"T3","26C",2,"plate_2_low","H8","Blank",NA,"72hpf",NA,NA,1112,""
"1821",20260320,"Resaz_plate2_low_T3_260320_1653",2026-09-02 16:53:00,"T3","26C",2,"plate_2_low","H9","Blank",NA,"72hpf",NA,NA,1075,""
"1822",20260320,"Resaz_plate2_low_T3_260320_1653",2026-09-02 16:53:00,"T3","26C",2,"plate_2_low","H10","Blank",NA,"72hpf",NA,NA,1015,""
"1823",20260320,"Resaz_plate2_low_T3_260320_1653",2026-09-02 16:53:00,"T3","26C",2,"plate_2_low","H11","Blank",NA,"72hpf",NA,NA,1012,""
"1824",20260320,"Resaz_plate2_low_T3_260320_1653",2026-09-02 16:53:00,"T3","26C",2,"plate_2_low","H12","Blank",NA,"72hpf",NA,NA,1003,""
"1825",20260320,"Resaz_plate2_low_T4_260320_1754",2026-09-02 17:54:00,"T4","26C",2,"plate_2_low","A1","Sample",54,"72hpf",NA,24,1058,""
"1826",20260320,"Resaz_plate2_low_T4_260320_1754",2026-09-02 17:54:00,"T4","26C",2,"plate_2_low","A2","Sample",55,"72hpf",NA,80,1269,""
"1827",20260320,"Resaz_plate2_low_T4_260320_1754",2026-09-02 17:54:00,"T4","26C",2,"plate_2_low","A3","Sample",56,"72hpf",NA,15,942,""
"1828",20260320,"Resaz_plate2_low_T4_260320_1754",2026-09-02 17:54:00,"T4","26C",2,"plate_2_low","A4","Sample",57,"72hpf",NA,84,1284,""
"1829",20260320,"Resaz_plate2_low_T4_260320_1754",2026-09-02 17:54:00,"T4","26C",2,"plate_2_low","A5","Sample",53,"72hpf",NA,61,1209,""
"1830",20260320,"Resaz_plate2_low_T4_260320_1754",2026-09-02 17:54:00,"T4","26C",2,"plate_2_low","A6","Sample",52,"72hpf",NA,46,1202,""
"1831",20260320,"Resaz_plate2_low_T4_260320_1754",2026-09-02 17:54:00,"T4","26C",2,"plate_2_low","A7","Sample",1,"72hpf",NA,11,1089,""
"1832",20260320,"Resaz_plate2_low_T4_260320_1754",2026-09-02 17:54:00,"T4","26C",2,"plate_2_low","A8","Sample",4,"72hpf",NA,16,1065,""
"1833",20260320,"Resaz_plate2_low_T4_260320_1754",2026-09-02 17:54:00,"T4","26C",2,"plate_2_low","A9","Sample",6,"72hpf",NA,36,1097,""
"1834",20260320,"Resaz_plate2_low_T4_260320_1754",2026-09-02 17:54:00,"T4","26C",2,"plate_2_low","A10","Sample",5,"72hpf",NA,48,1529,"has no volume"
"1835",20260320,"Resaz_plate2_low_T4_260320_1754",2026-09-02 17:54:00,"T4","26C",2,"plate_2_low","A11","Sample",8,"72hpf",NA,19,1480,"has no volume"
"1836",20260320,"Resaz_plate2_low_T4_260320_1754",2026-09-02 17:54:00,"T4","26C",2,"plate_2_low","A12","Sample",3,"72hpf",NA,7,1655,"has no volume"
"1837",20260320,"Resaz_plate2_low_T4_260320_1754",2026-09-02 17:54:00,"T4","26C",2,"plate_2_low","B1","Sample",54,"72hpf",NA,9,998,""
"1838",20260320,"Resaz_plate2_low_T4_260320_1754",2026-09-02 17:54:00,"T4","26C",2,"plate_2_low","B2","Sample",55,"72hpf",NA,66,1219,""
"1839",20260320,"Resaz_plate2_low_T4_260320_1754",2026-09-02 17:54:00,"T4","26C",2,"plate_2_low","B3","Sample",56,"72hpf",NA,0,3532,"has no volume"
"1840",20260320,"Resaz_plate2_low_T4_260320_1754",2026-09-02 17:54:00,"T4","26C",2,"plate_2_low","B4","Sample",57,"72hpf",NA,65,1143,""
"1841",20260320,"Resaz_plate2_low_T4_260320_1754",2026-09-02 17:54:00,"T4","26C",2,"plate_2_low","B5","Sample",53,"72hpf",NA,56,1182,""
"1842",20260320,"Resaz_plate2_low_T4_260320_1754",2026-09-02 17:54:00,"T4","26C",2,"plate_2_low","B6","Sample",52,"72hpf",NA,49,1237,""
"1843",20260320,"Resaz_plate2_low_T4_260320_1754",2026-09-02 17:54:00,"T4","26C",2,"plate_2_low","B7","Sample",1,"72hpf",NA,26,1176,""
"1844",20260320,"Resaz_plate2_low_T4_260320_1754",2026-09-02 17:54:00,"T4","26C",2,"plate_2_low","B8","Sample",4,"72hpf",NA,0,3568,"has no volume"
"1845",20260320,"Resaz_plate2_low_T4_260320_1754",2026-09-02 17:54:00,"T4","26C",2,"plate_2_low","B9","Sample",6,"72hpf",NA,34,1028,""
"1846",20260320,"Resaz_plate2_low_T4_260320_1754",2026-09-02 17:54:00,"T4","26C",2,"plate_2_low","B10","Sample",5,"72hpf",NA,54,1916,"has less volume"
"1847",20260320,"Resaz_plate2_low_T4_260320_1754",2026-09-02 17:54:00,"T4","26C",2,"plate_2_low","B11","Sample",8,"72hpf",NA,0,3421,"has no volume"
"1848",20260320,"Resaz_plate2_low_T4_260320_1754",2026-09-02 17:54:00,"T4","26C",2,"plate_2_low","B12","Sample",3,"72hpf",NA,1,3498,"has no volume"
"1849",20260320,"Resaz_plate2_low_T4_260320_1754",2026-09-02 17:54:00,"T4","26C",2,"plate_2_low","C1","Sample",54,"72hpf",NA,9,981,""
"1850",20260320,"Resaz_plate2_low_T4_260320_1754",2026-09-02 17:54:00,"T4","26C",2,"plate_2_low","C2","Sample",55,"72hpf",NA,68,1337,""
"1851",20260320,"Resaz_plate2_low_T4_260320_1754",2026-09-02 17:54:00,"T4","26C",2,"plate_2_low","C3","Sample",56,"72hpf",NA,35,1140,""
"1852",20260320,"Resaz_plate2_low_T4_260320_1754",2026-09-02 17:54:00,"T4","26C",2,"plate_2_low","C4","Sample",57,"72hpf",NA,98,1290,""
"1853",20260320,"Resaz_plate2_low_T4_260320_1754",2026-09-02 17:54:00,"T4","26C",2,"plate_2_low","C5","Sample",53,"72hpf",NA,70,1259,""
"1854",20260320,"Resaz_plate2_low_T4_260320_1754",2026-09-02 17:54:00,"T4","26C",2,"plate_2_low","C6","Sample",52,"72hpf",NA,43,1195,""
"1855",20260320,"Resaz_plate2_low_T4_260320_1754",2026-09-02 17:54:00,"T4","26C",2,"plate_2_low","C7","Sample",1,"72hpf",NA,36,1341,""
"1856",20260320,"Resaz_plate2_low_T4_260320_1754",2026-09-02 17:54:00,"T4","26C",2,"plate_2_low","C8","Sample",4,"72hpf",NA,35,2487,"has less volume"
"1857",20260320,"Resaz_plate2_low_T4_260320_1754",2026-09-02 17:54:00,"T4","26C",2,"plate_2_low","C9","Sample",6,"72hpf",NA,4,978,""
"1858",20260320,"Resaz_plate2_low_T4_260320_1754",2026-09-02 17:54:00,"T4","26C",2,"plate_2_low","C10","Sample",5,"72hpf",NA,23,1205,""
"1859",20260320,"Resaz_plate2_low_T4_260320_1754",2026-09-02 17:54:00,"T4","26C",2,"plate_2_low","C11","Sample",8,"72hpf",NA,112,1265,""
"1860",20260320,"Resaz_plate2_low_T4_260320_1754",2026-09-02 17:54:00,"T4","26C",2,"plate_2_low","C12","Sample",3,"72hpf",NA,0,3504,"has no volume"
"1861",20260320,"Resaz_plate2_low_T4_260320_1754",2026-09-02 17:54:00,"T4","26C",2,"plate_2_low","D1","Sample",54,"72hpf",NA,6,884,""
"1862",20260320,"Resaz_plate2_low_T4_260320_1754",2026-09-02 17:54:00,"T4","26C",2,"plate_2_low","D2","Sample",55,"72hpf",NA,96,1294,""
"1863",20260320,"Resaz_plate2_low_T4_260320_1754",2026-09-02 17:54:00,"T4","26C",2,"plate_2_low","D3","Sample",56,"72hpf",NA,1,3553,"has no volume"
"1864",20260320,"Resaz_plate2_low_T4_260320_1754",2026-09-02 17:54:00,"T4","26C",2,"plate_2_low","D4","Sample",57,"72hpf",NA,1,1099,""
"1865",20260320,"Resaz_plate2_low_T4_260320_1754",2026-09-02 17:54:00,"T4","26C",2,"plate_2_low","D5","Sample",53,"72hpf",NA,74,1361,""
"1866",20260320,"Resaz_plate2_low_T4_260320_1754",2026-09-02 17:54:00,"T4","26C",2,"plate_2_low","D6","Sample",52,"72hpf",NA,0,3579,"has no volume"
"1867",20260320,"Resaz_plate2_low_T4_260320_1754",2026-09-02 17:54:00,"T4","26C",2,"plate_2_low","D7","Sample",1,"72hpf",NA,67,1318,""
"1868",20260320,"Resaz_plate2_low_T4_260320_1754",2026-09-02 17:54:00,"T4","26C",2,"plate_2_low","D8","Sample",4,"72hpf",NA,33,1121,""
"1869",20260320,"Resaz_plate2_low_T4_260320_1754",2026-09-02 17:54:00,"T4","26C",2,"plate_2_low","D9","Sample",6,"72hpf",NA,0,3576,"has no volume"
"1870",20260320,"Resaz_plate2_low_T4_260320_1754",2026-09-02 17:54:00,"T4","26C",2,"plate_2_low","D10","Sample",5,"72hpf",NA,69,1193,""
"1871",20260320,"Resaz_plate2_low_T4_260320_1754",2026-09-02 17:54:00,"T4","26C",2,"plate_2_low","D11","Sample",8,"72hpf",NA,92,1259,""
"1872",20260320,"Resaz_plate2_low_T4_260320_1754",2026-09-02 17:54:00,"T4","26C",2,"plate_2_low","D12","Sample",3,"72hpf",NA,0,3468,"has no volume"
"1873",20260320,"Resaz_plate2_low_T4_260320_1754",2026-09-02 17:54:00,"T4","26C",2,"plate_2_low","E1","Sample",54,"72hpf",NA,33,987,""
"1874",20260320,"Resaz_plate2_low_T4_260320_1754",2026-09-02 17:54:00,"T4","26C",2,"plate_2_low","E2","Sample",55,"72hpf",NA,116,1318,""
"1875",20260320,"Resaz_plate2_low_T4_260320_1754",2026-09-02 17:54:00,"T4","26C",2,"plate_2_low","E3","Sample",56,"72hpf",NA,18,1047,""
"1876",20260320,"Resaz_plate2_low_T4_260320_1754",2026-09-02 17:54:00,"T4","26C",2,"plate_2_low","E4","Sample",57,"72hpf",NA,84,1363,""
"1877",20260320,"Resaz_plate2_low_T4_260320_1754",2026-09-02 17:54:00,"T4","26C",2,"plate_2_low","E5","Sample",53,"72hpf",NA,68,1410,""
"1878",20260320,"Resaz_plate2_low_T4_260320_1754",2026-09-02 17:54:00,"T4","26C",2,"plate_2_low","E6","Sample",52,"72hpf",NA,43,1271,""
"1879",20260320,"Resaz_plate2_low_T4_260320_1754",2026-09-02 17:54:00,"T4","26C",2,"plate_2_low","E7","Sample",1,"72hpf",NA,64,1235,""
"1880",20260320,"Resaz_plate2_low_T4_260320_1754",2026-09-02 17:54:00,"T4","26C",2,"plate_2_low","E8","Sample",4,"72hpf",NA,34,1242,""
"1881",20260320,"Resaz_plate2_low_T4_260320_1754",2026-09-02 17:54:00,"T4","26C",2,"plate_2_low","E9","Sample",6,"72hpf",NA,0,3579,"has no volume"
"1882",20260320,"Resaz_plate2_low_T4_260320_1754",2026-09-02 17:54:00,"T4","26C",2,"plate_2_low","E10","Sample",5,"72hpf",NA,85,1221,""
"1883",20260320,"Resaz_plate2_low_T4_260320_1754",2026-09-02 17:54:00,"T4","26C",2,"plate_2_low","E11","Sample",8,"72hpf",NA,94,1382,""
"1884",20260320,"Resaz_plate2_low_T4_260320_1754",2026-09-02 17:54:00,"T4","26C",2,"plate_2_low","E12","Sample",3,"72hpf",NA,0,3523,"has no volume"
"1885",20260320,"Resaz_plate2_low_T4_260320_1754",2026-09-02 17:54:00,"T4","26C",2,"plate_2_low","F1","Sample",54,"72hpf",NA,29,971,""
"1886",20260320,"Resaz_plate2_low_T4_260320_1754",2026-09-02 17:54:00,"T4","26C",2,"plate_2_low","F2","Sample",55,"72hpf",NA,0,3581,"has no volume"
"1887",20260320,"Resaz_plate2_low_T4_260320_1754",2026-09-02 17:54:00,"T4","26C",2,"plate_2_low","F3","Sample",56,"72hpf",NA,22,1035,""
"1888",20260320,"Resaz_plate2_low_T4_260320_1754",2026-09-02 17:54:00,"T4","26C",2,"plate_2_low","F4","Sample",57,"72hpf",NA,83,1439,""
"1889",20260320,"Resaz_plate2_low_T4_260320_1754",2026-09-02 17:54:00,"T4","26C",2,"plate_2_low","F5","Sample",53,"72hpf",NA,0,3581,"has no volume"
"1890",20260320,"Resaz_plate2_low_T4_260320_1754",2026-09-02 17:54:00,"T4","26C",2,"plate_2_low","F6","Sample",52,"72hpf",NA,36,1170,""
"1891",20260320,"Resaz_plate2_low_T4_260320_1754",2026-09-02 17:54:00,"T4","26C",2,"plate_2_low","F7","Sample",1,"72hpf",NA,14,2446,"has less volume"
"1892",20260320,"Resaz_plate2_low_T4_260320_1754",2026-09-02 17:54:00,"T4","26C",2,"plate_2_low","F8","Sample",4,"72hpf",NA,42,1204,""
"1893",20260320,"Resaz_plate2_low_T4_260320_1754",2026-09-02 17:54:00,"T4","26C",2,"plate_2_low","F9","Sample",6,"72hpf",NA,0,3584,"has no volume"
"1894",20260320,"Resaz_plate2_low_T4_260320_1754",2026-09-02 17:54:00,"T4","26C",2,"plate_2_low","F10","Sample",5,"72hpf",NA,71,1097,""
"1895",20260320,"Resaz_plate2_low_T4_260320_1754",2026-09-02 17:54:00,"T4","26C",2,"plate_2_low","F11","Sample",8,"72hpf",NA,76,1222,""
"1896",20260320,"Resaz_plate2_low_T4_260320_1754",2026-09-02 17:54:00,"T4","26C",2,"plate_2_low","F12","Sample",3,"72hpf",NA,52,1121,""
"1897",20260320,"Resaz_plate2_low_T4_260320_1754",2026-09-02 17:54:00,"T4","26C",2,"plate_2_low","G1","Sample",54,"72hpf",NA,31,962,""
"1898",20260320,"Resaz_plate2_low_T4_260320_1754",2026-09-02 17:54:00,"T4","26C",2,"plate_2_low","G2","Sample",55,"72hpf",NA,115,1293,""
"1899",20260320,"Resaz_plate2_low_T4_260320_1754",2026-09-02 17:54:00,"T4","26C",2,"plate_2_low","G3","Sample",56,"72hpf",NA,0,3575,""
"1900",20260320,"Resaz_plate2_low_T4_260320_1754",2026-09-02 17:54:00,"T4","26C",2,"plate_2_low","G4","Sample",57,"72hpf",NA,82,1342,""
"1901",20260320,"Resaz_plate2_low_T4_260320_1754",2026-09-02 17:54:00,"T4","26C",2,"plate_2_low","G5","Sample",53,"72hpf",NA,0,3579,""
"1902",20260320,"Resaz_plate2_low_T4_260320_1754",2026-09-02 17:54:00,"T4","26C",2,"plate_2_low","G6","Sample",52,"72hpf",NA,49,1185,""
"1903",20260320,"Resaz_plate2_low_T4_260320_1754",2026-09-02 17:54:00,"T4","26C",2,"plate_2_low","G7","Sample",1,"72hpf",NA,31,1307,""
"1904",20260320,"Resaz_plate2_low_T4_260320_1754",2026-09-02 17:54:00,"T4","26C",2,"plate_2_low","G8","Sample",4,"72hpf",NA,0,3577,""
"1905",20260320,"Resaz_plate2_low_T4_260320_1754",2026-09-02 17:54:00,"T4","26C",2,"plate_2_low","G9","Sample",6,"72hpf",NA,0,3563,""
"1906",20260320,"Resaz_plate2_low_T4_260320_1754",2026-09-02 17:54:00,"T4","26C",2,"plate_2_low","G10","Sample",5,"72hpf",NA,99,1253,""
"1907",20260320,"Resaz_plate2_low_T4_260320_1754",2026-09-02 17:54:00,"T4","26C",2,"plate_2_low","G11","Sample",8,"72hpf",NA,78,1220,""
"1908",20260320,"Resaz_plate2_low_T4_260320_1754",2026-09-02 17:54:00,"T4","26C",2,"plate_2_low","G12","Sample",3,"72hpf",NA,40,1339,""
"1909",20260320,"Resaz_plate2_low_T4_260320_1754",2026-09-02 17:54:00,"T4","26C",2,"plate_2_low","H1","Blank",NA,"72hpf",NA,NA,879,""
"1910",20260320,"Resaz_plate2_low_T4_260320_1754",2026-09-02 17:54:00,"T4","26C",2,"plate_2_low","H2","Blank",NA,"72hpf",NA,NA,1051,""
"1911",20260320,"Resaz_plate2_low_T4_260320_1754",2026-09-02 17:54:00,"T4","26C",2,"plate_2_low","H3","Blank",NA,"72hpf",NA,NA,1061,""
"1912",20260320,"Resaz_plate2_low_T4_260320_1754",2026-09-02 17:54:00,"T4","26C",2,"plate_2_low","H4","Blank",NA,"72hpf",NA,NA,1210,""
"1913",20260320,"Resaz_plate2_low_T4_260320_1754",2026-09-02 17:54:00,"T4","26C",2,"plate_2_low","H5","Blank",NA,"72hpf",NA,NA,1167,""
"1914",20260320,"Resaz_plate2_low_T4_260320_1754",2026-09-02 17:54:00,"T4","26C",2,"plate_2_low","H6","Blank",NA,"72hpf",NA,NA,1275,""
"1915",20260320,"Resaz_plate2_low_T4_260320_1754",2026-09-02 17:54:00,"T4","26C",2,"plate_2_low","H7","Blank",NA,"72hpf",NA,NA,1227,""
"1916",20260320,"Resaz_plate2_low_T4_260320_1754",2026-09-02 17:54:00,"T4","26C",2,"plate_2_low","H8","Blank",NA,"72hpf",NA,NA,1248,""
"1917",20260320,"Resaz_plate2_low_T4_260320_1754",2026-09-02 17:54:00,"T4","26C",2,"plate_2_low","H9","Blank",NA,"72hpf",NA,NA,1187,""
"1918",20260320,"Resaz_plate2_low_T4_260320_1754",2026-09-02 17:54:00,"T4","26C",2,"plate_2_low","H10","Blank",NA,"72hpf",NA,NA,1098,""
"1919",20260320,"Resaz_plate2_low_T4_260320_1754",2026-09-02 17:54:00,"T4","26C",2,"plate_2_low","H11","Blank",NA,"72hpf",NA,NA,1066,""
"1920",20260320,"Resaz_plate2_low_T4_260320_1754",2026-09-02 17:54:00,"T4","26C",2,"plate_2_low","H12","Blank",NA,"72hpf",NA,NA,1035,""
