"","Family","PlateID","Well","Note","obs_volume","Date","Treatment","Age","Type","Count","AUC","blanks_meanAUC","AUC_cor","AUC_cor_norm","Family_EBV","yearclass","sire","dam","sire_id","dam_id","ebv_mpv","sire_pop","dam_pop"
"1",1,"plate_1_26","A1","","",20260401,"26C","360hpf","Sample",87,14293.6666666667,1689.69652777778,12603.9701388889,144.873219987229,"High",2026,"2023-64","2024-32","G010850","G010815",0.266092564922451,"hybrid","midori"
"2",1,"plate_1_26","A1","","",20260401,"26C","360hpf","Sample",87,14293.6666666667,1689.69652777778,12603.9701388889,144.873219987229,"High",2026,"2023-64","2024-32","G010850","G010815",0.266092564922451,"hybrid","midori"
"3",1,"plate_2_30","C1","","",20260401,"30C","360hpf","Sample",29,8234.59166666666,1763.86875,6470.72291666666,223.128376436782,"High",2026,"2023-64","2024-32","G010850","G010815",0.266092564922451,"hybrid","midori"
"4",1,"plate_4_38","G1","","",20260401,"38C","360hpf","Sample",5,2372.275,1920.40069444444,451.874305555556,90.3748611111111,"High",2026,"2023-64","2024-32","G010850","G010815",0.266092564922451,"hybrid","midori"
"5",1,"plate_4_38","B1","","",20260401,"38C","360hpf","Sample",13,3835.325,1920.40069444444,1914.92430555555,147.30186965812,"High",2026,"2023-64","2024-32","G010850","G010815",0.266092564922451,"hybrid","midori"
"6",1,"plate_3_34","D1","","",20260401,"34C","360hpf","Sample",21,6282.675,1941.35138888889,4341.32361111111,206.729695767196,"High",2026,"2023-64","2024-32","G010850","G010815",0.266092564922451,"hybrid","midori"
"7",1,"plate_2_30","F1","","",20260401,"30C","360hpf","Sample",34,8731.69166666667,1763.86875,6967.82291666667,204.935968137255,"High",2026,"2023-64","2024-32","G010850","G010815",0.266092564922451,"hybrid","midori"
"8",1,"plate_2_30","A1","","",20260401,"30C","360hpf","Sample",79,19459.4,1763.86875,17695.53125,223.994066455696,"High",2026,"2023-64","2024-32","G010850","G010815",0.266092564922451,"hybrid","midori"
"9",1,"plate_1_26","C1","","",20260401,"26C","360hpf","Sample",14,3617.29166666667,1689.69652777778,1927.59513888889,137.685367063492,"High",2026,"2023-64","2024-32","G010850","G010815",0.266092564922451,"hybrid","midori"
"10",1,"plate_1_26","C1","","",20260401,"26C","360hpf","Sample",14,3617.29166666667,1689.69652777778,1927.59513888889,137.685367063492,"High",2026,"2023-64","2024-32","G010850","G010815",0.266092564922451,"hybrid","midori"
"11",1,"plate_1_26","G1","","",20260401,"26C","360hpf","Sample",17,4718.975,1689.69652777778,3029.27847222222,178.192851307189,"High",2026,"2023-64","2024-32","G010850","G010815",0.266092564922451,"hybrid","midori"
"12",1,"plate_1_26","B1","","",20260401,"26C","360hpf","Sample",28,6341.71666666667,1689.69652777778,4652.02013888889,166.143576388889,"High",2026,"2023-64","2024-32","G010850","G010815",0.266092564922451,"hybrid","midori"
"13",1,"plate_4_38","D1","","",20260401,"38C","360hpf","Sample",71,16204.2666666667,1920.40069444444,14283.8659722222,201.181210876369,"High",2026,"2023-64","2024-32","G010850","G010815",0.266092564922451,"hybrid","midori"
"14",1,"plate_3_34","F1","","",20260401,"34C","360hpf","Sample",33,8969.425,1941.35138888889,7028.07361111111,212.971927609428,"High",2026,"2023-64","2024-32","G010850","G010815",0.266092564922451,"hybrid","midori"
"15",1,"plate_3_34","A1","","",20260401,"34C","360hpf","Sample",11,4806.75833333333,1941.35138888889,2865.40694444444,260.49154040404,"High",2026,"2023-64","2024-32","G010850","G010815",0.266092564922451,"hybrid","midori"
"16",1,"plate_4_38","C1","","",20260401,"38C","360hpf","Sample",19,5247.01666666667,1920.40069444444,3326.61597222222,175.085051169591,"High",2026,"2023-64","2024-32","G010850","G010815",0.266092564922451,"hybrid","midori"
"17",1,"plate_1_26","E1","","",20260401,"26C","360hpf","Sample",35,8228.1,1689.69652777778,6538.40347222222,186.811527777778,"High",2026,"2023-64","2024-32","G010850","G010815",0.266092564922451,"hybrid","midori"
"18",1,"plate_1_26","E1","","",20260401,"26C","360hpf","Sample",35,8228.1,1689.69652777778,6538.40347222222,186.811527777778,"High",2026,"2023-64","2024-32","G010850","G010815",0.266092564922451,"hybrid","midori"
"19",1,"plate_2_30","B1","","",20260401,"30C","360hpf","Sample",16,4346.525,1763.86875,2582.65625,161.416015625,"High",2026,"2023-64","2024-32","G010850","G010815",0.266092564922451,"hybrid","midori"
"20",1,"plate_4_38","F1","","",20260401,"38C","360hpf","Sample",9,2911.85,1920.40069444444,991.449305555556,110.161033950617,"High",2026,"2023-64","2024-32","G010850","G010815",0.266092564922451,"hybrid","midori"
"21",1,"plate_4_38","A1","","",20260401,"38C","360hpf","Sample",60,12811.2833333333,1920.40069444444,10890.8826388889,181.514710648148,"High",2026,"2023-64","2024-32","G010850","G010815",0.266092564922451,"hybrid","midori"
"22",1,"plate_3_34","C1","","",20260401,"34C","360hpf","Sample",22,5902.04166666667,1941.35138888889,3960.69027777778,180.031376262626,"High",2026,"2023-64","2024-32","G010850","G010815",0.266092564922451,"hybrid","midori"
"23",1,"plate_2_30","E1","","",20260401,"30C","360hpf","Sample",14,4562.1,1763.86875,2798.23125,199.873660714286,"High",2026,"2023-64","2024-32","G010850","G010815",0.266092564922451,"hybrid","midori"
"24",1,"plate_4_38","E1","","",20260401,"38C","360hpf","Sample",31,7443.71666666667,1920.40069444444,5523.31597222222,178.17148297491,"High",2026,"2023-64","2024-32","G010850","G010815",0.266092564922451,"hybrid","midori"
"25",1,"plate_3_34","G1","","",20260401,"34C","360hpf","Sample",7,2862.54166666667,1941.35138888889,921.190277777778,131.598611111111,"High",2026,"2023-64","2024-32","G010850","G010815",0.266092564922451,"hybrid","midori"
"26",1,"plate_1_26","B1","","",20260401,"26C","360hpf","Sample",28,6341.71666666667,1689.69652777778,4652.02013888889,166.143576388889,"High",2026,"2023-64","2024-32","G010850","G010815",0.266092564922451,"hybrid","midori"
"27",1,"plate_2_30","D1","","",20260401,"30C","360hpf","Sample",51,13317.125,1763.86875,11553.25625,226.53443627451,"High",2026,"2023-64","2024-32","G010850","G010815",0.266092564922451,"hybrid","midori"
"28",1,"plate_1_26","F1","","",20260401,"26C","360hpf","Sample",37,7627.1,1689.69652777778,5937.40347222222,160.470364114114,"High",2026,"2023-64","2024-32","G010850","G010815",0.266092564922451,"hybrid","midori"
"29",1,"plate_1_26","F1","","",20260401,"26C","360hpf","Sample",37,7627.1,1689.69652777778,5937.40347222222,160.470364114114,"High",2026,"2023-64","2024-32","G010850","G010815",0.266092564922451,"hybrid","midori"
"30",1,"plate_3_34","E1","","",20260401,"34C","360hpf","Sample",16,5639.51666666667,1941.35138888889,3698.16527777778,231.135329861111,"High",2026,"2023-64","2024-32","G010850","G010815",0.266092564922451,"hybrid","midori"
"31",1,"plate_2_30","G1","","",20260401,"30C","360hpf","Sample",11,3543.01666666667,1763.86875,1779.14791666667,161.74071969697,"High",2026,"2023-64","2024-32","G010850","G010815",0.266092564922451,"hybrid","midori"
"32",1,"plate_2_30","C1","","",20260401,"30C","360hpf","Sample",29,8234.59166666666,1763.86875,6470.72291666666,223.128376436782,"High",2026,"2023-64","2024-32","G010850","G010815",0.266092564922451,"hybrid","midori"
"33",1,"plate_1_26","D1","","",20260401,"26C","360hpf","Sample",11,3466.975,1689.69652777778,1777.27847222222,161.57077020202,"High",2026,"2023-64","2024-32","G010850","G010815",0.266092564922451,"hybrid","midori"
"34",1,"plate_1_26","D1","","",20260401,"26C","360hpf","Sample",11,3466.975,1689.69652777778,1777.27847222222,161.57077020202,"High",2026,"2023-64","2024-32","G010850","G010815",0.266092564922451,"hybrid","midori"
"35",1,"plate_3_34","D1","","",20260401,"34C","360hpf","Sample",21,6282.675,1941.35138888889,4341.32361111111,206.729695767196,"High",2026,"2023-64","2024-32","G010850","G010815",0.266092564922451,"hybrid","midori"
"36",1,"plate_2_30","F1","","",20260401,"30C","360hpf","Sample",34,8731.69166666667,1763.86875,6967.82291666667,204.935968137255,"High",2026,"2023-64","2024-32","G010850","G010815",0.266092564922451,"hybrid","midori"
"37",1,"plate_2_30","A1","","",20260401,"30C","360hpf","Sample",79,19459.4,1763.86875,17695.53125,223.994066455696,"High",2026,"2023-64","2024-32","G010850","G010815",0.266092564922451,"hybrid","midori"
"38",1,"plate_3_34","C1","","",20260401,"34C","360hpf","Sample",22,5902.04166666667,1941.35138888889,3960.69027777778,180.031376262626,"High",2026,"2023-64","2024-32","G010850","G010815",0.266092564922451,"hybrid","midori"
"39",1,"plate_3_34","B1","","",20260401,"34C","360hpf","Sample",4,2720.725,1941.35138888889,779.373611111111,194.843402777778,"High",2026,"2023-64","2024-32","G010850","G010815",0.266092564922451,"hybrid","midori"
"40",1,"plate_1_26","G1","","",20260401,"26C","360hpf","Sample",17,4718.975,1689.69652777778,3029.27847222222,178.192851307189,"High",2026,"2023-64","2024-32","G010850","G010815",0.266092564922451,"hybrid","midori"
"41",1,"plate_3_34","G1","","",20260401,"34C","360hpf","Sample",7,2862.54166666667,1941.35138888889,921.190277777778,131.598611111111,"High",2026,"2023-64","2024-32","G010850","G010815",0.266092564922451,"hybrid","midori"
"42",1,"plate_4_38","D1","","",20260401,"38C","360hpf","Sample",71,16204.2666666667,1920.40069444444,14283.8659722222,201.181210876369,"High",2026,"2023-64","2024-32","G010850","G010815",0.266092564922451,"hybrid","midori"
"43",1,"plate_3_34","F1","","",20260401,"34C","360hpf","Sample",33,8969.425,1941.35138888889,7028.07361111111,212.971927609428,"High",2026,"2023-64","2024-32","G010850","G010815",0.266092564922451,"hybrid","midori"
"44",1,"plate_3_34","A1","","",20260401,"34C","360hpf","Sample",11,4806.75833333333,1941.35138888889,2865.40694444444,260.49154040404,"High",2026,"2023-64","2024-32","G010850","G010815",0.266092564922451,"hybrid","midori"
"45",1,"plate_4_38","C1","","",20260401,"38C","360hpf","Sample",19,5247.01666666667,1920.40069444444,3326.61597222222,175.085051169591,"High",2026,"2023-64","2024-32","G010850","G010815",0.266092564922451,"hybrid","midori"
"46",1,"plate_4_38","G1","","",20260401,"38C","360hpf","Sample",5,2372.275,1920.40069444444,451.874305555556,90.3748611111111,"High",2026,"2023-64","2024-32","G010850","G010815",0.266092564922451,"hybrid","midori"
"47",1,"plate_4_38","B1","","",20260401,"38C","360hpf","Sample",13,3835.325,1920.40069444444,1914.92430555555,147.30186965812,"High",2026,"2023-64","2024-32","G010850","G010815",0.266092564922451,"hybrid","midori"
"48",1,"plate_2_30","B1","","",20260401,"30C","360hpf","Sample",16,4346.525,1763.86875,2582.65625,161.416015625,"High",2026,"2023-64","2024-32","G010850","G010815",0.266092564922451,"hybrid","midori"
"49",1,"plate_4_38","F1","","",20260401,"38C","360hpf","Sample",9,2911.85,1920.40069444444,991.449305555556,110.161033950617,"High",2026,"2023-64","2024-32","G010850","G010815",0.266092564922451,"hybrid","midori"
"50",1,"plate_4_38","A1","","",20260401,"38C","360hpf","Sample",60,12811.2833333333,1920.40069444444,10890.8826388889,181.514710648148,"High",2026,"2023-64","2024-32","G010850","G010815",0.266092564922451,"hybrid","midori"
"51",1,"plate_3_34","B1","","",20260401,"34C","360hpf","Sample",4,2720.725,1941.35138888889,779.373611111111,194.843402777778,"High",2026,"2023-64","2024-32","G010850","G010815",0.266092564922451,"hybrid","midori"
"52",1,"plate_2_30","E1","","",20260401,"30C","360hpf","Sample",14,4562.1,1763.86875,2798.23125,199.873660714286,"High",2026,"2023-64","2024-32","G010850","G010815",0.266092564922451,"hybrid","midori"
"53",1,"plate_4_38","E1","","",20260401,"38C","360hpf","Sample",31,7443.71666666667,1920.40069444444,5523.31597222222,178.17148297491,"High",2026,"2023-64","2024-32","G010850","G010815",0.266092564922451,"hybrid","midori"
"54",1,"plate_3_34","E1","","",20260401,"34C","360hpf","Sample",16,5639.51666666667,1941.35138888889,3698.16527777778,231.135329861111,"High",2026,"2023-64","2024-32","G010850","G010815",0.266092564922451,"hybrid","midori"
"55",1,"plate_2_30","D1","","",20260401,"30C","360hpf","Sample",51,13317.125,1763.86875,11553.25625,226.53443627451,"High",2026,"2023-64","2024-32","G010850","G010815",0.266092564922451,"hybrid","midori"
"56",1,"plate_2_30","G1","","",20260401,"30C","360hpf","Sample",11,3543.01666666667,1763.86875,1779.14791666667,161.74071969697,"High",2026,"2023-64","2024-32","G010850","G010815",0.266092564922451,"hybrid","midori"
"57",3,"plate_1_26","E2","","",20260401,"26C","360hpf","Sample",13,2708.2,1689.69652777778,1018.50347222222,78.346420940171,"High",2026,"2023-56","2024-32","G010852","G010827",0.250798343566823,"midori","midori"
"58",3,"plate_1_26","C2","","",20260401,"26C","360hpf","Sample",18,2854.75,1689.69652777778,1165.05347222222,64.7251929012345,"High",2026,"2023-56","2024-32","G010852","G010827",0.250798343566823,"midori","midori"
"59",3,"plate_1_26","D2","","",20260401,"26C","360hpf","Sample",8,2576.50833333333,1689.69652777778,886.811805555555,110.851475694444,"High",2026,"2023-56","2024-32","G010852","G010827",0.250798343566823,"midori","midori"
"60",3,"plate_1_26","C2","","",20260401,"26C","360hpf","Sample",18,2854.75,1689.69652777778,1165.05347222222,64.7251929012345,"High",2026,"2023-56","2024-32","G010852","G010827",0.250798343566823,"midori","midori"
"61",3,"plate_1_26","E2","","",20260401,"26C","360hpf","Sample",13,2708.2,1689.69652777778,1018.50347222222,78.346420940171,"High",2026,"2023-56","2024-32","G010852","G010827",0.250798343566823,"midori","midori"
"62",3,"plate_1_26","A2","","",20260401,"26C","360hpf","Sample",5,2687.95,1689.69652777778,998.253472222222,199.650694444444,"High",2026,"2023-56","2024-32","G010852","G010827",0.250798343566823,"midori","midori"
"63",3,"plate_1_26","B2","","",20260401,"26C","360hpf","Sample",22,3425.69166666667,1689.69652777778,1735.99513888889,78.908869949495,"High",2026,"2023-56","2024-32","G010852","G010827",0.250798343566823,"midori","midori"
"64",3,"plate_1_26","B2","","",20260401,"26C","360hpf","Sample",22,3425.69166666667,1689.69652777778,1735.99513888889,78.908869949495,"High",2026,"2023-56","2024-32","G010852","G010827",0.250798343566823,"midori","midori"
"65",3,"plate_2_30","A2","","",20260401,"30C","360hpf","Sample",12,3142.76666666667,1763.86875,1378.89791666667,114.908159722222,"High",2026,"2023-56","2024-32","G010852","G010827",0.250798343566823,"midori","midori"
"66",3,"plate_1_26","D2","","",20260401,"26C","360hpf","Sample",8,2576.50833333333,1689.69652777778,886.811805555555,110.851475694444,"High",2026,"2023-56","2024-32","G010852","G010827",0.250798343566823,"midori","midori"
"67",3,"plate_2_30","D2","","",20260401,"30C","360hpf","Sample",12,2171.71666666667,1763.86875,407.847916666667,33.9873263888889,"High",2026,"2023-56","2024-32","G010852","G010827",0.250798343566823,"midori","midori"
"68",3,"plate_1_26","F2","","",20260401,"26C","360hpf","Sample",10,2380.93333333333,1689.69652777778,691.236805555555,69.1236805555555,"High",2026,"2023-56","2024-32","G010852","G010827",0.250798343566823,"midori","midori"
"69",3,"plate_1_26","A2","","",20260401,"26C","360hpf","Sample",5,2687.95,1689.69652777778,998.253472222222,199.650694444444,"High",2026,"2023-56","2024-32","G010852","G010827",0.250798343566823,"midori","midori"
"70",3,"plate_3_34","A2","","",20260401,"34C","360hpf","Sample",22,5342.00833333333,1941.35138888889,3400.65694444444,154.575315656566,"High",2026,"2023-56","2024-32","G010852","G010827",0.250798343566823,"midori","midori"
"71",3,"plate_2_30","C2","","",20260401,"30C","360hpf","Sample",10,2925.825,1763.86875,1161.95625,116.195625,"High",2026,"2023-56","2024-32","G010852","G010827",0.250798343566823,"midori","midori"
"72",3,"plate_2_30","B2","","",20260401,"30C","360hpf","Sample",12,2600.54166666667,1763.86875,836.672916666667,69.7227430555556,"High",2026,"2023-56","2024-32","G010852","G010827",0.250798343566823,"midori","midori"
"73",3,"plate_2_30","B2","","",20260401,"30C","360hpf","Sample",12,2600.54166666667,1763.86875,836.672916666667,69.7227430555556,"High",2026,"2023-56","2024-32","G010852","G010827",0.250798343566823,"midori","midori"
"74",3,"plate_2_30","G2","","",20260401,"30C","360hpf","Sample",13,3456.93333333333,1763.86875,1693.06458333333,130.235737179487,"High",2026,"2023-56","2024-32","G010852","G010827",0.250798343566823,"midori","midori"
"75",3,"plate_2_30","A2","","",20260401,"30C","360hpf","Sample",12,3142.76666666667,1763.86875,1378.89791666667,114.908159722222,"High",2026,"2023-56","2024-32","G010852","G010827",0.250798343566823,"midori","midori"
"76",3,"plate_2_30","F2","","",20260401,"30C","360hpf","Sample",14,2627.85,1763.86875,863.98125,61.7129464285714,"High",2026,"2023-56","2024-32","G010852","G010827",0.250798343566823,"midori","midori"
"77",3,"plate_1_26","G2","","",20260401,"26C","360hpf","Sample",7,2811.38333333333,1689.69652777778,1121.68680555556,160.240972222222,"High",2026,"2023-56","2024-32","G010852","G010827",0.250798343566823,"midori","midori"
"78",3,"plate_1_26","G2","","",20260401,"26C","360hpf","Sample",7,2811.38333333333,1689.69652777778,1121.68680555556,160.240972222222,"High",2026,"2023-56","2024-32","G010852","G010827",0.250798343566823,"midori","midori"
"79",3,"plate_1_26","F2","","",20260401,"26C","360hpf","Sample",10,2380.93333333333,1689.69652777778,691.236805555555,69.1236805555555,"High",2026,"2023-56","2024-32","G010852","G010827",0.250798343566823,"midori","midori"
"80",3,"plate_3_34","C2","","",20260401,"34C","360hpf","Sample",15,3689.19166666667,1941.35138888889,1747.84027777778,116.522685185185,"High",2026,"2023-56","2024-32","G010852","G010827",0.250798343566823,"midori","midori"
"81",3,"plate_3_34","B2","","",20260401,"34C","360hpf","Sample",16,4872.25833333333,1941.35138888889,2930.90694444444,183.181684027778,"High",2026,"2023-56","2024-32","G010852","G010827",0.250798343566823,"midori","midori"
"82",3,"plate_2_30","C2","","",20260401,"30C","360hpf","Sample",10,2925.825,1763.86875,1161.95625,116.195625,"High",2026,"2023-56","2024-32","G010852","G010827",0.250798343566823,"midori","midori"
"83",3,"plate_3_34","B2","","",20260401,"34C","360hpf","Sample",16,4872.25833333333,1941.35138888889,2930.90694444444,183.181684027778,"High",2026,"2023-56","2024-32","G010852","G010827",0.250798343566823,"midori","midori"
"84",3,"plate_3_34","F2","","",20260401,"34C","360hpf","Sample",5,2726.01666666667,1941.35138888889,784.665277777778,156.933055555556,"High",2026,"2023-56","2024-32","G010852","G010827",0.250798343566823,"midori","midori"
"85",3,"plate_3_34","A2","","",20260401,"34C","360hpf","Sample",22,5342.00833333333,1941.35138888889,3400.65694444444,154.575315656566,"High",2026,"2023-56","2024-32","G010852","G010827",0.250798343566823,"midori","midori"
"86",3,"plate_2_30","G2","","",20260401,"30C","360hpf","Sample",13,3456.93333333333,1763.86875,1693.06458333333,130.235737179487,"High",2026,"2023-56","2024-32","G010852","G010827",0.250798343566823,"midori","midori"
"87",3,"plate_3_34","E2","","",20260401,"34C","360hpf","Sample",18,4071.35833333333,1941.35138888889,2130.00694444444,118.333719135802,"High",2026,"2023-56","2024-32","G010852","G010827",0.250798343566823,"midori","midori"
"88",3,"plate_2_30","F2","","",20260401,"30C","360hpf","Sample",14,2627.85,1763.86875,863.98125,61.7129464285714,"High",2026,"2023-56","2024-32","G010852","G010827",0.250798343566823,"midori","midori"
"89",3,"plate_3_34","D2","","",20260401,"34C","360hpf","Sample",9,2822.78333333333,1941.35138888889,881.431944444444,97.9368827160493,"High",2026,"2023-56","2024-32","G010852","G010827",0.250798343566823,"midori","midori"
"90",3,"plate_3_34","D2","","",20260401,"34C","360hpf","Sample",9,2822.78333333333,1941.35138888889,881.431944444444,97.9368827160493,"High",2026,"2023-56","2024-32","G010852","G010827",0.250798343566823,"midori","midori"
"91",3,"plate_2_30","E2","","",20260401,"30C","360hpf","Sample",9,2965.44166666667,1763.86875,1201.57291666667,133.508101851852,"High",2026,"2023-56","2024-32","G010852","G010827",0.250798343566823,"midori","midori"
"92",3,"plate_2_30","E2","","",20260401,"30C","360hpf","Sample",9,2965.44166666667,1763.86875,1201.57291666667,133.508101851852,"High",2026,"2023-56","2024-32","G010852","G010827",0.250798343566823,"midori","midori"
"93",3,"plate_4_38","A2","","",20260401,"38C","360hpf","Sample",8,3164.50833333333,1920.40069444444,1244.10763888889,155.513454861111,"High",2026,"2023-56","2024-32","G010852","G010827",0.250798343566823,"midori","midori"
"94",3,"plate_4_38","A2","","",20260401,"38C","360hpf","Sample",8,3164.50833333333,1920.40069444444,1244.10763888889,155.513454861111,"High",2026,"2023-56","2024-32","G010852","G010827",0.250798343566823,"midori","midori"
"95",3,"plate_2_30","D2","","",20260401,"30C","360hpf","Sample",12,2171.71666666667,1763.86875,407.847916666667,33.9873263888889,"High",2026,"2023-56","2024-32","G010852","G010827",0.250798343566823,"midori","midori"
"96",3,"plate_4_38","E2","","",20260401,"38C","360hpf","Sample",16,4323.675,1920.40069444444,2403.27430555555,150.204644097222,"High",2026,"2023-56","2024-32","G010852","G010827",0.250798343566823,"midori","midori"
"97",3,"plate_3_34","G2","","",20260401,"34C","360hpf","Sample",10,3389.65833333333,1941.35138888889,1448.30694444444,144.830694444444,"High",2026,"2023-56","2024-32","G010852","G010827",0.250798343566823,"midori","midori"
"98",3,"plate_4_38","D2","","",20260401,"38C","360hpf","Sample",18,5121.575,1920.40069444444,3201.17430555556,177.843016975309,"High",2026,"2023-56","2024-32","G010852","G010827",0.250798343566823,"midori","midori"
"99",3,"plate_3_34","F2","","",20260401,"34C","360hpf","Sample",5,2726.01666666667,1941.35138888889,784.665277777778,156.933055555556,"High",2026,"2023-56","2024-32","G010852","G010827",0.250798343566823,"midori","midori"
"100",3,"plate_4_38","D2","","",20260401,"38C","360hpf","Sample",18,5121.575,1920.40069444444,3201.17430555556,177.843016975309,"High",2026,"2023-56","2024-32","G010852","G010827",0.250798343566823,"midori","midori"
"101",3,"plate_3_34","E2","","",20260401,"34C","360hpf","Sample",18,4071.35833333333,1941.35138888889,2130.00694444444,118.333719135802,"High",2026,"2023-56","2024-32","G010852","G010827",0.250798343566823,"midori","midori"
"102",3,"plate_4_38","C2","","",20260401,"38C","360hpf","Sample",12,3430.85,1920.40069444444,1510.44930555556,125.870775462963,"High",2026,"2023-56","2024-32","G010852","G010827",0.250798343566823,"midori","midori"
"103",3,"plate_4_38","B2","","",20260401,"38C","360hpf","Sample",13,3567.1,1920.40069444444,1646.69930555555,126.669177350427,"High",2026,"2023-56","2024-32","G010852","G010827",0.250798343566823,"midori","midori"
"104",3,"plate_4_38","B2","","",20260401,"38C","360hpf","Sample",13,3567.1,1920.40069444444,1646.69930555555,126.669177350427,"High",2026,"2023-56","2024-32","G010852","G010827",0.250798343566823,"midori","midori"
"105",3,"plate_3_34","C2","","",20260401,"34C","360hpf","Sample",15,3689.19166666667,1941.35138888889,1747.84027777778,116.522685185185,"High",2026,"2023-56","2024-32","G010852","G010827",0.250798343566823,"midori","midori"
"106",3,"plate_4_38","C2","","",20260401,"38C","360hpf","Sample",12,3430.85,1920.40069444444,1510.44930555556,125.870775462963,"High",2026,"2023-56","2024-32","G010852","G010827",0.250798343566823,"midori","midori"
"107",3,"plate_4_38","F2","","",20260401,"38C","360hpf","Sample",8,2822.8,1920.40069444444,902.399305555556,112.799913194444,"High",2026,"2023-56","2024-32","G010852","G010827",0.250798343566823,"midori","midori"
"108",3,"plate_3_34","G2","","",20260401,"34C","360hpf","Sample",10,3389.65833333333,1941.35138888889,1448.30694444444,144.830694444444,"High",2026,"2023-56","2024-32","G010852","G010827",0.250798343566823,"midori","midori"
"109",3,"plate_4_38","G2","","",20260401,"38C","360hpf","Sample",18,4408.775,1920.40069444444,2488.37430555556,138.243016975309,"High",2026,"2023-56","2024-32","G010852","G010827",0.250798343566823,"midori","midori"
"110",3,"plate_4_38","G2","","",20260401,"38C","360hpf","Sample",18,4408.775,1920.40069444444,2488.37430555556,138.243016975309,"High",2026,"2023-56","2024-32","G010852","G010827",0.250798343566823,"midori","midori"
"111",3,"plate_4_38","E2","","",20260401,"38C","360hpf","Sample",16,4323.675,1920.40069444444,2403.27430555555,150.204644097222,"High",2026,"2023-56","2024-32","G010852","G010827",0.250798343566823,"midori","midori"
"112",3,"plate_4_38","F2","","",20260401,"38C","360hpf","Sample",8,2822.8,1920.40069444444,902.399305555556,112.799913194444,"High",2026,"2023-56","2024-32","G010852","G010827",0.250798343566823,"midori","midori"
"113",4,"plate_1_26","E3","","",20260401,"26C","360hpf","Sample",8,2996.63333333333,1689.69652777778,1306.93680555556,163.367100694444,"High",2026,"2023-64","2024-42","G010853","G010841",0.22397552900643,"hybrid","midori"
"114",4,"plate_1_26","B3","","",20260401,"26C","360hpf","Sample",3,1912.84166666667,1689.69652777778,223.145138888889,74.381712962963,"High",2026,"2023-64","2024-42","G010853","G010841",0.22397552900643,"hybrid","midori"
"115",4,"plate_1_26","C3","","",20260401,"26C","360hpf","Sample",7,2813.35,1689.69652777778,1123.65347222222,160.521924603175,"High",2026,"2023-64","2024-42","G010853","G010841",0.22397552900643,"hybrid","midori"
"116",4,"plate_2_30","A3","","",20260401,"30C","360hpf","Sample",4,2087.45,1763.86875,323.58125,80.8953125,"High",2026,"2023-64","2024-42","G010853","G010841",0.22397552900643,"hybrid","midori"
"117",4,"plate_1_26","A3","","",20260401,"26C","360hpf","Sample",8,2751.55,1689.69652777778,1061.85347222222,132.731684027778,"High",2026,"2023-64","2024-42","G010853","G010841",0.22397552900643,"hybrid","midori"
"118",4,"plate_1_26","E3","","",20260401,"26C","360hpf","Sample",8,2996.63333333333,1689.69652777778,1306.93680555556,163.367100694444,"High",2026,"2023-64","2024-42","G010853","G010841",0.22397552900643,"hybrid","midori"
"119",4,"plate_1_26","G3","","",20260401,"26C","360hpf","Sample",8,2981.19166666667,1689.69652777778,1291.49513888889,161.436892361111,"High",2026,"2023-64","2024-42","G010853","G010841",0.22397552900643,"hybrid","midori"
"120",4,"plate_1_26","A3","","",20260401,"26C","360hpf","Sample",8,2751.55,1689.69652777778,1061.85347222222,132.731684027778,"High",2026,"2023-64","2024-42","G010853","G010841",0.22397552900643,"hybrid","midori"
"121",4,"plate_1_26","D3","","",20260401,"26C","360hpf","Sample",3,2317.40833333333,1689.69652777778,627.711805555555,209.237268518518,"High",2026,"2023-64","2024-42","G010853","G010841",0.22397552900643,"hybrid","midori"
"122",4,"plate_2_30","D3","","",20260401,"30C","360hpf","Sample",5,2530.01666666667,1763.86875,766.147916666667,153.229583333333,"High",2026,"2023-64","2024-42","G010853","G010841",0.22397552900643,"hybrid","midori"
"123",4,"plate_1_26","F3","","",20260401,"26C","360hpf","Sample",6,2562.475,1689.69652777778,872.778472222223,145.463078703704,"High",2026,"2023-64","2024-42","G010853","G010841",0.22397552900643,"hybrid","midori"
"124",4,"plate_2_30","C3","","",20260401,"30C","360hpf","Sample",2,2107.275,1763.86875,343.40625,171.703125,"High",2026,"2023-64","2024-42","G010853","G010841",0.22397552900643,"hybrid","midori"
"125",4,"plate_3_34","A3","","",20260401,"34C","360hpf","Sample",3,2294.48333333333,1941.35138888889,353.131944444444,117.710648148148,"High",2026,"2023-64","2024-42","G010853","G010841",0.22397552900643,"hybrid","midori"
"126",4,"plate_2_30","C3","","",20260401,"30C","360hpf","Sample",2,2107.275,1763.86875,343.40625,171.703125,"High",2026,"2023-64","2024-42","G010853","G010841",0.22397552900643,"hybrid","midori"
"127",4,"plate_2_30","B3","","",20260401,"30C","360hpf","Sample",6,2677.75,1763.86875,913.88125,152.313541666667,"High",2026,"2023-64","2024-42","G010853","G010841",0.22397552900643,"hybrid","midori"
"128",4,"plate_1_26","D3","","",20260401,"26C","360hpf","Sample",3,2317.40833333333,1689.69652777778,627.711805555555,209.237268518518,"High",2026,"2023-64","2024-42","G010853","G010841",0.22397552900643,"hybrid","midori"
"129",4,"plate_2_30","B3","","",20260401,"30C","360hpf","Sample",6,2677.75,1763.86875,913.88125,152.313541666667,"High",2026,"2023-64","2024-42","G010853","G010841",0.22397552900643,"hybrid","midori"
"130",4,"plate_1_26","C3","","",20260401,"26C","360hpf","Sample",7,2813.35,1689.69652777778,1123.65347222222,160.521924603175,"High",2026,"2023-64","2024-42","G010853","G010841",0.22397552900643,"hybrid","midori"
"131",4,"plate_1_26","B3","","",20260401,"26C","360hpf","Sample",3,1912.84166666667,1689.69652777778,223.145138888889,74.381712962963,"High",2026,"2023-64","2024-42","G010853","G010841",0.22397552900643,"hybrid","midori"
"132",4,"plate_2_30","F3","","",20260401,"30C","360hpf","Sample",14,3719.86666666667,1763.86875,1955.99791666667,139.714136904762,"High",2026,"2023-64","2024-42","G010853","G010841",0.22397552900643,"hybrid","midori"
"133",4,"plate_1_26","G3","","",20260401,"26C","360hpf","Sample",8,2981.19166666667,1689.69652777778,1291.49513888889,161.436892361111,"High",2026,"2023-64","2024-42","G010853","G010841",0.22397552900643,"hybrid","midori"
"134",4,"plate_1_26","F3","","",20260401,"26C","360hpf","Sample",6,2562.475,1689.69652777778,872.778472222223,145.463078703704,"High",2026,"2023-64","2024-42","G010853","G010841",0.22397552900643,"hybrid","midori"
"135",4,"plate_3_34","C3","","",20260401,"34C","360hpf","Sample",9,3581.50833333333,1941.35138888889,1640.15694444444,182.239660493827,"High",2026,"2023-64","2024-42","G010853","G010841",0.22397552900643,"hybrid","midori"
"136",4,"plate_3_34","B3","","",20260401,"34C","360hpf","Sample",3,2082.91666666667,1941.35138888889,141.565277777778,47.188425925926,"High",2026,"2023-64","2024-42","G010853","G010841",0.22397552900643,"hybrid","midori"
"137",4,"plate_2_30","D3","","",20260401,"30C","360hpf","Sample",5,2530.01666666667,1763.86875,766.147916666667,153.229583333333,"High",2026,"2023-64","2024-42","G010853","G010841",0.22397552900643,"hybrid","midori"
"138",4,"plate_3_34","B3","","",20260401,"34C","360hpf","Sample",3,2082.91666666667,1941.35138888889,141.565277777778,47.188425925926,"High",2026,"2023-64","2024-42","G010853","G010841",0.22397552900643,"hybrid","midori"
"139",4,"plate_3_34","F3","","",20260401,"34C","360hpf","Sample",0,1716.69166666667,1941.35138888889,-224.659722222222,NA,"High",2026,"2023-64","2024-42","G010853","G010841",0.22397552900643,"hybrid","midori"
"140",4,"plate_3_34","A3","","",20260401,"34C","360hpf","Sample",3,2294.48333333333,1941.35138888889,353.131944444444,117.710648148148,"High",2026,"2023-64","2024-42","G010853","G010841",0.22397552900643,"hybrid","midori"
"141",4,"plate_2_30","G3","","",20260401,"30C","360hpf","Sample",66,11810.8166666667,1763.86875,10046.9479166667,152.226483585859,"High",2026,"2023-64","2024-42","G010853","G010841",0.22397552900643,"hybrid","midori"
"142",4,"plate_3_34","E3","","",20260401,"34C","360hpf","Sample",11,3170.875,1941.35138888889,1229.52361111111,111.774873737374,"High",2026,"2023-64","2024-42","G010853","G010841",0.22397552900643,"hybrid","midori"
"143",4,"plate_2_30","F3","","",20260401,"30C","360hpf","Sample",14,3719.86666666667,1763.86875,1955.99791666667,139.714136904762,"High",2026,"2023-64","2024-42","G010853","G010841",0.22397552900643,"hybrid","midori"
"144",4,"plate_2_30","A3","","",20260401,"30C","360hpf","Sample",4,2087.45,1763.86875,323.58125,80.8953125,"High",2026,"2023-64","2024-42","G010853","G010841",0.22397552900643,"hybrid","midori"
"145",4,"plate_4_38","B3","","",20260401,"38C","360hpf","Sample",47,9649.18333333333,1920.40069444444,7728.78263888889,164.442183806147,"High",2026,"2023-64","2024-42","G010853","G010841",0.22397552900643,"hybrid","midori"
"146",4,"plate_2_30","E3","","",20260401,"30C","360hpf","Sample",13,4851.40833333333,1763.86875,3087.53958333333,237.503044871795,"High",2026,"2023-64","2024-42","G010853","G010841",0.22397552900643,"hybrid","midori"
"147",4,"plate_2_30","E3","","",20260401,"30C","360hpf","Sample",13,4851.40833333333,1763.86875,3087.53958333333,237.503044871795,"High",2026,"2023-64","2024-42","G010853","G010841",0.22397552900643,"hybrid","midori"
"148",4,"plate_4_38","A3","","",20260401,"38C","360hpf","Sample",3,2303.625,1920.40069444444,383.224305555556,127.741435185185,"High",2026,"2023-64","2024-42","G010853","G010841",0.22397552900643,"hybrid","midori"
"149",4,"plate_4_38","A3","","",20260401,"38C","360hpf","Sample",3,2303.625,1920.40069444444,383.224305555556,127.741435185185,"High",2026,"2023-64","2024-42","G010853","G010841",0.22397552900643,"hybrid","midori"
"150",4,"plate_3_34","G3","","",20260401,"34C","360hpf","Sample",11,3858.06666666667,1941.35138888889,1916.71527777778,174.246843434343,"High",2026,"2023-64","2024-42","G010853","G010841",0.22397552900643,"hybrid","midori"
"151",4,"plate_4_38","E3","","",20260401,"38C","360hpf","Sample",6,2424.2,1920.40069444444,503.799305555555,83.9665509259259,"High",2026,"2023-64","2024-42","G010853","G010841",0.22397552900643,"hybrid","midori"
"152",4,"plate_3_34","G3","","",20260401,"34C","360hpf","Sample",11,3858.06666666667,1941.35138888889,1916.71527777778,174.246843434343,"High",2026,"2023-64","2024-42","G010853","G010841",0.22397552900643,"hybrid","midori"
"153",4,"plate_4_38","D3","","",20260401,"38C","360hpf","Sample",9,2812.41666666667,1920.40069444444,892.015972222222,99.1128858024691,"High",2026,"2023-64","2024-42","G010853","G010841",0.22397552900643,"hybrid","midori"
"154",4,"plate_3_34","F3","","",20260401,"34C","360hpf","Sample",0,1716.69166666667,1941.35138888889,-224.659722222222,NA,"High",2026,"2023-64","2024-42","G010853","G010841",0.22397552900643,"hybrid","midori"
"155",4,"plate_4_38","D3","","",20260401,"38C","360hpf","Sample",9,2812.41666666667,1920.40069444444,892.015972222222,99.1128858024691,"High",2026,"2023-64","2024-42","G010853","G010841",0.22397552900643,"hybrid","midori"
"156",4,"plate_2_30","G3","","",20260401,"30C","360hpf","Sample",66,11810.8166666667,1763.86875,10046.9479166667,152.226483585859,"High",2026,"2023-64","2024-42","G010853","G010841",0.22397552900643,"hybrid","midori"
"157",4,"plate_3_34","D3","","",20260401,"34C","360hpf","Sample",23,5104.575,1941.35138888889,3163.22361111111,137.531461352657,"High",2026,"2023-64","2024-42","G010853","G010841",0.22397552900643,"hybrid","midori"
"158",4,"plate_4_38","C3","","",20260401,"38C","360hpf","Sample",8,2473.975,1920.40069444444,553.574305555555,69.1967881944444,"High",2026,"2023-64","2024-42","G010853","G010841",0.22397552900643,"hybrid","midori"
"159",4,"plate_3_34","D3","","",20260401,"34C","360hpf","Sample",23,5104.575,1941.35138888889,3163.22361111111,137.531461352657,"High",2026,"2023-64","2024-42","G010853","G010841",0.22397552900643,"hybrid","midori"
"160",4,"plate_3_34","C3","","",20260401,"34C","360hpf","Sample",9,3581.50833333333,1941.35138888889,1640.15694444444,182.239660493827,"High",2026,"2023-64","2024-42","G010853","G010841",0.22397552900643,"hybrid","midori"
"161",4,"plate_4_38","G3","","",20260401,"38C","360hpf","Sample",11,3690.74166666667,1920.40069444444,1770.34097222222,160.940088383838,"High",2026,"2023-64","2024-42","G010853","G010841",0.22397552900643,"hybrid","midori"
"162",4,"plate_4_38","F3","","",20260401,"38C","360hpf","Sample",7,2823.53333333333,1920.40069444444,903.132638888888,129.018948412698,"High",2026,"2023-64","2024-42","G010853","G010841",0.22397552900643,"hybrid","midori"
"163",4,"plate_4_38","F3","","",20260401,"38C","360hpf","Sample",7,2823.53333333333,1920.40069444444,903.132638888888,129.018948412698,"High",2026,"2023-64","2024-42","G010853","G010841",0.22397552900643,"hybrid","midori"
"164",4,"plate_4_38","G3","","",20260401,"38C","360hpf","Sample",11,3690.74166666667,1920.40069444444,1770.34097222222,160.940088383838,"High",2026,"2023-64","2024-42","G010853","G010841",0.22397552900643,"hybrid","midori"
"165",4,"plate_4_38","C3","","",20260401,"38C","360hpf","Sample",8,2473.975,1920.40069444444,553.574305555555,69.1967881944444,"High",2026,"2023-64","2024-42","G010853","G010841",0.22397552900643,"hybrid","midori"
"166",4,"plate_4_38","E3","","",20260401,"38C","360hpf","Sample",6,2424.2,1920.40069444444,503.799305555555,83.9665509259259,"High",2026,"2023-64","2024-42","G010853","G010841",0.22397552900643,"hybrid","midori"
"167",4,"plate_4_38","B3","","",20260401,"38C","360hpf","Sample",47,9649.18333333333,1920.40069444444,7728.78263888889,164.442183806147,"High",2026,"2023-64","2024-42","G010853","G010841",0.22397552900643,"hybrid","midori"
"168",4,"plate_3_34","E3","","",20260401,"34C","360hpf","Sample",11,3170.875,1941.35138888889,1229.52361111111,111.774873737374,"High",2026,"2023-64","2024-42","G010853","G010841",0.22397552900643,"hybrid","midori"
"169",5,"plate_2_30","C4","","",20260401,"30C","360hpf","Sample",0,1879.26666666667,1763.86875,115.397916666667,NA,"High",2026,"2023-56","2024-42","G010854","G010839",0.208681307650802,"midori","midori"
"170",5,"plate_1_26","F4","","",20260401,"26C","360hpf","Sample",7,2826.075,1689.69652777778,1136.37847222222,162.339781746032,"High",2026,"2023-56","2024-42","G010854","G010839",0.208681307650802,"midori","midori"
"171",5,"plate_1_26","C4","","",20260401,"26C","360hpf","Sample",14,3731.65833333333,1689.69652777778,2041.96180555556,145.85441468254,"High",2026,"2023-56","2024-42","G010854","G010839",0.208681307650802,"midori","midori"
"172",5,"plate_1_26","E4","","",20260401,"26C","360hpf","Sample",7,2973.05833333333,1689.69652777778,1283.36180555556,183.337400793651,"High",2026,"2023-56","2024-42","G010854","G010839",0.208681307650802,"midori","midori"
"173",5,"plate_1_26","A4","","",20260401,"26C","360hpf","Sample",29,6071.325,1689.69652777778,4381.62847222222,151.09063697318,"High",2026,"2023-56","2024-42","G010854","G010839",0.208681307650802,"midori","midori"
"174",5,"plate_1_26","B4","","",20260401,"26C","360hpf","Sample",4,2477.73333333333,1689.69652777778,788.036805555555,197.009201388889,"High",2026,"2023-56","2024-42","G010854","G010839",0.208681307650802,"midori","midori"
"175",5,"plate_1_26","B4","","",20260401,"26C","360hpf","Sample",4,2477.73333333333,1689.69652777778,788.036805555555,197.009201388889,"High",2026,"2023-56","2024-42","G010854","G010839",0.208681307650802,"midori","midori"
"176",5,"plate_1_26","A4","","",20260401,"26C","360hpf","Sample",29,6071.325,1689.69652777778,4381.62847222222,151.09063697318,"High",2026,"2023-56","2024-42","G010854","G010839",0.208681307650802,"midori","midori"
"177",5,"plate_2_30","E4","","",20260401,"30C","360hpf","Sample",3,2244.08333333333,1763.86875,480.214583333333,160.071527777778,"High",2026,"2023-56","2024-42","G010854","G010839",0.208681307650802,"midori","midori"
"178",5,"plate_2_30","D4","","",20260401,"30C","360hpf","Sample",28,5439.2,1763.86875,3675.33125,131.261830357143,"High",2026,"2023-56","2024-42","G010854","G010839",0.208681307650802,"midori","midori"
"179",5,"plate_1_26","E4","","",20260401,"26C","360hpf","Sample",7,2973.05833333333,1689.69652777778,1283.36180555556,183.337400793651,"High",2026,"2023-56","2024-42","G010854","G010839",0.208681307650802,"midori","midori"
"180",5,"plate_2_30","D4","","",20260401,"30C","360hpf","Sample",28,5439.2,1763.86875,3675.33125,131.261830357143,"High",2026,"2023-56","2024-42","G010854","G010839",0.208681307650802,"midori","midori"
"181",5,"plate_3_34","A4","","",20260401,"34C","360hpf","Sample",11,4067.21666666667,1941.35138888889,2125.86527777778,193.26047979798,"High",2026,"2023-56","2024-42","G010854","G010839",0.208681307650802,"midori","midori"
"182",5,"plate_1_26","D4","","",20260401,"26C","360hpf","Sample",16,3401.75833333333,1689.69652777778,1712.06180555556,107.003862847222,"High",2026,"2023-56","2024-42","G010854","G010839",0.208681307650802,"midori","midori"
"183",5,"plate_2_30","B4","","",20260401,"30C","360hpf","Sample",4,2438.15833333333,1763.86875,674.289583333333,168.572395833333,"High",2026,"2023-56","2024-42","G010854","G010839",0.208681307650802,"midori","midori"
"184",5,"plate_1_26","D4","","",20260401,"26C","360hpf","Sample",16,3401.75833333333,1689.69652777778,1712.06180555556,107.003862847222,"High",2026,"2023-56","2024-42","G010854","G010839",0.208681307650802,"midori","midori"
"185",5,"plate_2_30","A4","","",20260401,"30C","360hpf","Sample",4,2719.8,1763.86875,955.931250000001,238.9828125,"High",2026,"2023-56","2024-42","G010854","G010839",0.208681307650802,"midori","midori"
"186",5,"plate_1_26","C4","","",20260401,"26C","360hpf","Sample",14,3731.65833333333,1689.69652777778,2041.96180555556,145.85441468254,"High",2026,"2023-56","2024-42","G010854","G010839",0.208681307650802,"midori","midori"
"187",5,"plate_2_30","A4","","",20260401,"30C","360hpf","Sample",4,2719.8,1763.86875,955.931250000001,238.9828125,"High",2026,"2023-56","2024-42","G010854","G010839",0.208681307650802,"midori","midori"
"188",5,"plate_1_26","G4","","",20260401,"26C","360hpf","Sample",22,5093.36666666667,1689.69652777778,3403.67013888889,154.712279040404,"High",2026,"2023-56","2024-42","G010854","G010839",0.208681307650802,"midori","midori"
"189",5,"plate_1_26","G4","","",20260401,"26C","360hpf","Sample",22,5093.36666666667,1689.69652777778,3403.67013888889,154.712279040404,"High",2026,"2023-56","2024-42","G010854","G010839",0.208681307650802,"midori","midori"
"190",5,"plate_3_34","C4","","",20260401,"34C","360hpf","Sample",6,2474.50833333333,1941.35138888889,533.156944444444,88.8594907407407,"High",2026,"2023-56","2024-42","G010854","G010839",0.208681307650802,"midori","midori"
"191",5,"plate_3_34","C4","","",20260401,"34C","360hpf","Sample",6,2474.50833333333,1941.35138888889,533.156944444444,88.8594907407407,"High",2026,"2023-56","2024-42","G010854","G010839",0.208681307650802,"midori","midori"
"192",5,"plate_1_26","F4","","",20260401,"26C","360hpf","Sample",7,2826.075,1689.69652777778,1136.37847222222,162.339781746032,"High",2026,"2023-56","2024-42","G010854","G010839",0.208681307650802,"midori","midori"
"193",5,"plate_3_34","G4","","",20260401,"34C","360hpf","Sample",8,3229.65,1941.35138888889,1288.29861111111,161.037326388889,"High",2026,"2023-56","2024-42","G010854","G010839",0.208681307650802,"midori","midori"
"194",5,"plate_3_34","B4","","",20260401,"34C","360hpf","Sample",2,2023.43333333333,1941.35138888889,82.0819444444444,41.0409722222222,"High",2026,"2023-56","2024-42","G010854","G010839",0.208681307650802,"midori","midori"
"195",5,"plate_2_30","C4","","",20260401,"30C","360hpf","Sample",0,1879.26666666667,1763.86875,115.397916666667,NA,"High",2026,"2023-56","2024-42","G010854","G010839",0.208681307650802,"midori","midori"
"196",5,"plate_3_34","A4","","",20260401,"34C","360hpf","Sample",11,4067.21666666667,1941.35138888889,2125.86527777778,193.26047979798,"High",2026,"2023-56","2024-42","G010854","G010839",0.208681307650802,"midori","midori"
"197",5,"plate_2_30","G4","","",20260401,"30C","360hpf","Sample",16,4027.56666666667,1763.86875,2263.69791666667,141.481119791667,"High",2026,"2023-56","2024-42","G010854","G010839",0.208681307650802,"midori","midori"
"198",5,"plate_2_30","B4","","",20260401,"30C","360hpf","Sample",4,2438.15833333333,1763.86875,674.289583333333,168.572395833333,"High",2026,"2023-56","2024-42","G010854","G010839",0.208681307650802,"midori","midori"
"199",5,"plate_2_30","F4","","",20260401,"30C","360hpf","Sample",24,6224.20833333333,1763.86875,4460.33958333333,185.847482638889,"High",2026,"2023-56","2024-42","G010854","G010839",0.208681307650802,"midori","midori"
"200",5,"plate_3_34","D4","","",20260401,"34C","360hpf","Sample",22,4896.01666666667,1941.35138888889,2954.66527777778,134.302967171717,"High",2026,"2023-56","2024-42","G010854","G010839",0.208681307650802,"midori","midori"
"201",5,"plate_2_30","F4","","",20260401,"30C","360hpf","Sample",24,6224.20833333333,1763.86875,4460.33958333333,185.847482638889,"High",2026,"2023-56","2024-42","G010854","G010839",0.208681307650802,"midori","midori"
"202",5,"plate_2_30","E4","","",20260401,"30C","360hpf","Sample",3,2244.08333333333,1763.86875,480.214583333333,160.071527777778,"High",2026,"2023-56","2024-42","G010854","G010839",0.208681307650802,"midori","midori"
"203",5,"plate_4_38","B4","","",20260401,"38C","360hpf","Sample",5,2421.525,1920.40069444444,501.124305555556,100.224861111111,"High",2026,"2023-56","2024-42","G010854","G010839",0.208681307650802,"midori","midori"
"204",5,"plate_4_38","A4","","",20260401,"38C","360hpf","Sample",10,3356.75833333333,1920.40069444444,1436.35763888889,143.635763888889,"High",2026,"2023-56","2024-42","G010854","G010839",0.208681307650802,"midori","midori"
"205",5,"plate_3_34","B4","","",20260401,"34C","360hpf","Sample",2,2023.43333333333,1941.35138888889,82.0819444444444,41.0409722222222,"High",2026,"2023-56","2024-42","G010854","G010839",0.208681307650802,"midori","midori"
"206",5,"plate_4_38","F4","","",20260401,"38C","360hpf","Sample",18,4090.30833333333,1920.40069444444,2169.90763888889,120.550424382716,"High",2026,"2023-56","2024-42","G010854","G010839",0.208681307650802,"midori","midori"
"207",5,"plate_4_38","E4","","",20260401,"38C","360hpf","Sample",11,2969.38333333333,1920.40069444444,1048.98263888889,95.362058080808,"High",2026,"2023-56","2024-42","G010854","G010839",0.208681307650802,"midori","midori"
"208",5,"plate_3_34","F4","","",20260401,"34C","360hpf","Sample",20,4714.20833333333,1941.35138888889,2772.85694444444,138.642847222222,"High",2026,"2023-56","2024-42","G010854","G010839",0.208681307650802,"midori","midori"
"209",5,"plate_4_38","D4","","",20260401,"38C","360hpf","Sample",11,3493.76666666667,1920.40069444444,1573.36597222222,143.03327020202,"High",2026,"2023-56","2024-42","G010854","G010839",0.208681307650802,"midori","midori"
"210",5,"plate_3_34","F4","","",20260401,"34C","360hpf","Sample",20,4714.20833333333,1941.35138888889,2772.85694444444,138.642847222222,"High",2026,"2023-56","2024-42","G010854","G010839",0.208681307650802,"midori","midori"
"211",5,"plate_3_34","E4","","",20260401,"34C","360hpf","Sample",23,5175.06666666667,1941.35138888889,3233.71527777778,140.596316425121,"High",2026,"2023-56","2024-42","G010854","G010839",0.208681307650802,"midori","midori"
"212",5,"plate_2_30","G4","","",20260401,"30C","360hpf","Sample",16,4027.56666666667,1763.86875,2263.69791666667,141.481119791667,"High",2026,"2023-56","2024-42","G010854","G010839",0.208681307650802,"midori","midori"
"213",5,"plate_3_34","E4","","",20260401,"34C","360hpf","Sample",23,5175.06666666667,1941.35138888889,3233.71527777778,140.596316425121,"High",2026,"2023-56","2024-42","G010854","G010839",0.208681307650802,"midori","midori"
"214",5,"plate_4_38","B4","","",20260401,"38C","360hpf","Sample",5,2421.525,1920.40069444444,501.124305555556,100.224861111111,"High",2026,"2023-56","2024-42","G010854","G010839",0.208681307650802,"midori","midori"
"215",5,"plate_3_34","D4","","",20260401,"34C","360hpf","Sample",22,4896.01666666667,1941.35138888889,2954.66527777778,134.302967171717,"High",2026,"2023-56","2024-42","G010854","G010839",0.208681307650802,"midori","midori"
"216",5,"plate_4_38","D4","","",20260401,"38C","360hpf","Sample",11,3493.76666666667,1920.40069444444,1573.36597222222,143.03327020202,"High",2026,"2023-56","2024-42","G010854","G010839",0.208681307650802,"midori","midori"
"217",5,"plate_4_38","G4","","",20260401,"38C","360hpf","Sample",27,6480.20833333333,1920.40069444444,4559.80763888889,168.881764403292,"High",2026,"2023-56","2024-42","G010854","G010839",0.208681307650802,"midori","midori"
"218",5,"plate_4_38","A4","","",20260401,"38C","360hpf","Sample",10,3356.75833333333,1920.40069444444,1436.35763888889,143.635763888889,"High",2026,"2023-56","2024-42","G010854","G010839",0.208681307650802,"midori","midori"
"219",5,"plate_4_38","C4","","",20260401,"38C","360hpf","Sample",15,2901.31666666667,1920.40069444444,980.915972222222,65.3943981481481,"High",2026,"2023-56","2024-42","G010854","G010839",0.208681307650802,"midori","midori"
"220",5,"plate_4_38","G4","","",20260401,"38C","360hpf","Sample",27,6480.20833333333,1920.40069444444,4559.80763888889,168.881764403292,"High",2026,"2023-56","2024-42","G010854","G010839",0.208681307650802,"midori","midori"
"221",5,"plate_3_34","G4","","",20260401,"34C","360hpf","Sample",8,3229.65,1941.35138888889,1288.29861111111,161.037326388889,"High",2026,"2023-56","2024-42","G010854","G010839",0.208681307650802,"midori","midori"
"222",5,"plate_4_38","E4","","",20260401,"38C","360hpf","Sample",11,2969.38333333333,1920.40069444444,1048.98263888889,95.362058080808,"High",2026,"2023-56","2024-42","G010854","G010839",0.208681307650802,"midori","midori"
"223",5,"plate_4_38","F4","","",20260401,"38C","360hpf","Sample",18,4090.30833333333,1920.40069444444,2169.90763888889,120.550424382716,"High",2026,"2023-56","2024-42","G010854","G010839",0.208681307650802,"midori","midori"
"224",5,"plate_4_38","C4","","",20260401,"38C","360hpf","Sample",15,2901.31666666667,1920.40069444444,980.915972222222,65.3943981481481,"High",2026,"2023-56","2024-42","G010854","G010839",0.208681307650802,"midori","midori"
"225",6,"plate_1_26","B5","","",20260401,"26C","360hpf","Sample",6,2689,1689.69652777778,999.303472222222,166.550578703704,"High",2026,"2024-63","2023-64","G010855","G010840",0.192034047222003,"miyagi","hybrid"
"226",6,"plate_1_26","C5","","",20260401,"26C","360hpf","Sample",18,3303.24166666667,1689.69652777778,1613.54513888889,89.6413966049383,"High",2026,"2024-63","2023-64","G010855","G010840",0.192034047222003,"miyagi","hybrid"
"227",6,"plate_1_26","A5","","",20260401,"26C","360hpf","Sample",14,3485.35,1689.69652777778,1795.65347222222,128.260962301587,"High",2026,"2024-63","2023-64","G010855","G010840",0.192034047222003,"miyagi","hybrid"
"228",6,"plate_1_26","A5","","",20260401,"26C","360hpf","Sample",14,3485.35,1689.69652777778,1795.65347222222,128.260962301587,"High",2026,"2024-63","2023-64","G010855","G010840",0.192034047222003,"miyagi","hybrid"
"229",6,"plate_2_30","A5","","",20260401,"30C","360hpf","Sample",8,2890.21666666667,1763.86875,1126.34791666667,140.793489583333,"High",2026,"2024-63","2023-64","G010855","G010840",0.192034047222003,"miyagi","hybrid"
"230",6,"plate_1_26","B5","","",20260401,"26C","360hpf","Sample",6,2689,1689.69652777778,999.303472222222,166.550578703704,"High",2026,"2024-63","2023-64","G010855","G010840",0.192034047222003,"miyagi","hybrid"
"231",6,"plate_1_26","E5","","",20260401,"26C","360hpf","Sample",13,2746.80833333333,1689.69652777778,1057.11180555556,81.3162927350427,"High",2026,"2024-63","2023-64","G010855","G010840",0.192034047222003,"miyagi","hybrid"
"232",6,"plate_2_30","E5","","",20260401,"30C","360hpf","Sample",5,2905.36666666667,1763.86875,1141.49791666667,228.299583333333,"High",2026,"2024-63","2023-64","G010855","G010840",0.192034047222003,"miyagi","hybrid"
"233",6,"plate_1_26","F5","","",20260401,"26C","360hpf","Sample",7,2887.925,1689.69652777778,1198.22847222222,171.175496031746,"High",2026,"2024-63","2023-64","G010855","G010840",0.192034047222003,"miyagi","hybrid"
"234",6,"plate_1_26","F5","","",20260401,"26C","360hpf","Sample",7,2887.925,1689.69652777778,1198.22847222222,171.175496031746,"High",2026,"2024-63","2023-64","G010855","G010840",0.192034047222003,"miyagi","hybrid"
"235",6,"plate_1_26","E5","","",20260401,"26C","360hpf","Sample",13,2746.80833333333,1689.69652777778,1057.11180555556,81.3162927350427,"High",2026,"2024-63","2023-64","G010855","G010840",0.192034047222003,"miyagi","hybrid"
"236",6,"plate_2_30","C5","","",20260401,"30C","360hpf","Sample",11,3315.65833333333,1763.86875,1551.78958333333,141.07178030303,"High",2026,"2024-63","2023-64","G010855","G010840",0.192034047222003,"miyagi","hybrid"
"237",6,"plate_1_26","D5","","",20260401,"26C","360hpf","Sample",10,2491.75833333333,1689.69652777778,802.061805555555,80.2061805555555,"High",2026,"2024-63","2023-64","G010855","G010840",0.192034047222003,"miyagi","hybrid"
"238",6,"plate_2_30","B5","","",20260401,"30C","360hpf","Sample",11,3176.20833333333,1763.86875,1412.33958333333,128.394507575758,"High",2026,"2024-63","2023-64","G010855","G010840",0.192034047222003,"miyagi","hybrid"
"239",6,"plate_1_26","D5","","",20260401,"26C","360hpf","Sample",10,2491.75833333333,1689.69652777778,802.061805555555,80.2061805555555,"High",2026,"2024-63","2023-64","G010855","G010840",0.192034047222003,"miyagi","hybrid"
"240",6,"plate_2_30","A5","","",20260401,"30C","360hpf","Sample",8,2890.21666666667,1763.86875,1126.34791666667,140.793489583333,"High",2026,"2024-63","2023-64","G010855","G010840",0.192034047222003,"miyagi","hybrid"
"241",6,"plate_1_26","C5","","",20260401,"26C","360hpf","Sample",18,3303.24166666667,1689.69652777778,1613.54513888889,89.6413966049383,"High",2026,"2024-63","2023-64","G010855","G010840",0.192034047222003,"miyagi","hybrid"
"242",6,"plate_3_34","D5","","",20260401,"34C","360hpf","Sample",14,3989.325,1941.35138888889,2047.97361111111,146.283829365079,"High",2026,"2024-63","2023-64","G010855","G010840",0.192034047222003,"miyagi","hybrid"
"243",6,"plate_1_26","G5","","",20260401,"26C","360hpf","Sample",11,2991.05,1689.69652777778,1301.35347222222,118.304861111111,"High",2026,"2024-63","2023-64","G010855","G010840",0.192034047222003,"miyagi","hybrid"
"244",6,"plate_1_26","G5","","",20260401,"26C","360hpf","Sample",11,2991.05,1689.69652777778,1301.35347222222,118.304861111111,"High",2026,"2024-63","2023-64","G010855","G010840",0.192034047222003,"miyagi","hybrid"
"245",6,"plate_3_34","C5","","",20260401,"34C","360hpf","Sample",7,2612.7,1941.35138888889,671.348611111111,95.9069444444444,"High",2026,"2024-63","2023-64","G010855","G010840",0.192034047222003,"miyagi","hybrid"
"246",6,"plate_3_34","C5","","",20260401,"34C","360hpf","Sample",7,2612.7,1941.35138888889,671.348611111111,95.9069444444444,"High",2026,"2024-63","2023-64","G010855","G010840",0.192034047222003,"miyagi","hybrid"
"247",6,"plate_2_30","D5","","",20260401,"30C","360hpf","Sample",13,3418.56666666667,1763.86875,1654.69791666667,127.284455128205,"High",2026,"2024-63","2023-64","G010855","G010840",0.192034047222003,"miyagi","hybrid"
"248",6,"plate_2_30","D5","","",20260401,"30C","360hpf","Sample",13,3418.56666666667,1763.86875,1654.69791666667,127.284455128205,"High",2026,"2024-63","2023-64","G010855","G010840",0.192034047222003,"miyagi","hybrid"
"249",6,"plate_3_34","B5","","",20260401,"34C","360hpf","Sample",4,2739.43333333333,1941.35138888889,798.081944444444,199.520486111111,"High",2026,"2024-63","2023-64","G010855","G010840",0.192034047222003,"miyagi","hybrid"
"250",6,"plate_2_30","C5","","",20260401,"30C","360hpf","Sample",11,3315.65833333333,1763.86875,1551.78958333333,141.07178030303,"High",2026,"2024-63","2023-64","G010855","G010840",0.192034047222003,"miyagi","hybrid"
"251",6,"plate_3_34","A5","","",20260401,"34C","360hpf","Sample",14,5004.08333333333,1941.35138888889,3062.73194444445,218.766567460318,"High",2026,"2024-63","2023-64","G010855","G010840",0.192034047222003,"miyagi","hybrid"
"252",6,"plate_2_30","G5","","",20260401,"30C","360hpf","Sample",12,3295.80833333333,1763.86875,1531.93958333333,127.661631944444,"High",2026,"2024-63","2023-64","G010855","G010840",0.192034047222003,"miyagi","hybrid"
"253",6,"plate_2_30","B5","","",20260401,"30C","360hpf","Sample",11,3176.20833333333,1763.86875,1412.33958333333,128.394507575758,"High",2026,"2024-63","2023-64","G010855","G010840",0.192034047222003,"miyagi","hybrid"
"254",6,"plate_2_30","F5","","",20260401,"30C","360hpf","Sample",6,2614.31666666667,1763.86875,850.447916666667,141.741319444444,"High",2026,"2024-63","2023-64","G010855","G010840",0.192034047222003,"miyagi","hybrid"
"255",6,"plate_3_34","E5","","",20260401,"34C","360hpf","Sample",15,5433.84166666667,1941.35138888889,3492.49027777778,232.832685185185,"High",2026,"2024-63","2023-64","G010855","G010840",0.192034047222003,"miyagi","hybrid"
"256",6,"plate_2_30","F5","","",20260401,"30C","360hpf","Sample",6,2614.31666666667,1763.86875,850.447916666667,141.741319444444,"High",2026,"2024-63","2023-64","G010855","G010840",0.192034047222003,"miyagi","hybrid"
"257",6,"plate_2_30","E5","","",20260401,"30C","360hpf","Sample",5,2905.36666666667,1763.86875,1141.49791666667,228.299583333333,"High",2026,"2024-63","2023-64","G010855","G010840",0.192034047222003,"miyagi","hybrid"
"258",6,"plate_4_38","B5","","",20260401,"38C","360hpf","Sample",12,3932,1920.40069444444,2011.59930555555,167.633275462963,"High",2026,"2024-63","2023-64","G010855","G010840",0.192034047222003,"miyagi","hybrid"
"259",6,"plate_4_38","A5","","",20260401,"38C","360hpf","Sample",14,3729.15,1920.40069444444,1808.74930555556,129.196378968254,"High",2026,"2024-63","2023-64","G010855","G010840",0.192034047222003,"miyagi","hybrid"
"260",6,"plate_4_38","A5","","",20260401,"38C","360hpf","Sample",14,3729.15,1920.40069444444,1808.74930555556,129.196378968254,"High",2026,"2024-63","2023-64","G010855","G010840",0.192034047222003,"miyagi","hybrid"
"261",6,"plate_3_34","B5","","",20260401,"34C","360hpf","Sample",4,2739.43333333333,1941.35138888889,798.081944444444,199.520486111111,"High",2026,"2024-63","2023-64","G010855","G010840",0.192034047222003,"miyagi","hybrid"
"262",6,"plate_3_34","G5","","",20260401,"34C","360hpf","Sample",15,5470.60833333333,1941.35138888889,3529.25694444444,235.283796296296,"High",2026,"2024-63","2023-64","G010855","G010840",0.192034047222003,"miyagi","hybrid"
"263",6,"plate_3_34","A5","","",20260401,"34C","360hpf","Sample",14,5004.08333333333,1941.35138888889,3062.73194444445,218.766567460318,"High",2026,"2024-63","2023-64","G010855","G010840",0.192034047222003,"miyagi","hybrid"
"264",6,"plate_3_34","F5","","",20260401,"34C","360hpf","Sample",12,3845.025,1941.35138888889,1903.67361111111,158.639467592593,"High",2026,"2024-63","2023-64","G010855","G010840",0.192034047222003,"miyagi","hybrid"
"265",6,"plate_3_34","F5","","",20260401,"34C","360hpf","Sample",12,3845.025,1941.35138888889,1903.67361111111,158.639467592593,"High",2026,"2024-63","2023-64","G010855","G010840",0.192034047222003,"miyagi","hybrid"
"266",6,"plate_3_34","E5","","",20260401,"34C","360hpf","Sample",15,5433.84166666667,1941.35138888889,3492.49027777778,232.832685185185,"High",2026,"2024-63","2023-64","G010855","G010840",0.192034047222003,"miyagi","hybrid"
"267",6,"plate_2_30","G5","","",20260401,"30C","360hpf","Sample",12,3295.80833333333,1763.86875,1531.93958333333,127.661631944444,"High",2026,"2024-63","2023-64","G010855","G010840",0.192034047222003,"miyagi","hybrid"
"268",6,"plate_4_38","G5","","",20260401,"38C","360hpf","Sample",25,5616.325,1920.40069444444,3695.92430555556,147.836972222222,"High",2026,"2024-63","2023-64","G010855","G010840",0.192034047222003,"miyagi","hybrid"
"269",6,"plate_4_38","B5","","",20260401,"38C","360hpf","Sample",12,3932,1920.40069444444,2011.59930555555,167.633275462963,"High",2026,"2024-63","2023-64","G010855","G010840",0.192034047222003,"miyagi","hybrid"
"270",6,"plate_3_34","D5","","",20260401,"34C","360hpf","Sample",14,3989.325,1941.35138888889,2047.97361111111,146.283829365079,"High",2026,"2024-63","2023-64","G010855","G010840",0.192034047222003,"miyagi","hybrid"
"271",6,"plate_4_38","D5","","",20260401,"38C","360hpf","Sample",13,3432.425,1920.40069444444,1512.02430555556,116.309561965812,"High",2026,"2024-63","2023-64","G010855","G010840",0.192034047222003,"miyagi","hybrid"
"272",6,"plate_3_34","G5","","",20260401,"34C","360hpf","Sample",15,5470.60833333333,1941.35138888889,3529.25694444444,235.283796296296,"High",2026,"2024-63","2023-64","G010855","G010840",0.192034047222003,"miyagi","hybrid"
"273",6,"plate_4_38","F5","","",20260401,"38C","360hpf","Sample",16,4444.85833333333,1920.40069444444,2524.45763888889,157.778602430556,"High",2026,"2024-63","2023-64","G010855","G010840",0.192034047222003,"miyagi","hybrid"
"274",6,"plate_4_38","F5","","",20260401,"38C","360hpf","Sample",16,4444.85833333333,1920.40069444444,2524.45763888889,157.778602430556,"High",2026,"2024-63","2023-64","G010855","G010840",0.192034047222003,"miyagi","hybrid"
"275",6,"plate_4_38","G5","","",20260401,"38C","360hpf","Sample",25,5616.325,1920.40069444444,3695.92430555556,147.836972222222,"High",2026,"2024-63","2023-64","G010855","G010840",0.192034047222003,"miyagi","hybrid"
"276",6,"plate_4_38","C5","","",20260401,"38C","360hpf","Sample",6,2556.55,1920.40069444444,636.149305555556,106.024884259259,"High",2026,"2024-63","2023-64","G010855","G010840",0.192034047222003,"miyagi","hybrid"
"277",6,"plate_4_38","E5","","",20260401,"38C","360hpf","Sample",14,4096.025,1920.40069444444,2175.62430555556,155.401736111111,"High",2026,"2024-63","2023-64","G010855","G010840",0.192034047222003,"miyagi","hybrid"
"278",6,"plate_4_38","D5","","",20260401,"38C","360hpf","Sample",13,3432.425,1920.40069444444,1512.02430555556,116.309561965812,"High",2026,"2024-63","2023-64","G010855","G010840",0.192034047222003,"miyagi","hybrid"
"279",6,"plate_4_38","E5","","",20260401,"38C","360hpf","Sample",14,4096.025,1920.40069444444,2175.62430555556,155.401736111111,"High",2026,"2024-63","2023-64","G010855","G010840",0.192034047222003,"miyagi","hybrid"
"280",6,"plate_4_38","C5","","",20260401,"38C","360hpf","Sample",6,2556.55,1920.40069444444,636.149305555556,106.024884259259,"High",2026,"2024-63","2023-64","G010855","G010840",0.192034047222003,"miyagi","hybrid"
"281",8,"plate_1_26","B6","","",20260401,"26C","360hpf","Sample",10,2464.55833333333,1689.69652777778,774.861805555556,77.4861805555556,"High",2026,"2023-72","2024-63","G010857","G010829",0.152628367646118,"hybrid","miyagi"
"282",8,"plate_1_26","C6","","",20260401,"26C","360hpf","Sample",6,2340.41666666667,1689.69652777778,650.720138888889,108.453356481482,"High",2026,"2023-72","2024-63","G010857","G010829",0.152628367646118,"hybrid","miyagi"
"283",8,"plate_1_26","A6","","",20260401,"26C","360hpf","Sample",58,6816.725,1689.69652777778,5127.02847222222,88.3970426245211,"High",2026,"2023-72","2024-63","G010857","G010829",0.152628367646118,"hybrid","miyagi"
"284",8,"plate_2_30","A6","","",20260401,"30C","360hpf","Sample",5,2410.25833333333,1763.86875,646.389583333333,129.277916666667,"High",2026,"2023-72","2024-63","G010857","G010829",0.152628367646118,"hybrid","miyagi"
"285",8,"plate_1_26","D6","","",20260401,"26C","360hpf","Sample",3,2075.08333333333,1689.69652777778,385.386805555555,128.462268518518,"High",2026,"2023-72","2024-63","G010857","G010829",0.152628367646118,"hybrid","miyagi"
"286",8,"plate_1_26","G6","","",20260401,"26C","360hpf","Sample",66,7233.00833333333,1689.69652777778,5543.31180555556,83.9895728114478,"High",2026,"2023-72","2024-63","G010857","G010829",0.152628367646118,"hybrid","miyagi"
"287",8,"plate_1_26","A6","","",20260401,"26C","360hpf","Sample",58,6816.725,1689.69652777778,5127.02847222222,88.3970426245211,"High",2026,"2023-72","2024-63","G010857","G010829",0.152628367646118,"hybrid","miyagi"
"288",8,"plate_1_26","F6","","",20260401,"26C","360hpf","Sample",39,4016.00833333333,1689.69652777778,2326.31180555556,59.6490206552707,"High",2026,"2023-72","2024-63","G010857","G010829",0.152628367646118,"hybrid","miyagi"
"289",8,"plate_1_26","B6","","",20260401,"26C","360hpf","Sample",10,2464.55833333333,1689.69652777778,774.861805555556,77.4861805555556,"High",2026,"2023-72","2024-63","G010857","G010829",0.152628367646118,"hybrid","miyagi"
"290",8,"plate_1_26","E6","","",20260401,"26C","360hpf","Sample",6,2016.94166666667,1689.69652777778,327.245138888889,54.5408564814815,"High",2026,"2023-72","2024-63","G010857","G010829",0.152628367646118,"hybrid","miyagi"
"291",8,"plate_1_26","E6","","",20260401,"26C","360hpf","Sample",6,2016.94166666667,1689.69652777778,327.245138888889,54.5408564814815,"High",2026,"2023-72","2024-63","G010857","G010829",0.152628367646118,"hybrid","miyagi"
"292",8,"plate_1_26","D6","","",20260401,"26C","360hpf","Sample",3,2075.08333333333,1689.69652777778,385.386805555555,128.462268518518,"High",2026,"2023-72","2024-63","G010857","G010829",0.152628367646118,"hybrid","miyagi"
"293",8,"plate_2_30","B6","","",20260401,"30C","360hpf","Sample",22,3651.91666666667,1763.86875,1888.04791666667,85.8203598484848,"High",2026,"2023-72","2024-63","G010857","G010829",0.152628367646118,"hybrid","miyagi"
"294",8,"plate_2_30","G6","","",20260401,"30C","360hpf","Sample",60,10188.45,1763.86875,8424.58125,140.4096875,"High",2026,"2023-72","2024-63","G010857","G010829",0.152628367646118,"hybrid","miyagi"
"295",8,"plate_2_30","A6","","",20260401,"30C","360hpf","Sample",5,2410.25833333333,1763.86875,646.389583333333,129.277916666667,"High",2026,"2023-72","2024-63","G010857","G010829",0.152628367646118,"hybrid","miyagi"
"296",8,"plate_1_26","C6","","",20260401,"26C","360hpf","Sample",6,2340.41666666667,1689.69652777778,650.720138888889,108.453356481482,"High",2026,"2023-72","2024-63","G010857","G010829",0.152628367646118,"hybrid","miyagi"
"297",8,"plate_3_34","D6","","",20260401,"34C","360hpf","Sample",15,3053.54166666667,1941.35138888889,1112.19027777778,74.1460185185185,"High",2026,"2023-72","2024-63","G010857","G010829",0.152628367646118,"hybrid","miyagi"
"298",8,"plate_1_26","G6","","",20260401,"26C","360hpf","Sample",66,7233.00833333333,1689.69652777778,5543.31180555556,83.9895728114478,"High",2026,"2023-72","2024-63","G010857","G010829",0.152628367646118,"hybrid","miyagi"
"299",8,"plate_2_30","E6","","",20260401,"30C","360hpf","Sample",12,2613.03333333333,1763.86875,849.164583333333,70.7637152777777,"High",2026,"2023-72","2024-63","G010857","G010829",0.152628367646118,"hybrid","miyagi"
"300",8,"plate_2_30","E6","","",20260401,"30C","360hpf","Sample",12,2613.03333333333,1763.86875,849.164583333333,70.7637152777777,"High",2026,"2023-72","2024-63","G010857","G010829",0.152628367646118,"hybrid","miyagi"
"301",8,"plate_3_34","C6","","",20260401,"34C","360hpf","Sample",17,3182.275,1941.35138888889,1240.92361111111,72.9955065359477,"High",2026,"2023-72","2024-63","G010857","G010829",0.152628367646118,"hybrid","miyagi"
"302",8,"plate_1_26","F6","","",20260401,"26C","360hpf","Sample",39,4016.00833333333,1689.69652777778,2326.31180555556,59.6490206552707,"High",2026,"2023-72","2024-63","G010857","G010829",0.152628367646118,"hybrid","miyagi"
"303",8,"plate_2_30","D6","","",20260401,"30C","360hpf","Sample",17,3337.13333333333,1763.86875,1573.26458333333,92.5449754901961,"High",2026,"2023-72","2024-63","G010857","G010829",0.152628367646118,"hybrid","miyagi"
"304",8,"plate_2_30","C6","","",20260401,"30C","360hpf","Sample",30,5537.125,1763.86875,3773.25625,125.775208333333,"High",2026,"2023-72","2024-63","G010857","G010829",0.152628367646118,"hybrid","miyagi"
"305",8,"plate_2_30","C6","","",20260401,"30C","360hpf","Sample",30,5537.125,1763.86875,3773.25625,125.775208333333,"High",2026,"2023-72","2024-63","G010857","G010829",0.152628367646118,"hybrid","miyagi"
"306",8,"plate_3_34","A6","","",20260401,"34C","360hpf","Sample",15,3527.4,1941.35138888889,1586.04861111111,105.736574074074,"High",2026,"2023-72","2024-63","G010857","G010829",0.152628367646118,"hybrid","miyagi"
"307",8,"plate_3_34","F6","","",20260401,"34C","360hpf","Sample",65,10075.4083333333,1941.35138888889,8134.05694444445,125.139337606838,"High",2026,"2023-72","2024-63","G010857","G010829",0.152628367646118,"hybrid","miyagi"
"308",8,"plate_2_30","B6","","",20260401,"30C","360hpf","Sample",22,3651.91666666667,1763.86875,1888.04791666667,85.8203598484848,"High",2026,"2023-72","2024-63","G010857","G010829",0.152628367646118,"hybrid","miyagi"
"309",8,"plate_2_30","F6","","",20260401,"30C","360hpf","Sample",60,7853.05,1763.86875,6089.18125,101.486354166667,"High",2026,"2023-72","2024-63","G010857","G010829",0.152628367646118,"hybrid","miyagi"
"310",8,"plate_3_34","E6","","",20260401,"34C","360hpf","Sample",54,8418.55833333333,1941.35138888889,6477.20694444444,119.948276748971,"High",2026,"2023-72","2024-63","G010857","G010829",0.152628367646118,"hybrid","miyagi"
"311",8,"plate_2_30","F6","","",20260401,"30C","360hpf","Sample",60,7853.05,1763.86875,6089.18125,101.486354166667,"High",2026,"2023-72","2024-63","G010857","G010829",0.152628367646118,"hybrid","miyagi"
"312",8,"plate_3_34","D6","","",20260401,"34C","360hpf","Sample",15,3053.54166666667,1941.35138888889,1112.19027777778,74.1460185185185,"High",2026,"2023-72","2024-63","G010857","G010829",0.152628367646118,"hybrid","miyagi"
"313",8,"plate_3_34","C6","","",20260401,"34C","360hpf","Sample",17,3182.275,1941.35138888889,1240.92361111111,72.9955065359477,"High",2026,"2023-72","2024-63","G010857","G010829",0.152628367646118,"hybrid","miyagi"
"314",8,"plate_4_38","A6","","",20260401,"38C","360hpf","Sample",10,2469.30833333333,1920.40069444444,548.907638888889,54.8907638888889,"High",2026,"2023-72","2024-63","G010857","G010829",0.152628367646118,"hybrid","miyagi"
"315",8,"plate_2_30","D6","","",20260401,"30C","360hpf","Sample",17,3337.13333333333,1763.86875,1573.26458333333,92.5449754901961,"High",2026,"2023-72","2024-63","G010857","G010829",0.152628367646118,"hybrid","miyagi"
"316",8,"plate_3_34","B6","","",20260401,"34C","360hpf","Sample",7,2269.13333333333,1941.35138888889,327.781944444444,46.825992063492,"High",2026,"2023-72","2024-63","G010857","G010829",0.152628367646118,"hybrid","miyagi"
"317",8,"plate_3_34","B6","","",20260401,"34C","360hpf","Sample",7,2269.13333333333,1941.35138888889,327.781944444444,46.825992063492,"High",2026,"2023-72","2024-63","G010857","G010829",0.152628367646118,"hybrid","miyagi"
"318",8,"plate_3_34","A6","","",20260401,"34C","360hpf","Sample",15,3527.4,1941.35138888889,1586.04861111111,105.736574074074,"High",2026,"2023-72","2024-63","G010857","G010829",0.152628367646118,"hybrid","miyagi"
"319",8,"plate_3_34","F6","","",20260401,"34C","360hpf","Sample",65,10075.4083333333,1941.35138888889,8134.05694444445,125.139337606838,"High",2026,"2023-72","2024-63","G010857","G010829",0.152628367646118,"hybrid","miyagi"
"320",8,"plate_4_38","D6","","",20260401,"38C","360hpf","Sample",17,2199.3,1920.40069444444,278.899305555555,16.405841503268,"High",2026,"2023-72","2024-63","G010857","G010829",0.152628367646118,"hybrid","miyagi"
"321",8,"plate_3_34","E6","","",20260401,"34C","360hpf","Sample",54,8418.55833333333,1941.35138888889,6477.20694444444,119.948276748971,"High",2026,"2023-72","2024-63","G010857","G010829",0.152628367646118,"hybrid","miyagi"
"322",8,"plate_2_30","G6","","",20260401,"30C","360hpf","Sample",60,10188.45,1763.86875,8424.58125,140.4096875,"High",2026,"2023-72","2024-63","G010857","G010829",0.152628367646118,"hybrid","miyagi"
"323",8,"plate_4_38","G6","","",20260401,"38C","360hpf","Sample",56,6482.05,1920.40069444444,4561.64930555555,81.458023313492,"High",2026,"2023-72","2024-63","G010857","G010829",0.152628367646118,"hybrid","miyagi"
"324",8,"plate_4_38","B6","","",20260401,"38C","360hpf","Sample",24,4317.925,1920.40069444444,2397.52430555556,99.8968460648149,"High",2026,"2023-72","2024-63","G010857","G010829",0.152628367646118,"hybrid","miyagi"
"325",8,"plate_4_38","G6","","",20260401,"38C","360hpf","Sample",56,6482.05,1920.40069444444,4561.64930555555,81.458023313492,"High",2026,"2023-72","2024-63","G010857","G010829",0.152628367646118,"hybrid","miyagi"
"326",8,"plate_4_38","B6","","",20260401,"38C","360hpf","Sample",24,4317.925,1920.40069444444,2397.52430555556,99.8968460648149,"High",2026,"2023-72","2024-63","G010857","G010829",0.152628367646118,"hybrid","miyagi"
"327",8,"plate_3_34","G6","","",20260401,"34C","360hpf","Sample",7,2366.25,1941.35138888889,424.898611111111,60.6998015873016,"High",2026,"2023-72","2024-63","G010857","G010829",0.152628367646118,"hybrid","miyagi"
"328",8,"plate_4_38","A6","","",20260401,"38C","360hpf","Sample",10,2469.30833333333,1920.40069444444,548.907638888889,54.8907638888889,"High",2026,"2023-72","2024-63","G010857","G010829",0.152628367646118,"hybrid","miyagi"
"329",8,"plate_4_38","F6","","",20260401,"38C","360hpf","Sample",38,4352.79166666667,1920.40069444444,2432.39097222222,64.01028874269,"High",2026,"2023-72","2024-63","G010857","G010829",0.152628367646118,"hybrid","miyagi"
"330",8,"plate_3_34","G6","","",20260401,"34C","360hpf","Sample",7,2366.25,1941.35138888889,424.898611111111,60.6998015873016,"High",2026,"2023-72","2024-63","G010857","G010829",0.152628367646118,"hybrid","miyagi"
"331",8,"plate_4_38","C6","","",20260401,"38C","360hpf","Sample",10,1995.88333333333,1920.40069444444,75.4826388888887,7.54826388888887,"High",2026,"2023-72","2024-63","G010857","G010829",0.152628367646118,"hybrid","miyagi"
"332",8,"plate_4_38","E6","","",20260401,"38C","360hpf","Sample",11,2537.475,1920.40069444444,617.074305555555,56.0976641414141,"High",2026,"2023-72","2024-63","G010857","G010829",0.152628367646118,"hybrid","miyagi"
"333",8,"plate_4_38","C6","","",20260401,"38C","360hpf","Sample",10,1995.88333333333,1920.40069444444,75.4826388888887,7.54826388888887,"High",2026,"2023-72","2024-63","G010857","G010829",0.152628367646118,"hybrid","miyagi"
"334",8,"plate_4_38","D6","","",20260401,"38C","360hpf","Sample",17,2199.3,1920.40069444444,278.899305555555,16.405841503268,"High",2026,"2023-72","2024-63","G010857","G010829",0.152628367646118,"hybrid","miyagi"
"335",8,"plate_4_38","E6","","",20260401,"38C","360hpf","Sample",11,2537.475,1920.40069444444,617.074305555555,56.0976641414141,"High",2026,"2023-72","2024-63","G010857","G010829",0.152628367646118,"hybrid","miyagi"
"336",8,"plate_4_38","F6","","",20260401,"38C","360hpf","Sample",38,4352.79166666667,1920.40069444444,2432.39097222222,64.01028874269,"High",2026,"2023-72","2024-63","G010857","G010829",0.152628367646118,"hybrid","miyagi"
"337",52,"plate_1_26","C7","","",20260401,"26C","360hpf","Sample",15,4342.69166666667,1689.69652777778,2652.99513888889,176.866342592593,"Low",2026,"2024-75","2024-05","G010901","G010807",0.0138346346339528,"miyagi","midori"
"338",52,"plate_1_26","C7","","",20260401,"26C","360hpf","Sample",15,4342.69166666667,1689.69652777778,2652.99513888889,176.866342592593,"Low",2026,"2024-75","2024-05","G010901","G010807",0.0138346346339528,"miyagi","midori"
"339",52,"plate_1_26","B7","","",20260401,"26C","360hpf","Sample",26,5335.30833333333,1689.69652777778,3645.61180555556,140.215838675214,"Low",2026,"2024-75","2024-05","G010901","G010807",0.0138346346339528,"miyagi","midori"
"340",52,"plate_1_26","D7","","",20260401,"26C","360hpf","Sample",29,5711.38333333333,1689.69652777778,4021.68680555556,138.678855363985,"Low",2026,"2024-75","2024-05","G010901","G010807",0.0138346346339528,"miyagi","midori"
"341",52,"plate_1_26","E7","","",20260401,"26C","360hpf","Sample",10,2921.21666666667,1689.69652777778,1231.52013888889,123.152013888889,"Low",2026,"2024-75","2024-05","G010901","G010807",0.0138346346339528,"miyagi","midori"
"342",52,"plate_1_26","A7","","",20260401,"26C","360hpf","Sample",16,4444.725,1689.69652777778,2755.02847222222,172.189279513889,"Low",2026,"2024-75","2024-05","G010901","G010807",0.0138346346339528,"miyagi","midori"
"343",52,"plate_1_26","F7","","",20260401,"26C","360hpf","Sample",12,3465.48333333333,1689.69652777778,1775.78680555556,147.982233796296,"Low",2026,"2024-75","2024-05","G010901","G010807",0.0138346346339528,"miyagi","midori"
"344",52,"plate_1_26","G7","","",20260401,"26C","360hpf","Sample",27,5220.3,1689.69652777778,3530.60347222222,130.763091563786,"Low",2026,"2024-75","2024-05","G010901","G010807",0.0138346346339528,"miyagi","midori"
"345",52,"plate_1_26","E7","","",20260401,"26C","360hpf","Sample",10,2921.21666666667,1689.69652777778,1231.52013888889,123.152013888889,"Low",2026,"2024-75","2024-05","G010901","G010807",0.0138346346339528,"miyagi","midori"
"346",52,"plate_2_30","C7","","",20260401,"30C","360hpf","Sample",16,4088.4,1763.86875,2324.53125,145.283203125,"Low",2026,"2024-75","2024-05","G010901","G010807",0.0138346346339528,"miyagi","midori"
"347",52,"plate_1_26","D7","","",20260401,"26C","360hpf","Sample",29,5711.38333333333,1689.69652777778,4021.68680555556,138.678855363985,"Low",2026,"2024-75","2024-05","G010901","G010807",0.0138346346339528,"miyagi","midori"
"348",52,"plate_2_30","B7","","",20260401,"30C","360hpf","Sample",7,2961.76666666667,1763.86875,1197.89791666667,171.128273809524,"Low",2026,"2024-75","2024-05","G010901","G010807",0.0138346346339528,"miyagi","midori"
"349",52,"plate_2_30","G7","","",20260401,"30C","360hpf","Sample",11,3829.54166666667,1763.86875,2065.67291666667,187.788446969697,"Low",2026,"2024-75","2024-05","G010901","G010807",0.0138346346339528,"miyagi","midori"
"350",52,"plate_2_30","A7","","",20260401,"30C","360hpf","Sample",18,4987.21666666667,1763.86875,3223.34791666667,179.074884259259,"Low",2026,"2024-75","2024-05","G010901","G010807",0.0138346346339528,"miyagi","midori"
"351",52,"plate_2_30","F7","","",20260401,"30C","360hpf","Sample",11,3517.45,1763.86875,1753.58125,159.416477272727,"Low",2026,"2024-75","2024-05","G010901","G010807",0.0138346346339528,"miyagi","midori"
"352",52,"plate_2_30","A7","","",20260401,"30C","360hpf","Sample",18,4987.21666666667,1763.86875,3223.34791666667,179.074884259259,"Low",2026,"2024-75","2024-05","G010901","G010807",0.0138346346339528,"miyagi","midori"
"353",52,"plate_2_30","F7","","",20260401,"30C","360hpf","Sample",11,3517.45,1763.86875,1753.58125,159.416477272727,"Low",2026,"2024-75","2024-05","G010901","G010807",0.0138346346339528,"miyagi","midori"
"354",52,"plate_1_26","G7","","",20260401,"26C","360hpf","Sample",27,5220.3,1689.69652777778,3530.60347222222,130.763091563786,"Low",2026,"2024-75","2024-05","G010901","G010807",0.0138346346339528,"miyagi","midori"
"355",52,"plate_2_30","E7","","",20260401,"30C","360hpf","Sample",16,4433.775,1763.86875,2669.90625,166.869140625,"Low",2026,"2024-75","2024-05","G010901","G010807",0.0138346346339528,"miyagi","midori"
"356",52,"plate_1_26","B7","","",20260401,"26C","360hpf","Sample",26,5335.30833333333,1689.69652777778,3645.61180555556,140.215838675214,"Low",2026,"2024-75","2024-05","G010901","G010807",0.0138346346339528,"miyagi","midori"
"357",52,"plate_1_26","F7","","",20260401,"26C","360hpf","Sample",12,3465.48333333333,1689.69652777778,1775.78680555556,147.982233796296,"Low",2026,"2024-75","2024-05","G010901","G010807",0.0138346346339528,"miyagi","midori"
"358",52,"plate_2_30","D7","","",20260401,"30C","360hpf","Sample",16,4009.68333333333,1763.86875,2245.81458333333,140.363411458333,"Low",2026,"2024-75","2024-05","G010901","G010807",0.0138346346339528,"miyagi","midori"
"359",52,"plate_1_26","A7","","",20260401,"26C","360hpf","Sample",16,4444.725,1689.69652777778,2755.02847222222,172.189279513889,"Low",2026,"2024-75","2024-05","G010901","G010807",0.0138346346339528,"miyagi","midori"
"360",52,"plate_2_30","C7","","",20260401,"30C","360hpf","Sample",16,4088.4,1763.86875,2324.53125,145.283203125,"Low",2026,"2024-75","2024-05","G010901","G010807",0.0138346346339528,"miyagi","midori"
"361",52,"plate_3_34","A7","","",20260401,"34C","360hpf","Sample",24,7262.36666666667,1941.35138888889,5321.01527777778,221.708969907407,"Low",2026,"2024-75","2024-05","G010901","G010807",0.0138346346339528,"miyagi","midori"
"362",52,"plate_3_34","F7","","",20260401,"34C","360hpf","Sample",26,7326.925,1941.35138888889,5385.57361111111,207.137446581197,"Low",2026,"2024-75","2024-05","G010901","G010807",0.0138346346339528,"miyagi","midori"
"363",52,"plate_2_30","B7","","",20260401,"30C","360hpf","Sample",7,2961.76666666667,1763.86875,1197.89791666667,171.128273809524,"Low",2026,"2024-75","2024-05","G010901","G010807",0.0138346346339528,"miyagi","midori"
"364",52,"plate_2_30","G7","","",20260401,"30C","360hpf","Sample",11,3829.54166666667,1763.86875,2065.67291666667,187.788446969697,"Low",2026,"2024-75","2024-05","G010901","G010807",0.0138346346339528,"miyagi","midori"
"365",52,"plate_3_34","D7","","",20260401,"34C","360hpf","Sample",17,3919.79166666667,1941.35138888889,1978.44027777778,116.378839869281,"Low",2026,"2024-75","2024-05","G010901","G010807",0.0138346346339528,"miyagi","midori"
"366",52,"plate_4_38","B7","","",20260401,"38C","360hpf","Sample",24,5785.88333333333,1920.40069444444,3865.48263888889,161.06177662037,"Low",2026,"2024-75","2024-05","G010901","G010807",0.0138346346339528,"miyagi","midori"
"367",52,"plate_2_30","E7","","",20260401,"30C","360hpf","Sample",16,4433.775,1763.86875,2669.90625,166.869140625,"Low",2026,"2024-75","2024-05","G010901","G010807",0.0138346346339528,"miyagi","midori"
"368",52,"plate_3_34","C7","","",20260401,"34C","360hpf","Sample",30,6679.89166666667,1941.35138888889,4738.54027777778,157.951342592593,"Low",2026,"2024-75","2024-05","G010901","G010807",0.0138346346339528,"miyagi","midori"
"369",52,"plate_3_34","C7","","",20260401,"34C","360hpf","Sample",30,6679.89166666667,1941.35138888889,4738.54027777778,157.951342592593,"Low",2026,"2024-75","2024-05","G010901","G010807",0.0138346346339528,"miyagi","midori"
"370",52,"plate_2_30","D7","","",20260401,"30C","360hpf","Sample",16,4009.68333333333,1763.86875,2245.81458333333,140.363411458333,"Low",2026,"2024-75","2024-05","G010901","G010807",0.0138346346339528,"miyagi","midori"
"371",52,"plate_3_34","B7","","",20260401,"34C","360hpf","Sample",20,5098.75,1941.35138888889,3157.39861111111,157.869930555556,"Low",2026,"2024-75","2024-05","G010901","G010807",0.0138346346339528,"miyagi","midori"
"372",52,"plate_3_34","B7","","",20260401,"34C","360hpf","Sample",20,5098.75,1941.35138888889,3157.39861111111,157.869930555556,"Low",2026,"2024-75","2024-05","G010901","G010807",0.0138346346339528,"miyagi","midori"
"373",52,"plate_3_34","A7","","",20260401,"34C","360hpf","Sample",24,7262.36666666667,1941.35138888889,5321.01527777778,221.708969907407,"Low",2026,"2024-75","2024-05","G010901","G010807",0.0138346346339528,"miyagi","midori"
"374",52,"plate_3_34","F7","","",20260401,"34C","360hpf","Sample",26,7326.925,1941.35138888889,5385.57361111111,207.137446581197,"Low",2026,"2024-75","2024-05","G010901","G010807",0.0138346346339528,"miyagi","midori"
"375",52,"plate_4_38","D7","","",20260401,"38C","360hpf","Sample",23,4732.39166666667,1920.40069444444,2811.99097222222,122.26047705314,"Low",2026,"2024-75","2024-05","G010901","G010807",0.0138346346339528,"miyagi","midori"
"376",52,"plate_3_34","E7","","",20260401,"34C","360hpf","Sample",48,10195.8583333333,1941.35138888889,8254.50694444445,171.968894675926,"Low",2026,"2024-75","2024-05","G010901","G010807",0.0138346346339528,"miyagi","midori"
"377",52,"plate_4_38","C7","","",20260401,"38C","360hpf","Sample",16,4720.35833333333,1920.40069444444,2799.95763888889,174.997352430556,"Low",2026,"2024-75","2024-05","G010901","G010807",0.0138346346339528,"miyagi","midori"
"378",52,"plate_3_34","E7","","",20260401,"34C","360hpf","Sample",48,10195.8583333333,1941.35138888889,8254.50694444445,171.968894675926,"Low",2026,"2024-75","2024-05","G010901","G010807",0.0138346346339528,"miyagi","midori"
"379",52,"plate_4_38","C7","","",20260401,"38C","360hpf","Sample",16,4720.35833333333,1920.40069444444,2799.95763888889,174.997352430556,"Low",2026,"2024-75","2024-05","G010901","G010807",0.0138346346339528,"miyagi","midori"
"380",52,"plate_3_34","D7","","",20260401,"34C","360hpf","Sample",17,3919.79166666667,1941.35138888889,1978.44027777778,116.378839869281,"Low",2026,"2024-75","2024-05","G010901","G010807",0.0138346346339528,"miyagi","midori"
"381",52,"plate_4_38","B7","","",20260401,"38C","360hpf","Sample",24,5785.88333333333,1920.40069444444,3865.48263888889,161.06177662037,"Low",2026,"2024-75","2024-05","G010901","G010807",0.0138346346339528,"miyagi","midori"
"382",52,"plate_4_38","A7","","",20260401,"38C","360hpf","Sample",18,4475.4,1920.40069444444,2554.99930555556,141.944405864198,"Low",2026,"2024-75","2024-05","G010901","G010807",0.0138346346339528,"miyagi","midori"
"383",52,"plate_4_38","A7","","",20260401,"38C","360hpf","Sample",18,4475.4,1920.40069444444,2554.99930555556,141.944405864198,"Low",2026,"2024-75","2024-05","G010901","G010807",0.0138346346339528,"miyagi","midori"
"384",52,"plate_4_38","F7","","",20260401,"38C","360hpf","Sample",14,3680.26666666667,1920.40069444444,1759.86597222222,125.704712301587,"Low",2026,"2024-75","2024-05","G010901","G010807",0.0138346346339528,"miyagi","midori"
"385",52,"plate_3_34","G7","","",20260401,"34C","360hpf","Sample",17,6709.11666666667,1941.35138888889,4767.76527777778,280.456781045752,"Low",2026,"2024-75","2024-05","G010901","G010807",0.0138346346339528,"miyagi","midori"
"386",52,"plate_3_34","G7","","",20260401,"34C","360hpf","Sample",17,6709.11666666667,1941.35138888889,4767.76527777778,280.456781045752,"Low",2026,"2024-75","2024-05","G010901","G010807",0.0138346346339528,"miyagi","midori"
"387",52,"plate_4_38","E7","","",20260401,"38C","360hpf","Sample",21,4698.06666666667,1920.40069444444,2777.66597222222,132.269808201058,"Low",2026,"2024-75","2024-05","G010901","G010807",0.0138346346339528,"miyagi","midori"
"388",52,"plate_4_38","F7","","",20260401,"38C","360hpf","Sample",14,3680.26666666667,1920.40069444444,1759.86597222222,125.704712301587,"Low",2026,"2024-75","2024-05","G010901","G010807",0.0138346346339528,"miyagi","midori"
"389",52,"plate_4_38","D7","","",20260401,"38C","360hpf","Sample",23,4732.39166666667,1920.40069444444,2811.99097222222,122.26047705314,"Low",2026,"2024-75","2024-05","G010901","G010807",0.0138346346339528,"miyagi","midori"
"390",52,"plate_4_38","G7","","",20260401,"38C","360hpf","Sample",32,6979.55833333333,1920.40069444444,5059.15763888889,158.098676215278,"Low",2026,"2024-75","2024-05","G010901","G010807",0.0138346346339528,"miyagi","midori"
"391",52,"plate_4_38","G7","","",20260401,"38C","360hpf","Sample",32,6979.55833333333,1920.40069444444,5059.15763888889,158.098676215278,"Low",2026,"2024-75","2024-05","G010901","G010807",0.0138346346339528,"miyagi","midori"
"392",52,"plate_4_38","E7","","",20260401,"38C","360hpf","Sample",21,4698.06666666667,1920.40069444444,2777.66597222222,132.269808201058,"Low",2026,"2024-75","2024-05","G010901","G010807",0.0138346346339528,"miyagi","midori"
"393",53,"plate_2_30","B8","","",20260401,"30C","360hpf","Sample",2,1737.56666666667,1763.86875,-26.3020833333333,NA,"Low",2026,"2024-05","2024-56","G010902","G010806",0.0120439336921181,"midori","miyagi"
"394",53,"plate_2_30","C8","","",20260401,"30C","360hpf","Sample",28,6053.59166666667,1763.86875,4289.72291666667,153.204389880952,"Low",2026,"2024-05","2024-56","G010902","G010806",0.0120439336921181,"midori","miyagi"
"395",53,"plate_1_26","C8","","",20260401,"26C","360hpf","Sample",14,2713.15833333333,1689.69652777778,1023.46180555556,73.1044146825397,"Low",2026,"2024-05","2024-56","G010902","G010806",0.0120439336921181,"midori","miyagi"
"396",53,"plate_2_30","A8","","",20260401,"30C","360hpf","Sample",6,2105.05833333333,1763.86875,341.189583333333,56.8649305555555,"Low",2026,"2024-05","2024-56","G010902","G010806",0.0120439336921181,"midori","miyagi"
"397",53,"plate_1_26","G8","","",20260401,"26C","360hpf","Sample",50,7349.78333333333,1689.69652777778,5660.08680555555,113.201736111111,"Low",2026,"2024-05","2024-56","G010902","G010806",0.0120439336921181,"midori","miyagi"
"398",53,"plate_1_26","B8","","",20260401,"26C","360hpf","Sample",6,2047.46666666667,1689.69652777778,357.770138888889,59.6283564814815,"Low",2026,"2024-05","2024-56","G010902","G010806",0.0120439336921181,"midori","miyagi"
"399",53,"plate_2_30","G8","","",20260401,"30C","360hpf","Sample",30,7849.10833333333,1763.86875,6085.23958333333,202.841319444444,"Low",2026,"2024-05","2024-56","G010902","G010806",0.0120439336921181,"midori","miyagi"
"400",53,"plate_1_26","F8","","",20260401,"26C","360hpf","Sample",11,2780.3,1689.69652777778,1090.60347222222,99.1457702020202,"Low",2026,"2024-05","2024-56","G010902","G010806",0.0120439336921181,"midori","miyagi"
"401",53,"plate_1_26","A8","","",20260401,"26C","360hpf","Sample",17,3883.95,1689.69652777778,2194.25347222222,129.073733660131,"Low",2026,"2024-05","2024-56","G010902","G010806",0.0120439336921181,"midori","miyagi"
"402",53,"plate_1_26","E8","","",20260401,"26C","360hpf","Sample",12,2642.50833333333,1689.69652777778,952.811805555556,79.4009837962963,"Low",2026,"2024-05","2024-56","G010902","G010806",0.0120439336921181,"midori","miyagi"
"403",53,"plate_3_34","A8","","",20260401,"34C","360hpf","Sample",5,2238.35833333333,1941.35138888889,297.006944444445,59.4013888888889,"Low",2026,"2024-05","2024-56","G010902","G010806",0.0120439336921181,"midori","miyagi"
"404",53,"plate_2_30","C8","","",20260401,"30C","360hpf","Sample",28,6053.59166666667,1763.86875,4289.72291666667,153.204389880952,"Low",2026,"2024-05","2024-56","G010902","G010806",0.0120439336921181,"midori","miyagi"
"405",53,"plate_1_26","D8","","",20260401,"26C","360hpf","Sample",17,3340.55833333333,1689.69652777778,1650.86180555556,97.1095179738562,"Low",2026,"2024-05","2024-56","G010902","G010806",0.0120439336921181,"midori","miyagi"
"406",53,"plate_2_30","F8","","",20260401,"30C","360hpf","Sample",51,11871.4666666667,1763.86875,10107.5979166667,198.188194444444,"Low",2026,"2024-05","2024-56","G010902","G010806",0.0120439336921181,"midori","miyagi"
"407",53,"plate_3_34","D8","","",20260401,"34C","360hpf","Sample",14,3965.65,1941.35138888889,2024.29861111111,144.592757936508,"Low",2026,"2024-05","2024-56","G010902","G010806",0.0120439336921181,"midori","miyagi"
"408",53,"plate_2_30","F8","","",20260401,"30C","360hpf","Sample",51,11871.4666666667,1763.86875,10107.5979166667,198.188194444444,"Low",2026,"2024-05","2024-56","G010902","G010806",0.0120439336921181,"midori","miyagi"
"409",53,"plate_2_30","E8","","",20260401,"30C","360hpf","Sample",31,8535.80833333333,1763.86875,6771.93958333333,218.449663978495,"Low",2026,"2024-05","2024-56","G010902","G010806",0.0120439336921181,"midori","miyagi"
"410",53,"plate_1_26","C8","","",20260401,"26C","360hpf","Sample",14,2713.15833333333,1689.69652777778,1023.46180555556,73.1044146825397,"Low",2026,"2024-05","2024-56","G010902","G010806",0.0120439336921181,"midori","miyagi"
"411",53,"plate_3_34","C8","","",20260401,"34C","360hpf","Sample",7,2718.05,1941.35138888889,776.698611111111,110.956944444444,"Low",2026,"2024-05","2024-56","G010902","G010806",0.0120439336921181,"midori","miyagi"
"412",53,"plate_2_30","D8","","",20260401,"30C","360hpf","Sample",6,2498.51666666667,1763.86875,734.647916666667,122.441319444444,"Low",2026,"2024-05","2024-56","G010902","G010806",0.0120439336921181,"midori","miyagi"
"413",53,"plate_1_26","G8","","",20260401,"26C","360hpf","Sample",50,7349.78333333333,1689.69652777778,5660.08680555555,113.201736111111,"Low",2026,"2024-05","2024-56","G010902","G010806",0.0120439336921181,"midori","miyagi"
"414",53,"plate_1_26","B8","","",20260401,"26C","360hpf","Sample",6,2047.46666666667,1689.69652777778,357.770138888889,59.6283564814815,"Low",2026,"2024-05","2024-56","G010902","G010806",0.0120439336921181,"midori","miyagi"
"415",53,"plate_3_34","A8","","",20260401,"34C","360hpf","Sample",5,2238.35833333333,1941.35138888889,297.006944444445,59.4013888888889,"Low",2026,"2024-05","2024-56","G010902","G010806",0.0120439336921181,"midori","miyagi"
"416",53,"plate_1_26","F8","","",20260401,"26C","360hpf","Sample",11,2780.3,1689.69652777778,1090.60347222222,99.1457702020202,"Low",2026,"2024-05","2024-56","G010902","G010806",0.0120439336921181,"midori","miyagi"
"417",53,"plate_1_26","A8","","",20260401,"26C","360hpf","Sample",17,3883.95,1689.69652777778,2194.25347222222,129.073733660131,"Low",2026,"2024-05","2024-56","G010902","G010806",0.0120439336921181,"midori","miyagi"
"418",53,"plate_1_26","E8","","",20260401,"26C","360hpf","Sample",12,2642.50833333333,1689.69652777778,952.811805555556,79.4009837962963,"Low",2026,"2024-05","2024-56","G010902","G010806",0.0120439336921181,"midori","miyagi"
"419",53,"plate_2_30","G8","","",20260401,"30C","360hpf","Sample",30,7849.10833333333,1763.86875,6085.23958333333,202.841319444444,"Low",2026,"2024-05","2024-56","G010902","G010806",0.0120439336921181,"midori","miyagi"
"420",53,"plate_2_30","B8","","",20260401,"30C","360hpf","Sample",2,1737.56666666667,1763.86875,-26.3020833333333,NA,"Low",2026,"2024-05","2024-56","G010902","G010806",0.0120439336921181,"midori","miyagi"
"421",53,"plate_1_26","D8","","",20260401,"26C","360hpf","Sample",17,3340.55833333333,1689.69652777778,1650.86180555556,97.1095179738562,"Low",2026,"2024-05","2024-56","G010902","G010806",0.0120439336921181,"midori","miyagi"
"422",53,"plate_2_30","A8","","",20260401,"30C","360hpf","Sample",6,2105.05833333333,1763.86875,341.189583333333,56.8649305555555,"Low",2026,"2024-05","2024-56","G010902","G010806",0.0120439336921181,"midori","miyagi"
"423",53,"plate_3_34","C8","","",20260401,"34C","360hpf","Sample",7,2718.05,1941.35138888889,776.698611111111,110.956944444444,"Low",2026,"2024-05","2024-56","G010902","G010806",0.0120439336921181,"midori","miyagi"
"424",53,"plate_4_38","A8","","",20260401,"38C","360hpf","Sample",4,2184.975,1920.40069444444,264.574305555556,66.143576388889,"Low",2026,"2024-05","2024-56","G010902","G010806",0.0120439336921181,"midori","miyagi"
"425",53,"plate_2_30","E8","","",20260401,"30C","360hpf","Sample",31,8535.80833333333,1763.86875,6771.93958333333,218.449663978495,"Low",2026,"2024-05","2024-56","G010902","G010806",0.0120439336921181,"midori","miyagi"
"426",53,"plate_3_34","B8","","",20260401,"34C","360hpf","Sample",14,3694.65833333333,1941.35138888889,1753.30694444444,125.23621031746,"Low",2026,"2024-05","2024-56","G010902","G010806",0.0120439336921181,"midori","miyagi"
"427",53,"plate_3_34","B8","","",20260401,"34C","360hpf","Sample",14,3694.65833333333,1941.35138888889,1753.30694444444,125.23621031746,"Low",2026,"2024-05","2024-56","G010902","G010806",0.0120439336921181,"midori","miyagi"
"428",53,"plate_2_30","D8","","",20260401,"30C","360hpf","Sample",6,2498.51666666667,1763.86875,734.647916666667,122.441319444444,"Low",2026,"2024-05","2024-56","G010902","G010806",0.0120439336921181,"midori","miyagi"
"429",53,"plate_3_34","F8","","",20260401,"34C","360hpf","Sample",4,2527.51666666667,1941.35138888889,586.165277777778,146.541319444444,"Low",2026,"2024-05","2024-56","G010902","G010806",0.0120439336921181,"midori","miyagi"
"430",53,"plate_3_34","F8","","",20260401,"34C","360hpf","Sample",4,2527.51666666667,1941.35138888889,586.165277777778,146.541319444444,"Low",2026,"2024-05","2024-56","G010902","G010806",0.0120439336921181,"midori","miyagi"
"431",53,"plate_3_34","E8","","",20260401,"34C","360hpf","Sample",5,2634.56666666667,1941.35138888889,693.215277777778,138.643055555556,"Low",2026,"2024-05","2024-56","G010902","G010806",0.0120439336921181,"midori","miyagi"
"432",53,"plate_4_38","C8","","",20260401,"38C","360hpf","Sample",33,5971.88333333333,1920.40069444444,4051.48263888889,122.772201178451,"Low",2026,"2024-05","2024-56","G010902","G010806",0.0120439336921181,"midori","miyagi"
"433",53,"plate_3_34","E8","","",20260401,"34C","360hpf","Sample",5,2634.56666666667,1941.35138888889,693.215277777778,138.643055555556,"Low",2026,"2024-05","2024-56","G010902","G010806",0.0120439336921181,"midori","miyagi"
"434",53,"plate_4_38","B8","","",20260401,"38C","360hpf","Sample",19,4285.76666666667,1920.40069444444,2365.36597222222,124.492945906433,"Low",2026,"2024-05","2024-56","G010902","G010806",0.0120439336921181,"midori","miyagi"
"435",53,"plate_3_34","D8","","",20260401,"34C","360hpf","Sample",14,3965.65,1941.35138888889,2024.29861111111,144.592757936508,"Low",2026,"2024-05","2024-56","G010902","G010806",0.0120439336921181,"midori","miyagi"
"436",53,"plate_4_38","B8","","",20260401,"38C","360hpf","Sample",19,4285.76666666667,1920.40069444444,2365.36597222222,124.492945906433,"Low",2026,"2024-05","2024-56","G010902","G010806",0.0120439336921181,"midori","miyagi"
"437",53,"plate_4_38","G8","","",20260401,"38C","360hpf","Sample",12,3636.03333333333,1920.40069444444,1715.63263888889,142.969386574074,"Low",2026,"2024-05","2024-56","G010902","G010806",0.0120439336921181,"midori","miyagi"
"438",53,"plate_4_38","A8","","",20260401,"38C","360hpf","Sample",4,2184.975,1920.40069444444,264.574305555556,66.143576388889,"Low",2026,"2024-05","2024-56","G010902","G010806",0.0120439336921181,"midori","miyagi"
"439",53,"plate_4_38","F8","","",20260401,"38C","360hpf","Sample",6,2488.95,1920.40069444444,568.549305555556,94.7582175925926,"Low",2026,"2024-05","2024-56","G010902","G010806",0.0120439336921181,"midori","miyagi"
"440",53,"plate_3_34","G8","","",20260401,"34C","360hpf","Sample",5,2752.075,1941.35138888889,810.723611111111,162.144722222222,"Low",2026,"2024-05","2024-56","G010902","G010806",0.0120439336921181,"midori","miyagi"
"441",53,"plate_3_34","G8","","",20260401,"34C","360hpf","Sample",5,2752.075,1941.35138888889,810.723611111111,162.144722222222,"Low",2026,"2024-05","2024-56","G010902","G010806",0.0120439336921181,"midori","miyagi"
"442",53,"plate_4_38","E8","","",20260401,"38C","360hpf","Sample",63,10265.325,1920.40069444444,8344.92430555555,132.459115961199,"Low",2026,"2024-05","2024-56","G010902","G010806",0.0120439336921181,"midori","miyagi"
"443",53,"plate_4_38","D8","","",20260401,"38C","360hpf","Sample",3,1807.89166666667,1920.40069444444,-112.509027777778,NA,"Low",2026,"2024-05","2024-56","G010902","G010806",0.0120439336921181,"midori","miyagi"
"444",53,"plate_4_38","D8","","",20260401,"38C","360hpf","Sample",3,1807.89166666667,1920.40069444444,-112.509027777778,NA,"Low",2026,"2024-05","2024-56","G010902","G010806",0.0120439336921181,"midori","miyagi"
"445",53,"plate_4_38","E8","","",20260401,"38C","360hpf","Sample",63,10265.325,1920.40069444444,8344.92430555555,132.459115961199,"Low",2026,"2024-05","2024-56","G010902","G010806",0.0120439336921181,"midori","miyagi"
"446",53,"plate_4_38","C8","","",20260401,"38C","360hpf","Sample",33,5971.88333333333,1920.40069444444,4051.48263888889,122.772201178451,"Low",2026,"2024-05","2024-56","G010902","G010806",0.0120439336921181,"midori","miyagi"
"447",53,"plate_4_38","G8","","",20260401,"38C","360hpf","Sample",12,3636.03333333333,1920.40069444444,1715.63263888889,142.969386574074,"Low",2026,"2024-05","2024-56","G010902","G010806",0.0120439336921181,"midori","miyagi"
"448",53,"plate_4_38","F8","","",20260401,"38C","360hpf","Sample",6,2488.95,1920.40069444444,568.549305555556,94.7582175925926,"Low",2026,"2024-05","2024-56","G010902","G010806",0.0120439336921181,"midori","miyagi"
"449",54,"plate_3_34","A9","","",20260401,"34C","360hpf","Sample",9,3346.91666666667,1941.35138888889,1405.56527777778,156.173919753086,"Low",2026,"2024-05","2024-48","G010903","G010826",0.0106826414900215,"midori","miyagi"
"450",54,"plate_3_34","D9","","",20260401,"34C","360hpf","Sample",8,2968.91666666667,1941.35138888889,1027.56527777778,128.445659722222,"Low",2026,"2024-05","2024-48","G010903","G010826",0.0106826414900215,"midori","miyagi"
"451",54,"plate_2_30","C9","","",20260401,"30C","360hpf","Sample",10,2965.98333333333,1763.86875,1202.11458333333,120.211458333333,"Low",2026,"2024-05","2024-48","G010903","G010826",0.0106826414900215,"midori","miyagi"
"452",54,"plate_1_26","C9","","",20260401,"26C","360hpf","Sample",19,3859.33333333333,1689.69652777778,2169.63680555556,114.191410818713,"Low",2026,"2024-05","2024-48","G010903","G010826",0.0106826414900215,"midori","miyagi"
"453",54,"plate_3_34","C9","","",20260401,"34C","360hpf","Sample",12,3711.8,1941.35138888889,1770.44861111111,147.537384259259,"Low",2026,"2024-05","2024-48","G010903","G010826",0.0106826414900215,"midori","miyagi"
"454",54,"plate_2_30","F9","","",20260401,"30C","360hpf","Sample",7,2483.675,1763.86875,719.80625,102.829464285714,"Low",2026,"2024-05","2024-48","G010903","G010826",0.0106826414900215,"midori","miyagi"
"455",54,"plate_1_26","G9","","",20260401,"26C","360hpf","Sample",15,3383.25,1689.69652777778,1693.55347222222,112.903564814815,"Low",2026,"2024-05","2024-48","G010903","G010826",0.0106826414900215,"midori","miyagi"
"456",54,"plate_1_26","B9","","",20260401,"26C","360hpf","Sample",26,5027.09166666667,1689.69652777778,3337.39513888889,128.361351495726,"Low",2026,"2024-05","2024-48","G010903","G010826",0.0106826414900215,"midori","miyagi"
"457",54,"plate_3_34","F9","","",20260401,"34C","360hpf","Sample",25,5382.85833333333,1941.35138888889,3441.50694444444,137.660277777778,"Low",2026,"2024-05","2024-48","G010903","G010826",0.0106826414900215,"midori","miyagi"
"458",54,"plate_1_26","F9","","",20260401,"26C","360hpf","Sample",10,2869.11666666667,1689.69652777778,1179.42013888889,117.942013888889,"Low",2026,"2024-05","2024-48","G010903","G010826",0.0106826414900215,"midori","miyagi"
"459",54,"plate_1_26","A9","","",20260401,"26C","360hpf","Sample",17,3571.10833333333,1689.69652777778,1881.41180555556,110.671282679739,"Low",2026,"2024-05","2024-48","G010903","G010826",0.0106826414900215,"midori","miyagi"
"460",54,"plate_1_26","E9","","",20260401,"26C","360hpf","Sample",18,3938.625,1689.69652777778,2248.92847222222,124.940470679012,"Low",2026,"2024-05","2024-48","G010903","G010826",0.0106826414900215,"midori","miyagi"
"461",54,"plate_2_30","G9","","",20260401,"30C","360hpf","Sample",12,3230.75,1763.86875,1466.88125,122.240104166667,"Low",2026,"2024-05","2024-48","G010903","G010826",0.0106826414900215,"midori","miyagi"
"462",54,"plate_2_30","B9","","",20260401,"30C","360hpf","Sample",12,3112.45,1763.86875,1348.58125,112.381770833333,"Low",2026,"2024-05","2024-48","G010903","G010826",0.0106826414900215,"midori","miyagi"
"463",54,"plate_1_26","D9","","",20260401,"26C","360hpf","Sample",11,2776.7,1689.69652777778,1087.00347222222,98.8184974747474,"Low",2026,"2024-05","2024-48","G010903","G010826",0.0106826414900215,"midori","miyagi"
"464",54,"plate_2_30","A9","","",20260401,"30C","360hpf","Sample",11,3061.20833333333,1763.86875,1297.33958333333,117.939962121212,"Low",2026,"2024-05","2024-48","G010903","G010826",0.0106826414900215,"midori","miyagi"
"465",54,"plate_4_38","A9","","",20260401,"38C","360hpf","Sample",17,4067.96666666667,1920.40069444444,2147.56597222222,126.327410130719,"Low",2026,"2024-05","2024-48","G010903","G010826",0.0106826414900215,"midori","miyagi"
"466",54,"plate_2_30","F9","","",20260401,"30C","360hpf","Sample",7,2483.675,1763.86875,719.80625,102.829464285714,"Low",2026,"2024-05","2024-48","G010903","G010826",0.0106826414900215,"midori","miyagi"
"467",54,"plate_2_30","E9","","",20260401,"30C","360hpf","Sample",14,3812.24166666667,1763.86875,2048.37291666667,146.312351190476,"Low",2026,"2024-05","2024-48","G010903","G010826",0.0106826414900215,"midori","miyagi"
"468",54,"plate_3_34","G9","","",20260401,"34C","360hpf","Sample",9,3049.98333333333,1941.35138888889,1108.63194444444,123.181327160494,"Low",2026,"2024-05","2024-48","G010903","G010826",0.0106826414900215,"midori","miyagi"
"469",54,"plate_3_34","B9","","",20260401,"34C","360hpf","Sample",14,4085.375,1941.35138888889,2144.02361111111,153.144543650794,"Low",2026,"2024-05","2024-48","G010903","G010826",0.0106826414900215,"midori","miyagi"
"470",54,"plate_2_30","D9","","",20260401,"30C","360hpf","Sample",11,3242.21666666667,1763.86875,1478.34791666667,134.395265151515,"Low",2026,"2024-05","2024-48","G010903","G010826",0.0106826414900215,"midori","miyagi"
"471",54,"plate_4_38","D9","","",20260401,"38C","360hpf","Sample",25,6258.21666666667,1920.40069444444,4337.81597222222,173.512638888889,"Low",2026,"2024-05","2024-48","G010903","G010826",0.0106826414900215,"midori","miyagi"
"472",54,"plate_4_38","D9","","",20260401,"38C","360hpf","Sample",25,6258.21666666667,1920.40069444444,4337.81597222222,173.512638888889,"Low",2026,"2024-05","2024-48","G010903","G010826",0.0106826414900215,"midori","miyagi"
"473",54,"plate_3_34","E9","","",20260401,"34C","360hpf","Sample",27,6003.18333333333,1941.35138888889,4061.83194444444,150.438220164609,"Low",2026,"2024-05","2024-48","G010903","G010826",0.0106826414900215,"midori","miyagi"
"474",54,"plate_3_34","A9","","",20260401,"34C","360hpf","Sample",9,3346.91666666667,1941.35138888889,1405.56527777778,156.173919753086,"Low",2026,"2024-05","2024-48","G010903","G010826",0.0106826414900215,"midori","miyagi"
"475",54,"plate_2_30","C9","","",20260401,"30C","360hpf","Sample",10,2965.98333333333,1763.86875,1202.11458333333,120.211458333333,"Low",2026,"2024-05","2024-48","G010903","G010826",0.0106826414900215,"midori","miyagi"
"476",54,"plate_4_38","B9","","",20260401,"38C","360hpf","Sample",28,6231.79166666667,1920.40069444444,4311.39097222222,153.978249007937,"Low",2026,"2024-05","2024-48","G010903","G010826",0.0106826414900215,"midori","miyagi"
"477",54,"plate_4_38","B9","","",20260401,"38C","360hpf","Sample",28,6231.79166666667,1920.40069444444,4311.39097222222,153.978249007937,"Low",2026,"2024-05","2024-48","G010903","G010826",0.0106826414900215,"midori","miyagi"
"478",54,"plate_3_34","D9","","",20260401,"34C","360hpf","Sample",8,2968.91666666667,1941.35138888889,1027.56527777778,128.445659722222,"Low",2026,"2024-05","2024-48","G010903","G010826",0.0106826414900215,"midori","miyagi"
"479",54,"plate_4_38","F9","","",20260401,"38C","360hpf","Sample",5,2427.36666666667,1920.40069444444,506.965972222222,101.393194444444,"Low",2026,"2024-05","2024-48","G010903","G010826",0.0106826414900215,"midori","miyagi"
"480",54,"plate_2_30","A9","","",20260401,"30C","360hpf","Sample",11,3061.20833333333,1763.86875,1297.33958333333,117.939962121212,"Low",2026,"2024-05","2024-48","G010903","G010826",0.0106826414900215,"midori","miyagi"
"481",54,"plate_1_26","C9","","",20260401,"26C","360hpf","Sample",19,3859.33333333333,1689.69652777778,2169.63680555556,114.191410818713,"Low",2026,"2024-05","2024-48","G010903","G010826",0.0106826414900215,"midori","miyagi"
"482",54,"plate_3_34","C9","","",20260401,"34C","360hpf","Sample",12,3711.8,1941.35138888889,1770.44861111111,147.537384259259,"Low",2026,"2024-05","2024-48","G010903","G010826",0.0106826414900215,"midori","miyagi"
"483",54,"plate_2_30","E9","","",20260401,"30C","360hpf","Sample",14,3812.24166666667,1763.86875,2048.37291666667,146.312351190476,"Low",2026,"2024-05","2024-48","G010903","G010826",0.0106826414900215,"midori","miyagi"
"484",54,"plate_1_26","G9","","",20260401,"26C","360hpf","Sample",15,3383.25,1689.69652777778,1693.55347222222,112.903564814815,"Low",2026,"2024-05","2024-48","G010903","G010826",0.0106826414900215,"midori","miyagi"
"485",54,"plate_1_26","B9","","",20260401,"26C","360hpf","Sample",26,5027.09166666667,1689.69652777778,3337.39513888889,128.361351495726,"Low",2026,"2024-05","2024-48","G010903","G010826",0.0106826414900215,"midori","miyagi"
"486",54,"plate_3_34","F9","","",20260401,"34C","360hpf","Sample",25,5382.85833333333,1941.35138888889,3441.50694444444,137.660277777778,"Low",2026,"2024-05","2024-48","G010903","G010826",0.0106826414900215,"midori","miyagi"
"487",54,"plate_4_38","C9","","",20260401,"38C","360hpf","Sample",9,2875.25833333333,1920.40069444444,954.857638888889,106.095293209877,"Low",2026,"2024-05","2024-48","G010903","G010826",0.0106826414900215,"midori","miyagi"
"488",54,"plate_4_38","C9","","",20260401,"38C","360hpf","Sample",9,2875.25833333333,1920.40069444444,954.857638888889,106.095293209877,"Low",2026,"2024-05","2024-48","G010903","G010826",0.0106826414900215,"midori","miyagi"
"489",54,"plate_1_26","E9","","",20260401,"26C","360hpf","Sample",18,3938.625,1689.69652777778,2248.92847222222,124.940470679012,"Low",2026,"2024-05","2024-48","G010903","G010826",0.0106826414900215,"midori","miyagi"
"490",54,"plate_2_30","G9","","",20260401,"30C","360hpf","Sample",12,3230.75,1763.86875,1466.88125,122.240104166667,"Low",2026,"2024-05","2024-48","G010903","G010826",0.0106826414900215,"midori","miyagi"
"491",54,"plate_2_30","B9","","",20260401,"30C","360hpf","Sample",12,3112.45,1763.86875,1348.58125,112.381770833333,"Low",2026,"2024-05","2024-48","G010903","G010826",0.0106826414900215,"midori","miyagi"
"492",54,"plate_1_26","D9","","",20260401,"26C","360hpf","Sample",11,2776.7,1689.69652777778,1087.00347222222,98.8184974747474,"Low",2026,"2024-05","2024-48","G010903","G010826",0.0106826414900215,"midori","miyagi"
"493",54,"plate_4_38","F9","","",20260401,"38C","360hpf","Sample",5,2427.36666666667,1920.40069444444,506.965972222222,101.393194444444,"Low",2026,"2024-05","2024-48","G010903","G010826",0.0106826414900215,"midori","miyagi"
"494",54,"plate_4_38","A9","","",20260401,"38C","360hpf","Sample",17,4067.96666666667,1920.40069444444,2147.56597222222,126.327410130719,"Low",2026,"2024-05","2024-48","G010903","G010826",0.0106826414900215,"midori","miyagi"
"495",54,"plate_4_38","E9","","",20260401,"38C","360hpf","Sample",11,4003.13333333333,1920.40069444444,2082.73263888889,189.339330808081,"Low",2026,"2024-05","2024-48","G010903","G010826",0.0106826414900215,"midori","miyagi"
"496",54,"plate_4_38","E9","","",20260401,"38C","360hpf","Sample",11,4003.13333333333,1920.40069444444,2082.73263888889,189.339330808081,"Low",2026,"2024-05","2024-48","G010903","G010826",0.0106826414900215,"midori","miyagi"
"497",54,"plate_3_34","G9","","",20260401,"34C","360hpf","Sample",9,3049.98333333333,1941.35138888889,1108.63194444444,123.181327160494,"Low",2026,"2024-05","2024-48","G010903","G010826",0.0106826414900215,"midori","miyagi"
"498",54,"plate_3_34","B9","","",20260401,"34C","360hpf","Sample",14,4085.375,1941.35138888889,2144.02361111111,153.144543650794,"Low",2026,"2024-05","2024-48","G010903","G010826",0.0106826414900215,"midori","miyagi"
"499",54,"plate_2_30","D9","","",20260401,"30C","360hpf","Sample",11,3242.21666666667,1763.86875,1478.34791666667,134.395265151515,"Low",2026,"2024-05","2024-48","G010903","G010826",0.0106826414900215,"midori","miyagi"
"500",54,"plate_1_26","F9","","",20260401,"26C","360hpf","Sample",10,2869.11666666667,1689.69652777778,1179.42013888889,117.942013888889,"Low",2026,"2024-05","2024-48","G010903","G010826",0.0106826414900215,"midori","miyagi"
"501",54,"plate_1_26","A9","","",20260401,"26C","360hpf","Sample",17,3571.10833333333,1689.69652777778,1881.41180555556,110.671282679739,"Low",2026,"2024-05","2024-48","G010903","G010826",0.0106826414900215,"midori","miyagi"
"502",54,"plate_3_34","E9","","",20260401,"34C","360hpf","Sample",27,6003.18333333333,1941.35138888889,4061.83194444444,150.438220164609,"Low",2026,"2024-05","2024-48","G010903","G010826",0.0106826414900215,"midori","miyagi"
"503",54,"plate_4_38","G9","","",20260401,"38C","360hpf","Sample",11,3491.85,1920.40069444444,1571.44930555556,142.859027777778,"Low",2026,"2024-05","2024-48","G010903","G010826",0.0106826414900215,"midori","miyagi"
"504",54,"plate_4_38","G9","","",20260401,"38C","360hpf","Sample",11,3491.85,1920.40069444444,1571.44930555556,142.859027777778,"Low",2026,"2024-05","2024-48","G010903","G010826",0.0106826414900215,"midori","miyagi"
"505",55,"plate_1_26","B10","","",20260401,"26C","360hpf","Sample",24,5031.46666666667,1689.69652777778,3341.77013888889,139.240422453704,"Low",2026,"2024-19","2024-56","G010904","G010805",-0.00212079713899426,"midori","miyagi"
"506",55,"plate_1_26","A10","","",20260401,"26C","360hpf","Sample",54,10194.625,1689.69652777778,8504.92847222222,157.498675411523,"Low",2026,"2024-19","2024-56","G010904","G010805",-0.00212079713899426,"midori","miyagi"
"507",55,"plate_1_26","E10","","",20260401,"26C","360hpf","Sample",62,10706.4583333333,1689.69652777778,9016.76180555556,145.43164202509,"Low",2026,"2024-19","2024-56","G010904","G010805",-0.00212079713899426,"midori","miyagi"
"508",55,"plate_1_26","C10","","",20260401,"26C","360hpf","Sample",15,3721.18333333333,1689.69652777778,2031.48680555556,135.432453703704,"Low",2026,"2024-19","2024-56","G010904","G010805",-0.00212079713899426,"midori","miyagi"
"509",55,"plate_1_26","D10","","",20260401,"26C","360hpf","Sample",44,7987.13333333333,1689.69652777778,6297.43680555555,143.123563762626,"Low",2026,"2024-19","2024-56","G010904","G010805",-0.00212079713899426,"midori","miyagi"
"510",55,"plate_1_26","D10","","",20260401,"26C","360hpf","Sample",44,7987.13333333333,1689.69652777778,6297.43680555555,143.123563762626,"Low",2026,"2024-19","2024-56","G010904","G010805",-0.00212079713899426,"midori","miyagi"
"511",55,"plate_1_26","C10","","",20260401,"26C","360hpf","Sample",15,3721.18333333333,1689.69652777778,2031.48680555556,135.432453703704,"Low",2026,"2024-19","2024-56","G010904","G010805",-0.00212079713899426,"midori","miyagi"
"512",55,"plate_2_30","A10","","",20260401,"30C","360hpf","Sample",13,3895.38333333333,1763.86875,2131.51458333333,163.96266025641,"Low",2026,"2024-19","2024-56","G010904","G010805",-0.00212079713899426,"midori","miyagi"
"513",55,"plate_2_30","A10","","",20260401,"30C","360hpf","Sample",13,3895.38333333333,1763.86875,2131.51458333333,163.96266025641,"Low",2026,"2024-19","2024-56","G010904","G010805",-0.00212079713899426,"midori","miyagi"
"514",55,"plate_1_26","B10","","",20260401,"26C","360hpf","Sample",24,5031.46666666667,1689.69652777778,3341.77013888889,139.240422453704,"Low",2026,"2024-19","2024-56","G010904","G010805",-0.00212079713899426,"midori","miyagi"
"515",55,"plate_1_26","G10","","",20260401,"26C","360hpf","Sample",0,1615.475,1689.69652777778,-74.2215277777777,NA,"Low",2026,"2024-19","2024-56","G010904","G010805",-0.00212079713899426,"midori","miyagi"
"516",55,"plate_1_26","A10","","",20260401,"26C","360hpf","Sample",54,10194.625,1689.69652777778,8504.92847222222,157.498675411523,"Low",2026,"2024-19","2024-56","G010904","G010805",-0.00212079713899426,"midori","miyagi"
"517",55,"plate_1_26","F10","","",20260401,"26C","360hpf","Sample",24,5700.79166666667,1689.69652777778,4011.09513888889,167.12896412037,"Low",2026,"2024-19","2024-56","G010904","G010805",-0.00212079713899426,"midori","miyagi"
"518",55,"plate_2_30","D10","","",20260401,"30C","360hpf","Sample",25,5377.525,1763.86875,3613.65625,144.54625,"Low",2026,"2024-19","2024-56","G010904","G010805",-0.00212079713899426,"midori","miyagi"
"519",55,"plate_1_26","F10","","",20260401,"26C","360hpf","Sample",24,5700.79166666667,1689.69652777778,4011.09513888889,167.12896412037,"Low",2026,"2024-19","2024-56","G010904","G010805",-0.00212079713899426,"midori","miyagi"
"520",55,"plate_2_30","C10","","",20260401,"30C","360hpf","Sample",13,3728.31666666667,1763.86875,1964.44791666667,151.111378205128,"Low",2026,"2024-19","2024-56","G010904","G010805",-0.00212079713899426,"midori","miyagi"
"521",55,"plate_1_26","E10","","",20260401,"26C","360hpf","Sample",62,10706.4583333333,1689.69652777778,9016.76180555556,145.43164202509,"Low",2026,"2024-19","2024-56","G010904","G010805",-0.00212079713899426,"midori","miyagi"
"522",55,"plate_2_30","C10","","",20260401,"30C","360hpf","Sample",13,3728.31666666667,1763.86875,1964.44791666667,151.111378205128,"Low",2026,"2024-19","2024-56","G010904","G010805",-0.00212079713899426,"midori","miyagi"
"523",55,"plate_2_30","B10","","",20260401,"30C","360hpf","Sample",38,8889.675,1763.86875,7125.80625,187.521217105263,"Low",2026,"2024-19","2024-56","G010904","G010805",-0.00212079713899426,"midori","miyagi"
"524",55,"plate_2_30","B10","","",20260401,"30C","360hpf","Sample",38,8889.675,1763.86875,7125.80625,187.521217105263,"Low",2026,"2024-19","2024-56","G010904","G010805",-0.00212079713899426,"midori","miyagi"
"525",55,"plate_3_34","D10","","",20260401,"34C","360hpf","Sample",4,2106.425,1941.35138888889,165.073611111111,41.2684027777778,"Low",2026,"2024-19","2024-56","G010904","G010805",-0.00212079713899426,"midori","miyagi"
"526",55,"plate_2_30","F10","","",20260401,"30C","360hpf","Sample",20,5068.325,1763.86875,3304.45625,165.2228125,"Low",2026,"2024-19","2024-56","G010904","G010805",-0.00212079713899426,"midori","miyagi"
"527",55,"plate_2_30","F10","","",20260401,"30C","360hpf","Sample",20,5068.325,1763.86875,3304.45625,165.2228125,"Low",2026,"2024-19","2024-56","G010904","G010805",-0.00212079713899426,"midori","miyagi"
"528",55,"plate_3_34","C10","","",20260401,"34C","360hpf","Sample",8,4394.2,1941.35138888889,2452.84861111111,306.606076388889,"Low",2026,"2024-19","2024-56","G010904","G010805",-0.00212079713899426,"midori","miyagi"
"529",55,"plate_1_26","G10","","",20260401,"26C","360hpf","Sample",0,1615.475,1689.69652777778,-74.2215277777777,NA,"Low",2026,"2024-19","2024-56","G010904","G010805",-0.00212079713899426,"midori","miyagi"
"530",55,"plate_2_30","E10","","",20260401,"30C","360hpf","Sample",7,2812.59166666667,1763.86875,1048.72291666667,149.817559523809,"Low",2026,"2024-19","2024-56","G010904","G010805",-0.00212079713899426,"midori","miyagi"
"531",55,"plate_3_34","G10","","",20260401,"34C","360hpf","Sample",3,2158.71666666667,1941.35138888889,217.365277777777,72.4550925925924,"Low",2026,"2024-19","2024-56","G010904","G010805",-0.00212079713899426,"midori","miyagi"
"532",55,"plate_4_38","D10","","",20260401,"38C","360hpf","Sample",22,4780.06666666667,1920.40069444444,2859.66597222222,129.984816919192,"Low",2026,"2024-19","2024-56","G010904","G010805",-0.00212079713899426,"midori","miyagi"
"533",55,"plate_3_34","F10","","",20260401,"34C","360hpf","Sample",23,6042.38333333333,1941.35138888889,4101.03194444444,178.305736714976,"Low",2026,"2024-19","2024-56","G010904","G010805",-0.00212079713899426,"midori","miyagi"
"534",55,"plate_3_34","A10","","",20260401,"34C","360hpf","Sample",1,1927.3,1941.35138888889,-14.0513888888888,NA,"Low",2026,"2024-19","2024-56","G010904","G010805",-0.00212079713899426,"midori","miyagi"
"535",55,"plate_4_38","C10","","",20260401,"38C","360hpf","Sample",8,2913.83333333333,1920.40069444444,993.432638888889,124.179079861111,"Low",2026,"2024-19","2024-56","G010904","G010805",-0.00212079713899426,"midori","miyagi"
"536",55,"plate_4_38","G10","","",20260401,"38C","360hpf","Sample",5,2699.61666666667,1920.40069444444,779.215972222222,155.843194444444,"Low",2026,"2024-19","2024-56","G010904","G010805",-0.00212079713899426,"midori","miyagi"
"537",55,"plate_4_38","B10","","",20260401,"38C","360hpf","Sample",5,2416.225,1920.40069444444,495.824305555556,99.1648611111112,"Low",2026,"2024-19","2024-56","G010904","G010805",-0.00212079713899426,"midori","miyagi"
"538",55,"plate_2_30","G10","","",20260401,"30C","360hpf","Sample",3,2380.60833333333,1763.86875,616.739583333334,205.579861111111,"Low",2026,"2024-19","2024-56","G010904","G010805",-0.00212079713899426,"midori","miyagi"
"539",55,"plate_4_38","F10","","",20260401,"38C","360hpf","Sample",12,3401.15833333333,1920.40069444444,1480.75763888889,123.396469907407,"Low",2026,"2024-19","2024-56","G010904","G010805",-0.00212079713899426,"midori","miyagi"
"540",55,"plate_4_38","A10","","",20260401,"38C","360hpf","Sample",13,3861.46666666667,1920.40069444444,1941.06597222222,149.312767094017,"Low",2026,"2024-19","2024-56","G010904","G010805",-0.00212079713899426,"midori","miyagi"
"541",55,"plate_3_34","D10","","",20260401,"34C","360hpf","Sample",4,2106.425,1941.35138888889,165.073611111111,41.2684027777778,"Low",2026,"2024-19","2024-56","G010904","G010805",-0.00212079713899426,"midori","miyagi"
"542",55,"plate_2_30","E10","","",20260401,"30C","360hpf","Sample",7,2812.59166666667,1763.86875,1048.72291666667,149.817559523809,"Low",2026,"2024-19","2024-56","G010904","G010805",-0.00212079713899426,"midori","miyagi"
"543",55,"plate_4_38","E10","","",20260401,"38C","360hpf","Sample",41,8767.96666666667,1920.40069444444,6847.56597222222,167.013804200542,"Low",2026,"2024-19","2024-56","G010904","G010805",-0.00212079713899426,"midori","miyagi"
"544",55,"plate_3_34","C10","","",20260401,"34C","360hpf","Sample",8,4394.2,1941.35138888889,2452.84861111111,306.606076388889,"Low",2026,"2024-19","2024-56","G010904","G010805",-0.00212079713899426,"midori","miyagi"
"545",55,"plate_3_34","B10","","",20260401,"34C","360hpf","Sample",10,3695.05833333333,1941.35138888889,1753.70694444444,175.370694444444,"Low",2026,"2024-19","2024-56","G010904","G010805",-0.00212079713899426,"midori","miyagi"
"546",55,"plate_2_30","D10","","",20260401,"30C","360hpf","Sample",25,5377.525,1763.86875,3613.65625,144.54625,"Low",2026,"2024-19","2024-56","G010904","G010805",-0.00212079713899426,"midori","miyagi"
"547",55,"plate_3_34","B10","","",20260401,"34C","360hpf","Sample",10,3695.05833333333,1941.35138888889,1753.70694444444,175.370694444444,"Low",2026,"2024-19","2024-56","G010904","G010805",-0.00212079713899426,"midori","miyagi"
"548",55,"plate_4_38","D10","","",20260401,"38C","360hpf","Sample",22,4780.06666666667,1920.40069444444,2859.66597222222,129.984816919192,"Low",2026,"2024-19","2024-56","G010904","G010805",-0.00212079713899426,"midori","miyagi"
"549",55,"plate_3_34","E10","","",20260401,"34C","360hpf","Sample",13,7058.925,1941.35138888889,5117.57361111111,393.659508547009,"Low",2026,"2024-19","2024-56","G010904","G010805",-0.00212079713899426,"midori","miyagi"
"550",55,"plate_2_30","G10","","",20260401,"30C","360hpf","Sample",3,2380.60833333333,1763.86875,616.739583333334,205.579861111111,"Low",2026,"2024-19","2024-56","G010904","G010805",-0.00212079713899426,"midori","miyagi"
"551",55,"plate_4_38","C10","","",20260401,"38C","360hpf","Sample",8,2913.83333333333,1920.40069444444,993.432638888889,124.179079861111,"Low",2026,"2024-19","2024-56","G010904","G010805",-0.00212079713899426,"midori","miyagi"
"552",55,"plate_4_38","G10","","",20260401,"38C","360hpf","Sample",5,2699.61666666667,1920.40069444444,779.215972222222,155.843194444444,"Low",2026,"2024-19","2024-56","G010904","G010805",-0.00212079713899426,"midori","miyagi"
"553",55,"plate_4_38","B10","","",20260401,"38C","360hpf","Sample",5,2416.225,1920.40069444444,495.824305555556,99.1648611111112,"Low",2026,"2024-19","2024-56","G010904","G010805",-0.00212079713899426,"midori","miyagi"
"554",55,"plate_3_34","A10","","",20260401,"34C","360hpf","Sample",1,1927.3,1941.35138888889,-14.0513888888888,NA,"Low",2026,"2024-19","2024-56","G010904","G010805",-0.00212079713899426,"midori","miyagi"
"555",55,"plate_4_38","F10","","",20260401,"38C","360hpf","Sample",12,3401.15833333333,1920.40069444444,1480.75763888889,123.396469907407,"Low",2026,"2024-19","2024-56","G010904","G010805",-0.00212079713899426,"midori","miyagi"
"556",55,"plate_4_38","A10","","",20260401,"38C","360hpf","Sample",13,3861.46666666667,1920.40069444444,1941.06597222222,149.312767094017,"Low",2026,"2024-19","2024-56","G010904","G010805",-0.00212079713899426,"midori","miyagi"
"557",55,"plate_3_34","G10","","",20260401,"34C","360hpf","Sample",3,2158.71666666667,1941.35138888889,217.365277777777,72.4550925925924,"Low",2026,"2024-19","2024-56","G010904","G010805",-0.00212079713899426,"midori","miyagi"
"558",55,"plate_4_38","E10","","",20260401,"38C","360hpf","Sample",41,8767.96666666667,1920.40069444444,6847.56597222222,167.013804200542,"Low",2026,"2024-19","2024-56","G010904","G010805",-0.00212079713899426,"midori","miyagi"
"559",55,"plate_3_34","E10","","",20260401,"34C","360hpf","Sample",13,7058.925,1941.35138888889,5117.57361111111,393.659508547009,"Low",2026,"2024-19","2024-56","G010904","G010805",-0.00212079713899426,"midori","miyagi"
"560",55,"plate_3_34","F10","","",20260401,"34C","360hpf","Sample",23,6042.38333333333,1941.35138888889,4101.03194444444,178.305736714976,"Low",2026,"2024-19","2024-56","G010904","G010805",-0.00212079713899426,"midori","miyagi"
"561",56,"plate_1_26","C11","","",20260401,"26C","360hpf","Sample",13,3495.64166666667,1689.69652777778,1805.94513888889,138.918856837607,"Low",2026,"2024-48","2024-19","G010905","G010804",-0.0034820893410909,"miyagi","midori"
"562",56,"plate_1_26","A11","","",20260401,"26C","360hpf","Sample",36,6882.89166666667,1689.69652777778,5193.19513888889,144.255420524691,"Low",2026,"2024-48","2024-19","G010905","G010804",-0.0034820893410909,"miyagi","midori"
"563",56,"plate_1_26","A11","","",20260401,"26C","360hpf","Sample",36,6882.89166666667,1689.69652777778,5193.19513888889,144.255420524691,"Low",2026,"2024-48","2024-19","G010905","G010804",-0.0034820893410909,"miyagi","midori"
"564",56,"plate_1_26","D11","","",20260401,"26C","360hpf","Sample",8,2696.44166666667,1689.69652777778,1006.74513888889,125.843142361111,"Low",2026,"2024-48","2024-19","G010905","G010804",-0.0034820893410909,"miyagi","midori"
"565",56,"plate_1_26","B11","","",20260401,"26C","360hpf","Sample",17,3570.2,1689.69652777778,1880.50347222222,110.61785130719,"Low",2026,"2024-48","2024-19","G010905","G010804",-0.0034820893410909,"miyagi","midori"
"566",56,"plate_1_26","C11","","",20260401,"26C","360hpf","Sample",13,3495.64166666667,1689.69652777778,1805.94513888889,138.918856837607,"Low",2026,"2024-48","2024-19","G010905","G010804",-0.0034820893410909,"miyagi","midori"
"567",56,"plate_2_30","A11","","",20260401,"30C","360hpf","Sample",26,5514.91666666667,1763.86875,3751.04791666667,144.271073717949,"Low",2026,"2024-48","2024-19","G010905","G010804",-0.0034820893410909,"miyagi","midori"
"568",56,"plate_2_30","A11","","",20260401,"30C","360hpf","Sample",26,5514.91666666667,1763.86875,3751.04791666667,144.271073717949,"Low",2026,"2024-48","2024-19","G010905","G010804",-0.0034820893410909,"miyagi","midori"
"569",56,"plate_1_26","B11","","",20260401,"26C","360hpf","Sample",17,3570.2,1689.69652777778,1880.50347222222,110.61785130719,"Low",2026,"2024-48","2024-19","G010905","G010804",-0.0034820893410909,"miyagi","midori"
"570",56,"plate_1_26","G11","","",20260401,"26C","360hpf","Sample",6,2580.10833333333,1689.69652777778,890.411805555555,148.401967592593,"Low",2026,"2024-48","2024-19","G010905","G010804",-0.0034820893410909,"miyagi","midori"
"571",56,"plate_1_26","G11","","",20260401,"26C","360hpf","Sample",6,2580.10833333333,1689.69652777778,890.411805555555,148.401967592593,"Low",2026,"2024-48","2024-19","G010905","G010804",-0.0034820893410909,"miyagi","midori"
"572",56,"plate_1_26","F11","","",20260401,"26C","360hpf","Sample",5,1886.1,1689.69652777778,196.403472222222,39.2806944444445,"Low",2026,"2024-48","2024-19","G010905","G010804",-0.0034820893410909,"miyagi","midori"
"573",56,"plate_2_30","D11","","",20260401,"30C","360hpf","Sample",26,5800.25,1763.86875,4036.38125,155.245432692308,"Low",2026,"2024-48","2024-19","G010905","G010804",-0.0034820893410909,"miyagi","midori"
"574",56,"plate_1_26","E11","","",20260401,"26C","360hpf","Sample",22,4198.08333333333,1689.69652777778,2508.38680555556,114.017582070707,"Low",2026,"2024-48","2024-19","G010905","G010804",-0.0034820893410909,"miyagi","midori"
"575",56,"plate_2_30","C11","","",20260401,"30C","360hpf","Sample",14,3931.25,1763.86875,2167.38125,154.812946428571,"Low",2026,"2024-48","2024-19","G010905","G010804",-0.0034820893410909,"miyagi","midori"
"576",56,"plate_1_26","E11","","",20260401,"26C","360hpf","Sample",22,4198.08333333333,1689.69652777778,2508.38680555556,114.017582070707,"Low",2026,"2024-48","2024-19","G010905","G010804",-0.0034820893410909,"miyagi","midori"
"577",56,"plate_2_30","C11","","",20260401,"30C","360hpf","Sample",14,3931.25,1763.86875,2167.38125,154.812946428571,"Low",2026,"2024-48","2024-19","G010905","G010804",-0.0034820893410909,"miyagi","midori"
"578",56,"plate_1_26","D11","","",20260401,"26C","360hpf","Sample",8,2696.44166666667,1689.69652777778,1006.74513888889,125.843142361111,"Low",2026,"2024-48","2024-19","G010905","G010804",-0.0034820893410909,"miyagi","midori"
"579",56,"plate_2_30","B11","","",20260401,"30C","360hpf","Sample",11,3429.49166666667,1763.86875,1665.62291666667,151.420265151515,"Low",2026,"2024-48","2024-19","G010905","G010804",-0.0034820893410909,"miyagi","midori"
"580",56,"plate_2_30","G11","","",20260401,"30C","360hpf","Sample",6,2437.69166666667,1763.86875,673.822916666667,112.303819444445,"Low",2026,"2024-48","2024-19","G010905","G010804",-0.0034820893410909,"miyagi","midori"
"581",56,"plate_2_30","F11","","",20260401,"30C","360hpf","Sample",16,4326.28333333333,1763.86875,2562.41458333333,160.150911458333,"Low",2026,"2024-48","2024-19","G010905","G010804",-0.0034820893410909,"miyagi","midori"
"582",56,"plate_2_30","F11","","",20260401,"30C","360hpf","Sample",16,4326.28333333333,1763.86875,2562.41458333333,160.150911458333,"Low",2026,"2024-48","2024-19","G010905","G010804",-0.0034820893410909,"miyagi","midori"
"583",56,"plate_3_34","D11","","",20260401,"34C","360hpf","Sample",11,3447.5,1941.35138888889,1506.14861111111,136.922601010101,"Low",2026,"2024-48","2024-19","G010905","G010804",-0.0034820893410909,"miyagi","midori"
"584",56,"plate_2_30","E11","","",20260401,"30C","360hpf","Sample",15,4011.9,1763.86875,2248.03125,149.86875,"Low",2026,"2024-48","2024-19","G010905","G010804",-0.0034820893410909,"miyagi","midori"
"585",56,"plate_2_30","E11","","",20260401,"30C","360hpf","Sample",15,4011.9,1763.86875,2248.03125,149.86875,"Low",2026,"2024-48","2024-19","G010905","G010804",-0.0034820893410909,"miyagi","midori"
"586",56,"plate_3_34","C11","","",20260401,"34C","360hpf","Sample",9,2465.99166666667,1941.35138888889,524.640277777778,58.2933641975309,"Low",2026,"2024-48","2024-19","G010905","G010804",-0.0034820893410909,"miyagi","midori"
"587",56,"plate_1_26","F11","","",20260401,"26C","360hpf","Sample",5,1886.1,1689.69652777778,196.403472222222,39.2806944444445,"Low",2026,"2024-48","2024-19","G010905","G010804",-0.0034820893410909,"miyagi","midori"
"588",56,"plate_2_30","D11","","",20260401,"30C","360hpf","Sample",26,5800.25,1763.86875,4036.38125,155.245432692308,"Low",2026,"2024-48","2024-19","G010905","G010804",-0.0034820893410909,"miyagi","midori"
"589",56,"plate_3_34","A11","","",20260401,"34C","360hpf","Sample",16,5597.98333333333,1941.35138888889,3656.63194444444,228.539496527778,"Low",2026,"2024-48","2024-19","G010905","G010804",-0.0034820893410909,"miyagi","midori"
"590",56,"plate_3_34","F11","","",20260401,"34C","360hpf","Sample",8,2750.15,1941.35138888889,808.798611111112,101.099826388889,"Low",2026,"2024-48","2024-19","G010905","G010804",-0.0034820893410909,"miyagi","midori"
"591",56,"plate_2_30","B11","","",20260401,"30C","360hpf","Sample",11,3429.49166666667,1763.86875,1665.62291666667,151.420265151515,"Low",2026,"2024-48","2024-19","G010905","G010804",-0.0034820893410909,"miyagi","midori"
"592",56,"plate_2_30","G11","","",20260401,"30C","360hpf","Sample",6,2437.69166666667,1763.86875,673.822916666667,112.303819444445,"Low",2026,"2024-48","2024-19","G010905","G010804",-0.0034820893410909,"miyagi","midori"
"593",56,"plate_3_34","E11","","",20260401,"34C","360hpf","Sample",14,3687.54166666667,1941.35138888889,1746.19027777778,124.727876984127,"Low",2026,"2024-48","2024-19","G010905","G010804",-0.0034820893410909,"miyagi","midori"
"594",56,"plate_4_38","G11","","",20260401,"38C","360hpf","Sample",8,2406.93333333333,1920.40069444444,486.532638888889,60.8165798611111,"Low",2026,"2024-48","2024-19","G010905","G010804",-0.0034820893410909,"miyagi","midori"
"595",56,"plate_3_34","D11","","",20260401,"34C","360hpf","Sample",11,3447.5,1941.35138888889,1506.14861111111,136.922601010101,"Low",2026,"2024-48","2024-19","G010905","G010804",-0.0034820893410909,"miyagi","midori"
"596",56,"plate_4_38","B11","","",20260401,"38C","360hpf","Sample",17,4693.99166666667,1920.40069444444,2773.59097222222,163.152410130719,"Low",2026,"2024-48","2024-19","G010905","G010804",-0.0034820893410909,"miyagi","midori"
"597",56,"plate_4_38","F11","","",20260401,"38C","360hpf","Sample",16,5014.15,1920.40069444444,3093.74930555556,193.359331597222,"Low",2026,"2024-48","2024-19","G010905","G010804",-0.0034820893410909,"miyagi","midori"
"598",56,"plate_3_34","C11","","",20260401,"34C","360hpf","Sample",9,2465.99166666667,1941.35138888889,524.640277777778,58.2933641975309,"Low",2026,"2024-48","2024-19","G010905","G010804",-0.0034820893410909,"miyagi","midori"
"599",56,"plate_4_38","A11","","",20260401,"38C","360hpf","Sample",27,6875.70833333333,1920.40069444444,4955.30763888889,183.52991255144,"Low",2026,"2024-48","2024-19","G010905","G010804",-0.0034820893410909,"miyagi","midori"
"600",56,"plate_3_34","B11","","",20260401,"34C","360hpf","Sample",9,3452.35,1941.35138888889,1510.99861111111,167.888734567901,"Low",2026,"2024-48","2024-19","G010905","G010804",-0.0034820893410909,"miyagi","midori"
"601",56,"plate_3_34","G11","","",20260401,"34C","360hpf","Sample",6,2109.275,1941.35138888889,167.923611111111,27.9872685185184,"Low",2026,"2024-48","2024-19","G010905","G010804",-0.0034820893410909,"miyagi","midori"
"602",56,"plate_3_34","B11","","",20260401,"34C","360hpf","Sample",9,3452.35,1941.35138888889,1510.99861111111,167.888734567901,"Low",2026,"2024-48","2024-19","G010905","G010804",-0.0034820893410909,"miyagi","midori"
"603",56,"plate_3_34","G11","","",20260401,"34C","360hpf","Sample",6,2109.275,1941.35138888889,167.923611111111,27.9872685185184,"Low",2026,"2024-48","2024-19","G010905","G010804",-0.0034820893410909,"miyagi","midori"
"604",56,"plate_3_34","A11","","",20260401,"34C","360hpf","Sample",16,5597.98333333333,1941.35138888889,3656.63194444444,228.539496527778,"Low",2026,"2024-48","2024-19","G010905","G010804",-0.0034820893410909,"miyagi","midori"
"605",56,"plate_3_34","F11","","",20260401,"34C","360hpf","Sample",8,2750.15,1941.35138888889,808.798611111112,101.099826388889,"Low",2026,"2024-48","2024-19","G010905","G010804",-0.0034820893410909,"miyagi","midori"
"606",56,"plate_4_38","D11","","",20260401,"38C","360hpf","Sample",10,3116.59166666667,1920.40069444444,1196.19097222222,119.619097222222,"Low",2026,"2024-48","2024-19","G010905","G010804",-0.0034820893410909,"miyagi","midori"
"607",56,"plate_3_34","E11","","",20260401,"34C","360hpf","Sample",14,3687.54166666667,1941.35138888889,1746.19027777778,124.727876984127,"Low",2026,"2024-48","2024-19","G010905","G010804",-0.0034820893410909,"miyagi","midori"
"608",56,"plate_4_38","C11","","",20260401,"38C","360hpf","Sample",24,6077.98333333333,1920.40069444444,4157.58263888889,173.232609953704,"Low",2026,"2024-48","2024-19","G010905","G010804",-0.0034820893410909,"miyagi","midori"
"609",56,"plate_4_38","A11","","",20260401,"38C","360hpf","Sample",27,6875.70833333333,1920.40069444444,4955.30763888889,183.52991255144,"Low",2026,"2024-48","2024-19","G010905","G010804",-0.0034820893410909,"miyagi","midori"
"610",56,"plate_4_38","B11","","",20260401,"38C","360hpf","Sample",17,4693.99166666667,1920.40069444444,2773.59097222222,163.152410130719,"Low",2026,"2024-48","2024-19","G010905","G010804",-0.0034820893410909,"miyagi","midori"
"611",56,"plate_4_38","G11","","",20260401,"38C","360hpf","Sample",8,2406.93333333333,1920.40069444444,486.532638888889,60.8165798611111,"Low",2026,"2024-48","2024-19","G010905","G010804",-0.0034820893410909,"miyagi","midori"
"612",56,"plate_4_38","C11","","",20260401,"38C","360hpf","Sample",24,6077.98333333333,1920.40069444444,4157.58263888889,173.232609953704,"Low",2026,"2024-48","2024-19","G010905","G010804",-0.0034820893410909,"miyagi","midori"
"613",56,"plate_4_38","D11","","",20260401,"38C","360hpf","Sample",10,3116.59166666667,1920.40069444444,1196.19097222222,119.619097222222,"Low",2026,"2024-48","2024-19","G010905","G010804",-0.0034820893410909,"miyagi","midori"
"614",56,"plate_4_38","F11","","",20260401,"38C","360hpf","Sample",16,5014.15,1920.40069444444,3093.74930555556,193.359331597222,"Low",2026,"2024-48","2024-19","G010905","G010804",-0.0034820893410909,"miyagi","midori"
"615",56,"plate_4_38","E11","","",20260401,"38C","360hpf","Sample",14,3789.68333333333,1920.40069444444,1869.28263888889,133.520188492063,"Low",2026,"2024-48","2024-19","G010905","G010804",-0.0034820893410909,"miyagi","midori"
"616",56,"plate_4_38","E11","","",20260401,"38C","360hpf","Sample",14,3789.68333333333,1920.40069444444,1869.28263888889,133.520188492063,"Low",2026,"2024-48","2024-19","G010905","G010804",-0.0034820893410909,"miyagi","midori"
"617",57,"plate_1_26","B12","","",20260401,"26C","360hpf","Sample",14,2246.925,1689.69652777778,557.228472222223,39.8020337301588,"Low",2026,"2023-54","2024-48","G010906","G010797",-0.00735583077043458,"midori","miyagi"
"618",57,"plate_1_26","C12","","",20260401,"26C","360hpf","Sample",12,2295.64166666667,1689.69652777778,605.945138888889,50.4954282407407,"Low",2026,"2023-54","2024-48","G010906","G010797",-0.00735583077043458,"midori","miyagi"
"619",57,"plate_1_26","D12","","",20260401,"26C","360hpf","Sample",3,1993.70833333333,1689.69652777778,304.011805555556,101.337268518519,"Low",2026,"2023-54","2024-48","G010906","G010797",-0.00735583077043458,"midori","miyagi"
"620",57,"plate_1_26","E12","","",20260401,"26C","360hpf","Sample",19,2812.025,1689.69652777778,1122.32847222222,59.0699195906433,"Low",2026,"2023-54","2024-48","G010906","G010797",-0.00735583077043458,"midori","miyagi"
"621",57,"plate_1_26","C12","","",20260401,"26C","360hpf","Sample",12,2295.64166666667,1689.69652777778,605.945138888889,50.4954282407407,"Low",2026,"2023-54","2024-48","G010906","G010797",-0.00735583077043458,"midori","miyagi"
"622",57,"plate_1_26","E12","","",20260401,"26C","360hpf","Sample",19,2812.025,1689.69652777778,1122.32847222222,59.0699195906433,"Low",2026,"2023-54","2024-48","G010906","G010797",-0.00735583077043458,"midori","miyagi"
"623",57,"plate_2_30","A12","","",20260401,"30C","360hpf","Sample",5,2025.35833333333,1763.86875,261.489583333333,52.2979166666667,"Low",2026,"2023-54","2024-48","G010906","G010797",-0.00735583077043458,"midori","miyagi"
"624",57,"plate_1_26","B12","","",20260401,"26C","360hpf","Sample",14,2246.925,1689.69652777778,557.228472222223,39.8020337301588,"Low",2026,"2023-54","2024-48","G010906","G010797",-0.00735583077043458,"midori","miyagi"
"625",57,"plate_1_26","G12","","",20260401,"26C","360hpf","Sample",3,1789.45833333333,1689.69652777778,99.7618055555556,33.2539351851852,"Low",2026,"2023-54","2024-48","G010906","G010797",-0.00735583077043458,"midori","miyagi"
"626",57,"plate_2_30","A12","","",20260401,"30C","360hpf","Sample",5,2025.35833333333,1763.86875,261.489583333333,52.2979166666667,"Low",2026,"2023-54","2024-48","G010906","G010797",-0.00735583077043458,"midori","miyagi"
"627",57,"plate_1_26","F12","","",20260401,"26C","360hpf","Sample",20,2811.1,1689.69652777778,1121.40347222222,56.0701736111111,"Low",2026,"2023-54","2024-48","G010906","G010797",-0.00735583077043458,"midori","miyagi"
"628",57,"plate_1_26","A12","","",20260401,"26C","360hpf","Sample",86,5705.21666666667,1689.69652777778,4015.52013888889,46.6920946382429,"Low",2026,"2023-54","2024-48","G010906","G010797",-0.00735583077043458,"midori","miyagi"
"629",57,"plate_1_26","F12","","",20260401,"26C","360hpf","Sample",20,2811.1,1689.69652777778,1121.40347222222,56.0701736111111,"Low",2026,"2023-54","2024-48","G010906","G010797",-0.00735583077043458,"midori","miyagi"
"630",57,"plate_1_26","A12","","",20260401,"26C","360hpf","Sample",86,5705.21666666667,1689.69652777778,4015.52013888889,46.6920946382429,"Low",2026,"2023-54","2024-48","G010906","G010797",-0.00735583077043458,"midori","miyagi"
"631",57,"plate_3_34","A12","","",20260401,"34C","360hpf","Sample",12,2951.66666666667,1941.35138888889,1010.31527777778,84.1929398148149,"Low",2026,"2023-54","2024-48","G010906","G010797",-0.00735583077043458,"midori","miyagi"
"632",57,"plate_2_30","C12","","",20260401,"30C","360hpf","Sample",9,1961.625,1763.86875,197.75625,21.9729166666667,"Low",2026,"2023-54","2024-48","G010906","G010797",-0.00735583077043458,"midori","miyagi"
"633",57,"plate_1_26","D12","","",20260401,"26C","360hpf","Sample",3,1993.70833333333,1689.69652777778,304.011805555556,101.337268518519,"Low",2026,"2023-54","2024-48","G010906","G010797",-0.00735583077043458,"midori","miyagi"
"634",57,"plate_2_30","B12","","",20260401,"30C","360hpf","Sample",4,2056.83333333333,1763.86875,292.964583333334,73.2411458333334,"Low",2026,"2023-54","2024-48","G010906","G010797",-0.00735583077043458,"midori","miyagi"
"635",57,"plate_2_30","G12","","",20260401,"30C","360hpf","Sample",8,2367.34166666667,1763.86875,603.472916666666,75.4341145833333,"Low",2026,"2023-54","2024-48","G010906","G010797",-0.00735583077043458,"midori","miyagi"
"636",57,"plate_2_30","F12","","",20260401,"30C","360hpf","Sample",45,4406.10833333333,1763.86875,2642.23958333333,58.7164351851852,"Low",2026,"2023-54","2024-48","G010906","G010797",-0.00735583077043458,"midori","miyagi"
"637",57,"plate_2_30","F12","","",20260401,"30C","360hpf","Sample",45,4406.10833333333,1763.86875,2642.23958333333,58.7164351851852,"Low",2026,"2023-54","2024-48","G010906","G010797",-0.00735583077043458,"midori","miyagi"
"638",57,"plate_3_34","D12","","",20260401,"34C","360hpf","Sample",17,3642.98333333333,1941.35138888889,1701.63194444444,100.095996732026,"Low",2026,"2023-54","2024-48","G010906","G010797",-0.00735583077043458,"midori","miyagi"
"639",57,"plate_1_26","G12","","",20260401,"26C","360hpf","Sample",3,1789.45833333333,1689.69652777778,99.7618055555556,33.2539351851852,"Low",2026,"2023-54","2024-48","G010906","G010797",-0.00735583077043458,"midori","miyagi"
"640",57,"plate_2_30","E12","","",20260401,"30C","360hpf","Sample",61,3597.125,1763.86875,1833.25625,30.053381147541,"Low",2026,"2023-54","2024-48","G010906","G010797",-0.00735583077043458,"midori","miyagi"
"641",57,"plate_2_30","D12","","",20260401,"30C","360hpf","Sample",30,4083.01666666667,1763.86875,2319.14791666667,77.3049305555555,"Low",2026,"2023-54","2024-48","G010906","G010797",-0.00735583077043458,"midori","miyagi"
"642",57,"plate_3_34","B12","","",20260401,"34C","360hpf","Sample",11,2476.59166666667,1941.35138888889,535.240277777778,48.6582070707071,"Low",2026,"2023-54","2024-48","G010906","G010797",-0.00735583077043458,"midori","miyagi"
"643",57,"plate_2_30","C12","","",20260401,"30C","360hpf","Sample",9,1961.625,1763.86875,197.75625,21.9729166666667,"Low",2026,"2023-54","2024-48","G010906","G010797",-0.00735583077043458,"midori","miyagi"
"644",57,"plate_3_34","B12","","",20260401,"34C","360hpf","Sample",11,2476.59166666667,1941.35138888889,535.240277777778,48.6582070707071,"Low",2026,"2023-54","2024-48","G010906","G010797",-0.00735583077043458,"midori","miyagi"
"645",57,"plate_3_34","F12","","",20260401,"34C","360hpf","Sample",6,2474.81666666667,1941.35138888889,533.465277777777,88.9108796296295,"Low",2026,"2023-54","2024-48","G010906","G010797",-0.00735583077043458,"midori","miyagi"
"646",57,"plate_2_30","B12","","",20260401,"30C","360hpf","Sample",4,2056.83333333333,1763.86875,292.964583333334,73.2411458333334,"Low",2026,"2023-54","2024-48","G010906","G010797",-0.00735583077043458,"midori","miyagi"
"647",57,"plate_2_30","G12","","",20260401,"30C","360hpf","Sample",8,2367.34166666667,1763.86875,603.472916666666,75.4341145833333,"Low",2026,"2023-54","2024-48","G010906","G010797",-0.00735583077043458,"midori","miyagi"
"648",57,"plate_3_34","E12","","",20260401,"34C","360hpf","Sample",7,2474.55,1941.35138888889,533.198611111111,76.1712301587301,"Low",2026,"2023-54","2024-48","G010906","G010797",-0.00735583077043458,"midori","miyagi"
"649",57,"plate_3_34","E12","","",20260401,"34C","360hpf","Sample",7,2474.55,1941.35138888889,533.198611111111,76.1712301587301,"Low",2026,"2023-54","2024-48","G010906","G010797",-0.00735583077043458,"midori","miyagi"
"650",57,"plate_3_34","D12","","",20260401,"34C","360hpf","Sample",17,3642.98333333333,1941.35138888889,1701.63194444444,100.095996732026,"Low",2026,"2023-54","2024-48","G010906","G010797",-0.00735583077043458,"midori","miyagi"
"651",57,"plate_4_38","B12","","",20260401,"38C","360hpf","Sample",17,3920.04166666667,1920.40069444444,1999.64097222222,117.625939542484,"Low",2026,"2023-54","2024-48","G010906","G010797",-0.00735583077043458,"midori","miyagi"
"652",57,"plate_2_30","E12","","",20260401,"30C","360hpf","Sample",61,3597.125,1763.86875,1833.25625,30.053381147541,"Low",2026,"2023-54","2024-48","G010906","G010797",-0.00735583077043458,"midori","miyagi"
"653",57,"plate_3_34","C12","","",20260401,"34C","360hpf","Sample",20,3900.48333333333,1941.35138888889,1959.13194444444,97.9565972222222,"Low",2026,"2023-54","2024-48","G010906","G010797",-0.00735583077043458,"midori","miyagi"
"654",57,"plate_3_34","C12","","",20260401,"34C","360hpf","Sample",20,3900.48333333333,1941.35138888889,1959.13194444444,97.9565972222222,"Low",2026,"2023-54","2024-48","G010906","G010797",-0.00735583077043458,"midori","miyagi"
"655",57,"plate_4_38","A12","","",20260401,"38C","360hpf","Sample",25,5085.70833333333,1920.40069444444,3165.30763888889,126.612305555556,"Low",2026,"2023-54","2024-48","G010906","G010797",-0.00735583077043458,"midori","miyagi"
"656",57,"plate_2_30","D12","","",20260401,"30C","360hpf","Sample",30,4083.01666666667,1763.86875,2319.14791666667,77.3049305555555,"Low",2026,"2023-54","2024-48","G010906","G010797",-0.00735583077043458,"midori","miyagi"
"657",57,"plate_4_38","E12","","",20260401,"38C","360hpf","Sample",34,8115.10833333333,1920.40069444444,6194.70763888889,182.197283496732,"Low",2026,"2023-54","2024-48","G010906","G010797",-0.00735583077043458,"midori","miyagi"
"658",57,"plate_3_34","G12","","",20260401,"34C","360hpf","Sample",8,2619.55,1941.35138888889,678.198611111112,84.774826388889,"Low",2026,"2023-54","2024-48","G010906","G010797",-0.00735583077043458,"midori","miyagi"
"659",57,"plate_3_34","A12","","",20260401,"34C","360hpf","Sample",12,2951.66666666667,1941.35138888889,1010.31527777778,84.1929398148149,"Low",2026,"2023-54","2024-48","G010906","G010797",-0.00735583077043458,"midori","miyagi"
"660",57,"plate_3_34","F12","","",20260401,"34C","360hpf","Sample",6,2474.81666666667,1941.35138888889,533.465277777777,88.9108796296295,"Low",2026,"2023-54","2024-48","G010906","G010797",-0.00735583077043458,"midori","miyagi"
"661",57,"plate_4_38","D12","","",20260401,"38C","360hpf","Sample",6,3080.01666666667,1920.40069444444,1159.61597222222,193.269328703704,"Low",2026,"2023-54","2024-48","G010906","G010797",-0.00735583077043458,"midori","miyagi"
"662",57,"plate_4_38","C12","","",20260401,"38C","360hpf","Sample",13,3824.58333333333,1920.40069444444,1904.18263888889,146.475587606838,"Low",2026,"2023-54","2024-48","G010906","G010797",-0.00735583077043458,"midori","miyagi"
"663",57,"plate_4_38","C12","","",20260401,"38C","360hpf","Sample",13,3824.58333333333,1920.40069444444,1904.18263888889,146.475587606838,"Low",2026,"2023-54","2024-48","G010906","G010797",-0.00735583077043458,"midori","miyagi"
"664",57,"plate_4_38","F12","","",20260401,"38C","360hpf","Sample",13,4813.75833333333,1920.40069444444,2893.35763888889,222.565972222222,"Low",2026,"2023-54","2024-48","G010906","G010797",-0.00735583077043458,"midori","miyagi"
"665",57,"plate_4_38","B12","","",20260401,"38C","360hpf","Sample",17,3920.04166666667,1920.40069444444,1999.64097222222,117.625939542484,"Low",2026,"2023-54","2024-48","G010906","G010797",-0.00735583077043458,"midori","miyagi"
"666",57,"plate_4_38","G12","","",20260401,"38C","360hpf","Sample",24,6970.3,1920.40069444444,5049.89930555556,210.412471064815,"Low",2026,"2023-54","2024-48","G010906","G010797",-0.00735583077043458,"midori","miyagi"
"667",57,"plate_4_38","A12","","",20260401,"38C","360hpf","Sample",25,5085.70833333333,1920.40069444444,3165.30763888889,126.612305555556,"Low",2026,"2023-54","2024-48","G010906","G010797",-0.00735583077043458,"midori","miyagi"
"668",57,"plate_4_38","D12","","",20260401,"38C","360hpf","Sample",6,3080.01666666667,1920.40069444444,1159.61597222222,193.269328703704,"Low",2026,"2023-54","2024-48","G010906","G010797",-0.00735583077043458,"midori","miyagi"
"669",57,"plate_3_34","G12","","",20260401,"34C","360hpf","Sample",8,2619.55,1941.35138888889,678.198611111112,84.774826388889,"Low",2026,"2023-54","2024-48","G010906","G010797",-0.00735583077043458,"midori","miyagi"
"670",57,"plate_4_38","G12","","",20260401,"38C","360hpf","Sample",24,6970.3,1920.40069444444,5049.89930555556,210.412471064815,"Low",2026,"2023-54","2024-48","G010906","G010797",-0.00735583077043458,"midori","miyagi"
"671",57,"plate_4_38","E12","","",20260401,"38C","360hpf","Sample",34,8115.10833333333,1920.40069444444,6194.70763888889,182.197283496732,"Low",2026,"2023-54","2024-48","G010906","G010797",-0.00735583077043458,"midori","miyagi"
"672",57,"plate_4_38","F12","","",20260401,"38C","360hpf","Sample",13,4813.75833333333,1920.40069444444,2893.35763888889,222.565972222222,"Low",2026,"2023-54","2024-48","G010906","G010797",-0.00735583077043458,"midori","miyagi"
